season,round,pick,team,pfr_player_name,position,age,hof,allpro,probowls,seasons_started,seasons_played,w_av,games,RAS,w_av_py,stratum
1987,1,1,TAM,Vinny Testaverde,QB,23,FALSE,0,2,15,21,97,233,10,4.619047619047619,Stratum 4
1987,1,6,STL,Kelly Stouffer,QB,23,FALSE,0,0,0,6,2,22,6.15,0.3333333333333333,Stratum 1
1987,1,7,DET,Reggie Rogers,DE,23,FALSE,0,0,0,6,1,15,6.43,0.16666666666666666,Stratum 2
1987,1,9,PHI,Jerome Brown,DT,22,FALSE,2,2,5,5,51,76,7.86,10.2,Stratum 2
1987,1,12,DAL,Danny Noonan,DT,22,FALSE,0,0,2,6,20,73,10,3.3333333333333335,Stratum 4
1987,1,13,ATL,Chris Miller,QB,22,FALSE,0,1,7,13,51,98,7.69,3.923076923076923,Stratum 2
1987,1,15,RAI,John Clay,OT,23,FALSE,0,0,1,2,5,12,2.63,2.5,Stratum 1
1987,1,16,MIA,John Bosa,DE,23,FALSE,0,0,1,3,10,31,10,3.3333333333333335,Stratum 4
1987,1,18,SEA,Tony Woods,DE,21,FALSE,0,0,9,10,51,147,7.86,5.1,Stratum 2
1987,1,18,SEA,Tony Woods,DE,21,FALSE,0,0,9,10,51,147,4.49,5.1,Stratum 1
1987,1,19,KAN,Paul Palmer,RB,22,FALSE,0,0,2,3,14,41,6.52,4.666666666666667,Stratum 2
1987,1,23,NWE,Bruce Armstrong,OT,21,FALSE,0,6,14,14,82,212,9.47,5.857142857142857,Stratum 4
1987,1,24,SDG,Rod Bernstine,RB,22,FALSE,0,0,3,9,31,84,7.39,3.4444444444444446,Stratum 2
1987,1,25,SFO,Terrence Flagler,RB,22,FALSE,0,0,0,5,6,41,7.83,1.2,Stratum 2
1987,1,27,DEN,Ricky Nattiel,WR,21,FALSE,0,0,1,6,19,70,8.68,3.1666666666666665,Stratum 3
1987,1,28,NYG,Mark Ingram,WR,22,FALSE,0,0,6,10,36,128,9.47,3.6,Stratum 4
1987,2,32,CLE,Gregg Rakoczy,OC,22,FALSE,0,0,3,6,21,81,0,3.5,Stratum 1
1987,2,37,SFO,Jeff Bregel,OG,23,FALSE,0,0,0,3,4,21,5.38,1.3333333333333333,Stratum 1
1987,2,40,NOR,Lonzell Hill,WR,21,FALSE,0,0,2,4,17,55,4.21,4.25,Stratum 1
1987,2,41,GNB,Johnny Holland,LB,22,FALSE,0,0,7,7,46,103,7.1,6.571428571428571,Stratum 2
1987,2,42,NYJ,Alex Gordon,LB,22,FALSE,0,0,3,7,20,96,1.94,2.857142857142857,Stratum 1
1987,2,43,MIA,Rick Graf,LB,23,FALSE,0,0,1,7,14,73,10,2,Stratum 4
1987,2,44,MIN,Ray Berry,LB,23,FALSE,0,0,2,7,18,89,1.29,2.5714285714285716,Stratum 1
1987,2,46,HOU,Walter Johnson,LB,23,FALSE,0,0,0,3,3,41,9.35,1,Stratum 3
1987,2,50,TAM,Winston Moss,LB,21,FALSE,0,0,10,11,55,169,5.48,5,Stratum 1
1987,2,51,TAM,Don Smith,RB,23,FALSE,0,0,0,4,6,37,6.96,1.5,Stratum 2
1987,2,54,CHI,Ron Morris,WR,22,FALSE,0,0,3,6,18,66,4.74,3,Stratum 1
1987,2,56,MIA,Scott Schwedes,WR,22,FALSE,0,0,0,4,5,46,9.74,1.25,Stratum 4
1987,3,57,TAM,Mark Carrier,WR,21,FALSE,0,1,10,12,61,177,5.79,5.083333333333333,Stratum 1
1987,3,59,SDG,Karl Wilson,DE,22,FALSE,0,0,1,9,14,103,5,1.5555555555555556,Stratum 1
1987,3,60,BUF,David Brandon,LB,22,FALSE,0,0,1,11,22,123,0.97,2,Stratum 1
1987,3,61,GNB,Dave Croston,OT,23,FALSE,0,0,0,2,1,16,2.11,0.5,Stratum 1
1987,3,62,STL,Robert Awalt,TE,23,FALSE,0,0,3,7,13,95,6.47,1.8571428571428572,Stratum 2
1987,3,63,DET,Jerry Ball,DT,22,FALSE,1,3,10,13,66,191,1.43,5.076923076923077,Stratum 1
1987,3,64,HOU,Cody Carlson,QB,23,FALSE,0,0,0,8,14,45,6.92,1.75,Stratum 2
1987,3,68,DAL,Jeff Zimmerman,OG,24,FALSE,0,0,0,4,2,34,4.62,0.5,Stratum 1
1987,3,71,GNB,Frankie Neal,WR,21,FALSE,0,0,0,1,4,12,8.95,4,Stratum 3
1987,3,72,MIN,Henry Thomas,DT,22,FALSE,0,2,13,14,82,213,4.29,5.857142857142857,Stratum 1
1987,3,73,KAN,Todd Howard,LB,22,FALSE,0,0,0,2,1,19,2.9,0.5,Stratum 1
1987,3,75,NYJ,Onzy Elam,LB,22,FALSE,0,0,0,3,0,10,5.16,0,Stratum 1
1987,3,83,NYG,Stephen Baker,WR,23,FALSE,0,0,5,6,24,90,1.84,4,Stratum 1
1988,1,2,KAN,Neil Smith,DE,22,FALSE,1,6,11,13,96,191,10,7.384615384615385,Stratum 4
1988,1,12,PHO,Ken Harvey,LB,23,FALSE,0,4,9,11,65,164,9.68,5.909090909090909,Stratum 4
1988,1,13,PHI,Keith Jackson,TE,23,FALSE,3,5,7,9,43,129,6.25,4.777777777777778,Stratum 2
1988,1,14,RAM,Gaston Green,RB,22,FALSE,0,1,2,5,16,58,7.45,3.2,Stratum 2
1988,1,15,SDG,Anthony Miller,WR,23,FALSE,0,5,10,10,74,155,9.27,7.4,Stratum 3
1988,1,15,SDG,Anthony Miller,WR,23,FALSE,0,5,10,10,74,155,7.25,7.4,Stratum 2
1988,1,17,NWE,John Stephens,RB,22,FALSE,0,1,4,6,23,88,10,3.8333333333333335,Stratum 4
1988,1,20,RAM,Aaron Cox,WR,23,FALSE,0,0,1,6,15,82,4.63,2.5,Stratum 1
1988,2,28,ATL,Marcus Cotton,LB,22,FALSE,0,0,0,4,5,44,7.62,1.25,Stratum 2
1988,2,29,DET,Chris Spielman,LB,22,FALSE,1,4,10,10,74,148,3.17,7.4,Stratum 1
1988,2,32,DET,Pat Carter,TE,22,FALSE,0,0,6,10,9,154,0.63,0.9,Stratum 1
1988,2,33,SFO,Danny Stubbs,DE,23,FALSE,0,0,3,11,30,134,3.13,2.727272727272727,Stratum 1
1988,2,34,GNB,Shawn Patterson,DE,24,FALSE,0,0,0,6,10,48,9.69,1.6666666666666667,Stratum 4
1988,2,38,PHO,Tony Jeffery,RB,24,FALSE,0,0,0,1,0,3,6.08,0,Stratum 1
1988,2,40,BUF,Thurman Thomas,RB,22,TRUE,2,5,10,13,110,182,8.04,8.461538461538462,Stratum 2
1988,2,43,NWE,Vincent Brown,LB,23,FALSE,0,0,7,8,52,123,5.24,6.5,Stratum 1
1988,2,44,PIT,Dermontti Dawson,OC,23,TRUE,6,7,11,13,96,184,8.46,7.384615384615385,Stratum 3
1988,2,45,DEN,Gerald Perry,OT,23,FALSE,0,0,6,8,36,97,8,4.5,Stratum 2
1988,2,46,RAM,Flipper Anderson,WR,23,FALSE,0,0,6,10,42,114,7.5,4.2,Stratum 2
1988,2,47,RAM,Fred Strickland,LB,22,FALSE,0,0,8,12,46,161,7.94,3.8333333333333335,Stratum 2
1988,2,49,SEA,Brian Blades,WR,23,FALSE,0,1,9,11,60,156,7.63,5.454545454545454,Stratum 2
1988,2,52,NOR,Brett Perriman,WR,22,FALSE,0,0,7,10,59,153,9.88,5.9,Stratum 4
1988,2,53,TAM,Lars Tate,RB,22,FALSE,0,0,2,3,8,33,9.8,2.6666666666666665,Stratum 4
1988,3,56,ATL,Alex Higdon,TE,21,FALSE,0,0,0,1,0,3,9.38,0,Stratum 3
1988,3,60,SDG,Quinn Early,WR,23,FALSE,0,0,8,12,46,179,9.38,3.8333333333333335,Stratum 3
1988,3,61,GNB,Keith Woodside,RB,24,FALSE,0,0,4,4,16,64,6.86,4,Stratum 2
1988,3,64,PHI,Matt Patchan,OT,NA,FALSE,0,0,0,NA,0,NA,9.71,NA,Stratum 4
1988,3,65,BUF,Bernard Ford,WR,22,FALSE,0,0,0,3,1,24,8.13,0.3333333333333333,Stratum 2
1988,3,67,DAL,Mark Hutson,OG,NA,FALSE,0,0,0,NA,0,NA,2.81,NA,Stratum 1
1988,3,69,NWE,Tom Rehder,OT,23,FALSE,0,0,0,3,3,40,9.8,1,Stratum 4
1988,3,70,PIT,Chuck Lanza,OC,23,FALSE,0,0,0,2,2,27,10,1,Stratum 4
1988,3,76,IND,Chris Chandler,QB,22,FALSE,0,2,9,17,77,180,6.8,4.529411764705882,Stratum 2
1988,3,77,CLE,Van Waiters,LB,23,FALSE,0,0,1,5,13,80,2.54,2.6,Stratum 1
1988,3,80,SFO,Bill Romanowski,LB,22,FALSE,0,2,13,16,83,243,8.25,5.1875,Stratum 3
1989,1,2,GNB,Tony Mandarich,OT,22,FALSE,0,0,4,10,28,86,10,2.8,Stratum 4
1989,1,3,DET,Barry Sanders,RB,21,TRUE,6,10,10,10,120,153,9.35,12,Stratum 3
1989,1,8,SDG,Burt Grossman,DE,22,FALSE,0,0,5,6,35,86,10,5.833333333333333,Stratum 4
1989,1,10,PHO,Eric Hill,LB,22,FALSE,0,0,11,11,52,160,8.25,4.7272727272727275,Stratum 3
1989,1,14,NYJ,Jeff Lageman,DE,22,FALSE,0,0,7,10,44,122,7.76,4.4,Stratum 2
1989,1,15,SEA,Andy Heck,OT,22,FALSE,0,0,11,12,60,185,8.82,5,Stratum 3
1989,1,16,NWE,Hart Lee Dykes,WR,23,FALSE,0,0,1,2,9,26,8.49,4.5,Stratum 3
1989,1,17,PHO,Joe Wolf,OT,22,FALSE,0,0,2,9,24,94,9.85,2.6666666666666665,Stratum 4
1989,1,19,NOR,Wayne Martin,DE,23,FALSE,0,1,10,11,68,171,3.88,6.181818181818182,Stratum 1
1989,1,21,RAM,Bill Hawkins,DE,23,FALSE,0,0,1,4,6,42,9.8,1.5,Stratum 4
1989,1,22,IND,Andre Rison,WR,22,FALSE,1,5,10,12,77,186,7.82,6.416666666666667,Stratum 2
1989,1,23,HOU,David Williams,OT,23,FALSE,0,0,8,9,44,128,9.41,4.888888888888889,Stratum 4
1989,1,27,ATL,Shawn Collins,WR,22,FALSE,0,0,1,5,11,49,9.58,2.2,Stratum 4
1989,2,29,DAL,Steve Wisniewski,OG,22,FALSE,2,8,13,13,102,206,8.16,7.846153846153846,Stratum 2
1989,2,30,DET,John Ford,WR,23,FALSE,0,0,0,1,1,7,10,1,Stratum 4
1989,2,32,KAN,Mike Elkins,QB,23,FALSE,0,0,0,1,0,1,4.25,0,Stratum 1
1989,2,33,TAM,Danny Peebles,WR,23,FALSE,0,0,0,3,2,30,9.33,0.6666666666666666,Stratum 3
1989,2,35,CIN,Eric Ball,RB,23,FALSE,0,0,2,7,5,97,9.48,0.7142857142857143,Stratum 4
1989,2,36,CHI,John Roper,LB,23,FALSE,0,0,3,5,20,68,3.3,4,Stratum 1
1989,2,37,SDG,Courtney Hall,OC,21,FALSE,0,0,7,8,48,118,7,6,Stratum 2
1989,2,38,ATL,Ralph Norwood,OT,23,FALSE,0,0,0,1,1,11,7.94,1,Stratum 2
1989,2,45,RAM,Frank Stams,LB,24,FALSE,0,0,2,7,17,82,6.19,2.4285714285714284,Stratum 1
1989,2,48,RAM,Brian Smith,LB,23,FALSE,0,0,0,2,2,19,2.1,1,Stratum 1
1989,2,49,PHI,Jessie Small,LB,22,FALSE,0,0,2,4,12,53,7.11,3,Stratum 2
1989,2,50,HOU,Scott Kozak,LB,23,FALSE,0,0,0,5,5,80,9.18,1,Stratum 3
1989,2,51,SDG,Billy Joe Tolliver,QB,23,FALSE,0,0,3,11,24,79,3,2.1818181818181817,Stratum 1
1989,2,52,MIN,David Braxton,LB,24,FALSE,0,0,0,6,5,71,9.69,0.8333333333333334,Stratum 4
1989,2,56,SFO,Wesley Walls,TE,23,FALSE,0,5,9,15,43,196,8.48,2.8666666666666667,Stratum 3
1989,3,61,PIT,Derek Hill,WR,21,FALSE,0,0,2,2,8,32,7.9,4,Stratum 2
1989,3,62,ATL,Keith Jones,RB,23,FALSE,0,0,3,4,10,50,7.25,2.5,Stratum 2
1989,3,63,NWE,Marv Cook,TE,23,FALSE,1,2,6,7,13,112,6.3,1.8571428571428572,Stratum 2
1989,3,64,NYG,Bob Kratch,OG,23,FALSE,0,0,4,8,34,105,2.04,4.25,Stratum 1
1989,3,65,CHI,Jerry Fontenot,OC,22,FALSE,0,0,11,16,68,239,6,4.25,Stratum 1
1989,3,66,WAS,Tracy Rocker,DT,23,FALSE,0,0,1,2,10,24,0.42,5,Stratum 1
1989,3,67,PHO,Mike Zandofsky,OG,23,FALSE,0,0,4,9,35,116,2.65,3.888888888888889,Stratum 1
1989,3,69,DEN,Darrell Hamilton,OT,24,FALSE,0,0,0,3,6,21,6.62,2,Stratum 2
1989,3,72,IND,Mitchell Benson,DT,22,FALSE,0,0,0,3,3,41,3.75,1,Stratum 1
1989,3,73,NWE,Chris Gannon,DE,23,FALSE,0,0,0,5,5,40,7.96,1,Stratum 2
1989,3,74,GNB,Anthony Dilweg,QB,24,FALSE,0,0,0,2,4,10,7.25,2,Stratum 2
1989,3,75,RAM,Kevin Robbins,OT,22,FALSE,0,0,0,5,2,8,3.97,0.4,Stratum 1
1989,3,76,PHI,Robert Drummond,RB,22,FALSE,0,0,0,3,4,36,8.83,1.3333333333333333,Stratum 3
1989,3,81,PHI,Britt Hager,LB,23,FALSE,0,0,0,9,17,121,5.46,1.8888888888888888,Stratum 1
1989,3,82,BUF,Don Beebe,WR,24,FALSE,0,0,4,9,33,116,8.66,3.6666666666666665,Stratum 3
1989,3,83,CIN,Erik Wilhelm,QB,23,FALSE,0,0,0,8,3,22,2.5,0.375,Stratum 1
1990,1,3,SEA,Cortez Kennedy,DT,22,TRUE,3,8,9,11,97,167,8.59,8.818181818181818,Stratum 3
1990,1,9,MIA,Richmond Webb,OT,23,FALSE,2,7,12,13,102,184,8.46,7.846153846153846,Stratum 3
1990,1,12,CIN,James Francis,LB,22,FALSE,0,0,9,10,45,143,9.47,4.5,Stratum 4
1990,1,14,NOR,Renaldo Turnbull,DE,24,FALSE,1,1,3,8,39,120,8.68,4.875,Stratum 3
1990,1,18,GNB,Tony Bennett,DE,23,FALSE,0,0,5,8,42,108,7.21,5.25,Stratum 2
1990,1,19,GNB,Darrell Thompson,RB,22,FALSE,0,0,2,5,16,60,6.94,3.2,Stratum 2
1990,1,20,ATL,Steve Broussard,RB,23,FALSE,0,0,1,9,23,121,6.67,2.5555555555555554,Stratum 2
1990,1,21,PIT,Eric Green,TE,23,FALSE,0,2,6,10,32,120,8.39,3.2,Stratum 3
1990,1,23,RAM,Bern Brostek,OC,23,FALSE,0,0,6,8,34,105,4.84,4.25,Stratum 1
1990,1,25,SFO,Dexter Carter,RB,22,FALSE,0,0,1,7,18,100,7.22,2.5714285714285716,Stratum 2
1990,2,26,DAL,Alexander Wright,WR,23,FALSE,0,0,2,7,14,86,9.88,2,Stratum 4
1990,2,27,ATL,Darion Conner,LB,22,FALSE,0,0,6,8,30,114,8.65,3.75,Stratum 3
1990,2,28,NYJ,Reggie Rembert,WR,23,FALSE,0,0,0,4,5,28,3.95,1.25,Stratum 1
1990,2,31,PHO,Anthony Thompson,RB,23,FALSE,0,0,0,3,6,37,4.91,2,Stratum 1
1990,2,32,CHI,Fred Washington,DT,23,FALSE,0,0,0,1,1,11,6.48,1,Stratum 2
1990,2,36,IND,Anthony Johnson,RB,22,FALSE,0,0,3,11,32,159,5.65,2.909090909090909,Stratum 1
1990,2,37,RAI,Aaron Wallace,LB,23,FALSE,0,0,2,9,22,102,9.41,2.4444444444444446,Stratum 4
1990,2,38,CIN,Harold Green,RB,22,FALSE,0,1,6,9,40,124,7.31,4.444444444444445,Stratum 2
1990,2,42,BUF,Carwell Gardner,FB,23,FALSE,0,0,0,8,7,101,6.18,0.875,Stratum 1
1990,2,43,PIT,Kenny Davidson,DE,23,FALSE,0,0,4,7,30,93,9.71,4.285714285714286,Stratum 4
1990,2,46,WAS,Andre Collins,LB,22,FALSE,0,0,5,10,42,144,7.37,4.2,Stratum 2
1990,2,50,PHI,Mike Bellamy,WR,24,FALSE,0,0,0,1,0,6,7.19,0,Stratum 2
1990,2,51,NYG,Mike Fox,DE,23,FALSE,0,0,4,9,41,133,2.94,4.555555555555555,Stratum 1
1990,3,54,MIN,Mike Jones,TE,23,FALSE,0,0,0,3,0,31,5.97,0,Stratum 1
1990,3,57,SDG,Jeff Mills,LB,21,FALSE,0,0,0,4,6,46,6.84,1.5,Stratum 2
1990,3,58,PHO,Ricky Proehl,WR,22,FALSE,0,0,6,17,56,244,6.77,3.2941176470588234,Stratum 2
1990,3,60,SDG,Leo Goeas,OG,24,FALSE,0,0,5,8,33,111,8.33,4.125,Stratum 3
1990,3,61,CHI,Tim Ryan,DE,22,FALSE,0,0,0,4,7,58,1.32,1.75,Stratum 1
1990,3,64,DAL,Jimmie Jones,DT,24,FALSE,0,0,3,8,33,121,9.72,4.125,Stratum 4
1990,3,65,CIN,Bernard Clark,LB,23,FALSE,0,0,0,2,2,28,1.43,1,Stratum 1
1990,3,70,PIT,Neil O'Donnell,QB,24,FALSE,0,1,7,14,60,125,9.82,4.285714285714286,Stratum 4
1990,3,71,NOR,Joel Smeenge,DE,22,FALSE,0,0,3,11,30,156,9.26,2.727272727272727,Stratum 3
1990,3,72,HOU,Willis Peguese,DE,23,FALSE,0,0,0,4,4,35,8.53,1,Stratum 3
1990,3,74,MIN,Marion Hobby,DE,23,FALSE,0,0,0,3,5,42,0.74,1.6666666666666667,Stratum 1
1990,3,75,GNB,Bobby Houston,LB,22,FALSE,0,0,5,9,34,109,9.4,3.7777777777777777,Stratum 4
1990,3,77,PHI,Fred Barnett,WR,24,FALSE,0,1,6,8,44,96,9.94,5.5,Stratum 4
1990,3,79,NYG,Greg Mark,DE,23,FALSE,0,0,0,1,0,6,2.5,0,Stratum 1
1990,3,81,PIT,Craig Veasey,DT,23,FALSE,0,0,0,6,7,69,6.9,1.1666666666666667,Stratum 2
1991,1,1,DAL,Russell Maryland,DT,22,FALSE,0,1,10,10,60,154,6.14,6,Stratum 1
1991,1,4,DEN,Mike Croel,LB,22,FALSE,0,0,6,8,34,102,9.94,4.25,Stratum 4
1991,1,8,PHI,Antone Davis,OT,24,FALSE,0,0,6,7,35,97,8.25,5,Stratum 3
1991,1,11,NWE,Pat Harlow,OT,22,FALSE,0,0,6,8,34,105,5.5,4.25,Stratum 1
1991,1,13,ATL,Mike Pritchard,WR,21,FALSE,0,0,6,9,43,127,9.27,4.777777777777778,Stratum 3
1991,1,14,NWE,Leonard Russell,RB,21,FALSE,0,0,5,6,26,85,5.1,4.333333333333333,Stratum 1
1991,1,17,WAS,Bobby Wilson,DT,23,FALSE,0,0,2,4,12,42,1.88,3,Stratum 1
1991,1,18,CIN,Alfred Williams,DE,22,FALSE,1,1,5,9,48,128,8.4,5.333333333333333,Stratum 3
1991,1,20,DAL,Kelvin Pritchett,DT,21,FALSE,0,0,4,14,34,208,7.72,2.4285714285714284,Stratum 2
1991,1,22,CHI,Stan Thomas,OT,22,FALSE,0,0,0,4,7,56,7,1.75,Stratum 2
1991,1,23,MIA,Randal Hill,WR,21,FALSE,0,0,3,7,27,103,9.45,3.857142857142857,Stratum 4
1991,1,27,NYG,Jarrod Bunch,FB,23,FALSE,0,0,2,4,7,48,10,1.75,Stratum 4
1991,2,29,CLE,Ed King,OG,21,FALSE,0,0,3,7,21,57,4.67,3,Stratum 1
1991,2,30,DEN,Reggie Johnson,TE,23,FALSE,0,0,1,7,8,77,9.29,1.1428571428571428,Stratum 3
1991,2,31,RAM,Roman Phifer,LB,23,FALSE,0,0,12,15,64,212,8.52,4.266666666666667,Stratum 3
1991,2,32,PHO,Mike Jones,DE,22,FALSE,0,0,4,9,36,135,2.77,4,Stratum 1
1991,2,35,GNB,Esera Tuaolo,DT,23,FALSE,0,0,3,9,24,111,6.53,2.6666666666666665,Stratum 2
1991,2,39,SDG,Eric Bieniemy,RB,22,FALSE,0,0,0,9,23,142,7.82,2.5555555555555554,Stratum 2
1991,2,42,NOR,Wesley Carroll,WR,24,FALSE,0,0,0,3,6,40,6.3,2,Stratum 2
1991,2,43,RAI,Nick Bell,RB,23,FALSE,0,0,0,3,8,35,10,2.6666666666666665,Stratum 4
1991,2,45,SFO,Ricky Watters,RB,22,FALSE,0,5,9,11,100,144,5.37,9.090909090909092,Stratum 1
1991,2,46,PIT,Jeff Graham,WR,22,FALSE,0,0,9,11,59,160,5.84,5.363636363636363,Stratum 1
1991,2,46,PIT,Jeff Graham,WR,22,FALSE,0,0,9,11,59,160,1.93,5.363636363636363,Stratum 1
1991,2,47,SDG,Eric Moten,OG,23,FALSE,0,0,4,6,27,67,7.87,4.5,Stratum 2
1991,2,51,SEA,Doug Thomas,WR,21,FALSE,0,0,0,3,1,39,4.7,0.3333333333333333,Stratum 1
1991,2,53,SFO,John Johnson,LB,23,FALSE,0,0,1,5,10,46,8.47,2,Stratum 3
1991,2,54,BUF,Phil Hansen,DE,23,FALSE,0,0,11,11,65,156,6.91,5.909090909090909,Stratum 2
1991,3,57,CLE,James Jones,DT,22,FALSE,0,0,9,10,56,160,3.86,5.6,Stratum 1
1991,3,58,DET,Reggie Barrett,WR,22,FALSE,0,0,0,2,1,10,10,0.5,Stratum 4
1991,3,60,MIA,Aaron Craver,RB,22,FALSE,0,0,4,9,18,103,9.86,2,Stratum 4
1991,3,61,DEN,Keith Traylor,DT,22,FALSE,0,0,11,17,60,229,8.61,3.5294117647058822,Stratum 3
1991,3,62,DAL,Godfrey Myles,LB,22,FALSE,0,0,1,6,9,76,9.66,1.5,Stratum 4
1991,3,65,MIN,Carlos Jenkins,LB,23,FALSE,0,0,5,6,32,80,8.3,5.333333333333333,Stratum 3
1991,3,66,TAM,Lawrence Dawsey,WR,23,FALSE,0,0,3,9,23,83,3.38,2.5555555555555554,Stratum 1
1991,3,68,MIN,Jake Reed,WR,23,FALSE,0,0,6,12,53,155,8.08,4.416666666666667,Stratum 2
1991,3,70,DAL,Erik Williams,OT,22,FALSE,2,4,8,11,69,146,1.83,6.2727272727272725,Stratum 1
1991,3,72,CIN,Bob Dahl,OG,23,FALSE,0,0,5,7,35,82,8.4,5,Stratum 3
1991,3,73,PIT,Ernie Mills,WR,22,FALSE,0,0,1,9,25,118,9.54,2.7777777777777777,Stratum 4
1991,3,74,SEA,David Daniels,WR,21,FALSE,0,0,0,2,1,29,7.21,0.5,Stratum 2
1991,3,75,PHI,Rob Selby,OG,23,FALSE,0,0,1,7,9,62,8.93,1.2857142857142858,Stratum 3
1991,3,76,WAS,Ricky Ervins,RB,22,FALSE,0,0,1,5,23,76,3.4,4.6,Stratum 1
1991,3,77,KAN,Tim Barnett,WR,23,FALSE,0,0,1,3,13,44,6.26,4.333333333333333,Stratum 2
1992,1,2,IND,Quentin Coryatt,LB,22,FALSE,0,0,4,8,31,82,9.86,3.875,Stratum 4
1992,1,6,CIN,David Klingler,QB,23,FALSE,0,0,1,6,11,33,9.15,1.8333333333333333,Stratum 3
1992,1,8,ATL,Bob Whitfield,OT,20,FALSE,0,1,11,15,71,220,9.93,4.733333333333333,Stratum 4
1992,1,10,SEA,Ray Roberts,OT,23,FALSE,0,0,8,9,44,127,4.83,4.888888888888889,Stratum 1
1992,1,12,MIA,Marco Coleman,DE,22,FALSE,0,1,12,14,72,207,3.25,5.142857142857143,Stratum 1
1992,1,13,NWE,Eugene Chung,OG,23,FALSE,0,0,2,6,13,55,8.8,2.1666666666666665,Stratum 3
1992,1,14,NYG,Derek Brown,TE,22,FALSE,0,0,1,8,4,105,7.89,0.5,Stratum 2
1992,1,15,NYJ,Johnny Mitchell,TE,21,FALSE,0,0,2,5,17,57,9.82,3.4,Stratum 4
1992,1,19,ATL,Tony Smith,RB,22,FALSE,0,0,0,3,4,33,9.02,1.3333333333333333,Stratum 3
1992,1,21,NOR,Vaughn Dunbar,RB,24,FALSE,0,0,1,4,7,39,9.25,1.75,Stratum 3
1992,1,22,CHI,Alonzo Spellman,DE,20,FALSE,0,0,5,10,38,123,8.62,3.8,Stratum 3
1992,1,24,DAL,Robert Jones,LB,22,FALSE,0,0,9,10,53,151,8.83,5.3,Stratum 3
1992,1,26,DET,Robert Porcher,DE,23,FALSE,0,3,10,12,66,187,3.01,5.5,Stratum 1
1992,2,36,DAL,Jimmy Smith,WR,23,FALSE,0,5,10,14,94,178,9.82,6.714285714285714,Stratum 4
1992,2,38,PIT,Levon Kirkland,LB,23,FALSE,1,2,10,11,80,176,5,7.2727272727272725,Stratum 1
1992,2,40,KAN,Matt Blundin,QB,23,FALSE,0,0,0,6,0,3,5.21,0,Stratum 1
1992,2,46,PHO,Tony Sacca,QB,22,FALSE,0,0,0,1,0,2,9.36,0,Stratum 3
1992,2,47,WAS,Shane Collins,DE,23,FALSE,0,0,0,3,6,30,9.27,2,Stratum 3
1992,2,49,CHI,Troy Auzenne,OT,23,FALSE,0,0,2,5,17,61,7.24,3.4,Stratum 2
1992,2,50,HOU,Eddie Robinson,LB,22,FALSE,0,0,11,11,64,175,3.97,5.818181818181818,Stratum 1
1992,2,51,ATL,Chuck Smith,DE,22,FALSE,0,0,6,9,44,125,4.47,4.888888888888889,Stratum 1
1992,2,52,CLE,Patrick Rowe,WR,23,FALSE,0,0,0,2,0,5,9.89,0,Stratum 4
1992,2,54,DEN,Shane Dronett,DT,21,FALSE,0,0,5,10,36,139,4.65,3.6,Stratum 1
1992,2,55,BUF,James Patton,DT,22,FALSE,0,0,0,3,1,13,9.07,0.3333333333333333,Stratum 3
1992,3,60,RAM,Todd Kinchen,WR,23,FALSE,0,0,0,7,13,83,4.87,1.8571428571428572,Stratum 1
1992,3,61,PHO,Ed Cunningham,OC,23,FALSE,0,0,3,5,21,61,9.59,4.2,Stratum 4
1992,3,62,GNB,Robert Brooks,WR,22,FALSE,0,0,5,9,46,100,6.58,5.111111111111111,Stratum 2
1992,3,63,SDG,Ray Ethridge,WR,23,FALSE,0,0,0,6,0,16,9.67,0,Stratum 4
1992,3,64,NWE,Todd Collins,LB,22,FALSE,0,0,7,9,32,106,9.95,3.5555555555555554,Stratum 4
1992,3,66,SEA,Bob Spitulski,LB,22,FALSE,0,0,0,3,2,26,8.74,0.6666666666666666,Stratum 3
1992,3,67,PIT,Joel Steed,DT,23,FALSE,0,1,7,8,47,115,2.09,5.875,Stratum 1
1992,3,68,NYJ,Siupeli Malamala,OT,23,FALSE,0,0,2,8,18,62,9.17,2.25,Stratum 3
1992,3,69,NYG,Aaron Pierce,TE,23,FALSE,0,0,3,8,8,82,9.65,1,Stratum 4
1992,3,71,NWE,Kevin Turner,FB,23,FALSE,0,0,6,8,18,106,9.18,2.25,Stratum 3
1992,3,73,ATL,Howard Dinkins,LB,23,FALSE,0,0,0,2,0,3,5.93,0,Stratum 1
1992,3,74,WAS,Paul Siever,OG,NA,FALSE,0,0,0,NA,0,NA,3.1,NA,Stratum 1
1992,3,76,SFO,Brian Bollinger,OG,23,FALSE,0,0,0,3,5,39,7.3,1.6666666666666667,Stratum 2
1992,3,78,CLE,Gerald Dixon,LB,23,FALSE,0,0,4,10,31,136,5.75,3.1,Stratum 1
1992,3,79,TAM,Tyji Armstrong,TE,21,FALSE,0,0,0,7,4,87,7.02,0.5714285714285714,Stratum 2
1992,3,82,DAL,James Brown,OT,22,FALSE,0,0,5,9,39,114,5.1,4.333333333333333,Stratum 1
1993,1,8,NOR,Willie Roaf,OT,23,TRUE,4,11,12,13,111,189,9.12,8.538461538461538,Stratum 3
1993,1,11,DEN,Dan Williams,DE,23,FALSE,0,0,2,8,30,87,8.54,3.75,Stratum 3
1993,1,13,HOU,Brad Hopkins,OT,23,FALSE,0,2,13,13,71,194,7.43,5.461538461538462,Stratum 2
1993,1,14,CLE,Steve Everitt,OC,23,FALSE,0,0,6,8,36,103,9.75,4.5,Stratum 4
1993,1,15,GNB,Wayne Simmons,LB,23,FALSE,0,0,4,6,33,90,9.5,5.5,Stratum 4
1993,1,16,IND,Sean Dawkins,WR,22,FALSE,0,0,7,9,48,140,8.47,5.333333333333333,Stratum 3
1993,1,18,PHO,Ernest Dye,OT,22,FALSE,0,0,2,5,10,50,0.64,2,Stratum 1
1993,1,19,PHI,Lester Holmes,OG,23,FALSE,0,0,6,8,38,102,8.26,4.75,Stratum 3
1993,1,20,NOR,Irv Smith,TE,21,FALSE,0,0,5,7,14,95,4.78,2,Stratum 1
1993,1,20,NOR,Irv Smith,TE,21,FALSE,0,0,5,7,14,95,8.29,2,Stratum 3
1993,1,21,MIN,Robert Smith,RB,21,FALSE,0,2,6,8,60,98,9.85,7.5,Stratum 4
1993,1,24,PHI,Leonard Renfro,DT,23,FALSE,0,0,0,2,3,23,3.78,1.5,Stratum 1
1993,1,26,SFO,Dana Stubblefield,DT,22,FALSE,1,3,9,11,69,154,8.46,6.2727272727272725,Stratum 3
1993,2,31,NWE,Chris Slade,LB,22,FALSE,0,1,6,9,54,142,6.08,6,Stratum 1
1993,2,32,PHO,Ben Coleman,OG,22,FALSE,0,0,7,9,45,135,6,5,Stratum 1
1993,2,35,CHI,Carl Simpson,DT,23,FALSE,0,0,2,6,24,87,6.36,4,Stratum 2
1993,2,36,NYJ,Coleman Rudolph,DE,22,FALSE,0,0,0,4,6,48,9.2,1.5,Stratum 3
1993,2,39,RAM,Troy Drayton,TE,23,FALSE,0,0,6,8,21,122,8.76,2.625,Stratum 3
1993,2,40,NYG,Michael Strahan,DE,21,TRUE,4,7,14,15,122,216,9.12,8.133333333333333,Stratum 3
1993,2,42,CLE,Dan Footman,DE,24,FALSE,0,0,2,6,18,69,8.18,3,Stratum 2
1993,2,44,PIT,Chad Brown,LB,23,FALSE,2,3,12,15,85,188,8.73,5.666666666666667,Stratum 3
1993,2,46,DAL,Kevin Williams,WR,22,FALSE,0,0,2,8,27,121,7.79,3.375,Stratum 2
1993,2,50,PHI,Victor Bailey,WR,23,FALSE,0,0,1,4,8,34,9.22,2,Stratum 3
1993,2,52,MIN,Qadry Ismail,WR,22,FALSE,0,0,4,10,39,137,9.58,3.9,Stratum 4
1993,2,53,NOR,Reggie Freeman,LB,23,FALSE,0,0,0,1,1,10,6.77,1,Stratum 2
1993,2,54,DAL,Darrin Smith,LB,23,FALSE,0,0,10,12,55,156,9.54,4.583333333333333,Stratum 4
1993,2,55,BUF,John Parrella,DT,23,FALSE,0,0,7,12,46,172,9.09,3.8333333333333335,Stratum 3
1993,2,56,NWE,Vincent Brisby,WR,22,FALSE,0,0,3,8,25,86,10,3.125,Stratum 4
1993,3,58,RAI,Billy Joe Hobert,QB,22,FALSE,0,0,0,7,7,29,8.91,1,Stratum 3
1993,3,59,CIN,Steve Tovar,LB,23,FALSE,0,0,3,8,29,121,9.81,3.625,Stratum 4
1993,3,60,TAM,Lamar Thomas,WR,23,FALSE,0,0,1,6,12,73,5.19,2,Stratum 1
1993,3,61,CHI,Chris Gedney,TE,23,FALSE,0,0,0,8,8,73,8.53,1,Stratum 3
1993,3,64,SDG,Joe Cocozzo,OG,23,FALSE,0,0,3,5,22,77,6.09,4.4,Stratum 1
1993,3,71,WAS,Rick Hamilton,LB,23,FALSE,0,0,0,4,3,34,8.31,0.75,Stratum 3
1993,3,73,RAM,Russell White,RB,22,FALSE,0,0,0,1,0,5,7.6,0,Stratum 2
1993,3,74,KAN,Will Shields,OG,21,TRUE,2,12,14,14,113,224,6.52,8.071428571428571,Stratum 2
1993,3,78,MIA,Terry Kirby,RB,23,FALSE,0,0,2,10,47,110,9.3,4.7,Stratum 3
1993,3,79,MIN,Gilbert Brown,DT,22,FALSE,0,0,7,11,39,125,3.15,3.5454545454545454,Stratum 1
1993,3,81,GNB,Earl Dotson,OT,22,FALSE,0,0,6,10,42,120,3.57,4.2,Stratum 1
1993,3,83,CLE,Mike Caldwell,LB,22,FALSE,0,0,2,11,31,159,9.58,2.8181818181818183,Stratum 4
1994,1,7,SFO,Bryant Young,DT,22,TRUE,1,4,14,14,88,208,9.2,6.285714285714286,Stratum 3
1994,1,11,CHI,John Thierry,DE,23,FALSE,0,0,6,9,33,131,9.94,3.6666666666666665,Stratum 4
1994,1,13,NOR,Joe Johnson,DE,22,FALSE,0,2,7,10,50,117,7.7,5,Stratum 2
1994,1,14,PHI,Bernard Williams,OT,22,FALSE,0,0,1,1,8,16,6,8,Stratum 1
1994,1,16,GNB,Aaron Taylor,OG,21,FALSE,0,0,5,6,34,75,7.46,5.666666666666667,Stratum 2
1994,1,22,RAI,Rob Fredrickson,LB,23,FALSE,0,0,9,9,42,128,9.86,4.666666666666667,Stratum 4
1994,1,24,NYG,Thomas Lewis,WR,22,FALSE,0,0,1,4,9,34,6.33,2.25,Stratum 2
1994,1,25,KAN,Greg Hill,RB,22,FALSE,0,0,2,6,24,79,9.06,4,Stratum 3
1994,1,28,SFO,William Floyd,FB,22,FALSE,0,0,7,7,22,90,8.41,3.142857142857143,Stratum 3
1994,1,29,CLE,Derrick Alexander,WR,22,FALSE,0,0,7,9,56,126,9.67,6.222222222222222,Stratum 4
1994,2,33,RAM,Isaac Bruce,WR,21,TRUE,0,4,13,16,101,223,8.84,6.3125,Stratum 3
1994,2,35,NWE,Kevin Lee,WR,23,FALSE,0,0,0,3,1,9,8.9,0.3333333333333333,Stratum 3
1994,2,36,SEA,Kevin Mawae,OC,23,TRUE,3,8,15,16,108,241,7.19,6.75,Stratum 2
1994,2,39,CHI,Marcus Spears,OT,22,FALSE,0,0,1,11,15,103,6.59,1.3636363636363635,Stratum 2
1994,2,41,NYJ,Ryan Yarborough,WR,23,FALSE,0,0,0,5,2,51,8.03,0.4,Stratum 2
1994,2,43,SDG,Isaac Davis,OG,22,FALSE,0,0,2,4,14,58,5.86,3.5,Stratum 1
1994,2,44,NOR,Mario Bates,RB,21,FALSE,0,0,3,7,21,98,9.91,3,Stratum 4
1994,2,45,ATL,Bert Emanuel,WR,23,FALSE,0,0,6,8,39,103,6.42,4.875,Stratum 2
1994,2,46,DAL,Larry Allen,OG,22,TRUE,6,11,13,14,101,203,3.83,7.214285714285714,Stratum 1
1994,2,50,PIT,Brentson Buckner,DT,22,FALSE,0,0,8,12,51,174,4.23,4.25,Stratum 1
1994,2,51,DEN,Allen Aldridge,LB,22,FALSE,0,0,7,8,40,128,9.76,5,Stratum 4
1994,2,52,RAI,James Folston,LB,23,FALSE,0,0,0,7,8,84,9.55,1.1428571428571428,Stratum 4
1994,2,55,MIN,Fernando Smith,DE,23,FALSE,0,0,2,7,21,80,4.35,3,Stratum 1
1994,2,56,RAM,Brad Ottis,DE,22,FALSE,0,0,1,7,11,81,7.76,1.5714285714285714,Stratum 2
1994,2,60,HOU,Jeremy Nunley,DE,22,FALSE,0,0,0,1,1,12,6.4,1,Stratum 2
1994,2,61,BUF,Lonnie Johnson,TE,23,FALSE,0,0,4,6,13,88,7.21,2.1666666666666665,Stratum 2
1994,3,66,CIN,Jeff Cothran,FB,23,FALSE,0,0,2,3,3,39,3.91,1,Stratum 1
1994,3,67,IND,Jason Mathews,OT,23,FALSE,0,0,2,11,26,144,8.92,2.3636363636363638,Stratum 3
1994,3,68,WAS,Tydus Winans,WR,22,FALSE,0,0,0,3,4,25,8.51,1.3333333333333333,Stratum 3
1994,3,69,TAM,Harold Bishop,TE,24,FALSE,0,0,0,5,1,34,7.07,0.2,Stratum 2
1994,3,74,CHI,Jim Flanigan,DT,23,FALSE,0,0,6,10,46,145,9.82,4.6,Stratum 4
1994,3,75,CLE,Romeo Bandison,DT,23,FALSE,0,0,0,3,1,14,5.64,0.3333333333333333,Stratum 1
1994,3,78,NWE,Ervin Collier,DT,NA,FALSE,0,0,0,NA,0,NA,2.02,NA,Stratum 1
1994,3,80,RAI,Calvin Jones,RB,23,FALSE,0,0,0,3,1,16,8.71,0.3333333333333333,Stratum 3
1994,3,81,BUF,Marlo Perry,LB,22,FALSE,0,0,1,6,12,76,5.89,2,Stratum 1
1994,3,83,RAM,James Bostic,RB,22,FALSE,0,0,0,6,0,11,9.29,0,Stratum 3
1994,3,86,CIN,Steve Shine,LB,NA,FALSE,0,0,0,NA,0,NA,9.41,NA,Stratum 4
1994,3,88,PIT,Jason Gildon,LB,22,FALSE,1,3,8,11,75,167,4.84,6.818181818181818,Stratum 1
1994,3,90,NWE,Joe Burch,OC,NA,FALSE,0,0,0,NA,0,NA,6.29,NA,Stratum 2
1994,3,92,KAN,Lake Dawson,WR,22,FALSE,0,0,2,4,12,43,6,3,Stratum 1
1994,3,93,DET,Shane Bonham,DT,23,FALSE,0,0,0,6,6,76,9.08,1,Stratum 3
1994,3,94,NYJ,Lou Benfatti,DT,23,FALSE,0,0,0,2,1,19,4.79,0.5,Stratum 1
1994,3,95,NYG,Gary Downs,RB,22,FALSE,0,0,0,7,2,70,8.3,0.2857142857142857,Stratum 3
1994,3,96,KAN,Chris Penn,WR,23,FALSE,0,0,1,6,15,70,6.75,2.5,Stratum 2
1994,3,102,DAL,George Hegamin,OT,21,FALSE,0,0,1,7,10,64,0.92,1.4285714285714286,Stratum 1
1995,1,2,JAX,Tony Boselli,OT,23,TRUE,3,5,6,7,66,91,9.81,9.428571428571429,Stratum 4
1995,1,4,WAS,Michael Westbrook,WR,23,FALSE,0,0,6,8,38,89,9.61,4.75,Stratum 4
1995,1,7,PHI,Mike Mamula,DE,22,FALSE,0,0,4,6,31,77,10,5.166666666666667,Stratum 4
1995,1,9,NYJ,Kyle Brady,TE,23,FALSE,0,0,13,13,26,197,10,2,Stratum 4
1995,1,13,NOR,Mark Fields,LB,22,FALSE,0,2,8,10,53,136,9.78,5.3,Stratum 4
1995,1,16,NYJ,Hugh Douglas,DE,24,FALSE,1,3,7,10,68,138,6.95,6.8,Stratum 2
1995,1,17,NYG,Tyrone Wheatley,RB,23,FALSE,0,0,4,10,39,124,9.11,3.9,Stratum 3
1995,1,18,OAK,Napoleon Kaufman,RB,22,FALSE,0,0,3,6,39,91,7.48,6.5,Stratum 2
1995,1,19,JAX,James Stewart,RB,23,FALSE,0,0,6,8,46,101,10,5.75,Stratum 4
1995,1,25,MIA,Billy Milner,OT,23,FALSE,0,0,1,2,7,30,8.35,3.5,Stratum 3
1995,1,27,PIT,Mark Bruener,TE,22,FALSE,0,0,10,14,10,188,9.39,0.7142857142857143,Stratum 3
1995,1,31,KAN,Trezelle Jenkins,OT,22,FALSE,0,0,0,3,1,9,7.92,0.3333333333333333,Stratum 2
1995,2,36,CAR,Shawn King,DE,23,FALSE,0,0,1,5,10,48,8.31,2,Stratum 3
1995,2,37,WAS,Cory Raymer,OC,22,FALSE,0,0,4,11,35,98,6.06,3.1818181818181817,Stratum 1
1995,2,45,BUF,Todd Collins,QB,23,FALSE,0,0,1,16,11,49,7.24,0.6875,Stratum 2
1995,2,48,IND,Ken Dilger,TE,24,FALSE,0,1,10,10,35,156,9.33,3.5,Stratum 3
1995,2,53,MIA,Andrew Greene,OG,25,FALSE,0,0,0,4,1,10,7.22,0.25,Stratum 2
1995,2,54,NYG,Scott Gragg,OT,23,FALSE,0,0,9,11,57,172,4.15,5.181818181818182,Stratum 1
1995,2,57,NWE,Ted Johnson,LB,22,FALSE,0,0,7,10,45,125,9.11,4.5,Stratum 3
1995,2,58,PHI,Barrett Brooks,OT,23,FALSE,0,0,4,11,28,118,6.89,2.5454545454545454,Stratum 2
1995,2,60,PIT,Kordell Stewart,QB,22,FALSE,0,1,6,11,60,125,9.85,5.454545454545454,Stratum 4
1995,2,63,DAL,Shane Hannah,OG,NA,FALSE,0,0,0,NA,0,NA,5.56,NA,Stratum 1
1995,2,64,JAX,Bryan Schwartz,LB,23,FALSE,0,0,3,5,19,55,8.7,3.8,Stratum 3
1995,3,67,HOU,Chris Sanders,WR,23,FALSE,0,0,4,7,29,97,8.83,4.142857142857143,Stratum 3
1995,3,69,CIN,Melvin Tuten,OT,23,FALSE,0,0,0,8,11,66,9.86,1.375,Stratum 4
1995,3,70,DET,David Sloan,TE,23,FALSE,0,1,6,9,18,110,8.72,2,Stratum 3
1995,3,72,PHI,Greg Jefferson,DE,24,FALSE,0,0,3,5,19,57,9.27,3.8,Stratum 3
1995,3,73,GNB,Brian Williams,LB,22,FALSE,0,0,3,8,32,81,7.5,4,Stratum 2
1995,3,74,NWE,Curtis Martin,RB,22,TRUE,1,5,11,11,102,168,9.35,9.272727272727273,Stratum 3
1995,3,78,PHI,Chris Jones,WR,24,FALSE,0,0,1,3,10,32,5.46,3.3333333333333335,Stratum 1
1995,3,78,PHI,Chris Jones,WR,24,FALSE,0,0,1,3,10,32,1.14,3.3333333333333335,Stratum 1
1995,3,80,ARI,Stoney Case,QB,23,FALSE,0,0,0,6,4,20,7.39,0.6666666666666666,Stratum 2
1995,3,83,CHI,Sean Harris,LB,23,FALSE,0,0,3,7,20,83,7.69,2.857142857142857,Stratum 2
1995,3,86,OAK,Joe Aska,RB,23,FALSE,0,0,0,3,3,23,9.02,1,Stratum 3
1995,3,87,CHI,Evan Pilgrim,OG,23,FALSE,0,0,0,6,5,32,6.11,0.8333333333333334,Stratum 1
1995,3,89,HOU,Rodney Thomas,RB,22,FALSE,0,0,1,7,17,103,6.79,2.4285714285714284,Stratum 2
1995,3,91,PIT,Brenden Stai,OG,23,FALSE,0,0,7,8,38,105,10,4.75,Stratum 4
1995,3,96,BUF,Damien Covington,LB,22,FALSE,0,0,1,3,7,30,2.09,2.3333333333333335,Stratum 1
1995,3,97,KAN,Troy Dumas,LB,22,FALSE,0,0,0,3,1,16,7.47,0.3333333333333333,Stratum 2
1995,3,98,SDG,Preston Harrison,LB,NA,FALSE,0,0,0,NA,0,NA,7.78,NA,Stratum 2
1996,1,2,JAX,Kevin Hardy,LB,23,FALSE,1,1,9,9,62,134,9.23,6.888888888888889,Stratum 3
1996,1,3,ARI,Simeon Rice,DE,22,FALSE,1,3,11,12,86,174,9.6,7.166666666666667,Stratum 4
1996,1,4,BAL,Jonathan Ogden,OT,22,TRUE,4,11,12,12,95,177,10,7.916666666666667,Stratum 4
1996,1,10,CIN,Willie Anderson,OT,21,FALSE,3,4,12,13,93,195,4.24,7.153846153846154,Stratum 1
1996,1,12,TAM,Regan Upshaw,DE,21,FALSE,0,0,4,9,36,110,7.63,4,Stratum 2
1996,1,15,DEN,John Mobley,LB,22,FALSE,1,0,6,8,52,105,8.79,6.5,Stratum 3
1996,1,17,DET,Reggie Brown,LB,21,FALSE,0,0,2,2,11,26,9.97,5.5,Stratum 4
1996,1,18,STL,Eddie Kennison,WR,23,FALSE,0,0,12,13,69,179,8.22,5.3076923076923075,Stratum 3
1996,1,27,GNB,John Michels,OT,23,FALSE,0,0,1,2,9,24,9.54,4.5,Stratum 4
1996,1,29,PIT,Jamain Stephens,OT,22,FALSE,0,0,1,6,7,40,7.35,1.1666666666666667,Stratum 2
1996,2,31,NYJ,Alex Van Dyke,WR,22,FALSE,0,0,0,5,2,42,7.38,0.4,Stratum 2
1996,2,34,NYG,Amani Toomer,WR,21,FALSE,0,0,10,13,69,190,10,5.3076923076923075,Stratum 4
1996,2,37,DAL,Kavika Pittman,DE,21,FALSE,0,0,5,8,34,108,8.54,4.25,Stratum 3
1996,2,38,HOU,Bryant Mix,DE,24,FALSE,0,0,0,2,1,7,1.77,0.5,Stratum 1
1996,2,39,CIN,Marco Battaglia,TE,23,FALSE,0,0,1,8,6,96,8.91,0.75,Stratum 3
1996,2,41,SDG,Bryan Still,WR,22,FALSE,0,0,1,4,8,52,9.41,2,Stratum 4
1996,2,42,STL,Tony Banks,QB,23,FALSE,0,0,5,10,43,96,7.55,4.3,Stratum 2
1996,2,43,CAR,Muhsin Muhammad,WR,23,FALSE,1,2,12,14,83,202,9.87,5.928571428571429,Stratum 4
1996,2,45,MIN,James Manley,DT,22,FALSE,0,0,0,1,0,0,5.42,0,Stratum 1
1996,2,46,SFO,Israel Ifeanyi,DE,25,FALSE,0,0,0,1,0,3,7.88,0,Stratum 2
1996,2,50,SDG,Patrick Sapp,LB,23,FALSE,0,0,1,4,9,63,4.91,2.25,Stratum 1
1996,2,54,PHI,Jason Dunn,TE,22,FALSE,0,0,2,12,7,160,10,0.5833333333333334,Stratum 4
1996,2,56,GNB,Derrick Mayes,WR,22,FALSE,0,0,1,5,17,58,7.15,3.4,Stratum 2
1996,2,57,OAK,Lance Johnstone,DE,23,FALSE,0,0,5,11,40,166,9.75,3.6363636363636362,Stratum 4
1996,3,66,NYG,Roman Oben,OT,23,FALSE,0,0,8,12,47,143,7.65,3.9166666666666665,Stratum 2
1996,3,68,KAN,John Browning,DT,22,FALSE,0,0,5,10,39,121,8.11,3.9,Stratum 2
1996,3,69,CIN,Ken Blackman,OG,23,FALSE,0,0,3,3,17,35,9.55,5.666666666666667,Stratum 4
1996,3,73,CAR,Winslow Oliver,RB,23,FALSE,0,0,0,5,6,64,9.07,1.2,Stratum 3
1996,3,75,MIN,Moe Williams,RB,22,FALSE,0,0,1,10,29,132,6.53,2.9,Stratum 2
1996,3,77,SEA,Robert Barr,OT,NA,FALSE,0,0,0,NA,0,NA,1.13,NA,Stratum 1
1996,3,81,SDG,Brian Roche,TE,23,FALSE,0,0,0,3,1,22,8.74,0.3333333333333333,Stratum 3
1996,3,84,ATL,Shannon Brown,DT,NA,FALSE,0,0,0,NA,0,NA,9.95,NA,Stratum 4
1996,3,85,PHI,Bobby Hoying,QB,23,FALSE,0,0,1,5,3,22,9.66,0.6,Stratum 4
1996,3,89,SFO,Terrell Owens,WR,22,TRUE,5,6,13,15,121,219,7.91,8.066666666666666,Stratum 2
1996,3,94,DAL,Stepfret Williams,WR,23,FALSE,0,0,0,3,3,26,4.83,1,Stratum 1
1997,1,2,OAK,Darrell Russell,DT,21,FALSE,1,2,5,7,44,83,9.81,6.285714285714286,Stratum 4
1997,1,6,SEA,Walter Jones,OT,23,TRUE,4,9,12,12,98,180,8.55,8.166666666666666,Stratum 3
1997,1,8,NYJ,James Farrior,LB,22,FALSE,1,2,12,15,95,230,7.34,6.333333333333333,Stratum 2
1997,1,13,KAN,Tony Gonzalez,TE,21,TRUE,6,14,16,17,95,270,8.12,5.588235294117647,Stratum 2
1997,1,15,MIA,Yatil Green,WR,23,FALSE,0,0,0,3,2,8,9.88,0.6666666666666666,Stratum 4
1997,1,17,WAS,Kenard Lang,DE,22,FALSE,0,0,8,10,51,153,7.22,5.1,Stratum 2
1997,1,18,TEN,Kenny Holmes,DE,23,FALSE,0,0,5,7,40,98,9.55,5.714285714285714,Stratum 4
1997,1,19,IND,Tarik Glenn,OT,21,FALSE,0,3,10,10,87,154,1.48,8.7,Stratum 1
1997,1,20,MIN,Dwayne Rudd,LB,21,FALSE,0,0,5,7,40,109,9.73,5.714285714285714,Stratum 4
1997,1,21,JAX,Renaldo Wynn,DE,23,FALSE,0,0,9,13,55,182,9.42,4.230769230769231,Stratum 4
1997,1,23,BUF,Antowain Smith,RB,25,FALSE,0,0,4,9,48,131,9.79,5.333333333333333,Stratum 4
1997,1,26,SFO,Jim Druckenmiller,QB,24,FALSE,0,0,0,2,1,6,8.32,0.5,Stratum 3
1997,1,28,DEN,Trevor Pryce,DT,22,FALSE,1,4,9,14,80,187,7.95,5.714285714285714,Stratum 2
1997,2,31,NYJ,Rick Terry,DT,23,FALSE,0,0,0,3,4,29,4.62,1.3333333333333333,Stratum 1
1997,2,34,BAL,Jamie Sharper,LB,22,FALSE,0,0,9,9,60,136,9.41,6.666666666666667,Stratum 4
1997,2,35,DET,Juan Roque,OT,23,FALSE,0,0,0,3,3,17,4.45,1,Stratum 1
1997,2,36,NYG,Tiki Barber,RB,22,FALSE,1,3,7,10,103,154,8.7,10.3,Stratum 3
1997,2,38,CHI,John Allred,TE,22,FALSE,0,0,0,6,3,53,6.28,0.5,Stratum 2
1997,2,42,ARI,Jake Plummer,QB,22,FALSE,0,1,10,10,77,143,6.46,7.7,Stratum 2
1997,2,47,KAN,Kevin Lockett,WR,22,FALSE,0,0,0,7,15,86,9.28,2.142857142857143,Stratum 3
1997,2,48,IND,Adam Meadows,OT,23,FALSE,0,0,6,10,51,106,9.88,5.1,Stratum 4
1997,2,51,WAS,Greg Jones,LB,23,FALSE,0,0,1,6,16,82,9.34,2.6666666666666665,Stratum 3
1997,2,51,WAS,Greg Jones,LB,23,FALSE,0,0,1,6,16,82,3.87,2.6666666666666665,Stratum 1
1997,2,52,BUF,Marcellus Wiley,DE,22,FALSE,0,1,5,10,42,147,9.82,4.2,Stratum 4
1997,2,53,PIT,Will Blackwell,WR,22,FALSE,0,0,0,5,8,47,7.11,1.6,Stratum 2
1997,2,55,SFO,Marc Edwards,FB,22,FALSE,0,0,7,9,14,132,8.85,1.5555555555555556,Stratum 3
1997,2,59,NWE,Brandon Mitchell,DE,22,FALSE,0,0,3,8,22,96,8.16,2.75,Stratum 2
1997,3,61,NWE,Sedrick Shaw,RB,23,FALSE,0,0,0,3,2,18,3.17,0.6666666666666666,Stratum 1
1997,3,62,NOR,Troy Davis,RB,21,FALSE,0,0,0,3,4,46,5.88,1.3333333333333333,Stratum 1
1997,3,63,TAM,Frank Middleton,OG,22,FALSE,0,0,6,8,38,109,7.29,4.75,Stratum 2
1997,3,64,BAL,Jay Graham,RB,22,FALSE,0,0,0,6,3,36,9.75,0.5,Stratum 4
1997,3,65,DAL,Dexter Coakley,LB,24,FALSE,0,3,9,10,65,155,8.88,6.5,Stratum 3
1997,3,68,NYG,Ryan Phillips,LB,23,FALSE,0,0,2,5,19,71,9.6,3.8,Stratum 4
1997,3,69,CHI,Bob Sapp,OG,23,FALSE,0,0,0,1,0,1,9.88,0,Stratum 4
1997,3,73,MIA,Jason Taylor,DE,23,TRUE,3,6,12,15,118,233,9.51,7.866666666666666,Stratum 4
1997,3,74,SDG,Michael Hamilton,LB,23,FALSE,0,0,0,4,3,37,3.99,0.75,Stratum 1
1997,3,76,CIN,Rod Payne,OC,23,FALSE,0,0,0,2,0,6,2.15,0,Stratum 1
1997,3,77,SFO,Greg Clark,TE,25,FALSE,0,0,3,4,9,55,8.01,2.25,Stratum 2
1997,3,79,JAX,James Hamilton,LB,23,FALSE,0,0,0,2,1,16,7.23,0.5,Stratum 2
1997,3,81,TEN,Scott Sanderson,OT,23,FALSE,0,0,0,7,7,45,4.34,1,Stratum 1
1997,3,83,DAL,Steve Scifres,OG,25,FALSE,0,0,0,2,0,7,8.35,0,Stratum 3
1997,3,85,OAK,Tim Kohn,OT,NA,FALSE,0,0,0,NA,0,NA,9.38,NA,Stratum 3
1997,3,87,CAR,Kinnon Tatum,LB,22,FALSE,0,0,0,2,2,31,7.39,1,Stratum 2
1997,3,88,NYJ,Dedric Ward,WR,22,FALSE,0,0,1,8,20,103,4.52,2.5,Stratum 1
1997,3,92,MIA,Derrick Rodgers,LB,25,FALSE,0,0,8,8,43,116,5.61,5.375,Stratum 1
1997,3,96,MIA,Brent Smith,OG,23,FALSE,0,0,1,8,16,57,9.59,2,Stratum 4
1998,1,3,ARI,Andre Wadsworth,DE,23,FALSE,0,0,2,3,12,36,9.58,4,Stratum 4
1998,1,7,NOR,Kyle Turley,OT,22,FALSE,1,0,6,10,52,109,9.96,5.2,Stratum 4
1998,1,8,DAL,Greg Ellis,DE,23,FALSE,0,1,12,12,68,176,8.92,5.666666666666667,Stratum 3
1998,1,13,CIN,Takeo Spikes,LB,21,FALSE,1,2,14,15,83,219,8.07,5.533333333333333,Stratum 2
1998,1,15,SEA,Anthony Simmons,LB,22,FALSE,0,0,4,7,34,87,8.84,4.857142857142857,Stratum 3
1998,1,17,CIN,Brian Simmons,LB,23,FALSE,0,0,8,10,42,137,8.89,4.2,Stratum 3
1998,1,21,MIN,Randy Moss,WR,21,TRUE,4,6,12,15,124,218,9.67,8.266666666666667,Stratum 4
1998,1,26,PIT,Alan Faneca,OG,21,TRUE,6,9,13,13,108,206,3.12,8.307692307692308,Stratum 1
1998,1,29,MIA,John Avery,RB,22,FALSE,0,0,0,6,4,29,8.9,0.6666666666666666,Stratum 3
1998,2,31,OAK,Leon Bender,DT,NA,FALSE,0,0,0,NA,0,NA,5.39,NA,Stratum 1
1998,2,36,ARI,Anthony Clement,OT,22,FALSE,0,0,6,10,39,128,3.56,3.9,Stratum 1
1998,2,37,STL,Robert Holcombe,RB,22,FALSE,0,0,3,7,14,97,9.55,2,Stratum 4
1998,2,39,BUF,Sam Cowart,LB,23,FALSE,0,1,6,8,44,100,3.59,5.5,Stratum 1
1998,2,47,SEA,Todd Weiner,OT,22,FALSE,0,0,7,11,47,152,9.64,4.2727272727272725,Stratum 4
1998,2,48,WAS,Stephen Alexander,TE,22,FALSE,0,1,6,9,20,118,9.85,2.2222222222222223,Stratum 4
1998,2,49,MIA,Kenny Mixon,DE,23,FALSE,0,0,6,7,37,105,4.58,5.285714285714286,Stratum 1
1998,2,52,NWE,Tony Simmons,WR,23,FALSE,0,0,0,5,8,49,10,1.6,Stratum 4
1998,2,55,NYG,Joe Jurevicius,WR,23,FALSE,0,0,3,10,31,133,4.03,3.1,Stratum 1
1998,2,56,NYJ,Dorian Boose,DE,24,FALSE,0,0,0,4,5,44,9.13,1.25,Stratum 3
1998,2,58,SFO,Jeremy Newberry,OC,22,FALSE,0,2,7,11,52,120,5.91,4.7272727272727275,Stratum 1
1998,2,60,DET,Charlie Batch,QB,23,FALSE,0,0,4,15,34,81,8.32,2.2666666666666666,Stratum 3
1998,3,63,OAK,Jon Ritchie,FB,24,FALSE,0,0,5,7,11,94,9.89,1.5714285714285714,Stratum 4
1998,3,64,CHI,Olin Kreutz,OC,21,FALSE,1,6,11,14,73,195,8.35,5.214285714285714,Stratum 3
1998,3,68,BUF,Robert Hicks,OT,23,FALSE,0,0,1,3,13,37,1.47,4.333333333333333,Stratum 1
1998,3,70,NYG,Brian Alford,WR,23,FALSE,0,0,0,2,0,4,9.85,0,Stratum 4
1998,3,72,PHI,Jeremiah Trotter,LB,21,FALSE,1,4,9,12,71,147,9.3,5.916666666666667,Stratum 3
1998,3,74,ATL,Jammi German,WR,24,FALSE,0,0,0,4,3,35,9.16,0.75,Stratum 3
1998,3,76,SEA,Ahman Green,RB,21,FALSE,0,4,6,12,83,148,9.74,6.916666666666667,Stratum 4
1998,3,78,CIN,Mike Goff,OG,22,FALSE,0,0,9,12,62,171,9.84,5.166666666666667,Stratum 4
1998,3,89,SFO,Chris Ruhman,OT,23,FALSE,0,0,0,2,2,11,2.81,1,Stratum 1
1998,3,90,GNB,Jonathan Brown,DE,22,FALSE,0,0,0,4,0,7,5.33,0,Stratum 1
1998,3,92,PIT,Hines Ward,WR,22,FALSE,0,4,13,14,88,217,6.15,6.285714285714286,Stratum 1
1999,1,1,CLE,Tim Couch,QB,22,FALSE,0,0,3,5,30,62,7.4,6,Stratum 2
1999,1,2,PHI,Donovan McNabb,QB,22,FALSE,0,6,11,13,107,167,9.39,8.23076923076923,Stratum 3
1999,1,3,CIN,Akili Smith,QB,24,FALSE,0,0,1,4,2,22,9.95,0.5,Stratum 4
1999,1,4,IND,Edgerrin James,RB,21,TRUE,1,4,9,11,113,148,10,10.272727272727273,Stratum 4
1999,1,5,NOR,Ricky Williams,RB,22,FALSE,1,1,5,13,77,147,9.73,5.923076923076923,Stratum 4
1999,1,6,STL,Torry Holt,WR,23,FALSE,1,7,11,11,99,173,9.76,9,Stratum 4
1999,1,8,ARI,David Boston,WR,21,FALSE,1,1,3,7,38,75,9.88,5.428571428571429,Stratum 4
1999,1,9,DET,Chris Claiborne,LB,21,FALSE,0,0,7,8,34,105,8.75,4.25,Stratum 3
1999,1,11,MIN,Daunte Culpepper,QB,22,FALSE,0,3,5,11,86,105,10,7.818181818181818,Stratum 4
1999,1,12,CHI,Cade McNown,QB,22,FALSE,0,0,1,2,8,25,9.23,4,Stratum 3
1999,1,13,PIT,Troy Edwards,WR,22,FALSE,0,0,1,7,19,92,7.14,2.7142857142857144,Stratum 2
1999,1,14,KAN,John Tait,OT,24,FALSE,0,0,9,10,51,148,9.9,5.1,Stratum 4
1999,1,15,TAM,Anthony McFarland,DT,21,FALSE,0,0,7,8,43,109,8.96,5.375,Stratum 3
1999,1,16,TEN,Jevon Kearse,DE,23,FALSE,1,3,8,11,68,133,10,6.181818181818182,Stratum 4
1999,1,17,NWE,Damien Woody,OC,21,FALSE,0,1,11,12,59,173,7.08,4.916666666666667,Stratum 2
1999,1,19,NYG,Luke Petitgout,OT,23,FALSE,0,0,8,9,44,117,9.71,4.888888888888889,Stratum 4
1999,1,20,DAL,Ebenezer Ekuban,DE,23,FALSE,0,0,5,10,37,122,9.74,3.7,Stratum 4
1999,1,21,ARI,L.J. Shelton,OT,23,FALSE,0,0,8,10,43,146,7.94,4.3,Stratum 2
1999,1,22,SEA,Lamar King,DE,24,FALSE,0,0,3,5,16,57,8.76,3.2,Stratum 3
1999,1,24,SFO,Reggie McGrew,DT,22,FALSE,0,0,0,4,1,24,9.42,0.25,Stratum 4
1999,1,27,DET,Aaron Gibson,OT,21,FALSE,0,0,2,6,14,38,9.39,2.3333333333333335,Stratum 3
1999,1,28,NWE,Andy Katzenmoyer,LB,21,FALSE,0,0,1,2,8,24,10,4,Stratum 4
1999,1,30,ATL,Patrick Kerney,DE,22,FALSE,1,2,9,11,67,159,8.8,6.090909090909091,Stratum 3
1999,1,31,DEN,Al Wilson,LB,22,FALSE,1,5,8,8,67,125,8.79,8.375,Stratum 3
1999,2,32,CLE,Kevin Johnson,WR,23,FALSE,0,0,4,7,33,101,9.84,4.714285714285714,Stratum 4
1999,2,34,CAR,Chris Terry,OT,24,FALSE,0,0,7,9,36,100,9.81,4,Stratum 4
1999,2,35,PHI,Barry Gardner,LB,22,FALSE,0,0,1,7,18,110,8.55,2.5714285714285716,Stratum 3
1999,2,36,IND,Mike Peterson,LB,23,FALSE,0,0,11,14,73,198,9.67,5.214285714285714,Stratum 4
1999,2,37,WAS,Jon Jansen,OT,23,FALSE,0,0,8,11,55,137,8.84,5,Stratum 3
1999,2,38,CAR,Mike Rucker,DE,24,FALSE,0,1,7,9,54,139,8.58,6,Stratum 3
1999,2,39,MIA,J.J. Johnson,RB,25,FALSE,0,0,0,3,7,36,8.08,2.3333333333333335,Stratum 2
1999,2,40,OAK,Tony Bryant,DE,23,FALSE,0,0,3,7,22,82,6.35,3.142857142857143,Stratum 2
1999,2,42,ATL,Reggie Kelly,TE,22,FALSE,0,0,10,13,12,184,8.89,0.9230769230769231,Stratum 3
1999,2,43,MIA,Rob Konrad,FB,22,FALSE,0,0,5,6,9,82,9.91,1.5,Stratum 4
1999,2,44,MIN,Jim Kleinsasser,TE,22,FALSE,0,0,10,13,14,181,9.47,1.0769230769230769,Stratum 4
1999,2,45,CLE,Rahim Abdullah,LB,23,FALSE,0,0,1,2,6,29,7.77,3,Stratum 2
1999,2,46,NWE,Kevin Faulk,RB,23,FALSE,0,0,4,13,56,161,7.4,4.3076923076923075,Stratum 2
1999,2,48,CHI,Russell Davis,DT,24,FALSE,0,0,5,9,33,114,8.65,3.6666666666666665,Stratum 3
1999,2,49,NYG,Joe Montgomery,RB,23,FALSE,0,0,1,4,2,13,8.22,0.5,Stratum 3
1999,2,50,TAM,Shaun King,QB,22,FALSE,0,0,1,6,19,34,8.93,3.1666666666666665,Stratum 3
1999,2,51,ARI,Johnny Rutledge,LB,22,FALSE,0,0,0,5,2,46,9.49,0.4,Stratum 4
1999,2,52,TEN,John Thornton,DT,22,FALSE,0,0,8,10,51,143,9.69,5.1,Stratum 4
1999,2,52,TEN,John Thornton,DT,22,FALSE,0,0,8,10,51,143,1.29,5.1,Stratum 1
1999,2,53,BUF,Peerless Price,WR,22,FALSE,0,0,6,9,44,123,8.06,4.888888888888889,Stratum 2
1999,2,54,KAN,Mike Cloud,RB,24,FALSE,0,0,0,7,6,78,9.14,0.8571428571428571,Stratum 3
1999,2,56,JAX,Larry Smith,DT,24,FALSE,0,0,0,6,9,64,9.46,1.5,Stratum 4
1999,2,57,NYJ,Randy Thomas,OG,23,FALSE,0,0,9,11,51,143,9.91,4.636363636363637,Stratum 4
1999,2,61,DEN,Lennie Friedman,OG,23,FALSE,0,0,1,9,18,97,7.08,2,Stratum 2
1999,3,64,PHI,Doug Brzezinski,OG,23,FALSE,0,0,1,6,14,73,5.94,2.3333333333333335,Stratum 1
1999,3,69,SDG,Steve Heiden,TE,22,FALSE,0,0,6,11,11,148,9.96,1,Stratum 4
1999,3,70,DET,Jared DeVries,DE,23,FALSE,0,0,3,10,18,120,8.72,1.8,Stratum 3
1999,3,71,CHI,D'Wayne Bates,WR,23,FALSE,0,0,1,5,10,47,8.5,2,Stratum 3
1999,3,72,MIA,Grey Ruegamer,OC,23,FALSE,0,0,1,10,15,124,5.62,1.5,Stratum 1
1999,3,73,PIT,Joey Porter,LB,22,FALSE,1,4,11,13,90,188,9.71,6.923076923076923,Stratum 4
1999,3,74,PIT,Kris Farris,OT,22,FALSE,0,0,0,3,1,3,7.65,0.3333333333333333,Stratum 2
1999,3,77,SEA,Brock Huard,QB,23,FALSE,0,0,0,5,2,8,5.61,0.4,Stratum 1
1999,3,78,CHI,Marty Booker,WR,23,FALSE,0,1,7,11,48,157,9.12,4.363636363636363,Stratum 3
1999,3,79,NYG,Dan Campbell,TE,23,FALSE,0,0,5,10,7,114,10,0.7,Stratum 4
1999,3,82,SEA,Karsten Bailey,WR,22,FALSE,0,0,0,5,1,19,10,0.2,Stratum 4
1999,3,85,DAL,Dat Nguyen,LB,23,FALSE,0,0,4,7,37,90,6.16,5.285714285714286,Stratum 1
1999,3,88,JAX,Anthony Cesario,OG,NA,FALSE,0,0,0,NA,0,NA,7.03,NA,Stratum 2
1999,3,90,NYJ,David Loverne,OG,23,FALSE,0,0,2,6,12,63,6.12,2,Stratum 1
1999,3,92,ATL,Jeff Paulk,FB,23,FALSE,0,0,0,2,0,2,8.88,0,Stratum 3
1999,3,93,DEN,Travis McGriff,WR,23,FALSE,0,0,0,3,1,34,7.5,0.3333333333333333,Stratum 2
1999,3,94,GNB,Cletidus Hunt,DT,23,FALSE,0,0,4,6,28,85,7.26,4.666666666666667,Stratum 2
1999,3,95,PIT,Amos Zereoue,RB,22,FALSE,0,0,0,7,22,84,8.31,3.142857142857143,Stratum 3
2000,1,9,CHI,Brian Urlacher,LB,22,TRUE,4,8,12,13,119,182,10,9.153846153846153,Stratum 4
2000,1,18,NYJ,Chad Pennington,QB,24,FALSE,0,0,5,11,55,89,9.91,5,Stratum 4
2000,1,21,KAN,Sylvester Morris,WR,22,FALSE,0,0,1,1,6,15,8.72,6,Stratum 3
2000,1,25,MIN,Chris Hovan,DT,22,FALSE,0,0,10,10,56,156,9.75,5.6,Stratum 4
2000,1,26,BUF,Erik Flowers,DE,22,FALSE,0,0,0,5,6,58,9.86,1.2,Stratum 4
2000,1,27,NYJ,Anthony Becht,TE,23,FALSE,0,0,9,12,12,167,10,1,Stratum 4
2000,1,28,IND,Rob Morris,LB,25,FALSE,0,0,4,8,24,99,8.62,3,Stratum 3
2000,1,29,JAX,R. Jay Soward,WR,22,FALSE,0,0,0,1,2,13,8.85,2,Stratum 3
2000,1,30,TEN,Keith Bulluck,LB,23,FALSE,1,1,9,11,74,170,9.89,6.7272727272727275,Stratum 4
2000,1,31,STL,Trung Canidate,RB,23,FALSE,0,0,1,4,11,46,9.01,2.75,Stratum 3
2000,2,32,CLE,Dennis Northcutt,WR,22,FALSE,0,0,3,10,41,144,9.52,4.1,Stratum 4
2000,2,33,NOR,Darren Howard,DE,23,FALSE,0,0,6,10,42,145,5.16,4.2,Stratum 1
2000,2,35,SFO,John Engelberger,DE,23,FALSE,0,0,5,9,31,139,9.79,3.4444444444444446,Stratum 4
2000,2,37,ATL,Travis Claridge,OG,22,FALSE,0,0,3,4,23,52,8.83,5.75,Stratum 3
2000,2,38,PIT,Marvel Smith,OT,22,FALSE,0,1,7,9,44,111,7.59,4.888888888888889,Stratum 2
2000,2,40,DEN,Ian Gold,LB,22,FALSE,0,1,5,8,39,115,8.67,4.875,Stratum 3
2000,2,42,NYG,Cornelius Griffin,DT,23,FALSE,0,0,9,10,58,146,9.89,5.8,Stratum 4
2000,2,44,GNB,Chad Clifton,OT,24,FALSE,0,2,10,12,72,165,9.76,6,Stratum 4
2000,2,50,DET,Barrett Green,LB,22,FALSE,0,0,4,6,20,65,9.17,3.3333333333333335,Stratum 3
2000,2,51,TAM,Cosey Coleman,OG,21,FALSE,0,0,6,7,35,100,5.33,5,Stratum 1
2000,2,53,MIA,Todd Wade,OT,23,FALSE,0,0,7,8,41,99,9.73,5.125,Stratum 4
2000,2,55,MIN,Fred Robbins,DT,23,FALSE,0,0,10,12,51,180,7.72,4.25,Stratum 2
2000,2,56,MIN,Michael Boireau,DE,NA,FALSE,0,0,0,NA,0,NA,3.74,NA,Stratum 1
2000,2,60,JAX,Brad Meester,OC,23,FALSE,0,0,14,14,74,209,9.7,5.285714285714286,Stratum 4
2000,2,61,PHI,Bobbie Williams,OG,23,FALSE,0,0,9,13,55,163,8.08,4.230769230769231,Stratum 2
2000,3,63,CLE,Travis Prentice,RB,23,FALSE,0,0,1,2,4,30,8.85,2,Stratum 3
2000,3,65,SFO,Giovanni Carmazzi,QB,NA,FALSE,0,0,0,NA,0,NA,9.76,NA,Stratum 4
2000,3,67,ATL,Mark Simoneau,LB,23,FALSE,0,0,4,11,29,124,9.53,2.6363636363636362,Stratum 4
2000,3,69,CHI,Dez White,WR,21,FALSE,0,0,4,6,18,82,9.98,3,Stratum 4
2000,3,70,DEN,Chris Cole,WR,22,FALSE,0,0,0,4,1,35,9.94,0.25,Stratum 4
2000,3,72,PIT,Kendrick Clancy,DT,21,FALSE,0,0,3,10,24,109,3.81,2.4,Stratum 1
2000,3,74,GNB,Steve Warren,DT,22,FALSE,0,0,0,3,2,25,8.54,0.6666666666666666,Stratum 3
2000,3,75,BAL,Chris Redman,QB,23,FALSE,0,0,0,12,9,30,0.47,0.75,Stratum 1
2000,3,78,NYJ,Laveranues Coles,WR,22,FALSE,0,1,9,10,68,153,7.9,6.8,Stratum 2
2000,3,79,CLE,JaJuan Dawson,WR,22,FALSE,0,0,0,3,5,30,9.68,1.6666666666666667,Stratum 4
2000,3,81,DET,Reuben Droughns,RB,22,FALSE,0,0,3,9,27,114,4.88,3,Stratum 1
2000,3,82,CAR,Leander Jordan,OT,22,FALSE,0,0,1,6,9,37,5.76,1.5,Stratum 1
2000,3,83,SDG,Damion McIntosh,OT,23,FALSE,0,0,8,10,38,125,5.61,3.8,Stratum 1
2000,3,86,SFO,Jeff Ulbrich,LB,23,FALSE,0,0,4,10,31,120,8.47,3.1,Stratum 3
2000,3,87,CHI,Dustin Lyman,TE,24,FALSE,0,0,1,5,2,55,9.92,0.4,Stratum 4
2000,3,88,MIN,Doug Chapman,RB,23,FALSE,0,0,0,4,3,26,8.79,0.75,Stratum 3
2000,3,89,BUF,Corey Moore,LB,23,FALSE,0,0,0,2,3,10,7.22,1.5,Stratum 2
2000,3,92,JAX,T.J. Slaughter,LB,23,FALSE,0,0,3,7,17,78,6.91,2.4285714285714284,Stratum 2
2000,3,93,TEN,Byron Frisch,DE,23,FALSE,0,0,0,3,2,23,9.9,0.6666666666666666,Stratum 4
2001,1,5,SDG,LaDainian Tomlinson,RB,22,TRUE,3,5,10,11,129,170,9.79,11.727272727272727,Stratum 4
2001,1,7,SFO,Andre Carter,DE,22,FALSE,0,1,10,13,59,184,8.8,4.538461538461538,Stratum 3
2001,1,9,SEA,Koren Robinson,WR,21,FALSE,0,1,4,8,35,96,8.92,4.375,Stratum 3
2001,1,13,JAX,Marcus Stroud,DT,23,FALSE,0,3,9,10,67,146,7.96,6.7,Stratum 2
2001,1,14,TAM,Kenyatta Walker,OT,22,FALSE,0,0,5,6,29,75,8.97,4.833333333333333,Stratum 3
2001,1,17,SEA,Steve Hutchinson,OG,23,TRUE,5,7,11,12,94,169,9.96,7.833333333333333,Stratum 4
2001,1,18,DET,Jeff Backus,OT,23,FALSE,0,0,12,12,61,191,7.24,5.083333333333333,Stratum 2
2001,1,23,NOR,Deuce McAllister,RB,22,FALSE,0,2,4,8,55,97,9.97,6.875,Stratum 4
2001,1,25,PHI,Freddie Mitchell,WR,22,FALSE,0,0,1,4,13,63,9.65,3.25,Stratum 4
2001,1,27,MIN,Michael Bennett,RB,23,FALSE,0,1,3,10,34,107,9.17,3.4,Stratum 3
2001,1,31,BAL,Todd Heap,TE,21,FALSE,0,2,8,12,43,145,9.42,3.5833333333333335,Stratum 4
2001,2,32,SDG,Drew Brees,QB,22,TRUE,1,13,19,20,167,287,7.74,8.35,Stratum 2
2001,2,34,ARI,Kyle Vanden Bosch,DE,22,FALSE,0,3,9,12,58,152,10,4.833333333333333,Stratum 4
2001,2,35,ATL,Alge Crumpler,TE,23,FALSE,0,4,10,10,41,155,8.27,4.1,Stratum 3
2001,2,36,CIN,Chad Johnson,WR,23,FALSE,2,6,9,11,85,166,5.85,7.7272727272727275,Stratum 1
2001,2,38,CHI,Anthony Thomas,RB,23,FALSE,0,0,3,7,27,86,6.69,3.857142857142857,Stratum 2
2001,2,39,PIT,Kendrell Bell,LB,23,FALSE,0,1,5,7,40,90,9.02,5.714285714285714,Stratum 3
2001,2,41,GNB,Robert Ferguson,WR,21,FALSE,0,0,3,8,18,83,9.78,2.25,Stratum 4
2001,2,44,CAR,Kris Jenkins,DT,22,FALSE,2,4,6,10,68,108,9.08,6.8,Stratum 3
2001,2,46,BUF,Aaron Schobel,DE,24,FALSE,0,2,8,9,62,133,9.48,6.888888888888889,Stratum 4
2001,2,48,NWE,Matt Light,OT,23,FALSE,1,3,10,11,89,155,8.53,8.090909090909092,Stratum 3
2001,2,50,DET,Dominic Raiola,OC,22,FALSE,0,0,13,14,64,219,9.86,4.571428571428571,Stratum 4
2001,2,51,DEN,Paul Toviessi,DE,NA,FALSE,0,0,0,NA,0,NA,9.84,NA,Stratum 4
2001,2,53,DAL,Quincy Carter,QB,23,FALSE,0,0,2,4,16,38,9.91,4,Stratum 4
2001,2,55,PHI,Quinton Caver,LB,23,FALSE,0,0,0,5,5,53,8.29,1,Stratum 3
2001,2,58,BUF,Travis Henry,RB,22,FALSE,0,1,4,7,41,90,7.99,5.857142857142857,Stratum 2
2001,2,59,OAK,Marques Tuiasosopo,QB,22,FALSE,0,0,0,8,1,13,8.98,0.125,Stratum 3
2001,3,63,PHI,Derrick Burgess,DE,23,FALSE,0,2,4,10,40,102,7.53,4,Stratum 2
2001,3,65,CLE,James Jackson,RB,25,FALSE,0,0,1,5,9,52,8.02,1.8,Stratum 2
2001,3,66,CIN,Sean Brewer,TE,23,FALSE,0,0,0,3,0,12,8.77,0,Stratum 3
2001,3,70,NOR,Sedrick Hodge,LB,22,FALSE,0,0,3,5,17,63,9.96,3.4,Stratum 4
2001,3,73,JAX,Eric Westmoreland,LB,24,FALSE,0,0,0,4,5,44,8.35,1.25,Stratum 3
2001,3,75,KAN,Eric Downing,DT,22,FALSE,0,0,1,4,7,45,7.18,1.75,Stratum 2
2001,3,77,KAN,Snoop Minnis,WR,24,FALSE,0,0,1,2,5,15,7.98,2.5,Stratum 2
2001,3,79,NYJ,Kareem McKenzie,OT,22,FALSE,0,0,10,11,62,161,8.82,5.636363636363637,Stratum 3
2001,3,80,SFO,Kevan Barlow,RB,22,FALSE,0,0,2,6,36,84,9.22,6,Stratum 3
2001,3,81,NOR,Kenny Smith,DT,23,FALSE,0,0,1,9,7,36,4.42,0.7777777777777778,Stratum 1
2001,3,82,SEA,Heath Evans,FB,22,FALSE,0,0,0,10,8,143,9.58,0.8,Stratum 4
2001,3,85,MIA,Travis Minor,RB,22,FALSE,0,0,0,8,10,118,5.91,1.25,Stratum 1
2001,3,87,DEN,Reggie Hayward,DE,22,FALSE,0,0,3,9,32,92,8.08,3.5555555555555554,Stratum 2
2001,3,88,MIA,Morlon Greenwood,LB,23,FALSE,0,0,8,8,39,125,7,4.875,Stratum 2
2001,3,90,TEN,Shad Meier,TE,23,FALSE,0,0,0,5,3,53,9.62,0.6,Stratum 4
2001,3,92,BAL,Casey Rabach,OC,23,FALSE,0,0,7,10,44,137,8.3,4.4,Stratum 3
2001,3,95,BUF,Jonas Jennings,OT,23,FALSE,0,0,5,8,29,75,7.29,3.625,Stratum 2
2002,1,1,HOU,David Carr,QB,23,FALSE,0,0,5,11,45,94,9.66,4.090909090909091,Stratum 4
2002,1,3,DET,Joey Harrington,QB,23,FALSE,0,0,6,6,31,81,9.08,5.166666666666667,Stratum 3
2002,1,9,JAX,John Henderson,DT,23,FALSE,0,2,8,10,64,146,8.44,6.4,Stratum 3
2002,1,10,CIN,Levi Jones,OT,23,FALSE,0,0,7,8,42,103,9.2,5.25,Stratum 3
2002,1,16,CLE,William Green,RB,22,FALSE,0,0,3,4,14,46,9.54,3.5,Stratum 4
2002,1,18,ATL,T.J. Duckett,RB,21,FALSE,0,0,1,7,22,93,9.93,3.142857142857143,Stratum 4
2002,1,20,GNB,Javon Walker,WR,23,FALSE,0,1,3,8,40,83,10,5,Stratum 4
2002,1,22,NYJ,Bryan Thomas,DE,23,FALSE,0,0,7,11,49,157,9.91,4.454545454545454,Stratum 4
2002,1,23,OAK,Napoleon Harris,LB,23,FALSE,0,0,6,7,33,100,9.52,4.714285714285714,Stratum 4
2002,1,25,NOR,Charles Grant,DE,24,FALSE,0,0,7,8,46,118,6.65,5.75,Stratum 2
2002,1,29,CHI,Marc Colombo,OT,23,FALSE,0,0,6,10,42,111,9.57,4.2,Stratum 4
2002,1,30,PIT,Kendall Simmons,OG,23,FALSE,0,0,5,8,35,84,6.56,4.375,Stratum 2
2002,1,31,STL,Robert Thomas,LB,22,FALSE,0,0,5,7,21,84,8.8,3,Stratum 3
2002,1,32,WAS,Patrick Ramsey,QB,23,FALSE,0,0,1,7,14,37,9.33,2,Stratum 3
2002,2,34,CAR,DeShaun Foster,RB,22,FALSE,0,0,3,7,32,79,9.15,4.571428571428571,Stratum 3
2002,2,38,MIN,Raonall Smith,LB,23,FALSE,0,0,0,6,6,50,10,1,Stratum 4
2002,2,39,SDG,Toniu Fonoti,OG,20,FALSE,0,0,2,5,17,40,5.28,3.4,Stratum 1
2002,2,40,JAX,Mike Pearson,OT,22,FALSE,0,0,2,4,17,40,9.49,4.25,Stratum 4
2002,2,42,IND,Larry Tripplett,DT,23,FALSE,0,0,4,6,27,92,8.73,4.5,Stratum 3
2002,2,46,NYG,Tim Carter,WR,22,FALSE,0,0,0,8,10,71,9.93,1.25,Stratum 4
2002,2,48,SDG,Reche Caldwell,WR,23,FALSE,0,0,1,6,20,71,9.51,3.3333333333333335,Stratum 4
2002,2,49,ARI,Levar Fisher,LB,23,FALSE,0,0,1,2,6,23,5.95,3,Stratum 1
2002,2,50,HOU,Chester Pitts,OT,23,FALSE,0,0,7,9,43,121,8.55,4.777777777777778,Stratum 3
2002,2,53,OAK,Langston Walker,OT,23,FALSE,0,0,4,9,31,120,8.18,3.4444444444444446,Stratum 2
2002,2,54,SEA,Maurice Morris,RB,22,FALSE,0,0,1,10,27,145,9.66,2.7,Stratum 4
2002,2,55,OAK,Doug Jolley,TE,23,FALSE,0,0,2,5,11,74,9.71,2.2,Stratum 4
2002,2,56,WAS,Ladell Betts,RB,23,FALSE,0,0,1,9,31,111,9.32,3.4444444444444446,Stratum 3
2002,2,60,SEA,Anton Palepoi,DE,24,FALSE,0,0,0,4,4,35,8.69,1,Stratum 3
2002,2,61,BUF,Ryan Denney,DE,25,FALSE,0,0,2,9,23,113,9.33,2.5555555555555554,Stratum 3
2002,2,63,DAL,Antonio Bryant,WR,21,FALSE,0,0,6,8,38,106,7,4.75,Stratum 2
2002,2,65,NWE,Deion Branch,WR,23,FALSE,0,0,7,11,52,140,9.43,4.7272727272727275,Stratum 4
2002,3,71,SDG,Ben Leber,LB,23,FALSE,0,0,8,10,46,143,9.31,4.6,Stratum 3
2002,3,73,CAR,Will Witherspoon,LB,22,FALSE,0,0,8,12,59,189,8.98,4.916666666666667,Stratum 3
2002,3,76,CLE,Melvin Fowler,OC,23,FALSE,0,0,4,7,25,87,5.62,3.5714285714285716,Stratum 1
2002,3,81,ARI,Josh McCown,QB,23,FALSE,0,0,5,18,40,102,9.96,2.2222222222222223,Stratum 4
2002,3,82,NOR,James Allen,LB,22,FALSE,0,0,1,4,9,48,9.27,2.25,Stratum 3
2002,3,83,HOU,Charles Hill,DT,21,FALSE,0,0,0,1,1,16,9.41,1,Stratum 4
2002,3,84,STL,Lamar Gordon,RB,22,FALSE,0,0,0,5,9,41,8.43,1.8,Stratum 3
2002,3,88,NYJ,Chris Baker,TE,22,FALSE,0,0,5,9,13,131,7.53,1.4444444444444444,Stratum 2
2002,3,89,JAX,Akin Ayodele,LB,22,FALSE,0,0,8,9,48,143,9.29,5.333333333333333,Stratum 3
2002,3,90,MIA,Seth McKinney,OC,23,FALSE,0,0,3,8,21,93,9.93,2.625,Stratum 4
2002,3,91,PHI,Brian Westbrook,RB,23,FALSE,1,2,7,9,69,121,7.94,7.666666666666667,Stratum 2
2002,3,98,ARI,Dennis Johnson,DE,22,FALSE,0,0,1,3,5,29,8.41,1.6666666666666667,Stratum 3
2003,1,3,HOU,Andre Johnson,WR,22,TRUE,2,7,12,14,94,193,9.98,6.714285714285714,Stratum 4
2003,1,8,CAR,Jordan Gross,OT,23,FALSE,1,3,11,11,69,167,9.81,6.2727272727272725,Stratum 4
2003,1,9,MIN,Kevin Williams,DT,23,FALSE,5,6,12,13,102,203,9.44,7.846153846153846,Stratum 4
2003,1,9,MIN,Kevin Williams,DT,23,FALSE,5,6,12,13,102,203,2.74,7.846153846153846,Stratum 1
2003,1,14,CHI,Michael Haynes,DE,22,FALSE,0,0,0,3,8,43,7.39,2.6666666666666665,Stratum 2
2003,1,15,PHI,Jerome McDougle,DE,24,FALSE,0,0,0,6,3,37,8.17,0.5,Stratum 2
2003,1,18,ARI,Calvin Pace,DE,22,FALSE,0,0,10,13,61,187,7.13,4.6923076923076925,Stratum 2
2003,1,19,BAL,Kyle Boller,QB,22,FALSE,0,0,4,9,16,67,9.92,1.7777777777777777,Stratum 4
2003,1,24,IND,Dallas Clark,TE,24,FALSE,1,1,9,11,51,143,9.86,4.636363636363637,Stratum 4
2003,1,26,SFO,Kwame Harris,OT,21,FALSE,0,0,3,6,22,86,9.76,3.6666666666666665,Stratum 4
2003,1,29,GNB,Nick Barnett,LB,22,FALSE,0,0,9,11,60,153,9.35,5.454545454545454,Stratum 3
2003,1,32,OAK,Tyler Brayton,DE,23,FALSE,0,0,6,9,40,141,9.86,4.444444444444445,Stratum 4
2003,2,33,CIN,Eric Steinbach,OG,23,FALSE,0,0,8,8,48,125,10,6,Stratum 4
2003,2,37,NOR,Jon Stinchcomb,OT,24,FALSE,0,1,5,8,45,90,9.84,5.625,Stratum 4
2003,2,43,STL,Pisa Tinoisamoa,LB,22,FALSE,0,0,7,8,35,98,8.03,4.375,Stratum 2
2003,2,45,NWE,Bethel Johnson,WR,24,FALSE,0,0,0,4,8,50,9.83,2,Stratum 4
2003,2,47,KAN,Kawika Mitchell,LB,23,FALSE,0,0,6,8,37,97,9.11,4.625,Stratum 3
2003,2,48,BUF,Chris Kelsay,DE,23,FALSE,0,0,8,10,46,147,9.77,4.6,Stratum 4
2003,2,52,CLE,Chaun Thompson,LB,23,FALSE,0,0,2,7,17,98,9.5,2.4285714285714284,Stratum 4
2003,2,53,NYJ,Victor Hobson,LB,23,FALSE,0,0,4,6,26,79,5.9,4.333333333333333,Stratum 1
2003,2,54,ARI,Anquan Boldin,WR,22,FALSE,0,3,14,14,86,202,3.36,6.142857142857143,Stratum 1
2003,2,57,SFO,Anthony Adams,DT,23,FALSE,0,0,4,9,33,121,6.9,3.6666666666666665,Stratum 2
2003,2,60,TEN,Tyrone Calico,WR,22,FALSE,0,0,0,3,5,27,9.71,1.6666666666666667,Stratum 4
2003,2,61,PHI,L.J. Smith,TE,23,FALSE,0,0,4,7,21,98,9.76,3,Stratum 4
2003,2,64,TAM,Dewayne White,DE,23,FALSE,0,0,2,7,24,96,8.6,3.4285714285714284,Stratum 3
2003,3,67,HOU,Antwan Peek,LB,23,FALSE,0,0,1,5,12,65,9.7,2.4,Stratum 4
2003,3,68,CHI,Lance Briggs,LB,22,FALSE,1,7,12,12,98,173,7.05,8.166666666666666,Stratum 2
2003,3,69,DAL,Jason Witten,TE,21,FALSE,2,11,16,18,80,271,9.62,4.444444444444445,Stratum 4
2003,3,70,ARI,Gerald Hayes,LB,22,FALSE,0,0,4,8,27,94,1.77,3.375,Stratum 1
2003,3,71,MIN,Nate Burleson,WR,22,FALSE,0,0,9,11,45,135,9.34,4.090909090909091,Stratum 3
2003,3,72,JAX,Vince Manuwai,OG,23,FALSE,0,0,7,8,49,111,9.58,6.125,Stratum 4
2003,3,73,SEA,Wayne Hunter,OT,22,FALSE,0,0,1,10,13,77,9.73,1.3,Stratum 4
2003,3,74,STL,Kevin Curtis,WR,25,FALSE,0,0,3,8,25,81,9.63,3.125,Stratum 4
2003,3,75,HOU,Seth Wand,OT,24,FALSE,0,0,1,6,10,53,9.89,1.6666666666666667,Stratum 4
2003,3,78,MIA,Wade Smith,OT,22,FALSE,0,1,6,12,43,143,9.07,3.5833333333333335,Stratum 3
2003,3,87,MIA,Taylor Whitley,OG,23,FALSE,0,0,1,3,4,18,9.61,1.3333333333333333,Stratum 4
2003,3,88,HOU,Dave Ragone,QB,23,FALSE,0,0,0,1,1,2,4.74,1,Stratum 1
2003,3,89,SFO,Andrew Williams,DE,24,FALSE,0,0,0,2,1,9,7.45,0.5,Stratum 2
2003,3,91,NYG,Visanthe Shiancoe,TE,23,FALSE,0,0,5,11,23,149,9.73,2.090909090909091,Stratum 4
2003,3,94,BUF,Angelo Crowell,LB,22,FALSE,0,0,3,5,18,65,7.66,3.6,Stratum 2
2003,3,97,TAM,Chris Simms,QB,23,FALSE,0,0,1,7,8,23,7.39,1.1428571428571428,Stratum 2
2004,1,2,OAK,Robert Gallery,OT,24,FALSE,0,0,7,8,38,104,10,4.75,Stratum 4
2004,1,9,JAX,Reggie Williams,WR,21,FALSE,0,0,3,5,23,79,8.59,4.6,Stratum 3
2004,1,12,NYJ,Jonathan Vilma,LB,22,FALSE,0,3,8,10,56,125,8.87,5.6,Stratum 3
2004,1,13,BUF,Lee Evans,WR,23,FALSE,0,0,7,8,47,118,8.81,5.875,Stratum 3
2004,1,14,CHI,Tommie Harris,DT,21,FALSE,0,3,6,8,56,117,9.45,7,Stratum 4
2004,1,15,TAM,Michael Clayton,WR,21,FALSE,0,0,5,8,22,95,7.46,2.75,Stratum 2
2004,1,16,PHI,Shawn Andrews,OG,21,FALSE,1,2,3,7,35,63,2.55,5,Stratum 1
2004,1,17,DEN,D.J. Williams,LB,22,FALSE,0,0,9,11,48,145,9.63,4.363636363636363,Stratum 4
2004,1,18,NOR,Will Smith,DE,23,FALSE,0,1,7,9,52,139,9.25,5.777777777777778,Stratum 3
2004,1,21,NWE,Vince Wilfork,DT,22,FALSE,1,5,11,13,90,189,6.76,6.923076923076923,Stratum 2
2004,1,22,BUF,J.P. Losman,QB,23,FALSE,0,0,1,8,19,45,9.81,2.375,Stratum 4
2004,1,24,STL,Steven Jackson,RB,21,FALSE,0,3,10,12,75,160,9.55,6.25,Stratum 4
2004,1,26,CIN,Chris Perry,RB,22,FALSE,0,0,0,5,9,35,9.53,1.8,Stratum 4
2004,1,29,ATL,Michael Jenkins,WR,22,FALSE,0,0,6,9,39,130,9.52,4.333333333333333,Stratum 4
2004,1,30,DET,Kevin Jones,RB,22,FALSE,0,0,4,5,27,64,9.37,5.4,Stratum 3
2004,1,31,SFO,Rashaun Woods,WR,23,FALSE,0,0,0,1,1,14,9.55,1,Stratum 4
2004,2,33,ARI,Karlos Dansby,LB,22,FALSE,0,0,13,14,81,212,7.11,5.785714285714286,Stratum 2
2004,2,34,NYG,Chris Snee,OG,22,FALSE,1,4,9,10,75,141,9.6,7.5,Stratum 4
2004,2,36,KAN,Junior Siavii,DT,25,FALSE,0,0,0,7,6,56,4.34,0.8571428571428571,Stratum 1
2004,2,37,DET,Teddy Lehman,LB,22,FALSE,0,0,1,5,9,45,9.25,1.8,Stratum 3
2004,2,40,TEN,Ben Troupe,TE,22,FALSE,0,0,2,5,8,57,9.61,1.6,Stratum 4
2004,2,41,DEN,Tatum Bell,RB,23,FALSE,0,0,1,5,22,54,9.75,4.4,Stratum 4
2004,2,42,TEN,Travis LaBoy,DE,23,FALSE,0,0,3,8,21,95,9.87,2.625,Stratum 4
2004,2,43,DAL,Julius Jones,RB,23,FALSE,0,0,6,7,38,94,9.35,5.428571428571429,Stratum 3
2004,2,45,OAK,Jake Grove,OC,24,FALSE,0,0,4,6,20,66,9.29,3.3333333333333335,Stratum 3
2004,2,46,SFO,Justin Smiley,OG,22,FALSE,0,0,5,7,30,88,9.11,4.285714285714286,Stratum 3
2004,2,47,CHI,Tank Johnson,DT,22,FALSE,0,0,2,7,22,91,9.91,3.142857142857143,Stratum 4
2004,2,48,MIN,Dontarrious Thomas,LB,24,FALSE,0,0,0,5,8,63,9.93,1.6,Stratum 4
2004,2,51,BAL,Dwan Edwards,DT,23,FALSE,0,0,5,12,32,136,5.66,2.6666666666666665,Stratum 1
2004,2,57,TEN,Antwan Odom,DE,22,FALSE,0,0,4,7,24,74,9.49,3.4285714285714284,Stratum 4
2004,2,60,NOR,Courtney Watson,LB,23,FALSE,0,0,1,2,7,21,8.47,3.5,Stratum 3
2004,2,61,KAN,Kris Wilson,TE,23,FALSE,0,0,2,8,3,97,9.42,0.375,Stratum 4
2004,3,64,ARI,Darnell Dockett,DT,23,FALSE,0,3,10,10,69,158,8.5,6.9,Stratum 3
2004,3,66,SDG,Nick Hardwick,OC,23,FALSE,0,1,9,11,67,136,9.17,6.090909090909091,Stratum 3
2004,3,68,IND,Ben Hartsock,TE,24,FALSE,0,0,2,10,2,131,9.35,0.2,Stratum 3
2004,3,71,TEN,Randy Starks,DT,20,FALSE,0,2,8,12,61,186,8.24,5.083333333333333,Stratum 3
2004,3,72,GNB,Donnell Washington,DT,NA,FALSE,0,0,0,NA,0,NA,9.1,NA,Stratum 3
2004,3,74,BUF,Tim Anderson,DT,23,FALSE,0,0,1,4,7,43,9.88,1.75,Stratum 4
2004,3,75,PIT,Max Starks,OT,22,FALSE,0,0,6,10,44,125,6.94,4.4,Stratum 2
2004,3,78,CHI,Bernard Berrian,WR,23,FALSE,0,0,5,8,32,109,5.81,4,Stratum 1
2004,3,79,TAM,Marquis Cooper,LB,22,FALSE,0,0,0,5,2,42,9.55,0.4,Stratum 4
2004,3,80,CIN,Caleb Miller,LB,24,FALSE,0,0,0,4,8,39,9.23,2,Stratum 3
2004,3,81,WAS,Chris Cooley,TE,22,FALSE,0,2,6,9,34,117,8.77,3.7777777777777777,Stratum 3
2004,3,82,BAL,Devard Darling,WR,22,FALSE,0,0,1,5,4,46,8.04,0.8,Stratum 2
2004,3,83,DAL,Stephen Peterman,OG,22,FALSE,0,0,6,9,34,90,2.62,3.7777777777777777,Stratum 1
2004,3,86,JAX,Jorge Cordova,LB,22,FALSE,0,0,0,4,1,17,8.4,0.25,Stratum 3
2004,3,88,MIN,Darrion Scott,DE,22,FALSE,0,0,2,8,15,57,8.91,1.875,Stratum 3
2004,3,90,ATL,Matt Schaub,QB,23,FALSE,0,2,7,17,68,155,4.62,4,Stratum 1
2004,3,94,CAR,Travelle Wharton,OT,23,FALSE,0,0,8,10,45,115,8.56,4.5,Stratum 3
2004,3,96,CIN,Landon Johnson,LB,23,FALSE,0,0,5,7,28,101,8.82,4,Stratum 3
2005,1,1,SFO,Alex Smith,QB,21,FALSE,0,3,14,16,98,174,9.4,6.125,Stratum 4
2005,1,2,MIA,Ronnie Brown,RB,23,FALSE,0,1,6,10,41,132,9.38,4.1,Stratum 3
2005,1,3,CLE,Braylon Edwards,WR,22,FALSE,0,1,5,8,41,112,9.94,5.125,Stratum 4
2005,1,4,CHI,Cedric Benson,RB,22,FALSE,0,0,6,8,36,96,5.1,4.5,Stratum 1
2005,1,5,TAM,Cadillac Williams,RB,23,FALSE,0,0,4,7,28,81,9.09,4,Stratum 3
2005,1,7,MIN,Troy Williamson,WR,22,FALSE,0,0,1,5,8,49,9.65,1.6,Stratum 4
2005,1,10,DET,Mike Williams,WR,21,FALSE,0,0,2,7,12,56,8.66,1.7142857142857142,Stratum 3
2005,1,10,DET,Mike Williams,WR,21,FALSE,0,0,2,7,12,56,7.24,1.7142857142857142,Stratum 2
2005,1,10,DET,Mike Williams,WR,21,FALSE,0,0,2,7,12,56,6.52,1.7142857142857142,Stratum 2
2005,1,10,DET,Mike Williams,WR,21,FALSE,0,0,2,7,12,56,3.89,1.7142857142857142,Stratum 1
2005,1,13,NOR,Jammal Brown,OT,24,FALSE,1,2,6,7,49,85,9.43,7,Stratum 4
2005,1,14,CAR,Thomas Davis,LB,22,FALSE,1,3,12,16,80,199,6.63,5,Stratum 2
2005,1,15,KAN,Derrick Johnson,LB,22,FALSE,1,4,11,14,80,188,9.8,5.714285714285714,Stratum 4
2005,1,16,HOU,Travis Johnson,DT,23,FALSE,0,0,3,6,17,76,9.22,2.8333333333333335,Stratum 3
2005,1,18,MIN,Erasmus James,DE,22,FALSE,0,0,1,4,6,28,8.64,1.5,Stratum 3
2005,1,19,STL,Alex Barron,OT,22,FALSE,0,0,5,6,27,87,9.91,4.5,Stratum 4
2005,1,20,DAL,Marcus Spears,DE,22,FALSE,0,0,6,9,36,124,6.81,4,Stratum 2
2005,1,21,JAX,Matt Jones,WR,22,FALSE,0,0,1,4,22,54,10,5.5,Stratum 4
2005,1,22,BAL,Mark Clayton,WR,23,FALSE,0,0,5,7,28,83,8.57,4,Stratum 3
2005,1,24,GNB,Aaron Rodgers,QB,21,FALSE,4,10,16,21,169,264,7.16,8.047619047619047,Stratum 2
2005,1,26,SEA,Chris Spencer,OC,23,FALSE,0,0,6,10,38,137,7.44,3.8,Stratum 2
2005,1,27,ATL,Roddy White,WR,23,FALSE,1,4,10,11,88,171,9.82,8,Stratum 4
2005,1,31,PHI,Mike Patterson,DT,22,FALSE,0,0,6,10,48,147,7.82,4.8,Stratum 2
2005,1,32,NWE,Logan Mankins,OG,23,FALSE,1,7,11,11,102,161,7.93,9.272727272727273,Stratum 2
2005,2,33,SFO,David Baas,OG,23,FALSE,0,0,6,9,36,122,9.91,4,Stratum 4
2005,2,35,PHI,Reggie Brown,WR,24,FALSE,0,0,3,5,20,72,9.12,4,Stratum 3
2005,2,36,TAM,Barrett Ruud,LB,22,FALSE,0,0,5,8,41,116,7.85,5.125,Stratum 2
2005,2,37,DET,Shaun Cody,DT,22,FALSE,0,0,4,8,28,112,7.57,3.5,Stratum 2
2005,2,39,CHI,Mark Bradley,WR,23,FALSE,0,0,0,5,10,57,9.62,2,Stratum 4
2005,2,41,TEN,Michael Roos,OT,22,FALSE,1,1,9,10,63,148,6.01,6.3,Stratum 1
2005,2,42,DAL,Kevin Burnett,LB,22,FALSE,0,0,4,9,40,136,9.26,4.444444444444445,Stratum 3
2005,2,44,ARI,J.J. Arrington,RB,22,FALSE,0,0,0,4,12,58,9.32,3,Stratum 3
2005,2,45,SEA,Lofa Tatupu,LB,22,FALSE,1,3,5,6,49,84,5.09,8.166666666666666,Stratum 1
2005,2,46,MIA,Matt Roth,DE,22,FALSE,0,0,5,7,27,96,7.28,3.857142857142857,Stratum 2
2005,2,48,CIN,Odell Thurman,LB,22,FALSE,0,0,1,1,7,16,4.25,7,Stratum 1
2005,2,49,MIN,Marcus Johnson,OG,21,FALSE,0,0,1,5,8,53,6.06,1.6,Stratum 1
2005,2,52,JAX,Khalif Barnes,OT,23,FALSE,0,0,7,13,51,154,9.88,3.923076923076923,Stratum 4
2005,2,53,BAL,Dan Cody,DE,23,FALSE,0,0,0,2,0,2,8.07,0,Stratum 2
2005,2,54,CAR,Eric Shelton,RB,22,FALSE,0,0,0,2,0,9,9.43,0,Stratum 4
2005,2,55,BUF,Roscoe Parrish,WR,23,FALSE,0,0,0,8,14,90,7.92,1.75,Stratum 2
2005,2,58,GNB,Terrence Murphy,WR,22,FALSE,0,0,0,1,0,3,9.88,0,Stratum 4
2005,2,61,SDG,Vincent Jackson,WR,22,FALSE,0,3,8,12,77,155,9.97,6.416666666666667,Stratum 4
2005,2,63,PHI,Matt McCoy,LB,22,FALSE,0,0,1,7,9,65,7.79,1.2857142857142858,Stratum 2
2005,2,64,BAL,Adam Terry,OT,23,FALSE,0,0,0,6,9,50,5.52,1.5,Stratum 1
2005,3,65,SFO,Frank Gore,RB,22,FALSE,0,5,14,16,94,241,5.67,5.875,Stratum 1
2005,3,67,CLE,Charlie Frye,QB,24,FALSE,0,0,1,5,8,26,9.15,1.6,Stratum 3
2005,3,68,TEN,Courtney Roby,WR,22,FALSE,0,0,0,10,4,92,9.71,0.4,Stratum 4
2005,3,70,MIA,Channing Crowder,LB,21,FALSE,0,0,6,6,31,82,9.57,5.166666666666667,Stratum 4
2005,3,73,HOU,Vernand Morency,RB,25,FALSE,0,0,0,3,8,39,4.73,2.6666666666666665,Stratum 1
2005,3,74,NYG,Justin Tuck,DE,22,FALSE,1,2,7,11,65,147,9.6,5.909090909090909,Stratum 4
2005,3,77,PHI,Ryan Moats,RB,22,FALSE,0,0,0,5,7,38,7.81,1.4,Stratum 2
2005,3,78,OAK,Kirk Morrison,LB,23,FALSE,0,0,6,8,38,112,6.6,4.75,Stratum 2
2005,3,79,CAR,Evan Mathis,OG,23,FALSE,1,2,6,12,46,134,10,3.8333333333333335,Stratum 4
2005,3,81,STL,Richie Incognito,OG,22,FALSE,0,4,10,16,62,164,9.53,3.875,Stratum 4
2005,3,82,NOR,Alfred Fincher,LB,22,FALSE,0,0,0,4,3,38,4.88,0.75,Stratum 1
2005,3,83,CIN,Chris Henry,WR,22,FALSE,0,0,0,5,16,55,6.97,3.2,Stratum 2
2005,3,85,SEA,David Greene,QB,NA,FALSE,0,0,0,NA,0,NA,9.5,NA,Stratum 4
2005,3,88,NYJ,Sione Pouha,DT,26,FALSE,0,0,4,8,36,106,9.38,4.5,Stratum 3
2005,3,89,CAR,Atiyyah Ellison,DT,23,FALSE,0,0,0,5,0,15,3.07,0,Stratum 1
2005,3,90,ATL,Jordan Beck,LB,22,FALSE,0,0,0,3,2,26,9.92,0.6666666666666666,Stratum 4
2005,3,91,TAM,Chris Colmer,OT,NA,FALSE,0,0,0,NA,0,NA,9.41,NA,Stratum 4
2005,3,92,IND,Vincent Burns,DE,NA,FALSE,0,0,0,NA,0,NA,6.57,NA,Stratum 2
2005,3,93,PIT,Trai Essex,OT,22,FALSE,0,0,1,8,19,76,1.91,2.375,Stratum 1
2005,3,95,ARI,Darryl Blackstock,LB,22,FALSE,0,0,0,7,6,74,9.5,0.8571428571428571,Stratum 4
2005,3,96,TEN,Brandon Jones,WR,23,FALSE,0,0,2,5,11,59,8.56,2.2,Stratum 3
2005,3,100,NWE,Nick Kaczur,OT,26,FALSE,0,0,5,5,37,68,6.34,7.4,Stratum 2
2005,3,101,DEN,Maurice Clarett,RB,NA,FALSE,0,0,0,NA,0,NA,2.91,NA,Stratum 1
2006,1,1,HOU,Mario Williams,DE,21,FALSE,1,4,9,11,79,158,10,7.181818181818182,Stratum 4
2006,1,2,NOR,Reggie Bush,RB,21,FALSE,0,0,8,11,61,134,9.63,5.545454545454546,Stratum 4
2006,1,4,NYJ,D'Brickashaw Ferguson,OT,22,FALSE,0,3,10,10,58,160,8.82,5.8,Stratum 3
2006,1,5,GNB,A.J. Hawk,LB,22,FALSE,0,1,10,11,55,159,9.67,5,Stratum 4
2006,1,6,SFO,Vernon Davis,TE,22,FALSE,0,2,11,14,51,198,9.94,3.642857142857143,Stratum 4
2006,1,9,DET,Ernie Sims,LB,21,FALSE,0,0,4,8,29,109,8.73,3.625,Stratum 3
2006,1,11,DEN,Jay Cutler,QB,23,FALSE,0,1,10,12,86,153,9.21,7.166666666666667,Stratum 3
2006,1,12,BAL,Haloti Ngata,DT,22,FALSE,2,5,12,13,100,180,8.42,7.6923076923076925,Stratum 3
2006,1,13,CLE,Kamerion Wimbley,DE,22,FALSE,0,0,8,9,44,140,9.47,4.888888888888889,Stratum 4
2006,1,14,PHI,Brodrick Bunkley,DT,22,FALSE,0,0,7,9,40,130,9.95,4.444444444444445,Stratum 4
2006,1,17,MIN,Chad Greenway,LB,23,FALSE,0,2,10,11,66,156,7.47,6,Stratum 2
2006,1,18,DAL,Bobby Carpenter,LB,23,FALSE,0,0,0,7,11,93,9.18,1.5714285714285714,Stratum 3
2006,1,20,KAN,Tamba Hali,DE,22,FALSE,0,5,10,12,75,177,4.15,6.25,Stratum 1
2006,1,21,NWE,Laurence Maroney,RB,21,FALSE,0,0,0,5,26,49,9.76,5.2,Stratum 4
2006,1,23,TAM,Davin Joseph,OG,22,FALSE,0,2,8,9,42,116,8.18,4.666666666666667,Stratum 2
2006,1,25,PIT,Santonio Holmes,WR,22,FALSE,0,0,6,9,47,112,8.05,5.222222222222222,Stratum 2
2006,1,26,BUF,John McCargo,DT,23,FALSE,0,0,0,6,4,44,6.87,0.6666666666666666,Stratum 2
2006,1,27,CAR,DeAngelo Williams,RB,23,FALSE,0,1,6,11,61,142,9.21,5.545454545454546,Stratum 3
2006,1,28,JAX,Marcedes Lewis,TE,22,FALSE,0,1,15,20,35,290,8.35,1.75,Stratum 3
2006,1,29,NYJ,Nick Mangold,OC,22,FALSE,2,7,11,11,73,164,9.24,6.636363636363637,Stratum 3
2006,1,30,IND,Joseph Addai,RB,23,FALSE,0,1,4,6,50,78,9.07,8.333333333333334,Stratum 3
2006,1,32,NYG,Mathias Kiwanuka,DE,23,FALSE,0,0,5,9,37,120,8.92,4.111111111111111,Stratum 3
2006,2,33,HOU,DeMeco Ryans,LB,22,FALSE,0,2,8,10,58,140,8.57,5.8,Stratum 3
2006,2,34,CLE,D'Qwell Jackson,LB,22,FALSE,0,1,9,11,61,141,6.16,5.545454545454546,Stratum 1
2006,2,35,WAS,Rocky McIntosh,LB,23,FALSE,0,0,5,8,38,124,7.95,4.75,Stratum 2
2006,2,36,NWE,Chad Jackson,WR,21,FALSE,0,0,0,3,2,18,9.93,0.6666666666666666,Stratum 4
2006,2,38,OAK,Thomas Howard,LB,23,FALSE,0,0,5,8,33,95,9.91,4.125,Stratum 4
2006,2,39,PHI,Winston Justice,OT,21,FALSE,0,0,3,8,21,63,9.98,2.625,Stratum 4
2006,2,41,ARI,Deuce Lutui,OG,23,FALSE,0,0,5,7,34,101,5.84,4.857142857142857,Stratum 1
2006,2,44,NYG,Sinorice Moss,WR,22,FALSE,0,0,0,4,4,37,8.68,1,Stratum 3
2006,2,46,STL,Joe Klopfenstein,TE,22,FALSE,0,0,3,4,3,49,9.65,0.75,Stratum 4
2006,2,47,GNB,Daryn Colledge,OT,24,FALSE,0,0,9,9,57,141,9.31,6.333333333333333,Stratum 3
2006,2,50,SDG,Marcus McNeill,OT,22,FALSE,0,2,6,6,48,82,8.17,8,Stratum 2
2006,2,52,GNB,Greg Jennings,WR,22,FALSE,0,2,8,10,66,143,8.6,6.6,Stratum 3
2006,2,53,DAL,Anthony Fasano,TE,22,FALSE,0,0,8,12,22,180,8.91,1.8333333333333333,Stratum 3
2006,2,55,CIN,Andrew Whitworth,OT,24,FALSE,2,4,16,16,100,239,9.11,6.25,Stratum 3
2006,2,59,TAM,Jeremy Trueblood,OT,23,FALSE,0,0,6,8,35,116,5.78,4.375,Stratum 1
2006,2,60,JAX,Maurice Jones-Drew,RB,21,FALSE,1,3,4,9,74,126,7.4,8.222222222222221,Stratum 2
2006,2,61,DEN,Tony Scheffler,TE,23,FALSE,0,0,2,8,24,107,9.59,3,Stratum 4
2006,2,63,SEA,Darryl Tapp,DE,21,FALSE,0,0,2,12,30,165,5.14,2.5,Stratum 1
2006,2,64,MIN,Tarvaris Jackson,QB,23,FALSE,0,0,2,10,22,59,7.55,2.2,Stratum 2
2006,3,65,HOU,Charles Spencer,OG,24,FALSE,0,0,0,1,1,2,9.11,1,Stratum 3
2006,3,66,HOU,Eric Winston,OT,22,FALSE,0,0,7,12,53,165,9.87,4.416666666666667,Stratum 4
2006,3,67,GNB,Abdul Hodge,LB,23,FALSE,0,0,0,5,2,35,4.76,0.4,Stratum 1
2006,3,69,OAK,Paul McQuistan,OT,23,FALSE,0,0,2,9,24,97,9.78,2.6666666666666665,Stratum 4
2006,3,71,PHI,Chris Gocong,DE,22,FALSE,0,0,5,6,29,79,9.61,4.833333333333333,Stratum 4
2006,3,72,ARI,Leonard Pope,TE,22,FALSE,0,0,4,7,6,103,9.18,0.8571428571428571,Stratum 3
2006,3,73,CHI,Dusty Dvoracek,DT,25,FALSE,0,0,1,3,6,13,9.37,2,Stratum 3
2006,3,74,DET,Brian Calhoun,RB,22,FALSE,0,0,0,2,1,11,6.71,0.5,Stratum 2
2006,3,75,GNB,Jason Spitz,OG,23,FALSE,0,0,3,6,24,75,6.82,4,Stratum 2
2006,3,76,NYJ,Anthony Schlegel,LB,25,FALSE,0,0,0,2,2,17,3.27,1,Stratum 1
2006,3,77,STL,Jon Alston,LB,23,FALSE,0,0,0,4,5,39,9.63,1.25,Stratum 4
2006,3,78,CLE,Travis Wilson,WR,22,FALSE,0,0,0,1,0,4,9.5,0,Stratum 4
2006,3,79,ATL,Jerious Norwood,RB,23,FALSE,0,0,0,6,20,66,9.41,3.3333333333333335,Stratum 4
2006,3,80,JAX,Clint Ingram,LB,23,FALSE,0,0,3,4,21,56,8.99,5.25,Stratum 3
2006,3,81,SDG,Charlie Whitehurst,QB,24,FALSE,0,0,0,11,7,25,9.54,0.6363636363636364,Stratum 4
2006,3,82,MIA,Derek Hagan,WR,21,FALSE,0,0,0,9,12,99,9.81,1.3333333333333333,Stratum 4
2006,3,84,SFO,Brandon Williams,WR,22,FALSE,0,0,0,2,0,23,6.84,0,Stratum 2
2006,3,85,KAN,Brodie Croyle,QB,23,FALSE,0,0,0,5,2,18,5,0.4,Stratum 1
2006,3,86,NWE,David Thomas,TE,23,FALSE,0,0,3,7,9,80,8.29,1.2857142857142858,Stratum 3
2006,3,88,CAR,James Anderson,LB,22,FALSE,0,0,4,10,31,123,9.86,3.1,Stratum 4
2006,3,89,CAR,Rashad Butler,OT,23,FALSE,0,0,0,8,7,51,4.98,0.875,Stratum 1
2006,3,90,TAM,Maurice Stovall,WR,21,FALSE,0,0,0,7,5,81,8.44,0.7142857142857143,Stratum 3
2006,3,91,CIN,Frostee Rucker,DE,22,FALSE,0,0,5,13,39,157,3.73,3,Stratum 1
2006,3,92,DAL,Jason Hatcher,DE,24,FALSE,0,1,5,10,34,147,7.53,3.4,Stratum 2
2006,3,93,STL,Dominique Byrd,TE,22,FALSE,0,0,0,6,0,17,6.44,0,Stratum 2
2006,3,94,IND,Freddy Keiaho,LB,23,FALSE,0,0,2,4,15,55,5.13,3.75,Stratum 1
2006,3,95,PIT,Willie Reid,WR,23,FALSE,0,0,0,2,1,7,7.75,0.5,Stratum 2
2006,3,96,NYG,Gerris Wilkinson,LB,23,FALSE,0,0,0,5,6,58,9.15,1.2,Stratum 3
2007,1,2,DET,Calvin Johnson,WR,21,TRUE,3,6,9,9,78,135,10,8.666666666666666,Stratum 4
2007,1,3,CLE,Joe Thomas,OT,22,TRUE,6,10,10,11,85,167,9.37,7.7272727272727275,Stratum 3
2007,1,4,TAM,Gaines Adams,DE,24,FALSE,0,0,1,3,17,47,9.33,5.666666666666667,Stratum 3
2007,1,5,ARI,Levi Brown,OT,23,FALSE,0,0,5,7,34,81,4.35,4.857142857142857,Stratum 1
2007,1,7,MIN,Adrian Peterson,RB,22,FALSE,4,7,12,15,101,184,9.64,6.733333333333333,Stratum 4
2007,1,7,MIN,Adrian Peterson,RB,22,FALSE,4,7,12,15,101,184,1.65,6.733333333333333,Stratum 1
2007,1,8,ATL,Jamaal Anderson,DE,21,FALSE,0,0,3,6,20,77,9.85,3.3333333333333335,Stratum 4
2007,1,10,HOU,Amobi Okoye,DT,20,FALSE,0,0,4,6,24,87,7.96,4,Stratum 2
2007,1,11,SFO,Patrick Willis,LB,22,TRUE,5,7,7,8,93,112,8.5,11.625,Stratum 3
2007,1,12,BUF,Marshawn Lynch,RB,21,FALSE,1,5,8,13,74,149,7.81,5.6923076923076925,Stratum 2
2007,1,13,STL,Adam Carriker,DE,23,FALSE,0,0,3,6,22,65,9.38,3.6666666666666665,Stratum 3
2007,1,15,PIT,Lawrence Timmons,LB,21,FALSE,0,1,9,11,72,172,7.67,6.545454545454546,Stratum 2
2007,1,16,GNB,Justin Harrell,DT,23,FALSE,0,0,0,4,2,14,7.06,0.5,Stratum 2
2007,1,17,DEN,Jarvis Moss,DE,23,FALSE,0,0,0,5,3,53,6.39,0.6,Stratum 2
2007,1,22,CLE,Brady Quinn,QB,22,FALSE,0,0,1,6,2,24,9.88,0.3333333333333333,Stratum 4
2007,1,23,KAN,Dwayne Bowe,WR,22,FALSE,0,1,8,9,50,125,6.68,5.555555555555555,Stratum 2
2007,1,25,CAR,Jon Beason,LB,22,FALSE,1,3,5,9,55,93,4.15,6.111111111111111,Stratum 1
2007,1,26,DAL,Anthony Spencer,DE,23,FALSE,0,1,4,8,34,104,7.42,4.25,Stratum 2
2007,1,27,NOR,Robert Meachem,WR,22,FALSE,0,0,1,8,26,103,9.53,3.25,Stratum 4
2007,1,28,SFO,Joe Staley,OT,23,FALSE,0,6,12,13,81,181,10,6.230769230769231,Stratum 4
2007,1,29,BAL,Ben Grubbs,OG,23,FALSE,0,2,9,9,56,129,7.37,6.222222222222222,Stratum 2
2007,1,30,SDG,Craig Davis,WR,21,FALSE,0,0,0,4,7,25,8.56,1.75,Stratum 3
2007,1,31,CHI,Greg Olsen,TE,22,FALSE,0,3,11,14,60,199,9.5,4.285714285714286,Stratum 4
2007,1,32,IND,Anthony Gonzalez,WR,22,FALSE,0,0,1,5,16,40,9.56,3.2,Stratum 4
2007,2,33,ARI,Alan Branch,DT,22,FALSE,0,0,6,11,42,146,8.55,3.8181818181818183,Stratum 3
2007,2,34,BUF,Paul Posluszny,LB,22,FALSE,0,1,9,11,58,145,8.7,5.2727272727272725,Stratum 3
2007,2,35,TAM,Arron Sears,OG,22,FALSE,0,0,2,2,14,31,9.38,7,Stratum 3
2007,2,36,PHI,Kevin Kolb,QB,23,FALSE,0,0,1,6,12,34,6.79,2,Stratum 2
2007,2,38,OAK,Zach Miller,TE,21,FALSE,0,1,7,8,28,110,9.29,3.5,Stratum 3
2007,2,38,OAK,Zach Miller,TE,21,FALSE,0,1,7,8,28,110,7.15,3.5,Stratum 2
2007,2,39,ATL,Justin Blalock,OG,23,FALSE,0,0,8,8,55,125,9.01,6.875,Stratum 3
2007,2,40,MIA,John Beck,QB,26,FALSE,0,0,0,5,4,9,8.32,0.8,Stratum 3
2007,2,42,IND,Tony Ugoh,OT,23,FALSE,0,0,2,5,17,40,9.77,3.4,Stratum 4
2007,2,43,DET,Drew Stanton,QB,23,FALSE,0,0,1,11,10,38,8.01,0.9090909090909091,Stratum 2
2007,2,44,MIN,Sidney Rice,WR,21,FALSE,0,1,3,7,33,81,7.9,4.714285714285714,Stratum 2
2007,2,45,CAR,Dwayne Jarrett,WR,20,FALSE,0,0,0,4,4,32,7.97,1,Stratum 2
2007,2,46,PIT,LaMarr Woodley,DE,22,FALSE,0,1,7,9,54,110,8.76,6,Stratum 3
2007,2,47,NYJ,David Harris,LB,23,FALSE,0,0,11,11,75,164,7.82,6.818181818181818,Stratum 2
2007,2,48,JAX,Justin Durant,LB,21,FALSE,0,0,6,11,36,128,9.21,3.272727272727273,Stratum 3
2007,2,49,CIN,Kenny Irons,RB,NA,FALSE,0,0,0,NA,0,NA,8.68,NA,Stratum 3
2007,2,50,TEN,Chris Henry,RB,22,FALSE,0,0,0,4,1,11,9.85,0.25,Stratum 4
2007,2,51,NYG,Steve Smith,WR,22,FALSE,0,1,1,6,23,64,9.38,3.8333333333333335,Stratum 3
2007,2,51,NYG,Steve Smith,WR,22,FALSE,0,1,1,6,23,64,7.76,3.8333333333333335,Stratum 2
2007,2,52,STL,Brian Leonard,RB,23,FALSE,0,0,0,8,11,88,9.6,1.375,Stratum 4
2007,2,56,DEN,Tim Crowder,DE,22,FALSE,0,0,1,5,11,60,8.13,2.2,Stratum 2
2007,2,57,PHI,Victor Abiamiri,DE,21,FALSE,0,0,0,3,5,29,8.67,1.6666666666666667,Stratum 3
2007,2,58,DET,Ikaika Alama-Francis,DE,22,FALSE,0,0,0,5,2,35,7.15,0.4,Stratum 2
2007,2,59,CAR,Ryan Kalil,OC,22,FALSE,2,5,9,13,72,155,9.12,5.538461538461538,Stratum 3
2007,2,60,MIA,Samson Satele,OC,22,FALSE,0,0,8,8,48,118,7.94,6,Stratum 2
2007,2,62,CHI,Dan Bazuin,DE,NA,FALSE,0,0,0,NA,0,NA,5.15,NA,Stratum 1
2007,2,63,GNB,Brandon Jackson,RB,21,FALSE,0,0,1,6,16,54,8.91,2.6666666666666665,Stratum 3
2007,3,65,OAK,Quentin Moses,DE,23,FALSE,0,0,0,4,5,44,5.94,1.25,Stratum 1
2007,3,67,DAL,James Marten,OT,23,FALSE,0,0,0,2,0,1,9.56,0,Stratum 4
2007,3,68,TAM,Quincy Black,LB,23,FALSE,0,0,3,6,18,81,9.8,3,Stratum 4
2007,3,69,ARI,Buster Davis,LB,23,FALSE,0,0,0,2,2,7,1.92,1,Stratum 1
2007,3,70,DEN,Ryan Harris,OT,22,FALSE,0,0,5,10,33,114,7.09,3.3,Stratum 2
2007,3,71,MIA,Lorenzo Booker,RB,23,FALSE,0,0,0,5,4,36,8.03,0.8,Stratum 2
2007,3,73,HOU,Jacoby Jones,WR,23,FALSE,1,1,2,9,30,128,7.06,3.3333333333333335,Stratum 2
2007,3,74,BAL,Yamon Figurs,WR,24,FALSE,0,0,0,4,2,34,7.49,0.5,Stratum 2
2007,3,75,ATL,Laurent Robinson,WR,22,FALSE,0,0,1,6,16,59,9.77,2.6666666666666665,Stratum 4
2007,3,76,SFO,Jason Hill,WR,22,FALSE,0,0,1,6,9,54,9.46,1.5,Stratum 4
2007,3,78,GNB,James Jones,WR,23,FALSE,0,0,4,9,46,136,6.62,5.111111111111111,Stratum 2
2007,3,79,JAX,Mike Sims-Walker,WR,22,FALSE,0,0,2,5,16,44,9.12,3.2,Stratum 3
2007,3,80,TEN,Paul Williams,WR,23,FALSE,0,0,0,2,0,5,8.29,0,Stratum 3
2007,3,81,NYG,Jay Alford,DT,24,FALSE,0,0,0,4,4,36,2.37,1,Stratum 1
2007,3,82,KAN,Tank Tyler,DT,22,FALSE,0,0,1,3,11,43,2.77,3.6666666666666665,Stratum 1
2007,3,83,CAR,Charles Johnson,DE,21,FALSE,0,0,8,11,47,143,6.67,4.2727272727272725,Stratum 2
2007,3,85,SEA,Brandon Mebane,DT,22,FALSE,0,0,13,13,63,182,2.61,4.846153846153846,Stratum 1
2007,3,87,PHI,Stewart Bradley,LB,23,FALSE,0,0,2,6,19,76,8.54,3.1666666666666665,Stratum 3
2007,3,88,NOR,Andy Alleman,OG,23,FALSE,0,0,0,3,5,24,9.54,1.6666666666666667,Stratum 4
2007,3,90,PHI,Tony Hunt,RB,21,FALSE,0,0,0,2,0,14,4.75,0,Stratum 1
2007,3,92,BUF,Trent Edwards,QB,23,FALSE,0,0,2,6,16,38,7.2,2.6666666666666665,Stratum 2
2007,3,93,CHI,Garrett Wolfe,RB,23,FALSE,0,0,0,4,2,50,8.72,0.5,Stratum 3
2007,3,94,CHI,Michael Okwo,LB,NA,FALSE,0,0,0,NA,0,NA,5.68,NA,Stratum 1
2007,3,97,SFO,Ray McDonald,DE,22,FALSE,0,0,5,8,35,115,5.19,4.375,Stratum 1
2007,3,98,IND,Quinn Pitcock,DT,23,FALSE,0,0,0,1,1,9,8.84,1,Stratum 3
2007,3,99,OAK,Johnnie Lee Higgins,WR,23,FALSE,0,0,0,4,9,60,7.37,2.25,Stratum 2
2008,1,1,MIA,Jake Long,OT,23,FALSE,1,4,6,9,54,104,9.34,6,Stratum 3
2008,1,2,STL,Chris Long,DE,23,FALSE,0,0,6,11,48,162,9.71,4.363636363636363,Stratum 4
2008,1,3,ATL,Matt Ryan,QB,23,FALSE,1,4,15,15,146,234,5.8,9.733333333333333,Stratum 1
2008,1,4,OAK,Darren McFadden,RB,21,FALSE,0,0,4,10,39,103,9.59,3.9,Stratum 4
2008,1,5,KAN,Glenn Dorsey,DT,23,FALSE,0,0,7,9,37,104,3.74,4.111111111111111,Stratum 1
2008,1,6,NYJ,Vernon Gholston,DE,22,FALSE,0,0,0,3,6,45,9.65,2,Stratum 4
2008,1,7,NOR,Sedrick Ellis,DT,23,FALSE,0,0,5,5,26,70,2.29,5.2,Stratum 1
2008,1,8,JAX,Derrick Harvey,DE,21,FALSE,0,0,1,4,14,52,8.14,3.5,Stratum 2
2008,1,9,CIN,Keith Rivers,LB,22,FALSE,0,0,4,7,24,74,9.73,3.4285714285714284,Stratum 4
2008,1,10,NWE,Jerod Mayo,LB,22,FALSE,1,2,7,8,51,103,8.13,6.375,Stratum 2
2008,1,12,DEN,Ryan Clady,OT,22,FALSE,2,4,7,9,65,107,9.36,7.222222222222222,Stratum 3
2008,1,13,CAR,Jonathan Stewart,RB,21,FALSE,0,1,5,11,48,134,9.87,4.363636363636363,Stratum 4
2008,1,14,CHI,Chris Williams,OT,23,FALSE,0,0,4,7,25,72,6.83,3.5714285714285716,Stratum 2
2008,1,17,DET,Gosder Cherilus,OT,24,FALSE,0,0,8,9,48,132,7.72,5.333333333333333,Stratum 2
2008,1,18,BAL,Joe Flacco,QB,23,FALSE,0,1,12,18,97,209,8.14,5.388888888888889,Stratum 2
2008,1,19,CAR,Jeff Otah,OT,22,FALSE,0,0,2,4,14,29,5.11,3.5,Stratum 1
2008,1,21,ATL,Sam Baker,OT,23,FALSE,0,0,3,6,32,70,4.31,5.333333333333333,Stratum 1
2008,1,22,DAL,Felix Jones,RB,21,FALSE,0,0,1,6,27,80,8.09,4.5,Stratum 2
2008,1,23,PIT,Rashard Mendenhall,RB,21,FALSE,0,0,4,6,29,72,8.96,4.833333333333333,Stratum 3
2008,1,24,TEN,Chris Johnson,RB,22,FALSE,1,3,7,10,70,130,9.57,7,Stratum 4
2008,1,26,HOU,Duane Brown,OT,23,FALSE,1,5,15,16,91,220,8.82,5.6875,Stratum 3
2008,1,28,SEA,Lawrence Jackson,DE,23,FALSE,0,0,2,5,15,69,7.76,3,Stratum 2
2008,1,29,SFO,Kentwan Balmer,DT,21,FALSE,0,0,1,4,7,46,4.67,1.75,Stratum 1
2008,1,30,NYJ,Dustin Keller,TE,23,FALSE,0,0,3,5,22,72,9.5,4.4,Stratum 4
2008,2,33,STL,Donnie Avery,WR,24,FALSE,0,0,4,7,21,77,9.44,3,Stratum 4
2008,2,34,WAS,Devin Thomas,WR,21,FALSE,0,0,1,4,4,55,8.66,1,Stratum 3
2008,2,36,GNB,Jordy Nelson,WR,23,FALSE,0,1,7,11,73,151,7.4,6.636363636363637,Stratum 2
2008,2,37,ATL,Curtis Lofton,LB,22,FALSE,0,0,8,8,49,128,2.62,6.125,Stratum 1
2008,2,38,SEA,John Carlson,TE,24,FALSE,0,0,4,7,16,90,6.95,2.2857142857142856,Stratum 2
2008,2,39,SFO,Chilo Rachal,OG,22,FALSE,0,0,3,5,20,64,7.47,4,Stratum 2
2008,2,41,BUF,James Hardy,WR,22,FALSE,0,0,0,2,1,16,9.46,0.5,Stratum 4
2008,2,42,DEN,Eddie Royal,WR,22,FALSE,0,0,6,9,35,116,7.98,3.888888888888889,Stratum 2
2008,2,44,CHI,Matt Forte,RB,22,FALSE,0,2,9,10,84,146,9.71,8.4,Stratum 4
2008,2,45,DET,Jordon Dizon,LB,22,FALSE,0,0,0,2,2,28,4.85,1,Stratum 1
2008,2,46,CIN,Jerome Simpson,WR,22,FALSE,0,0,3,8,18,63,8.74,2.25,Stratum 3
2008,2,47,PHI,Trevor Laws,DT,23,FALSE,0,0,0,4,7,56,7.8,1.75,Stratum 2
2008,2,48,WAS,Fred Davis,TE,22,FALSE,0,0,3,6,14,72,7.11,2.3333333333333335,Stratum 2
2008,2,49,PHI,DeSean Jackson,WR,21,FALSE,0,3,11,15,75,183,7.5,5,Stratum 2
2008,2,50,ARI,Calais Campbell,DE,22,FALSE,1,6,17,18,113,278,3.84,6.277777777777778,Stratum 1
2008,2,51,WAS,Malcolm Kelly,WR,21,FALSE,0,0,1,2,3,21,5.01,1.5,Stratum 1
2008,2,53,PIT,Limas Sweed,WR,23,FALSE,0,0,0,2,1,20,8,0.5,Stratum 2
2008,2,54,TEN,Jason Jones,DE,22,FALSE,0,0,4,9,32,109,8.43,3.5555555555555554,Stratum 3
2008,2,55,BAL,Ray Rice,RB,21,FALSE,0,3,5,6,63,92,8.18,10.5,Stratum 2
2008,2,56,GNB,Brian Brohm,QB,22,FALSE,0,0,0,3,0,3,7.46,0,Stratum 2
2008,2,57,MIA,Chad Henne,QB,23,FALSE,0,0,3,15,26,78,5.06,1.7333333333333334,Stratum 1
2008,2,58,TAM,Dexter Jackson,WR,22,FALSE,0,0,0,1,0,7,6.02,0,Stratum 1
2008,2,61,DAL,Martellus Bennett,TE,21,FALSE,0,1,8,10,35,144,8.57,3.5,Stratum 3
2008,3,64,DET,Kevin Smith,RB,21,FALSE,0,0,2,5,19,54,7.3,3.8,Stratum 2
2008,3,64,DET,Kevin Smith,RB,21,FALSE,0,0,2,5,19,54,4.83,3.8,Stratum 1
2008,3,65,STL,John Greco,OT,23,FALSE,0,0,5,11,29,132,6.07,2.6363636363636362,Stratum 1
2008,3,66,MIA,Kendall Langford,DE,22,FALSE,0,0,8,10,43,136,5.2,4.3,Stratum 1
2008,3,69,SDG,Jacob Hester,FB,23,FALSE,0,0,1,5,6,65,6.8,1.2,Stratum 2
2008,3,70,CHI,Earl Bennett,WR,21,FALSE,0,0,1,6,19,78,5.99,3.1666666666666665,Stratum 1
2008,3,71,BAL,Tavares Gooden,LB,23,FALSE,0,0,1,6,9,58,8.76,1.5,Stratum 3
2008,3,72,BUF,Chris Ellis,DE,23,FALSE,0,0,0,3,2,15,5.31,0.6666666666666666,Stratum 1
2008,3,73,KAN,Jamaal Charles,RB,21,FALSE,2,4,4,11,66,119,8.56,6,Stratum 3
2008,3,74,CAR,Dan Connor,LB,22,FALSE,0,0,2,6,13,62,8.59,2.1666666666666665,Stratum 3
2008,3,76,KAN,Brad Cottam,TE,23,FALSE,0,0,1,2,2,24,9.95,1,Stratum 4
2008,3,77,CIN,Pat Sims,DT,22,FALSE,0,0,3,10,27,130,3.85,2.7,Stratum 1
2008,3,78,NWE,Shawn Crable,LB,23,FALSE,0,0,0,3,0,6,7.17,0,Stratum 2
2008,3,80,PHI,Bryan Smith,LB,24,FALSE,0,0,0,2,1,6,6.69,0.5,Stratum 2
2008,3,81,ARI,Early Doucet,WR,22,FALSE,0,0,0,5,10,54,4.44,2,Stratum 1
2008,3,84,ATL,Harry Douglas,WR,23,FALSE,0,0,2,10,31,118,7.17,3.1,Stratum 2
2008,3,85,TEN,Craig Stevens,TE,24,FALSE,0,0,5,8,5,109,8.59,0.625,Stratum 3
2008,3,87,DET,Andre Fluellen,DT,23,FALSE,0,0,0,8,8,81,7.21,1,Stratum 2
2008,3,88,PIT,Bruce Davis,LB,23,FALSE,0,0,0,4,0,15,4.39,0,Stratum 1
2008,3,89,HOU,Steve Slaton,RB,22,FALSE,0,0,2,4,21,45,6.96,5.25,Stratum 2
2008,3,90,CHI,Marcus Harrison,DT,24,FALSE,0,0,1,3,6,37,8.48,2,Stratum 3
2008,3,91,GNB,Jermichael Finley,TE,21,FALSE,0,0,3,6,27,70,6.42,4.5,Stratum 2
2008,3,93,IND,Philip Wheeler,LB,23,FALSE,0,0,3,9,29,133,8.2,3.2222222222222223,Stratum 2
2008,3,94,NWE,Kevin O'Connell,QB,23,FALSE,0,0,0,1,0,2,9.65,0,Stratum 4
2008,3,95,NYG,Mario Manningham,WR,22,FALSE,0,0,4,6,22,67,4.15,3.6666666666666665,Stratum 1
2008,3,97,CIN,Andre Caldwell,WR,23,FALSE,0,0,0,8,12,105,9.54,1.5,Stratum 4
2009,1,1,DET,Matthew Stafford,QB,21,FALSE,1,3,16,17,133,239,6.03,7.823529411764706,Stratum 1
2009,1,2,STL,Jason Smith,OT,23,FALSE,0,0,2,4,10,45,6.2,2.5,Stratum 2
2009,1,3,KAN,Tyson Jackson,DE,23,FALSE,0,0,7,8,34,122,1.79,4.25,Stratum 1
2009,1,4,SEA,Aaron Curry,LB,23,FALSE,0,0,3,4,16,48,9.24,4,Stratum 3
2009,1,5,NYJ,Mark Sanchez,QB,22,FALSE,0,0,4,10,32,79,6.42,3.2,Stratum 2
2009,1,6,CIN,Andre Smith,OT,22,FALSE,0,0,8,13,41,121,4.02,3.1538461538461537,Stratum 1
2009,1,7,OAK,Darrius Heyward-Bey,WR,22,FALSE,0,0,5,10,23,144,9.86,2.3,Stratum 4
2009,1,8,JAX,Eugene Monroe,OT,22,FALSE,0,0,6,7,32,93,5.66,4.571428571428571,Stratum 1
2009,1,9,GNB,B.J. Raji,DT,23,FALSE,0,1,5,7,33,91,4.33,4.714285714285714,Stratum 1
2009,1,11,BUF,Aaron Maybin,DE,21,FALSE,0,0,0,4,5,48,6.44,1.25,Stratum 2
2009,1,12,DEN,Knowshon Moreno,RB,22,FALSE,0,0,3,6,33,63,6.77,5.5,Stratum 2
2009,1,15,HOU,Brian Cushing,LB,22,FALSE,0,1,7,9,52,104,9.59,5.777777777777778,Stratum 4
2009,1,16,SDG,Larry English,LB,23,FALSE,0,0,1,6,7,64,4.85,1.1666666666666667,Stratum 1
2009,1,17,TAM,Josh Freeman,QB,21,FALSE,0,0,4,7,37,62,6.84,5.285714285714286,Stratum 2
2009,1,18,DEN,Robert Ayers,DE,24,FALSE,0,0,5,9,27,120,1.75,3,Stratum 1
2009,1,19,PHI,Jeremy Maclin,WR,21,FALSE,0,0,8,9,50,114,6.57,5.555555555555555,Stratum 2
2009,1,20,DET,Brandon Pettigrew,TE,24,FALSE,0,0,7,7,22,93,7.73,3.142857142857143,Stratum 2
2009,1,21,CLE,Alex Mack,OC,23,FALSE,0,7,12,13,86,196,8.32,6.615384615384615,Stratum 3
2009,1,22,MIN,Percy Harvin,WR,21,FALSE,0,1,4,8,43,75,8.81,5.375,Stratum 3
2009,1,23,BAL,Michael Oher,OT,23,FALSE,0,0,7,8,42,110,5.28,5.25,Stratum 1
2009,1,24,ATL,Peria Jerry,DT,25,FALSE,0,0,2,5,13,64,9.1,2.6,Stratum 3
2009,1,26,GNB,Clay Matthews,LB,23,FALSE,1,6,10,11,77,156,9.68,7,Stratum 4
2009,1,27,IND,Donald Brown,RB,22,FALSE,0,0,1,7,25,89,8.78,3.5714285714285716,Stratum 3
2009,1,28,BUF,Eric Wood,OC,23,FALSE,0,1,9,9,47,120,8.46,5.222222222222222,Stratum 3
2009,1,29,NYG,Hakeem Nicks,WR,21,FALSE,0,0,4,7,40,92,3.55,5.714285714285714,Stratum 1
2009,1,30,TEN,Kenny Britt,WR,20,FALSE,0,0,5,9,35,116,7.37,3.888888888888889,Stratum 2
2009,1,31,ARI,Beanie Wells,RB,21,FALSE,0,0,2,4,14,51,9.26,3.5,Stratum 3
2009,2,35,STL,James Laurinaitis,LB,22,FALSE,0,0,7,8,51,117,5.47,6.375,Stratum 1
2009,2,36,CLE,Brian Robiskie,WR,21,FALSE,0,0,1,5,3,38,7.86,0.6,Stratum 2
2009,2,38,CIN,Rey Maualuga,LB,22,FALSE,0,0,9,9,49,120,2.5,5.444444444444445,Stratum 1
2009,2,39,JAX,Eben Britton,OT,21,FALSE,0,0,1,6,17,60,7.32,2.8333333333333335,Stratum 2
2009,2,40,NWE,Ron Brace,DT,22,FALSE,0,0,1,4,6,39,1.64,1.5,Stratum 1
2009,2,43,CAR,Everette Brown,DE,22,FALSE,0,0,0,6,6,44,5.31,1,Stratum 1
2009,2,44,MIA,Pat White,QB,23,FALSE,0,0,0,1,1,13,7.4,1,Stratum 2
2009,2,45,NYG,Clint Sintim,LB,23,FALSE,0,0,0,2,2,24,6.96,1,Stratum 2
2009,2,46,HOU,Connor Barwin,DE,22,FALSE,0,1,7,10,51,142,9.56,5.1,Stratum 4
2009,2,49,SEA,Max Unger,OC,23,FALSE,1,3,9,10,69,130,4.86,6.9,Stratum 1
2009,2,50,CLE,Mohamed Massaquoi,WR,22,FALSE,0,0,3,4,11,54,5.9,2.75,Stratum 1
2009,2,51,BUF,Andy Levitre,OG,23,FALSE,0,0,9,10,55,143,4.91,5.5,Stratum 1
2009,2,53,PHI,LeSean McCoy,RB,21,FALSE,2,6,10,12,83,170,6.2,6.916666666666667,Stratum 2
2009,2,54,MIN,Phil Loadholt,OT,23,FALSE,0,0,6,6,36,89,3.15,6,Stratum 1
2009,2,56,IND,Fili Moala,DT,24,FALSE,0,0,3,5,19,64,6.12,3.8,Stratum 1
2009,2,57,BAL,Paul Kruger,DE,23,FALSE,0,0,4,8,29,114,4.58,3.625,Stratum 1
2009,2,58,NWE,Sebastian Vollmer,OT,25,FALSE,0,0,5,7,52,88,9.98,7.428571428571429,Stratum 4
2009,2,62,TEN,Sen'Derrick Marks,DT,22,FALSE,0,0,4,8,27,103,6.16,3.375,Stratum 1
2009,2,63,ARI,Cody Brown,LB,22,FALSE,0,0,0,NA,0,NA,6.24,NA,Stratum 2
2009,2,64,DEN,Richard Quinn,TE,23,FALSE,0,0,0,3,0,30,4.22,0,Stratum 1
2009,3,65,NYJ,Shonn Greene,RB,24,FALSE,0,0,2,6,23,85,5.05,3.8333333333333335,Stratum 1
2009,3,69,DAL,Jason Williams,LB,23,FALSE,0,0,0,6,4,60,9.91,0.6666666666666666,Stratum 4
2009,3,70,CIN,Michael Johnson,DE,22,FALSE,0,0,8,10,54,155,9.65,5.4,Stratum 4
2009,3,71,OAK,Matt Shaughnessy,DE,22,FALSE,0,0,3,6,22,75,2.81,3.6666666666666665,Stratum 1
2009,3,72,JAX,Terrance Knighton,DT,23,FALSE,0,0,6,7,37,108,2.37,5.285714285714286,Stratum 1
2009,3,74,SFO,Glen Coffee,RB,22,FALSE,0,0,0,1,2,14,6.39,2,Stratum 2
2009,3,75,DAL,Robert Brewster,OT,23,FALSE,0,0,0,2,0,1,5.6,0,Stratum 1
2009,3,78,SDG,Louis Vasquez,OG,22,FALSE,1,1,7,7,59,102,9.61,8.428571428571429,Stratum 4
2009,3,81,TAM,Roy Miller,DT,22,FALSE,0,0,5,9,33,119,5.48,3.6666666666666665,Stratum 1
2009,3,82,DET,Derrick Williams,WR,23,FALSE,0,0,0,2,0,18,3.34,0,Stratum 1
2009,3,84,PIT,Mike Wallace,WR,23,FALSE,0,1,8,10,57,144,9.39,5.7,Stratum 3
2009,3,85,NYG,Ramses Barden,WR,23,FALSE,0,0,0,4,5,29,4.93,1.25,Stratum 1
2009,3,87,MIA,Patrick Turner,WR,22,FALSE,0,0,0,4,1,24,7.88,0.25,Stratum 2
2009,3,89,TEN,Jared Cook,TE,22,FALSE,0,2,5,13,48,194,9.07,3.6923076923076925,Stratum 3
2009,3,91,SEA,Deon Butler,WR,23,FALSE,0,0,1,4,4,35,5.32,1,Stratum 1
2009,3,93,CAR,Corvey Irvin,DT,24,FALSE,0,0,0,5,1,24,4.16,0.2,Stratum 1
2009,3,97,NWE,Tyrone McKenzie,LB,23,FALSE,0,0,0,4,1,19,4.88,0.25,Stratum 1
2009,3,99,CHI,Juaquin Iglesias,WR,22,FALSE,0,0,0,1,0,1,4.35,0,Stratum 1
2009,3,100,NYG,Travis Beckum,TE,22,FALSE,0,0,0,4,2,48,9.52,0.5,Stratum 4
2010,1,2,DET,Ndamukong Suh,DT,23,FALSE,3,5,12,13,100,199,9.54,7.6923076923076925,Stratum 4
2010,1,3,TAM,Gerald McCoy,DT,22,FALSE,1,6,10,12,69,140,9.06,5.75,Stratum 3
2010,1,4,WAS,Trent Williams,OT,22,FALSE,3,12,15,16,109,204,9.64,6.8125,Stratum 4
2010,1,6,SEA,Russell Okung,OT,21,FALSE,0,2,9,11,56,131,8.3,5.090909090909091,Stratum 3
2010,1,8,OAK,Rolando McClain,LB,21,FALSE,0,0,5,6,25,65,8.24,4.166666666666667,Stratum 3
2010,1,9,BUF,C.J. Spiller,RB,23,FALSE,0,1,3,8,34,90,8.93,4.25,Stratum 3
2010,1,10,JAX,Tyson Alualu,DT,23,FALSE,0,0,7,14,45,193,9.12,3.2142857142857144,Stratum 3
2010,1,11,SFO,Anthony Davis,OT,20,FALSE,0,0,4,7,31,72,4.68,4.428571428571429,Stratum 1
2010,1,12,SDG,Ryan Mathews,RB,22,FALSE,0,1,5,7,44,86,9.27,6.285714285714286,Stratum 3
2010,1,15,NYG,Jason Pierre-Paul,DE,21,FALSE,1,3,11,16,74,185,6.61,4.625,Stratum 2
2010,1,16,TEN,Derrick Morgan,DE,21,FALSE,0,0,8,9,40,118,7.43,4.444444444444445,Stratum 2
2010,1,17,SFO,Mike Iupati,OG,23,FALSE,1,4,10,11,67,140,6.21,6.090909090909091,Stratum 2
2010,1,18,PIT,Maurkice Pouncey,OC,21,FALSE,2,9,9,11,78,134,4.69,7.090909090909091,Stratum 1
2010,1,19,ATL,Sean Weatherspoon,LB,22,FALSE,0,0,2,8,22,67,8.64,2.75,Stratum 3
2010,1,21,CIN,Jermaine Gresham,TE,22,FALSE,0,2,9,9,28,132,8.79,3.111111111111111,Stratum 3
2010,1,23,GNB,Bryan Bulaga,OT,21,FALSE,0,0,9,12,56,126,7.34,4.666666666666667,Stratum 2
2010,1,24,DAL,Dez Bryant,WR,21,FALSE,1,3,7,11,61,119,9.05,5.545454545454546,Stratum 3
2010,1,25,DEN,Tim Tebow,QB,23,FALSE,0,0,1,3,12,35,9.92,4,Stratum 4
2010,1,26,ARI,Dan Williams,DT,23,FALSE,0,0,6,7,29,102,2.89,4.142857142857143,Stratum 1
2010,1,30,DET,Jahvid Best,RB,21,FALSE,0,0,2,2,13,22,7.8,6.5,Stratum 2
2010,1,31,IND,Jerry Hughes,DE,22,FALSE,0,0,9,15,68,225,8.79,4.533333333333333,Stratum 3
2010,2,33,STL,Rodger Saffold,OT,22,FALSE,0,2,11,13,71,176,8.61,5.461538461538462,Stratum 3
2010,2,35,TAM,Brian Price,DT,21,FALSE,0,0,1,2,4,20,3.33,2,Stratum 1
2010,2,36,KAN,Dexter McCluster,WR,21,FALSE,0,1,1,7,21,89,5.42,3,Stratum 1
2010,2,39,TAM,Arrelious Benn,WR,21,FALSE,0,0,2,8,8,61,8.23,1,Stratum 3
2010,2,40,MIA,Koa Misi,LB,23,FALSE,0,0,6,7,30,84,8.28,4.285714285714286,Stratum 3
2010,2,41,BUF,Torell Troup,DT,21,FALSE,0,0,0,2,2,21,4.99,1,Stratum 1
2010,2,42,NWE,Rob Gronkowski,TE,21,FALSE,4,5,11,12,78,143,9.33,6.5,Stratum 3
2010,2,43,BAL,Sergio Kindle,LB,22,FALSE,0,0,0,3,0,3,7.37,0,Stratum 2
2010,2,46,NYG,Linval Joseph,DT,21,FALSE,0,2,11,15,70,203,6.11,4.666666666666667,Stratum 1
2010,2,47,ARI,Daryl Washington,LB,23,FALSE,0,1,4,4,34,59,5.43,8.5,Stratum 1
2010,2,51,MIN,Toby Gerhart,RB,23,FALSE,0,0,0,6,16,82,8.46,2.6666666666666665,Stratum 3
2010,2,54,CIN,Carlos Dunlap,DE,21,FALSE,0,2,7,13,67,197,7.93,5.153846153846154,Stratum 2
2010,2,55,DAL,Sean Lee,LB,24,FALSE,1,2,7,11,53,118,8.45,4.818181818181818,Stratum 3
2010,2,57,BAL,Terrence Cody,DT,22,FALSE,0,0,1,5,14,57,0.32,2.8,Stratum 1
2010,2,58,HOU,Ben Tate,RB,22,FALSE,0,0,0,5,14,51,9.84,2.8,Stratum 4
2010,2,59,CLE,Montario Hardesty,RB,23,FALSE,0,0,0,3,4,23,9.79,1.3333333333333333,Stratum 4
2010,2,60,SEA,Golden Tate,WR,22,FALSE,0,1,7,11,58,160,7.49,5.2727272727272725,Stratum 2
2010,2,61,NYJ,Vlad Ducasse,OT,22,FALSE,0,0,4,9,21,111,4.56,2.3333333333333335,Stratum 1
2010,2,62,NWE,Brandon Spikes,LB,23,FALSE,0,0,5,7,25,78,2.75,3.5714285714285716,Stratum 1
2010,2,63,IND,Pat Angerer,LB,23,FALSE,0,0,3,4,18,54,4.93,4.5,Stratum 1
2010,2,64,NOR,Charles Brown,OT,23,FALSE,0,0,1,6,15,54,7.99,2.5,Stratum 2
2010,3,68,KAN,Jon Asamoah,OG,22,FALSE,0,0,4,5,21,75,9.33,4.2,Stratum 3
2010,3,69,OAK,Jared Veldheer,OT,23,FALSE,0,0,8,11,45,121,10,4.090909090909091,Stratum 4
2010,3,70,BAL,Ed Dickson,TE,23,FALSE,0,0,7,9,16,134,7.43,1.7777777777777777,Stratum 2
2010,3,72,BUF,Alex Carrington,DE,23,FALSE,0,0,1,6,7,59,5.56,1.1666666666666667,Stratum 1
2010,3,73,MIA,John Jerry,OT,24,FALSE,0,0,6,10,40,132,7.85,4,Stratum 2
2010,3,74,JAX,D'Anthony Smith,DT,22,FALSE,0,0,0,6,1,12,8.82,0.16666666666666666,Stratum 3
2010,3,77,TEN,Damian Williams,WR,22,FALSE,0,0,1,5,10,57,8.55,2,Stratum 3
2010,3,78,CAR,Brandon LaFell,WR,23,FALSE,0,0,5,9,43,125,4.88,4.777777777777778,Stratum 1
2010,3,79,SDG,Donald Butler,LB,21,FALSE,0,0,5,7,29,85,9.54,4.142857142857143,Stratum 4
2010,3,80,DEN,J.D. Walton,OC,23,FALSE,0,0,3,6,22,56,5.09,3.6666666666666665,Stratum 1
2010,3,81,HOU,Earl Mitchell,DT,22,FALSE,0,0,4,10,29,130,8,2.9,Stratum 2
2010,3,82,PIT,Emmanuel Sanders,WR,23,FALSE,0,2,9,12,63,172,9.38,5.25,Stratum 3
2010,3,83,ATL,Corey Peters,DT,22,FALSE,0,0,9,13,49,164,5.93,3.769230769230769,Stratum 1
2010,3,84,CIN,Jordan Shipley,WR,24,FALSE,0,0,0,3,7,24,6.89,2.3333333333333335,Stratum 2
2010,3,85,CLE,Colt McCoy,QB,24,FALSE,0,0,2,13,17,56,7.04,1.3076923076923077,Stratum 2
2010,3,86,PHI,Daniel Te'o-Nesheim,DE,23,FALSE,0,0,2,4,12,39,9.58,3,Stratum 4
2010,3,88,ARI,Andre Roberts,WR,22,FALSE,1,3,2,13,24,182,8.93,1.8461538461538463,Stratum 3
2010,3,89,CAR,Armanti Edwards,WR,22,FALSE,0,0,0,4,1,41,8.29,0.25,Stratum 3
2010,3,90,NWE,Taylor Price,WR,22,FALSE,0,0,0,2,1,6,8.56,0.5,Stratum 3
2010,3,92,CLE,Shawn Lauvao,OG,22,FALSE,0,0,7,9,36,99,7.47,4,Stratum 2
2010,3,93,KAN,Tony Moeaki,TE,23,FALSE,0,0,2,6,10,49,7,1.6666666666666667,Stratum 2
2010,3,95,NOR,Jimmy Graham,TE,23,FALSE,1,5,10,14,61,197,9.64,4.357142857142857,Stratum 4
2010,3,97,TEN,Rennie Curran,LB,21,FALSE,0,0,0,1,1,9,3.09,1,Stratum 1
2010,3,98,ATL,Mike Johnson,OG,23,FALSE,0,0,0,3,2,18,1.91,0.6666666666666666,Stratum 1
2011,1,1,CAR,Cam Newton,QB,22,FALSE,1,3,9,11,115,148,10,10.454545454545455,Stratum 4
2011,1,2,DEN,Von Miller,LB,22,FALSE,3,8,10,15,105,203,9.97,7,Stratum 4
2011,1,3,BUF,Marcell Dareus,DT,21,FALSE,1,2,7,9,56,121,7.54,6.222222222222222,Stratum 2
2011,1,4,CIN,A.J. Green,WR,23,FALSE,0,7,10,12,77,158,9.34,6.416666666666667,Stratum 3
2011,1,6,ATL,Julio Jones,WR,22,FALSE,2,7,9,13,101,166,9.92,7.769230769230769,Stratum 4
2011,1,7,SFO,Aldon Smith,DE,21,FALSE,1,1,4,10,34,75,7.34,3.4,Stratum 2
2011,1,8,TEN,Jake Locker,QB,23,FALSE,0,0,1,4,15,30,9.77,3.75,Stratum 4
2011,1,9,DAL,Tyron Smith,OT,20,FALSE,2,8,12,14,91,171,9.68,6.5,Stratum 4
2011,1,10,JAX,Blaine Gabbert,QB,21,FALSE,0,0,2,13,17,69,9.92,1.3076923076923077,Stratum 4
2011,1,11,HOU,J.J. Watt,DE,22,FALSE,5,5,10,12,110,151,9.74,9.166666666666666,Stratum 4
2011,1,12,MIN,Christian Ponder,QB,23,FALSE,0,0,3,4,22,38,9.55,5.5,Stratum 4
2011,1,13,DET,Nick Fairley,DT,23,FALSE,0,0,4,6,23,77,9.44,3.8333333333333335,Stratum 4
2011,1,14,STL,Robert Quinn,DE,21,FALSE,1,3,9,12,69,169,8.06,5.75,Stratum 2
2011,1,16,WAS,Ryan Kerrigan,DE,23,FALSE,0,4,9,11,63,172,8.67,5.7272727272727275,Stratum 3
2011,1,17,NWE,Nate Solder,OT,23,FALSE,0,0,9,11,64,146,9.9,5.818181818181818,Stratum 4
2011,1,18,SDG,Corey Liuget,DT,21,FALSE,0,0,7,10,42,124,6.52,4.2,Stratum 2
2011,1,20,TAM,Adrian Clayborn,DE,23,FALSE,0,0,2,10,26,125,6.83,2.6,Stratum 2
2011,1,21,CLE,Phil Taylor,DT,23,FALSE,0,0,2,4,19,44,4.19,4.75,Stratum 1
2011,1,22,IND,Anthony Castonzo,OT,23,FALSE,0,0,10,10,58,144,9.47,5.8,Stratum 4
2011,1,23,PHI,Danny Watkins,OG,26,FALSE,0,0,1,3,9,24,4.49,3,Stratum 1
2011,1,24,NOR,Cameron Jordan,DE,22,FALSE,1,8,15,15,109,243,8.86,7.266666666666667,Stratum 3
2011,1,26,KAN,Jonathan Baldwin,WR,22,FALSE,0,0,1,3,4,33,9.08,1.3333333333333333,Stratum 3
2011,1,28,NOR,Mark Ingram,RB,21,FALSE,0,3,5,12,66,156,2.57,5.5,Stratum 1
2011,1,29,CHI,Gabe Carimi,OT,23,FALSE,0,0,1,4,12,48,9.56,3,Stratum 4
2011,1,30,NYJ,Muhammad Wilkerson,DT,21,FALSE,0,1,7,8,58,108,7.8,7.25,Stratum 2
2011,1,32,GNB,Derek Sherrod,OT,22,FALSE,0,0,0,4,3,20,6.85,0.75,Stratum 2
2011,2,35,CIN,Andy Dalton,QB,23,FALSE,0,3,11,15,92,179,4.38,6.133333333333334,Stratum 1
2011,2,36,SFO,Colin Kaepernick,QB,23,FALSE,0,0,4,6,45,69,9.85,7.5,Stratum 4
2011,2,37,CLE,Jabaal Sheard,DE,22,FALSE,0,0,7,11,47,145,5.38,4.2727272727272725,Stratum 1
2011,2,38,ARI,Ryan Williams,RB,21,FALSE,0,0,0,2,1,5,6.49,0.5,Stratum 2
2011,2,39,TEN,Akeem Ayers,LB,22,FALSE,0,0,4,7,28,97,3.4,4,Stratum 1
2011,2,41,WAS,Jarvis Jenkins,DT,23,FALSE,0,0,3,8,23,98,3.14,2.875,Stratum 1
2011,2,42,HOU,Brooks Reed,LB,24,FALSE,0,0,6,10,37,131,8.55,3.7,Stratum 3
2011,2,43,MIN,Kyle Rudolph,TE,21,FALSE,0,2,10,12,36,165,7.76,3,Stratum 2
2011,2,44,DET,Titus Young,WR,22,FALSE,0,0,2,2,8,26,5.3,4,Stratum 1
2011,2,47,STL,Lance Kendricks,TE,23,FALSE,0,0,6,9,16,137,8.28,1.7777777777777777,Stratum 3
2011,2,48,OAK,Stefen Wisniewski,OC,22,FALSE,0,0,6,10,41,139,5.98,4.1,Stratum 1
2011,2,51,TAM,Da'Quan Bowers,DE,21,FALSE,0,0,0,5,7,53,4.79,1.4,Stratum 1
2011,2,52,NYG,Marvin Austin,DT,22,FALSE,0,0,0,4,2,26,9.81,0.5,Stratum 4
2011,2,55,KAN,Rodney Hudson,OC,22,FALSE,0,3,9,12,61,159,1.34,5.083333333333333,Stratum 1
2011,2,56,NWE,Shane Vereen,RB,22,FALSE,0,0,1,7,25,79,6.76,3.5714285714285716,Stratum 2
2011,2,57,DET,Mikel Leshoure,RB,21,FALSE,0,0,1,3,5,17,7.52,1.6666666666666667,Stratum 2
2011,2,58,BAL,Torrey Smith,WR,22,FALSE,0,0,7,8,37,119,9.85,4.625,Stratum 4
2011,2,59,CLE,Greg Little,WR,22,FALSE,0,0,3,4,12,54,9.56,3,Stratum 4
2011,2,61,SDG,Jonas Mouton,LB,23,FALSE,0,0,0,2,0,3,2.11,0,Stratum 1
2011,2,62,MIA,Daniel Thomas,RB,23,FALSE,0,0,0,4,11,52,8.82,2.75,Stratum 3
2011,2,63,PIT,Marcus Gilbert,OT,23,FALSE,0,0,5,8,36,88,4.6,4.5,Stratum 1
2011,2,64,GNB,Randall Cobb,WR,21,FALSE,0,1,5,13,64,166,3.65,4.923076923076923,Stratum 1
2011,3,65,CAR,Terrell McClain,DT,23,FALSE,0,0,2,9,17,92,6.43,1.8888888888888888,Stratum 2
2011,3,66,CIN,Dontay Moch,LB,23,FALSE,0,0,0,4,0,8,8.57,0,Stratum 3
2011,3,67,DEN,Nate Irving,LB,23,FALSE,0,0,1,5,9,62,5.37,1.8,Stratum 1
2011,3,68,BUF,Kelvin Sheppard,LB,23,FALSE,0,0,4,8,25,107,6.42,3.125,Stratum 2
2011,3,69,ARI,Rob Housler,TE,23,FALSE,0,0,3,5,9,65,9.77,1.8,Stratum 4
2011,3,70,KAN,Justin Houston,LB,22,FALSE,1,4,10,13,74,170,9.26,5.6923076923076925,Stratum 3
2011,3,71,DAL,DeMarco Murray,RB,23,FALSE,1,3,7,7,60,99,9.18,8.571428571428571,Stratum 3
2011,3,72,NOR,Martez Wilson,LB,22,FALSE,0,0,0,3,2,38,9.93,0.6666666666666666,Stratum 4
2011,3,73,NWE,Stevan Ridley,RB,22,FALSE,0,0,1,8,25,73,5.85,3.125,Stratum 1
2011,3,74,NWE,Ryan Mallett,QB,23,FALSE,0,0,0,7,4,21,1.99,0.5714285714285714,Stratum 1
2011,3,75,SEA,John Moffitt,OG,24,FALSE,0,0,1,3,6,19,5.16,2,Stratum 1
2011,3,76,JAX,Will Rackley,OG,21,FALSE,0,0,2,3,8,26,3.95,2.6666666666666665,Stratum 1
2011,3,77,TEN,Jurrell Casey,DT,21,FALSE,0,5,9,10,72,142,3.48,7.2,Stratum 1
2011,3,78,STL,Austin Pettis,WR,23,FALSE,0,0,0,4,8,47,7.99,2,Stratum 2
2011,3,79,WAS,Leonard Hankerson,WR,22,FALSE,0,0,1,5,12,41,7.35,2.4,Stratum 2
2011,3,82,SDG,Vincent Brown,WR,22,FALSE,0,0,1,5,9,38,2.71,1.8,Stratum 1
2011,3,83,NYG,Jerrel Jernigan,WR,22,FALSE,0,0,0,4,2,34,5.55,0.5,Stratum 1
2011,3,84,TAM,Mason Foster,LB,22,FALSE,0,0,6,8,40,107,4.68,5,Stratum 1
2011,3,85,BAL,Jah Reid,OT,23,FALSE,0,0,2,6,10,61,7.78,1.6666666666666667,Stratum 2
2011,3,86,KAN,Allen Bailey,DE,22,FALSE,0,0,3,10,34,133,7.43,3.4,Stratum 2
2011,3,87,IND,Drake Nevis,DT,22,FALSE,0,0,0,3,4,26,6.47,1.3333333333333333,Stratum 2
2011,3,91,ATL,Akeem Dent,LB,23,FALSE,0,0,2,6,17,90,7.82,2.8333333333333335,Stratum 2
2011,3,92,OAK,Joe Barksdale,OT,23,FALSE,0,0,5,8,35,106,5.2,4.375,Stratum 1
2011,3,94,NYJ,Kenrick Ellis,DT,23,FALSE,0,0,0,5,10,56,3.97,2,Stratum 1
2011,3,96,GNB,Alex Green,RB,23,FALSE,0,0,0,3,5,29,8.37,1.6666666666666667,Stratum 3
2011,3,97,CAR,Sione Fua,DT,23,FALSE,0,0,1,4,5,40,3.83,1.25,Stratum 1
2012,1,1,IND,Andrew Luck,QB,22,FALSE,0,4,5,7,72,86,9.79,10.285714285714286,Stratum 4
2012,1,2,WAS,Robert Griffin III,QB,22,FALSE,0,1,3,9,36,56,9.88,4,Stratum 4
2012,1,3,CLE,Trent Richardson,RB,22,FALSE,0,0,3,3,17,46,9.62,5.666666666666667,Stratum 4
2012,1,4,MIN,Matt Kalil,OT,23,FALSE,0,1,5,6,34,82,9.22,5.666666666666667,Stratum 3
2012,1,5,JAX,Justin Blackmon,WR,22,FALSE,0,0,1,2,9,20,7.29,4.5,Stratum 2
2012,1,9,CAR,Luke Kuechly,LB,21,TRUE,5,7,8,8,91,118,10,11.375,Stratum 4
2012,1,11,KAN,Dontari Poe,DT,22,FALSE,0,2,8,9,55,128,9.04,6.111111111111111,Stratum 3
2012,1,12,PHI,Fletcher Cox,DT,21,FALSE,1,6,12,12,95,188,9,7.916666666666667,Stratum 3
2012,1,13,ARI,Michael Floyd,WR,22,FALSE,0,0,3,7,28,102,7.5,4,Stratum 2
2012,1,14,STL,Michael Brockers,DT,21,FALSE,0,0,10,11,58,160,3.41,5.2727272727272725,Stratum 1
2012,1,16,NYJ,Quinton Coples,DE,22,FALSE,0,0,2,4,17,62,6.24,4.25,Stratum 2
2012,1,18,SDG,Melvin Ingram,DE,23,FALSE,0,3,6,12,57,148,8.85,4.75,Stratum 3
2012,1,20,TEN,Kendall Wright,WR,22,FALSE,0,0,3,6,28,82,3.04,4.666666666666667,Stratum 1
2012,1,21,NWE,Chandler Jones,DE,22,FALSE,2,4,10,11,77,154,8.29,7,Stratum 3
2012,1,22,CLE,Brandon Weeden,QB,28,FALSE,0,0,1,7,13,35,5.02,1.8571428571428572,Stratum 1
2012,1,23,DET,Riley Reiff,OT,23,FALSE,0,0,10,12,60,164,5.91,5,Stratum 1
2012,1,24,PIT,David DeCastro,OG,22,FALSE,2,6,8,9,69,125,8.1,7.666666666666667,Stratum 2
2012,1,25,NWE,Dont'a Hightower,LB,22,FALSE,0,2,8,10,65,117,5.61,6.5,Stratum 1
2012,1,26,HOU,Whitney Mercilus,DE,22,FALSE,0,0,8,10,49,138,8.69,4.9,Stratum 3
2012,1,27,CIN,Kevin Zeitler,OG,22,FALSE,0,1,14,14,67,214,7.66,4.785714285714286,Stratum 2
2012,1,28,GNB,Nick Perry,DE,22,FALSE,0,0,3,7,22,81,9.38,3.142857142857143,Stratum 3
2012,1,30,SFO,A.J. Jenkins,WR,22,FALSE,0,0,0,3,2,28,8.96,0.6666666666666666,Stratum 3
2012,1,31,TAM,Doug Martin,RB,23,FALSE,1,2,7,7,39,84,8.27,5.571428571428571,Stratum 3
2012,1,32,NYG,David Wilson,RB,21,FALSE,0,0,0,2,5,21,8.78,2.5,Stratum 3
2012,2,33,STL,Brian Quick,WR,23,FALSE,0,0,0,7,11,84,6.02,1.5714285714285714,Stratum 1
2012,2,34,IND,Coby Fleener,TE,23,FALSE,0,0,4,6,25,87,9.77,4.166666666666667,Stratum 4
2012,2,36,DEN,Derek Wolfe,DT,22,FALSE,0,0,9,9,48,122,9.86,5.333333333333333,Stratum 4
2012,2,37,CLE,Mitchell Schwartz,OT,23,FALSE,1,0,8,9,75,134,2.29,8.333333333333334,Stratum 1
2012,2,40,CAR,Amini Silatolu,OG,23,FALSE,0,0,1,7,18,54,5.92,2.5714285714285716,Stratum 1
2012,2,42,MIA,Jonathan Martin,OT,22,FALSE,0,0,2,3,14,38,7.57,4.666666666666667,Stratum 2
2012,2,43,NYJ,Stephen Hill,WR,21,FALSE,0,0,2,2,4,23,9.63,2,Stratum 4
2012,2,44,KAN,Jeff Allen,OT,22,FALSE,0,0,4,8,27,84,3.74,3.375,Stratum 1
2012,2,45,CHI,Alshon Jeffery,WR,22,FALSE,0,1,8,9,48,109,9.01,5.333333333333333,Stratum 3
2012,2,46,PHI,Mychal Kendricks,LB,21,FALSE,0,0,7,9,38,104,9.69,4.222222222222222,Stratum 4
2012,2,47,SEA,Bobby Wagner,LB,22,FALSE,6,10,14,14,129,219,9.39,9.214285714285714,Stratum 3
2012,2,49,SDG,Kendall Reyes,DT,22,FALSE,0,0,3,5,22,76,9.9,4.4,Stratum 4
2012,2,50,STL,Isaiah Pead,RB,22,FALSE,0,0,0,5,1,30,6.12,0.2,Stratum 1
2012,2,51,GNB,Jerel Worthy,DT,22,FALSE,0,0,0,7,4,40,7.61,0.5714285714285714,Stratum 2
2012,2,52,TEN,Zach Brown,LB,22,FALSE,0,1,5,8,41,100,7.59,5.125,Stratum 2
2012,2,53,CIN,Devon Still,DT,23,FALSE,0,0,0,5,3,33,7.66,0.6,Stratum 2
2012,2,56,PIT,Mike Adams,OT,22,FALSE,0,0,1,5,11,53,4.5,2.2,Stratum 1
2012,2,58,TAM,Lavonte David,LB,22,FALSE,1,1,14,14,93,215,7.21,6.642857142857143,Stratum 2
2012,2,59,PHI,Vinny Curry,DE,24,FALSE,0,0,1,11,22,134,6.15,2,Stratum 1
2012,2,60,BAL,Kelechi Osemele,OT,23,FALSE,1,2,6,9,47,101,5.66,5.222222222222222,Stratum 1
2012,2,61,SFO,LaMichael James,RB,22,FALSE,0,0,0,4,2,18,7.26,0.5,Stratum 2
2012,2,63,NYG,Rueben Randle,WR,21,FALSE,0,0,2,4,21,64,5.76,5.25,Stratum 1
2012,3,64,IND,Dwayne Allen,TE,22,FALSE,0,0,4,7,12,86,4.73,1.7142857142857142,Stratum 1
2012,3,67,DEN,Ronnie Hillman,RB,20,FALSE,0,0,1,5,17,56,6.82,3.4,Stratum 2
2012,3,68,HOU,DeVier Posey,WR,22,FALSE,0,0,0,3,2,26,8.77,0.6666666666666666,Stratum 3
2012,3,69,BUF,T.J. Graham,WR,23,FALSE,0,0,1,4,7,47,5.64,1.75,Stratum 1
2012,3,71,WAS,Josh LeRibeus,OG,23,FALSE,0,0,1,7,11,50,5.74,1.5714285714285714,Stratum 1
2012,3,74,KAN,Donald Stephenson,OT,23,FALSE,0,0,1,6,18,80,9.38,3,Stratum 3
2012,3,75,SEA,Russell Wilson,QB,23,FALSE,0,10,12,14,140,205,8.8,10,Stratum 3
2012,3,76,HOU,Brandon Brooks,OG,23,FALSE,0,3,7,10,50,114,9.98,5,Stratum 4
2012,3,77,NYJ,Demario Davis,LB,23,FALSE,1,2,13,14,104,227,8.99,7.428571428571429,Stratum 3
2012,3,78,MIA,Michael Egnew,TE,22,FALSE,0,0,0,2,0,18,9.28,0,Stratum 3
2012,3,81,DAL,Tyrone Crawford,DE,22,FALSE,0,0,5,9,34,112,7.39,3.7777777777777777,Stratum 2
2012,3,82,TEN,Mike Martin,DT,22,FALSE,0,0,0,4,6,46,9.91,1.5,Stratum 4
2012,3,83,CIN,Mohamed Sanu,WR,23,FALSE,0,0,5,10,41,136,6.47,4.1,Stratum 2
2012,3,84,BAL,Bernard Pierce,RB,21,FALSE,0,0,0,4,10,52,8.37,2.5,Stratum 3
2012,3,86,PIT,Sean Spence,LB,22,FALSE,0,0,1,6,13,53,4.25,2.1666666666666665,Stratum 1
2012,3,87,CLE,John Hughes,DT,24,FALSE,0,0,0,6,10,66,5.75,1.6666666666666667,Stratum 1
2012,3,88,PHI,Nick Foles,QB,23,FALSE,0,1,3,11,32,71,4.35,2.909090909090909,Stratum 1
2012,3,90,NWE,Jake Bequette,DE,23,FALSE,0,0,0,2,0,8,8.99,0,Stratum 3
2012,3,91,ATL,Lamar Holmes,OT,23,FALSE,0,0,1,3,10,21,4.99,3.3333333333333335,Stratum 1
2012,3,92,IND,T.Y. Hilton,WR,22,FALSE,0,4,8,11,72,146,5.29,6.545454545454546,Stratum 1
2012,3,93,CIN,Brandon Thompson,DT,22,FALSE,0,0,0,4,7,39,5.9,1.75,Stratum 1
2012,3,95,OAK,Tony Bergstrom,OT,26,FALSE,0,0,0,9,12,86,6.55,1.3333333333333333,Stratum 2
2013,1,1,KAN,Eric Fisher,OT,22,FALSE,0,2,8,9,62,132,9.82,6.888888888888889,Stratum 4
2013,1,2,JAX,Luke Joeckel,OT,21,FALSE,0,0,3,5,21,50,7.49,4.2,Stratum 2
2013,1,4,PHI,Lane Johnson,OT,23,FALSE,2,6,12,13,89,168,9.96,6.846153846153846,Stratum 4
2013,1,5,DET,Ezekiel Ansah,DE,24,FALSE,0,1,5,8,39,93,9.79,4.875,Stratum 4
2013,1,6,CLE,Barkevious Mingo,LB,22,FALSE,0,0,2,8,24,126,9.82,3,Stratum 4
2013,1,7,ARI,Jonathan Cooper,OG,23,FALSE,0,0,2,6,16,46,7.7,2.6666666666666665,Stratum 2
2013,1,8,STL,Tavon Austin,WR,23,FALSE,0,0,4,9,26,113,6.45,2.888888888888889,Stratum 2
2013,1,10,TEN,Chance Warmack,OG,21,FALSE,0,0,3,6,22,68,2.16,3.6666666666666665,Stratum 1
2013,1,11,SDG,D.J. Fluker,OT,22,FALSE,0,0,7,8,43,108,3.12,5.375,Stratum 1
2013,1,13,NYJ,Sheldon Richardson,DT,22,FALSE,0,1,8,9,61,138,8.85,6.777777777777778,Stratum 3
2013,1,14,CAR,Star Lotulelei,DT,23,FALSE,0,0,7,9,48,119,3.69,5.333333333333333,Stratum 1
2013,1,16,BUF,EJ Manuel,QB,23,FALSE,0,0,1,5,10,30,9.7,2,Stratum 4
2013,1,17,PIT,Jarvis Jones,LB,23,FALSE,0,0,1,4,17,50,2.58,4.25,Stratum 1
2013,1,20,CHI,Kyle Long,OG,24,FALSE,0,3,6,7,40,77,9.84,5.714285714285714,Stratum 4
2013,1,21,CIN,Tyler Eifert,TE,22,FALSE,0,1,2,8,19,74,9.09,2.375,Stratum 3
2013,1,23,MIN,Sharrif Floyd,DT,21,FALSE,0,0,2,4,13,44,8.19,3.25,Stratum 2
2013,1,24,IND,Bjoern Werner,DE,23,FALSE,0,0,1,3,10,38,5.66,3.3333333333333335,Stratum 1
2013,1,26,GNB,Datone Jones,DE,23,FALSE,0,0,0,8,10,68,8.55,1.25,Stratum 3
2013,1,27,HOU,DeAndre Hopkins,WR,21,FALSE,3,5,10,13,84,195,4.94,6.461538461538462,Stratum 1
2013,1,28,DEN,Sylvester Williams,DT,24,FALSE,0,0,4,8,29,102,4.86,3.625,Stratum 1
2013,1,29,MIN,Cordarrelle Patterson,WR,22,FALSE,4,4,4,12,42,183,7.68,3.5,Stratum 2
2013,1,30,STL,Alec Ogletree,LB,21,FALSE,0,0,7,9,52,111,7.24,5.777777777777778,Stratum 2
2013,1,31,DAL,Travis Frederick,OC,22,FALSE,1,5,6,7,60,96,2.6,8.571428571428571,Stratum 1
2013,2,34,TEN,Justin Hunter,WR,22,FALSE,0,0,1,6,9,60,8.68,1.5,Stratum 3
2013,2,35,PHI,Zach Ertz,TE,22,FALSE,0,3,9,13,57,181,6.38,4.384615384615385,Stratum 2
2013,2,37,CIN,Giovani Bernard,RB,21,FALSE,0,0,2,10,42,135,7.4,4.2,Stratum 2
2013,2,38,SDG,Manti Te'o,LB,22,FALSE,0,0,4,8,20,62,4.94,2.5,Stratum 1
2013,2,39,NYJ,Geno Smith,QB,22,FALSE,0,2,6,13,57,109,9.48,4.384615384615385,Stratum 4
2013,2,41,BUF,Robert Woods,WR,21,FALSE,0,0,10,12,59,171,3.55,4.916666666666667,Stratum 1
2013,2,42,OAK,Menelik Watson,OT,24,FALSE,0,0,2,5,9,34,2.33,1.8,Stratum 1
2013,2,44,CAR,Kawann Short,DT,24,FALSE,0,2,5,8,41,99,4.98,5.125,Stratum 1
2013,2,45,ARI,Kevin Minter,LB,22,FALSE,0,0,3,9,27,123,3.79,3,Stratum 1
2013,2,46,BUF,Kiko Alonso,LB,23,FALSE,0,0,4,7,33,86,7.84,4.714285714285714,Stratum 2
2013,2,47,DAL,Gavin Escobar,TE,22,FALSE,0,0,0,5,2,64,6.22,0.4,Stratum 2
2013,2,48,PIT,Le'Veon Bell,RB,21,FALSE,2,3,5,9,61,96,8.88,6.777777777777778,Stratum 3
2013,2,49,NYG,Johnathan Hankins,DT,21,FALSE,0,0,10,12,50,169,2.8,4.166666666666667,Stratum 1
2013,2,52,NWE,Jamie Collins,LB,23,FALSE,0,1,7,10,58,125,9.33,5.8,Stratum 3
2013,2,53,CIN,Margus Hunt,DE,26,FALSE,0,0,1,9,18,114,9.93,2,Stratum 4
2013,2,55,SFO,Vance McDonald,TE,23,FALSE,0,0,6,8,14,101,8.08,1.75,Stratum 2
2013,2,56,BAL,Arthur Brown,LB,20,FALSE,0,0,0,4,3,48,7,0.75,Stratum 2
2013,2,58,DEN,Montee Ball,RB,22,FALSE,0,0,0,2,7,21,3.86,3.5,Stratum 1
2013,2,59,NWE,Aaron Dobson,WR,22,FALSE,0,0,1,3,6,24,8.52,2,Stratum 3
2013,2,61,GNB,Eddie Lacy,RB,23,FALSE,0,1,3,5,36,60,4.58,7.2,Stratum 1
2013,2,62,SEA,Christine Michael,RB,22,FALSE,0,0,1,6,9,38,9.79,1.5,Stratum 4
2013,3,63,KAN,Travis Kelce,TE,23,FALSE,4,11,12,13,94,192,9.29,7.230769230769231,Stratum 3
2013,3,65,DET,Larry Warford,OG,22,FALSE,0,3,7,7,52,101,2.11,7.428571428571429,Stratum 1
2013,3,66,OAK,Sio Moore,LB,23,FALSE,0,0,2,4,14,46,8.48,3.5,Stratum 3
2013,3,67,PHI,Bennie Logan,DT,23,FALSE,0,0,5,6,28,89,4.78,4.666666666666667,Stratum 1
2013,3,72,NYJ,Brian Winters,OG,22,FALSE,0,0,7,9,31,107,8.06,3.4444444444444446,Stratum 2
2013,3,73,TAM,Mike Glennon,QB,23,FALSE,0,0,1,9,9,40,2.78,1,Stratum 1
2013,3,74,DAL,Terrance Williams,WR,23,FALSE,0,0,4,6,27,83,4.76,4.5,Stratum 1
2013,3,75,NOR,Terron Armstead,OT,22,FALSE,0,5,10,12,67,135,9.58,5.583333333333333,Stratum 4
2013,3,78,BUF,Marquise Goodwin,WR,22,FALSE,0,0,3,11,24,114,9.27,2.1818181818181817,Stratum 3
2013,3,79,PIT,Markus Wheaton,WR,22,FALSE,0,0,2,6,13,59,8.38,2.1666666666666665,Stratum 3
2013,3,81,NYG,Damontre Moore,DE,20,FALSE,0,0,0,8,5,66,5.51,0.625,Stratum 1
2013,3,82,NOR,John Jenkins,DT,24,FALSE,0,0,4,13,32,167,3.24,2.4615384615384617,Stratum 1
2013,3,85,WAS,Jordan Reed,TE,23,FALSE,0,1,3,8,25,75,3.76,3.125,Stratum 1
2013,3,86,IND,Hugh Thornton,OG,22,FALSE,0,0,3,3,16,37,9.6,5.333333333333333,Stratum 4
2013,3,87,SEA,Jordan Hill,DT,22,FALSE,0,0,0,4,6,31,3,1.5,Stratum 1
2013,3,88,SFO,Corey Lemonier,DE,21,FALSE,0,0,0,4,4,51,9.05,1,Stratum 3
2013,3,92,STL,Stedman Bailey,WR,22,FALSE,0,0,0,3,7,38,5.64,2.3333333333333335,Stratum 1
2013,3,94,BAL,Brandon Williams,DT,24,FALSE,0,1,8,10,52,128,1.79,5.2,Stratum 1
2013,3,95,HOU,Sam Montgomery,DE,23,FALSE,0,0,0,NA,0,NA,6.31,NA,Stratum 2
2013,3,96,KAN,Knile Davis,RB,21,FALSE,0,0,0,4,10,57,9.45,2.5,Stratum 4
2013,3,97,TEN,Zaviar Gooden,LB,23,FALSE,0,0,0,4,4,32,9.78,1,Stratum 4
2014,1,1,HOU,Jadeveon Clowney,DE,21,FALSE,0,3,10,12,63,153,9.7,5.25,Stratum 4
2014,1,2,STL,Greg Robinson,OT,21,FALSE,0,0,5,6,24,83,9.3,4,Stratum 3
2014,1,3,JAX,Blake Bortles,QB,22,FALSE,0,0,5,6,44,78,7.67,7.333333333333333,Stratum 2
2014,1,4,BUF,Sammy Watkins,WR,21,FALSE,0,0,6,9,43,111,8.45,4.777777777777778,Stratum 3
2014,1,6,ATL,Jake Matthews,OT,22,FALSE,0,1,12,12,75,196,9.49,6.25,Stratum 4
2014,1,7,TAM,Mike Evans,WR,21,FALSE,0,6,11,12,80,176,7,6.666666666666667,Stratum 2
2014,1,9,MIN,Anthony Barr,LB,22,FALSE,0,4,7,10,56,116,8.63,5.6,Stratum 3
2014,1,10,DET,Eric Ebron,TE,21,FALSE,0,1,4,8,29,106,7.71,3.625,Stratum 2
2014,1,11,TEN,Taylor Lewan,OT,23,FALSE,0,3,7,9,48,105,10,5.333333333333333,Stratum 4
2014,1,13,STL,Aaron Donald,DT,23,FALSE,8,10,10,10,123,154,9.66,12.3,Stratum 4
2014,1,15,PIT,Ryan Shazier,LB,22,FALSE,0,2,3,4,27,46,9.88,6.75,Stratum 4
2014,1,16,DAL,Zack Martin,OG,23,FALSE,7,9,11,11,103,162,9.08,9.363636363636363,Stratum 3
2014,1,17,BAL,C.J. Mosley,LB,22,FALSE,0,5,8,11,81,133,6.38,7.363636363636363,Stratum 2
2014,1,19,MIA,Ja'Wuan James,OT,22,FALSE,0,0,4,9,27,66,7.29,3,Stratum 2
2014,1,20,NOR,Brandin Cooks,WR,20,FALSE,0,0,10,12,73,173,9.14,6.083333333333333,Stratum 3
2014,1,22,CLE,Johnny Manziel,QB,21,FALSE,0,0,0,2,4,14,8.34,2,Stratum 3
2014,1,28,CAR,Kelvin Benjamin,WR,23,FALSE,0,0,4,5,22,61,3.49,4.4,Stratum 1
2014,1,32,MIN,Teddy Bridgewater,QB,21,FALSE,0,1,4,12,49,83,7.16,4.083333333333333,Stratum 2
2014,2,33,HOU,Xavier Su'a-Filo,OG,23,FALSE,0,0,3,8,24,83,8.43,3,Stratum 3
2014,2,35,CLE,Joel Bitonio,OG,22,FALSE,2,7,11,12,75,178,9.72,6.25,Stratum 4
2014,2,36,OAK,Derek Carr,QB,23,FALSE,0,4,11,11,93,169,8.52,8.454545454545455,Stratum 3
2014,2,39,JAX,Marqise Lee,WR,22,FALSE,0,0,2,6,17,59,7.11,2.8333333333333335,Stratum 2
2014,2,40,DET,Kyle Van Noy,LB,23,FALSE,0,1,8,12,62,173,7.5,5.166666666666667,Stratum 2
2014,2,42,PHI,Jordan Matthews,WR,22,FALSE,0,0,3,11,23,81,9.38,2.090909090909091,Stratum 3
2014,2,44,BUF,Cyrus Kouandjio,OT,21,FALSE,0,0,0,5,6,30,3.02,1.2,Stratum 1
2014,2,45,SEA,Paul Richardson,WR,22,FALSE,0,0,3,6,14,64,7.63,2.3333333333333335,Stratum 2
2014,2,48,BAL,Timmy Jernigan,DT,21,FALSE,0,0,4,7,25,76,4.53,3.5714285714285716,Stratum 1
2014,2,49,NYJ,Jace Amaro,TE,22,FALSE,0,0,0,3,4,17,8.8,1.3333333333333333,Stratum 3
2014,2,50,SDG,Jeremiah Attaochu,LB,21,FALSE,0,0,1,9,15,82,8.33,1.6666666666666667,Stratum 3
2014,2,51,CHI,Ego Ferguson,DT,22,FALSE,0,0,0,2,2,20,4.75,1,Stratum 1
2014,2,52,ARI,Troy Niklas,TE,21,FALSE,0,0,1,4,1,41,7.04,0.25,Stratum 2
2014,2,53,GNB,Davante Adams,WR,21,FALSE,3,6,11,12,92,178,6.54,7.666666666666667,Stratum 2
2014,2,54,TEN,Bishop Sankey,RB,21,FALSE,0,0,1,2,6,29,9.72,3,Stratum 4
2014,2,55,CIN,Jeremy Hill,RB,21,FALSE,0,0,3,5,21,55,2.29,4.2,Stratum 1
2014,2,56,DEN,Cody Latimer,WR,21,FALSE,0,0,1,6,6,66,9.93,1,Stratum 4
2014,2,57,SFO,Carlos Hyde,RB,23,FALSE,0,0,4,8,32,102,4.23,4,Stratum 1
2014,2,60,CAR,Kony Ealy,DE,22,FALSE,0,0,0,5,12,65,5.99,2.4,Stratum 1
2014,2,61,JAX,Allen Robinson,WR,21,FALSE,0,1,8,11,48,139,8.86,4.363636363636363,Stratum 3
2014,2,62,NWE,Jimmy Garoppolo,QB,22,FALSE,0,0,3,12,47,85,4.99,3.9166666666666665,Stratum 1
2014,2,63,MIA,Jarvis Landry,WR,21,FALSE,0,5,8,9,56,132,0.27,6.222222222222222,Stratum 1
2014,2,64,SEA,Justin Britt,OT,23,FALSE,0,0,7,9,41,99,6.69,4.555555555555555,Stratum 2
2014,3,65,HOU,C.J. Fiedorowicz,TE,22,FALSE,0,0,2,4,6,51,8.95,1.5,Stratum 3
2014,3,67,MIA,Billy Turner,OT,22,FALSE,0,0,5,10,35,105,7.16,3.5,Stratum 2
2014,3,69,TAM,Charles Sims,RB,23,FALSE,0,0,0,4,13,47,8.58,3.25,Stratum 3
2014,3,70,SFO,Marcus Martin,OC,20,FALSE,0,0,2,7,11,29,4.92,1.5714285714285714,Stratum 1
2014,3,71,CLE,Christian Kirksey,LB,22,FALSE,0,0,5,9,40,114,7.4,4.444444444444445,Stratum 2
2014,3,72,MIN,Scott Crichton,DE,22,FALSE,0,0,0,2,2,21,6.42,1,Stratum 2
2014,3,73,BUF,Preston Brown,LB,21,FALSE,0,0,6,6,34,81,5.2,5.666666666666667,Stratum 1
2014,3,74,NYG,Jay Bromley,DT,22,FALSE,0,0,0,5,5,57,7.2,1,Stratum 2
2014,3,75,STL,Tre Mason,RB,21,FALSE,0,0,1,2,8,25,8.94,4,Stratum 3
2014,3,76,DET,Travis Swanson,OC,23,FALSE,0,0,4,5,23,65,3.95,4.6,Stratum 1
2014,3,77,SFO,Chris Borland,LB,23,FALSE,0,0,1,1,6,14,4.67,6,Stratum 1
2014,3,81,OAK,Gabe Jackson,OG,23,FALSE,0,0,9,10,47,136,4.98,4.7,Stratum 1
2014,3,82,CHI,Will Sutton,DT,22,FALSE,0,0,2,3,8,36,0.75,2.6666666666666665,Stratum 1
2014,3,84,ARI,Kareem Martin,DE,22,FALSE,0,0,2,7,12,78,9.84,1.7142857142857142,Stratum 4
2014,3,85,GNB,Khyri Thornton,DT,24,FALSE,0,0,0,4,3,23,6.38,0.75,Stratum 2
2014,3,86,PHI,Josh Huff,WR,22,FALSE,0,0,0,3,6,37,6.61,2,Stratum 2
2014,3,88,CIN,Will Clarke,DE,23,FALSE,0,0,0,5,6,53,6.76,1.2,Stratum 2
2014,3,89,SDG,Chris Watt,OG,24,FALSE,0,0,0,2,5,17,4.67,2.5,Stratum 1
2014,3,90,IND,Donte Moncrief,WR,21,FALSE,0,0,3,7,18,83,9.46,2.5714285714285716,Stratum 4
2014,3,91,ARI,John Brown,WR,24,FALSE,0,0,5,9,36,103,6.46,4,Stratum 2
2014,3,91,ARI,John Brown,WR,24,FALSE,0,0,5,9,36,103,8.22,4,Stratum 3
2014,3,92,CAR,Trai Turner,OG,21,FALSE,0,5,9,9,51,126,6.78,5.666666666666667,Stratum 2
2014,3,93,JAX,Brandon Linder,OG,22,FALSE,0,0,6,8,31,88,6.24,3.875,Stratum 2
2014,3,94,CLE,Terrance West,RB,23,FALSE,0,0,2,4,11,43,3.91,2.75,Stratum 1
2014,3,96,MIN,Jerick McKinnon,RB,22,FALSE,0,0,1,10,32,116,9.78,3.2,Stratum 4
2014,3,97,PIT,Dri Archer,WR,23,FALSE,0,0,0,2,0,20,8.98,0,Stratum 3
2014,3,98,GNB,Richard Rodgers,TE,22,FALSE,0,0,2,9,14,98,4.57,1.5555555555555556,Stratum 1
2014,3,99,BAL,Crockett Gillmore,TE,22,FALSE,0,0,1,3,4,32,5.75,1.3333333333333333,Stratum 1
2014,3,100,SFO,Brandon Thomas,OG,23,FALSE,0,0,0,NA,0,NA,6.26,NA,Stratum 2
2015,1,1,TAM,Jameis Winston,QB,21,FALSE,0,1,5,11,63,108,4.25,5.7272727272727275,Stratum 1
2015,1,2,TEN,Marcus Mariota,QB,21,FALSE,0,0,5,11,60,104,9.94,5.454545454545454,Stratum 4
2015,1,4,OAK,Amari Cooper,WR,21,FALSE,0,5,9,10,66,154,8.57,6.6,Stratum 3
2015,1,7,CHI,Kevin White,WR,23,FALSE,0,0,0,8,3,30,9.72,0.375,Stratum 4
2015,1,9,NYG,Ereck Flowers,OT,21,FALSE,0,0,7,7,35,105,5.92,5,Stratum 1
2015,1,11,MIN,Trae Waynes,CB,23,FALSE,0,0,3,7,18,79,8.38,2.5714285714285716,Stratum 3
2015,1,12,CLE,Danny Shelton,DT,22,FALSE,0,0,5,8,33,101,2.23,4.125,Stratum 1
2015,1,13,NOR,Andrus Peat,OT,21,FALSE,0,3,7,11,53,132,8.54,4.818181818181818,Stratum 3
2015,1,14,MIA,DeVante Parker,WR,22,FALSE,0,0,6,9,36,119,9.75,4,Stratum 4
2015,1,15,SDG,Melvin Gordon,RB,22,FALSE,0,2,7,9,51,112,8.74,5.666666666666667,Stratum 3
2015,1,16,HOU,Kevin Johnson,CB,23,FALSE,0,0,0,6,11,64,9.16,1.8333333333333333,Stratum 3
2015,1,18,KAN,Marcus Peters,CB,22,FALSE,2,3,7,9,63,116,7.21,7,Stratum 2
2015,1,19,CLE,Cameron Erving,OC,23,FALSE,0,0,3,9,28,98,9.29,3.111111111111111,Stratum 3
2015,1,20,PHI,Nelson Agholor,WR,22,FALSE,0,0,7,10,36,149,7.38,3.6,Stratum 2
2015,1,23,DEN,Shane Ray,DE,22,FALSE,0,0,1,4,12,49,5.23,3,Stratum 1
2015,1,24,ARI,D.J. Humphries,OT,21,FALSE,0,1,7,11,45,108,7.73,4.090909090909091,Stratum 2
2015,1,25,CAR,Shaq Thompson,LB,21,FALSE,0,0,8,11,43,135,5.75,3.909090909090909,Stratum 1
2015,1,26,BAL,Breshad Perriman,WR,21,FALSE,0,0,1,8,15,80,9.95,1.875,Stratum 4
2015,1,27,DAL,Byron Jones,CB,22,FALSE,0,1,7,7,38,109,10,5.428571428571429,Stratum 4
2015,1,28,DET,Laken Tomlinson,OG,23,FALSE,0,1,10,11,55,173,4.53,5,Stratum 1
2015,1,29,IND,Phillip Dorsett,WR,22,FALSE,0,0,0,9,16,94,8.47,1.7777777777777777,Stratum 3
2015,1,30,GNB,Damarious Randall,S,23,FALSE,0,0,5,6,21,75,8.43,3.5,Stratum 3
2015,1,31,NOR,Stephone Anthony,LB,23,FALSE,0,0,1,5,10,62,9.91,2,Stratum 4
2015,1,32,NWE,Malcom Brown,DT,21,FALSE,0,0,6,7,43,106,5.99,6.142857142857143,Stratum 1
2015,2,33,NYG,Landon Collins,S,21,FALSE,1,3,6,8,42,100,6.49,5.25,Stratum 2
2015,2,34,TAM,Donovan Smith,OT,22,FALSE,0,0,9,9,57,136,8.08,6.333333333333333,Stratum 2
2015,2,35,OAK,Mario Edwards,DT,21,FALSE,0,0,2,11,25,141,9.1,2.272727272727273,Stratum 3
2015,2,36,JAX,T.J. Yeldon,RB,21,FALSE,0,0,2,6,20,60,7.05,3.3333333333333335,Stratum 2
2015,2,37,NYJ,Devin Smith,WR,23,FALSE,0,0,0,7,2,22,8.61,0.2857142857142857,Stratum 3
2015,2,38,WAS,Preston Smith,DE,22,FALSE,0,0,8,11,55,176,9.8,5,Stratum 4
2015,2,39,CHI,Eddie Goldman,DT,21,FALSE,0,0,4,11,36,111,2.01,3.272727272727273,Stratum 1
2015,2,40,TEN,Dorial Green-Beckham,WR,22,FALSE,0,0,0,2,7,31,6.3,3.5,Stratum 2
2015,2,41,CAR,Devin Funchess,WR,21,FALSE,0,0,2,5,20,62,5.26,4,Stratum 1
2015,2,42,ATL,Jalen Collins,CB,22,FALSE,0,0,0,2,4,24,8.29,2,Stratum 3
2015,2,43,HOU,Benardrick McKinney,LB,22,FALSE,0,1,5,7,44,91,8.78,6.285714285714286,Stratum 3
2015,2,45,MIN,Eric Kendricks,LB,23,FALSE,1,1,10,11,64,150,8.4,5.818181818181818,Stratum 3
2015,2,46,SFO,Jaquiski Tartt,S,23,FALSE,0,0,4,7,21,80,6.31,3,Stratum 2
2015,2,47,PHI,Eric Rowe,CB,22,FALSE,0,0,2,9,21,103,9.96,2.3333333333333335,Stratum 4
2015,2,48,SDG,Denzel Perryman,LB,22,FALSE,0,1,8,11,45,129,3.5,4.090909090909091,Stratum 1
2015,2,50,BUF,Ronald Darby,CB,21,FALSE,0,0,8,10,34,118,9.1,3.4,Stratum 3
2015,2,51,CLE,Nate Orchard,DE,22,FALSE,0,0,1,7,8,48,5.9,1.1428571428571428,Stratum 1
2015,2,52,MIA,Jordan Phillips,DT,22,FALSE,0,0,5,11,32,140,6.02,2.909090909090909,Stratum 1
2015,2,53,CIN,Jake Fisher,OT,22,FALSE,0,0,0,4,9,48,9.72,2.25,Stratum 4
2015,2,54,DET,Ameer Abdullah,RB,22,FALSE,0,0,2,11,22,154,8.66,2,Stratum 3
2015,2,55,BAL,Maxx Williams,TE,21,FALSE,0,0,2,8,8,83,4.18,1,Stratum 1
2015,2,56,PIT,Senquez Golson,CB,22,FALSE,0,0,0,NA,0,NA,4.38,NA,Stratum 1
2015,2,57,STL,Rob Havenstein,OT,23,FALSE,0,0,10,11,58,148,2.35,5.2727272727272725,Stratum 1
2015,2,58,ARI,Markus Golden,DE,24,FALSE,0,0,4,9,33,127,1.99,3.6666666666666665,Stratum 1
2015,2,59,DEN,Ty Sambrailo,OT,23,FALSE,0,0,0,7,14,71,5.88,2,Stratum 1
2015,2,62,GNB,Quinten Rollins,CB,23,FALSE,0,0,0,3,7,33,4.71,2.3333333333333335,Stratum 1
2015,2,63,SEA,Frank Clark,DE,22,FALSE,0,3,6,9,49,128,8.15,5.444444444444445,Stratum 2
2015,2,64,NWE,Jordan Richards,S,22,FALSE,0,0,1,7,10,86,2.54,1.4285714285714286,Stratum 1
2015,3,65,IND,D'Joun Smith,CB,22,FALSE,0,0,0,2,0,5,7.1,0,Stratum 2
2015,3,68,OAK,Clive Walford,TE,23,FALSE,0,0,1,5,7,52,4.17,1.4,Stratum 1
2015,3,69,SEA,Tyler Lockett,WR,22,FALSE,1,1,10,11,68,178,7.71,6.181818181818182,Stratum 2
2015,3,70,HOU,Jaelen Strong,WR,21,FALSE,0,0,0,3,2,20,9.14,0.6666666666666666,Stratum 3
2015,3,71,CHI,Hroniss Grasu,OC,24,FALSE,0,0,1,9,8,33,7.83,0.8888888888888888,Stratum 2
2015,3,72,STL,Jamon Brown,OT,22,FALSE,0,0,3,6,21,62,8.73,3.5,Stratum 3
2015,3,73,ATL,Tevin Coleman,RB,22,FALSE,0,0,2,8,33,94,9.72,4.125,Stratum 4
2015,3,74,NYG,Owamagbe Odighizuwa,DE,23,FALSE,0,0,0,2,1,18,9.71,0.5,Stratum 4
2015,3,75,NOR,Garrett Grayson,QB,24,FALSE,0,0,0,NA,0,NA,8.38,NA,Stratum 3
2015,3,76,KAN,Chris Conley,WR,22,FALSE,0,0,3,10,23,132,9.68,2.3,Stratum 4
2015,3,77,CLE,Duke Johnson,RB,21,FALSE,0,0,0,8,28,97,6.98,3.5,Stratum 2
2015,3,78,NOR,P.J. Williams,CB,22,FALSE,0,0,2,8,19,89,7.27,2.375,Stratum 2
2015,3,80,DET,Alex Carter,CB,20,FALSE,0,0,0,4,0,2,8.17,0,Stratum 2
2015,3,81,BUF,John Miller,OG,22,FALSE,0,0,5,8,31,87,3.74,3.875,Stratum 1
2015,3,82,NYJ,Lorenzo Mauldin,LB,22,FALSE,0,0,0,2,4,26,3.59,2,Stratum 1
2015,3,83,SDG,Craig Mager,CB,23,FALSE,0,0,0,4,4,24,9.81,1,Stratum 4
2015,3,84,PHI,Jordan Hicks,LB,23,FALSE,0,0,9,10,53,134,9.35,5.3,Stratum 3
2015,3,85,CIN,Tyler Kroft,TE,22,FALSE,0,0,2,9,9,100,6.82,1,Stratum 2
2015,3,86,ARI,David Johnson,RB,23,FALSE,1,1,3,8,42,92,9.84,5.25,Stratum 4
2015,3,87,PIT,Sammie Coates,WR,22,FALSE,0,0,0,4,4,44,9.86,1,Stratum 4
2015,3,88,MIN,Danielle Hunter,DE,20,FALSE,0,5,7,11,83,153,9.88,7.545454545454546,Stratum 4
2015,3,89,STL,Sean Mannion,QB,23,FALSE,0,0,0,7,2,14,3.18,0.2857142857142857,Stratum 1
2015,3,90,BAL,Carl Davis,DT,23,FALSE,0,0,1,10,13,78,8.7,1.3,Stratum 3
2015,3,91,DAL,Chaz Green,OT,23,FALSE,0,0,0,7,7,39,7.16,1,Stratum 2
2015,3,92,DEN,Jeff Heuerman,TE,22,FALSE,0,0,3,5,5,51,9.17,1,Stratum 3
2015,3,93,IND,Henry Anderson,DE,24,FALSE,0,0,4,8,21,89,6.15,2.625,Stratum 1
2015,3,94,GNB,Ty Montgomery,WR,22,FALSE,0,0,1,9,17,92,7.75,1.8888888888888888,Stratum 2
2015,3,95,WAS,Matt Jones,RB,22,FALSE,0,0,0,3,9,25,5.23,3,Stratum 1
2015,3,96,CLE,Xavier Cooper,DT,23,FALSE,0,0,0,3,4,40,9.54,1.3333333333333333,Stratum 4
2015,3,98,KAN,Steven Nelson,CB,22,FALSE,0,0,7,9,36,130,7.03,4,Stratum 2
2015,3,99,CIN,Paul Dawson,LB,22,FALSE,0,0,0,3,1,16,1.29,0.3333333333333333,Stratum 1
2016,1,1,LAR,Jared Goff,QB,21,FALSE,0,5,9,10,106,151,6.09,10.6,Stratum 1
2016,1,2,PHI,Carson Wentz,QB,23,FALSE,0,1,6,10,63,103,9.63,6.3,Stratum 4
2016,1,3,SDG,Joey Bosa,DE,21,FALSE,0,5,7,10,62,122,8.9,6.2,Stratum 3
2016,1,4,DAL,Ezekiel Elliott,RB,21,FALSE,1,3,7,9,68,135,8.65,7.555555555555555,Stratum 3
2016,1,5,JAX,Jalen Ramsey,CB,21,FALSE,3,8,10,10,84,152,9.82,8.4,Stratum 4
2016,1,6,BAL,Ronnie Stanley,OT,22,FALSE,1,2,8,10,64,120,5.99,6.4,Stratum 1
2016,1,8,TEN,Jack Conklin,OT,22,FALSE,2,0,6,10,55,114,9.24,5.5,Stratum 3
2016,1,9,CHI,Leonard Floyd,LB,23,FALSE,0,0,10,10,63,153,9.81,6.3,Stratum 4
2016,1,10,NYG,Eli Apple,CB,21,FALSE,0,0,5,10,28,104,9,2.8,Stratum 3
2016,1,11,TAM,Vernon Hargreaves III,CB,21,FALSE,0,0,4,6,18,69,9.26,3,Stratum 3
2016,1,12,NOR,Sheldon Rankins,DT,22,FALSE,0,0,6,10,41,133,8.5,4.1,Stratum 3
2016,1,15,CLE,Corey Coleman,WR,22,FALSE,0,0,2,3,6,27,9.66,2,Stratum 4
2016,1,16,DET,Taylor Decker,OT,23,FALSE,0,1,9,10,59,140,7.18,5.9,Stratum 2
2016,1,17,ATL,Keanu Neal,S,21,FALSE,0,1,3,8,25,89,6.11,3.125,Stratum 1
2016,1,18,IND,Ryan Kelly,OC,23,FALSE,0,4,9,10,56,129,9.54,5.6,Stratum 4
2016,1,19,BUF,Shaq Lawson,DE,22,FALSE,0,0,1,9,24,110,9.09,2.6666666666666665,Stratum 3
2016,1,20,NYJ,Darron Lee,LB,21,FALSE,0,0,3,5,19,58,8.54,3.8,Stratum 3
2016,1,21,HOU,Will Fuller,WR,22,FALSE,0,0,5,6,24,55,7.17,4,Stratum 2
2016,1,22,WAS,Josh Doctson,WR,23,FALSE,0,0,2,4,9,34,9.41,2.25,Stratum 4
2016,1,23,MIN,Laquon Treadwell,WR,21,FALSE,0,0,2,10,8,93,3.33,0.8,Stratum 1
2016,1,25,PIT,Artie Burns,CB,21,FALSE,0,0,1,9,17,90,5,1.8888888888888888,Stratum 1
2016,1,26,DEN,Paxton Lynch,QB,22,FALSE,0,0,0,2,2,5,8.97,1,Stratum 3
2016,1,27,GNB,Kenny Clark,DT,20,FALSE,0,3,9,10,63,157,7.54,6.3,Stratum 2
2016,1,28,SFO,Joshua Garnett,OG,22,FALSE,0,0,1,5,5,25,7.68,1,Stratum 2
2016,1,29,ARI,Robert Nkemdiche,DT,21,FALSE,0,0,0,6,6,38,9.82,1,Stratum 4
2016,1,30,CAR,Vernon Butler,DT,22,FALSE,0,0,2,7,13,77,3.57,1.8571428571428572,Stratum 1
2016,2,32,CLE,Emmanuel Ogbah,DE,22,FALSE,0,0,6,10,43,136,9.34,4.3,Stratum 3
2016,2,33,TEN,Kevin Dodd,DE,24,FALSE,0,0,0,2,2,18,5.59,1,Stratum 1
2016,2,35,SDG,Hunter Henry,TE,21,FALSE,0,0,8,10,37,136,6.32,3.7,Stratum 2
2016,2,37,KAN,Chris Jones,DT,22,FALSE,3,7,10,10,96,155,8.42,9.6,Stratum 3
2016,2,37,KAN,Chris Jones,DT,22,FALSE,3,7,10,10,96,155,4.57,9.6,Stratum 1
2016,2,38,MIA,Xavien Howard,CB,23,FALSE,1,4,7,10,58,104,4.27,5.8,Stratum 1
2016,2,39,TAM,Noah Spence,DE,22,FALSE,0,0,0,6,5,43,8.2,0.8333333333333334,Stratum 2
2016,2,40,NYG,Sterling Shepard,WR,23,FALSE,0,0,5,10,32,117,7.62,3.2,Stratum 2
2016,2,41,BUF,Reggie Ragland,LB,22,FALSE,0,0,3,7,22,79,4,3.142857142857143,Stratum 1
2016,2,42,BAL,Kamalei Correa,DE,22,FALSE,0,0,1,5,11,63,7.13,2.2,Stratum 2
2016,2,43,TEN,Austin Johnson,DT,22,FALSE,0,0,3,10,29,145,1.94,2.9,Stratum 1
2016,2,44,OAK,Jihad Ward,DE,22,FALSE,0,0,4,10,25,136,2.26,2.5,Stratum 1
2016,2,45,TEN,Derrick Henry,RB,22,FALSE,1,5,7,10,85,153,8.77,8.5,Stratum 3
2016,2,46,DET,A'Shawn Robinson,DT,21,FALSE,0,0,7,10,40,143,3.43,4,Stratum 1
2016,2,47,NOR,Michael Thomas,WR,23,FALSE,2,3,4,8,60,83,9.11,7.5,Stratum 3
2016,2,48,GNB,Jason Spriggs,OT,22,FALSE,0,0,0,6,9,59,9.78,1.5,Stratum 4
2016,2,49,SEA,Jarran Reed,DT,23,FALSE,0,0,8,10,48,152,3.9,4.8,Stratum 1
2016,2,51,NYJ,Christian Hackenberg,QB,21,FALSE,0,0,0,NA,0,NA,8.26,NA,Stratum 3
2016,2,52,ATL,Deion Jones,LB,21,FALSE,0,1,5,10,43,128,6.24,4.3,Stratum 2
2016,2,53,WAS,Su'a Cravens,LB,21,FALSE,0,0,0,3,5,16,4.71,1.6666666666666667,Stratum 1
2016,2,55,CIN,Tyler Boyd,WR,21,FALSE,0,0,5,9,48,136,4.27,5.333333333333333,Stratum 1
2016,2,56,CHI,Cody Whitehair,OG,24,FALSE,0,1,8,9,43,136,7.99,4.777777777777778,Stratum 2
2016,2,57,IND,T.J. Green,S,21,FALSE,0,0,0,6,6,41,8.94,1,Stratum 3
2016,2,60,NWE,Cyrus Jones,CB,22,FALSE,0,0,0,4,4,31,6.62,1,Stratum 2
2016,2,61,NOR,Vonn Bell,S,21,FALSE,0,0,7,9,37,139,3.68,4.111111111111111,Stratum 1
2016,2,62,CAR,James Bradberry,CB,23,FALSE,0,1,8,8,46,125,9.16,5.75,Stratum 3
2016,3,64,TEN,Kevin Byard,S,23,FALSE,3,3,9,10,66,164,7.91,6.6,Stratum 2
2016,3,65,CLE,Carl Nassib,DE,23,FALSE,0,0,1,7,20,99,7.8,2.857142857142857,Stratum 2
2016,3,67,DAL,Maliek Collins,DT,21,FALSE,0,0,10,10,51,148,7.78,5.1,Stratum 2
2016,3,69,JAX,Yannick Ngakoue,DE,21,FALSE,0,1,8,9,50,134,5.87,5.555555555555555,Stratum 1
2016,3,70,BAL,Bronson Kaufusi,DE,25,FALSE,0,0,0,4,2,9,8.02,0.5,Stratum 2
2016,3,71,NYG,Darian Thompson,S,22,FALSE,0,0,1,6,12,63,1.64,2,Stratum 1
2016,3,72,CHI,Jonathan Bullard,DT,22,FALSE,0,0,3,10,28,131,9.15,2.8,Stratum 3
2016,3,73,MIA,Kenyan Drake,RB,22,FALSE,0,0,2,8,33,104,6.98,4.125,Stratum 2
2016,3,75,OAK,Shilique Calhoun,DE,24,FALSE,0,0,0,5,5,51,8.26,1,Stratum 3
2016,3,77,CAR,Daryl Worley,CB,21,FALSE,0,0,4,9,22,99,5.45,2.4444444444444446,Stratum 1
2016,3,78,NWE,Joe Thuney,OG,23,FALSE,3,4,10,10,84,163,9.85,8.4,Stratum 4
2016,3,79,PHI,Isaac Seumalo,OG,22,FALSE,0,1,7,10,39,125,7.82,3.9,Stratum 2
2016,3,80,BUF,Adolphus Washington,DT,21,FALSE,0,0,2,3,9,35,1.7,3,Stratum 1
2016,3,81,ATL,Austin Hooper,TE,21,FALSE,0,2,5,10,33,155,8.15,3.3,Stratum 2
2016,3,82,IND,Le'Raven Clark,OT,23,FALSE,0,0,0,7,12,64,8.08,1.7142857142857142,Stratum 2
2016,3,83,NYJ,Jordan Jenkins,LB,22,FALSE,0,0,5,6,29,83,7.38,4.833333333333333,Stratum 2
2016,3,85,HOU,Braxton Miller,WR,23,FALSE,0,0,1,2,2,21,8.59,1,Stratum 3
2016,3,86,MIA,Leonte Carroo,WR,22,FALSE,0,0,0,3,2,37,6.96,0.6666666666666666,Stratum 2
2016,3,87,CIN,Nick Vigil,LB,23,FALSE,0,0,4,9,27,113,7.41,3,Stratum 2
2016,3,88,GNB,Kyler Fackrell,LB,24,FALSE,0,0,1,6,16,86,7.03,2.6666666666666665,Stratum 2
2016,3,89,PIT,Javon Hargrave,DT,23,FALSE,0,2,9,10,59,146,8.33,5.9,Stratum 3
2016,3,90,SEA,C.J. Prosise,RB,22,FALSE,0,0,0,5,5,35,8.07,1,Stratum 2
2016,3,91,NWE,Jacoby Brissett,QB,23,FALSE,0,0,4,10,42,101,4.53,4.2,Stratum 1
2016,3,92,ARI,Brandon Williams,CB,23,FALSE,0,0,0,5,4,51,8.11,0.8,Stratum 2
2016,3,92,ARI,Brandon Williams,CB,23,FALSE,0,0,0,5,4,51,0.51,0.8,Stratum 1
2016,3,93,CLE,Cody Kessler,QB,23,FALSE,0,0,1,3,5,17,4.09,1.6666666666666667,Stratum 1
2016,3,94,SEA,Nick Vannett,TE,23,FALSE,0,0,3,10,7,121,5.68,0.7,Stratum 1
2016,3,96,NWE,Vincent Valentine,DT,22,FALSE,0,0,0,3,2,16,5.2,0.6666666666666666,Stratum 1
2016,3,97,SEA,Rees Odhiambo,OG,23,FALSE,0,0,0,3,4,16,4.19,1.3333333333333333,Stratum 1
2016,3,98,DEN,Justin Simmons,S,22,FALSE,0,2,8,9,60,134,9.38,6.666666666666667,Stratum 3
2017,1,1,CLE,Myles Garrett,DE,21,FALSE,5,7,9,9,104,134,9.99,11.555555555555555,Stratum 4
2017,1,2,CHI,Mitchell Trubisky,QB,23,FALSE,0,1,4,9,40,82,8.51,4.444444444444445,Stratum 3
2017,1,3,SFO,Solomon Thomas,DE,21,FALSE,0,0,2,9,21,131,9.71,2.3333333333333335,Stratum 4
2017,1,4,JAX,Leonard Fournette,RB,22,FALSE,0,0,5,7,38,81,8.04,5.428571428571429,Stratum 2
2017,1,6,NYJ,Jamal Adams,S,21,FALSE,1,3,6,9,47,102,7.1,5.222222222222222,Stratum 2
2017,1,7,LAC,Mike Williams,WR,22,FALSE,0,0,4,8,38,106,8.66,4.75,Stratum 3
2017,1,7,LAC,Mike Williams,WR,22,FALSE,0,0,4,8,38,106,7.24,4.75,Stratum 2
2017,1,7,LAC,Mike Williams,WR,22,FALSE,0,0,4,8,38,106,6.52,4.75,Stratum 2
2017,1,7,LAC,Mike Williams,WR,22,FALSE,0,0,4,8,38,106,3.89,4.75,Stratum 1
2017,1,8,CAR,Christian McCaffrey,RB,21,FALSE,3,4,6,9,86,112,8.52,9.555555555555555,Stratum 3
2017,1,9,CIN,John Ross,WR,21,FALSE,0,0,1,8,7,38,9.5,0.875,Stratum 4
2017,1,10,KAN,Patrick Mahomes,QB,21,FALSE,2,6,8,9,115,126,8.22,12.777777777777779,Stratum 3
2017,1,11,NOR,Marshon Lattimore,CB,21,FALSE,0,4,7,9,43,108,9.99,4.777777777777778,Stratum 4
2017,1,12,HOU,Deshaun Watson,QB,21,FALSE,0,3,4,8,58,73,9.24,7.25,Stratum 3
2017,1,14,PHI,Derek Barnett,DE,21,FALSE,0,0,3,9,27,112,5.19,3,Stratum 1
2017,1,16,BAL,Marlon Humphrey,CB,21,FALSE,2,4,8,9,62,131,9.54,6.888888888888889,Stratum 4
2017,1,18,TEN,Adoree' Jackson,CB,21,FALSE,0,0,7,9,30,111,8.77,3.3333333333333335,Stratum 3
2017,1,19,TAM,O.J. Howard,TE,22,FALSE,0,0,4,6,13,72,9.77,2.1666666666666665,Stratum 4
2017,1,20,DEN,Garett Bolles,OT,25,FALSE,1,1,8,9,56,133,9.46,6.222222222222222,Stratum 4
2017,1,21,DET,Jarrad Davis,LB,22,FALSE,0,0,3,6,22,68,9.07,3.6666666666666665,Stratum 3
2017,1,23,NYG,Evan Engram,TE,23,FALSE,0,2,8,9,37,124,9.11,4.111111111111111,Stratum 3
2017,1,24,OAK,Gareon Conley,CB,22,FALSE,0,0,1,3,9,31,9.23,3,Stratum 3
2017,1,25,CLE,Jabrill Peppers,S,21,FALSE,0,0,5,9,32,113,9.14,3.5555555555555554,Stratum 3
2017,1,27,BUF,Tre'Davious White,CB,22,FALSE,1,2,6,9,53,109,6.46,5.888888888888889,Stratum 2
2017,1,28,DAL,Taco Charlton,DE,22,FALSE,0,0,0,6,9,60,8.17,1.5,Stratum 2
2017,1,29,CLE,David Njoku,TE,21,FALSE,0,1,6,9,27,118,9.32,3,Stratum 3
2017,1,30,PIT,T.J. Watt,LB,22,FALSE,4,8,9,9,96,135,9.92,10.666666666666666,Stratum 4
2017,2,33,GNB,Kevin King,CB,22,FALSE,0,0,3,8,16,66,9.94,2,Stratum 4
2017,2,34,JAX,Cam Robinson,OT,21,FALSE,0,0,7,9,43,117,7.98,4.777777777777778,Stratum 2
2017,2,36,ARI,Budda Baker,S,21,FALSE,2,8,8,9,63,138,6.37,7,Stratum 2
2017,2,37,BUF,Zay Jones,WR,22,FALSE,0,0,3,9,25,123,9.71,2.7777777777777777,Stratum 4
2017,2,39,NYJ,Marcus Maye,S,24,FALSE,0,0,5,9,29,93,6.03,3.2222222222222223,Stratum 1
2017,2,40,CAR,Curtis Samuel,WR,21,FALSE,0,0,5,9,30,111,7.45,3.3333333333333335,Stratum 2
2017,2,41,MIN,Dalvin Cook,RB,22,FALSE,0,4,5,8,52,90,4.65,6.5,Stratum 1
2017,2,42,NOR,Marcus Williams,S,20,FALSE,0,0,8,9,32,111,8.16,3.5555555555555554,Stratum 2
2017,2,43,PHI,Sidney Jones,CB,21,FALSE,0,0,2,7,12,60,5.72,1.7142857142857142,Stratum 1
2017,2,44,LAR,Gerald Everett,TE,23,FALSE,0,0,3,8,22,124,8.98,2.75,Stratum 3
2017,2,45,CHI,Adam Shaheen,TE,22,FALSE,0,0,1,5,4,55,8.67,0.8,Stratum 3
2017,2,46,IND,Quincy Wilson,CB,21,FALSE,0,0,0,6,4,33,7.35,0.6666666666666666,Stratum 2
2017,2,47,BAL,Tyus Bowser,LB,22,FALSE,0,0,1,8,21,98,9.74,2.625,Stratum 4
2017,2,48,CIN,Joe Mixon,RB,21,FALSE,0,2,6,8,56,111,9.46,7,Stratum 4
2017,2,49,WAS,Ryan Anderson,LB,23,FALSE,0,0,0,6,6,57,2.01,1,Stratum 1
2017,2,50,TAM,Justin Evans,S,22,FALSE,0,0,2,7,10,43,7.14,1.4285714285714286,Stratum 2
2017,2,53,DET,Teez Tabor,CB,21,FALSE,0,0,0,7,5,39,4.12,0.7142857142857143,Stratum 1
2017,2,55,NYG,Dalvin Tomlinson,DT,23,FALSE,0,0,9,9,50,142,4.62,5.555555555555555,Stratum 1
2017,2,56,OAK,Obi Melifonwu,S,23,FALSE,0,0,0,2,1,7,9.89,0.5,Stratum 4
2017,2,57,HOU,Zach Cunningham,LB,22,FALSE,0,0,5,9,36,106,8.67,4,Stratum 3
2017,2,58,SEA,Ethan Pocic,OC,22,FALSE,0,0,5,9,32,114,7.79,3.5555555555555554,Stratum 2
2017,2,59,KAN,Tanoh Kpassagnon,DE,23,FALSE,0,0,2,9,21,108,7.38,2.3333333333333335,Stratum 2
2017,2,60,DAL,Chidobe Awuzie,CB,22,FALSE,0,0,5,9,28,108,9.64,3.111111111111111,Stratum 4
2017,2,61,GNB,Josh Jones,S,22,FALSE,0,0,1,6,11,70,9.3,1.8333333333333333,Stratum 3
2017,3,65,CLE,Larry Ogunjobi,DT,23,FALSE,0,0,7,9,44,134,8.46,4.888888888888889,Stratum 3
2017,3,66,SFO,Ahkello Witherspoon,CB,22,FALSE,0,0,3,9,22,96,9.88,2.4444444444444446,Stratum 4
2017,3,67,NOR,Alvin Kamara,RB,22,FALSE,0,5,7,9,79,126,8.08,8.777777777777779,Stratum 2
2017,3,68,JAX,Dawuane Smoot,DE,22,FALSE,0,0,0,9,17,127,6.5,1.8888888888888888,Stratum 2
2017,3,69,LAR,Cooper Kupp,WR,24,FALSE,1,1,7,9,63,120,5,7,Stratum 1
2017,3,70,MIN,Pat Elflein,OC,23,FALSE,0,0,3,6,26,65,2.21,4.333333333333333,Stratum 1
2017,3,71,LAC,Dan Feeney,OG,23,FALSE,0,0,5,9,35,132,7.73,3.888888888888889,Stratum 2
2017,3,72,TEN,Taywan Taylor,WR,22,FALSE,0,0,0,4,6,35,8.7,1.5,Stratum 3
2017,3,73,CIN,Jordan Willis,LB,22,FALSE,0,0,0,6,8,69,0.06,1.3333333333333333,Stratum 1
2017,3,75,ATL,Duke Riley,LB,23,FALSE,0,0,2,8,19,124,8.55,2.375,Stratum 3
2017,3,76,NOR,Alex Anzalone,LB,22,FALSE,0,0,5,9,34,111,8.03,3.7777777777777777,Stratum 2
2017,3,77,CAR,Daeshon Hall,DE,22,FALSE,0,0,0,3,1,13,9.22,0.3333333333333333,Stratum 3
2017,3,80,IND,Tarell Basham,DE,23,FALSE,0,0,1,6,13,82,8.2,2.1666666666666665,Stratum 2
2017,3,81,WAS,Fabian Moreau,CB,23,FALSE,0,0,4,9,21,124,9.98,2.3333333333333335,Stratum 4
2017,3,82,DEN,Carlos Henderson,WR,22,FALSE,0,0,0,NA,0,NA,5.75,NA,Stratum 1
2017,3,83,NWE,Derek Rivers,DE,23,FALSE,0,0,0,5,4,24,9.67,0.8,Stratum 4
2017,3,84,TAM,Chris Godwin,WR,21,FALSE,0,1,6,9,53,120,9.66,5.888888888888889,Stratum 4
2017,3,85,NWE,Antonio Garcia,OT,23,FALSE,0,0,0,NA,0,NA,7.28,NA,Stratum 2
2017,3,86,KAN,Kareem Hunt,RB,22,FALSE,0,1,3,9,52,121,5.15,5.777777777777778,Stratum 1
2017,3,87,NYG,Davis Webb,QB,22,FALSE,0,0,0,6,1,2,9.39,0.16666666666666666,Stratum 3
2017,3,88,OAK,Eddie Vanderdoes,DT,22,FALSE,0,0,1,3,5,19,9.26,1.6666666666666667,Stratum 3
2017,3,89,HOU,D'Onta Foreman,RB,21,FALSE,0,0,1,8,17,63,7.82,2.125,Stratum 2
2017,3,91,LAR,John Johnson,S,21,FALSE,0,0,5,8,29,105,7.93,3.625,Stratum 2
2017,3,92,DAL,Jourdan Lewis,CB,22,FALSE,0,0,3,9,26,127,5.02,2.888888888888889,Stratum 1
2017,3,93,GNB,Montravius Adams,DT,22,FALSE,0,0,1,8,15,96,7.89,1.875,Stratum 2
2017,3,96,DET,Kenny Golladay,WR,23,FALSE,0,1,4,6,27,73,8.94,4.5,Stratum 3
2017,3,97,MIA,Cordrea Tankersley,CB,23,FALSE,0,0,1,4,4,19,6.86,1,Stratum 2
2017,3,98,ARI,Chad Williams,WR,22,FALSE,0,0,1,3,1,17,9.01,0.3333333333333333,Stratum 3
2017,3,99,PHI,Rasul Douglas,CB,22,FALSE,0,0,4,9,31,135,6.93,3.4444444444444446,Stratum 2
2017,3,100,TEN,Jonnu Smith,TE,22,FALSE,0,1,5,9,29,141,8.29,3.2222222222222223,Stratum 3
2017,3,101,DEN,Brendan Langley,CB,22,FALSE,0,0,0,2,1,16,8.78,0.5,Stratum 3
2017,3,102,SEA,Nazair Jones,DT,22,FALSE,0,0,0,2,3,20,3.75,1.5,Stratum 1
2017,3,104,SFO,C.J. Beathard,QB,23,FALSE,0,0,0,7,9,32,7.67,1.2857142857142858,Stratum 2
2017,3,105,PIT,James Conner,RB,22,FALSE,0,2,6,9,49,110,4.33,5.444444444444445,Stratum 1
2017,3,106,SEA,Amara Darboh,WR,23,FALSE,0,0,0,1,1,16,9.6,1,Stratum 4
2018,1,1,CLE,Baker Mayfield,QB,23,FALSE,0,2,7,8,80,123,4.71,10,Stratum 1
2018,1,2,NYG,Saquon Barkley,RB,21,FALSE,1,3,7,8,65,106,9.97,8.125,Stratum 4
2018,1,3,NYJ,Sam Darnold,QB,21,FALSE,0,2,6,8,49,100,5.61,6.125,Stratum 1
2018,1,4,CLE,Denzel Ward,CB,21,FALSE,0,5,8,8,49,110,9.69,6.125,Stratum 4
2018,1,5,DEN,Bradley Chubb,DE,22,FALSE,0,2,4,8,41,90,9.51,5.125,Stratum 4
2018,1,6,IND,Quenton Nelson,OG,22,FALSE,3,8,8,8,79,129,9.68,9.875,Stratum 4
2018,1,7,BUF,Josh Allen,QB,22,FALSE,0,4,8,8,111,128,9.67,13.875,Stratum 4
2018,1,8,CHI,Roquan Smith,LB,21,FALSE,3,4,8,8,84,125,8.58,10.5,Stratum 3
2018,1,10,ARI,Josh Rosen,QB,21,FALSE,0,0,1,4,3,24,6.88,0.75,Stratum 2
2018,1,11,MIA,Minkah Fitzpatrick,S,21,FALSE,3,5,7,8,61,120,8.49,7.625,Stratum 3
2018,1,12,TAM,Vita Vea,DT,23,FALSE,0,2,6,8,51,112,9.52,6.375,Stratum 4
2018,1,14,NOR,Marcus Davenport,DE,22,FALSE,0,0,2,8,22,77,9.67,2.75,Stratum 4
2018,1,15,OAK,Kolton Miller,OT,23,FALSE,0,0,7,8,42,113,9.99,5.25,Stratum 4
2018,1,16,BUF,Tremaine Edmunds,LB,20,FALSE,0,2,8,8,62,119,9.74,7.75,Stratum 4
2018,1,17,LAC,Derwin James,S,22,FALSE,1,5,6,8,46,98,9.34,5.75,Stratum 3
2018,1,18,GNB,Jaire Alexander,CB,21,FALSE,0,2,5,8,34,80,9.53,4.25,Stratum 4
2018,1,19,DAL,Leighton Vander Esch,LB,21,FALSE,0,1,5,6,35,71,9.98,5.833333333333333,Stratum 4
2018,1,20,DET,Frank Ragnow,OC,22,FALSE,0,4,6,7,51,96,9.93,7.285714285714286,Stratum 4
2018,1,22,TEN,Rashaan Evans,LB,22,FALSE,0,0,4,7,32,87,5.14,4.571428571428571,Stratum 1
2018,1,24,CAR,D.J. Moore,WR,21,FALSE,0,0,8,8,61,131,9.65,7.625,Stratum 4
2018,1,25,BAL,Hayden Hurst,TE,25,FALSE,0,0,1,7,17,88,7.57,2.4285714285714284,Stratum 2
2018,1,26,ATL,Calvin Ridley,WR,23,FALSE,0,0,4,8,41,90,5.12,5.125,Stratum 1
2018,1,27,SEA,Rashaad Penny,RB,22,FALSE,0,0,0,6,13,45,7.26,2.1666666666666665,Stratum 2
2018,1,28,PIT,Terrell Edmunds,S,21,FALSE,0,0,5,8,27,102,9.89,3.375,Stratum 4
2018,1,29,JAX,Taven Bryan,DT,22,FALSE,0,0,4,8,22,118,9.91,2.75,Stratum 4
2018,1,30,MIN,Mike Hughes,CB,21,FALSE,0,0,2,8,17,99,7.74,2.125,Stratum 2
2018,1,31,NWE,Sony Michel,RB,23,FALSE,0,0,2,5,21,65,8.95,4.2,Stratum 3
2018,2,34,NYG,Will Hernandez,OG,23,FALSE,0,0,5,8,38,104,8.83,4.75,Stratum 3
2018,2,35,CLE,Nick Chubb,RB,22,FALSE,0,4,6,8,49,100,9.15,6.125,Stratum 3
2018,2,40,DEN,Courtland Sutton,WR,22,FALSE,0,2,6,8,45,115,9.81,5.625,Stratum 4
2018,2,42,MIA,Mike Gesicki,TE,22,FALSE,0,0,2,8,28,128,9.97,3.5,Stratum 4
2018,2,43,DET,Kerryon Johnson,RB,21,FALSE,0,0,1,4,11,35,7.09,2.75,Stratum 2
2018,2,47,ARI,Christian Kirk,WR,21,FALSE,0,0,7,8,42,106,6.23,5.25,Stratum 2
2018,2,48,LAC,Uchenna Nwosu,LB,21,FALSE,0,0,3,8,29,107,8.57,3.625,Stratum 3
2018,2,49,PHI,Dallas Goedert,TE,23,FALSE,0,0,8,8,38,108,9.5,4.75,Stratum 4
2018,2,51,CHI,Anthony Miller,WR,23,FALSE,0,0,2,7,12,52,9.27,1.7142857142857142,Stratum 3
2018,2,51,CHI,Anthony Miller,WR,23,FALSE,0,0,2,7,12,52,7.25,1.7142857142857142,Stratum 2
2018,2,53,TAM,M.J. Stewart,CB,22,FALSE,0,0,0,8,9,99,6.21,1.125,Stratum 2
2018,2,54,CIN,Jessie Bates III,S,21,FALSE,0,1,8,8,55,130,7.2,6.875,Stratum 2
2018,2,55,CAR,Donte Jackson,CB,22,FALSE,0,0,8,8,34,112,7.03,4.25,Stratum 2
2018,2,56,NWE,Duke Dawson,CB,21,FALSE,0,0,0,3,3,26,6.44,1,Stratum 2
2018,2,57,OAK,P.J. Hall,DT,23,FALSE,0,0,2,3,11,40,8.76,3.6666666666666665,Stratum 3
2018,2,59,WAS,Derrius Guice,RB,21,FALSE,0,0,0,2,2,5,7.37,1,Stratum 2
2018,2,60,PIT,James Washington,WR,22,FALSE,0,0,2,5,11,62,5.55,2.2,Stratum 1
2018,2,62,MIN,Brian O'Neill,OT,22,FALSE,0,2,8,8,56,124,9.6,7,Stratum 4
2018,2,63,TAM,Carlton Davis,CB,21,FALSE,0,0,7,8,34,106,6.36,4.25,Stratum 2
2018,2,64,IND,Tyquan Lewis,DE,23,FALSE,0,0,0,8,13,88,9.53,1.625,Stratum 4
2018,3,65,OAK,Brandon Parker,OT,22,FALSE,0,0,2,6,15,59,6.6,2.5,Stratum 2
2018,3,67,CLE,Chad Thomas,DE,22,FALSE,0,0,0,2,5,20,4.55,2.5,Stratum 1
2018,3,68,HOU,Justin Reid,S,21,FALSE,0,0,8,8,34,121,9.63,4.25,Stratum 4
2018,3,69,NYG,B.J. Hill,DT,23,FALSE,0,0,6,8,37,129,8.74,4.625,Stratum 3
2018,3,70,SFO,Fred Warner,LB,21,FALSE,4,4,7,8,82,121,9.67,10.25,Stratum 4
2018,3,71,DEN,Royce Freeman,RB,22,FALSE,0,0,0,6,13,79,8.26,2.1666666666666665,Stratum 3
2018,3,72,NYJ,Nathan Shepherd,DT,24,FALSE,0,0,2,8,25,122,9.19,3.125,Stratum 3
2018,3,73,MIA,Jerome Baker,LB,21,FALSE,0,0,6,8,39,121,9.25,4.875,Stratum 3
2018,3,74,WAS,Geron Christian,OT,21,FALSE,0,0,1,7,12,63,2.67,1.7142857142857142,Stratum 1
2018,3,75,KAN,Derrick Nnadi,DT,22,FALSE,0,0,6,8,38,130,1.21,4.75,Stratum 1
2018,3,76,PIT,Mason Rudolph,QB,23,FALSE,0,0,1,8,10,34,4.06,1.25,Stratum 1
2018,3,77,CIN,Sam Hubbard,DE,23,FALSE,0,0,6,7,40,104,7.4,5.714285714285714,Stratum 2
2018,3,78,CIN,Malik Jefferson,LB,21,FALSE,0,0,0,6,3,38,9.77,0.5,Stratum 4
2018,3,81,DAL,Michael Gallup,WR,22,FALSE,0,0,5,6,30,86,5.87,5,Stratum 1
2018,3,82,DET,Tracy Walker,S,23,FALSE,0,0,2,6,13,79,6.89,2.1666666666666665,Stratum 2
2018,3,84,LAC,Justin Jones,DT,22,FALSE,0,0,5,7,30,88,5.92,4.285714285714286,Stratum 1
2018,3,85,CAR,Rashaan Gaulden,CB,23,FALSE,0,0,0,3,1,27,2.25,0.3333333333333333,Stratum 1
2018,3,86,BAL,Mark Andrews,TE,23,FALSE,1,3,4,8,51,121,7.28,6.375,Stratum 2
2018,3,87,OAK,Arden Key,DE,22,FALSE,0,0,4,8,24,116,6.4,3,Stratum 2
2018,3,88,GNB,Oren Burks,LB,23,FALSE,0,0,1,8,16,125,9.72,2,Stratum 4
2018,3,89,LAR,Joseph Noteboom,OT,23,FALSE,0,0,0,8,18,81,8.48,2.25,Stratum 3
2018,3,90,ATL,Deadrin Senat,DT,24,FALSE,0,0,0,6,4,37,3.79,0.6666666666666666,Stratum 1
2018,3,91,NOR,Tre'Quan Smith,WR,22,FALSE,0,0,3,6,15,67,6.85,2.5,Stratum 2
2018,3,92,PIT,Chukwuma Okorafor,OT,21,FALSE,0,0,3,8,26,92,4.1,3.25,Stratum 1
2018,3,93,JAX,Ronnie Harrison,S,21,FALSE,0,0,3,8,21,94,7.49,2.625,Stratum 2
2018,3,95,SFO,Tarvarius Moore,S,22,FALSE,0,0,1,7,8,72,9.24,1.1428571428571428,Stratum 3
2018,3,96,BUF,Harrison Phillips,DT,22,FALSE,0,0,4,8,35,113,8.1,4.375,Stratum 2
2018,3,97,ARI,Mason Cole,OC,22,FALSE,0,0,4,6,25,94,6.32,4.166666666666667,Stratum 2
2018,3,98,HOU,Jordan Akins,TE,26,FALSE,0,0,1,7,16,107,6.91,2.2857142857142856,Stratum 2
2018,3,99,DEN,Isaac Yiadom,CB,22,FALSE,0,0,2,8,16,118,6.12,2,Stratum 1
2018,3,100,KAN,Dorian O'Daniel,LB,24,FALSE,0,0,0,4,5,58,7.42,1.25,Stratum 2
2019,1,2,SFO,Nick Bosa,DE,21,FALSE,1,5,5,7,58,85,9.44,8.285714285714286,Stratum 4
2019,1,3,NYJ,Quinnen Williams,DT,21,FALSE,1,4,6,7,57,105,9.84,8.142857142857142,Stratum 4
2019,1,5,TAM,Devin White,LB,21,FALSE,0,1,6,7,51,100,9.32,7.285714285714286,Stratum 3
2019,1,6,NYG,Daniel Jones,QB,22,FALSE,0,0,6,7,52,83,8.12,7.428571428571429,Stratum 2
2019,1,8,DET,T.J. Hockenson,TE,22,FALSE,0,2,4,7,33,97,9.19,4.714285714285714,Stratum 3
2019,1,9,BUF,Ed Oliver,DT,21,FALSE,0,0,5,7,43,95,9.88,6.142857142857143,Stratum 4
2019,1,13,MIA,Christian Wilkins,DT,23,FALSE,0,0,5,6,35,86,8.55,5.833333333333333,Stratum 3
2019,1,14,ATL,Chris Lindstrom,OG,22,FALSE,0,4,6,7,49,105,9.85,7,Stratum 4
2019,1,15,WAS,Dwayne Haskins,QB,22,FALSE,0,0,0,2,4,16,3.47,2,Stratum 1
2019,1,16,CAR,Brian Burns,DE,21,FALSE,0,3,6,7,53,114,9.9,7.571428571428571,Stratum 4
2019,1,17,NYG,Dexter Lawrence,DT,21,FALSE,0,3,6,7,55,109,9.86,7.857142857142857,Stratum 4
2019,1,18,MIN,Garrett Bradbury,OC,24,FALSE,0,0,7,7,41,105,9.96,5.857142857142857,Stratum 4
2019,1,20,DEN,Noah Fant,TE,21,FALSE,0,0,5,7,26,110,9.89,3.7142857142857144,Stratum 4
2019,1,21,GNB,Darnell Savage Jr.,S,22,FALSE,0,0,6,7,24,97,8.37,3.4285714285714284,Stratum 3
2019,1,22,PHI,Andre Dillard,OT,23,FALSE,0,0,1,6,12,69,9.81,2,Stratum 4
2019,1,24,OAK,Josh Jacobs,RB,21,FALSE,1,3,7,7,57,105,5.65,8.142857142857142,Stratum 1
2019,1,26,WAS,Montez Sweat,DE,23,FALSE,0,1,6,7,48,109,9.9,6.857142857142857,Stratum 4
2019,1,27,OAK,Johnathan Abram,S,22,FALSE,0,0,2,6,13,55,7.02,2.1666666666666665,Stratum 2
2019,1,28,LAC,Jerry Tillery,DT,22,FALSE,0,0,2,7,26,113,9.72,3.7142857142857144,Stratum 4
2019,1,29,SEA,L.J. Collier,DE,23,FALSE,0,0,2,7,16,67,3.21,2.2857142857142856,Stratum 1
2019,1,30,NYG,Deandre Baker,CB,22,FALSE,0,0,1,3,6,26,4.53,2,Stratum 1
2019,1,31,ATL,Kaleb McGary,OT,24,FALSE,0,0,6,6,39,93,9.83,6.5,Stratum 4
2019,1,32,NWE,N'Keal Harry,WR,21,FALSE,0,0,1,5,7,49,8.44,1.4,Stratum 3
2019,2,33,ARI,Byron Murphy,CB,21,FALSE,0,1,6,7,40,104,6.41,5.714285714285714,Stratum 2
2019,2,34,IND,Rock Ya-Sin,CB,23,FALSE,0,0,1,7,17,96,6.16,2.4285714285714284,Stratum 1
2019,2,36,SFO,Deebo Samuel,WR,23,FALSE,1,1,6,7,52,97,7.91,7.428571428571429,Stratum 2
2019,2,37,CAR,Greg Little,OT,21,FALSE,0,0,0,4,8,31,3.58,2,Stratum 1
2019,2,40,OAK,Trayvon Mullen,CB,21,FALSE,0,0,2,4,11,46,7.46,2.75,Stratum 2
2019,2,42,DEN,Drew Lock,QB,22,FALSE,0,0,1,7,14,41,9.37,2,Stratum 3
2019,2,43,DET,Jahlani Tavai,LB,22,FALSE,0,0,4,7,34,107,4.12,4.857142857142857,Stratum 1
2019,2,44,GNB,Elgton Jenkins,OC,23,FALSE,0,2,6,7,48,96,9.32,6.857142857142857,Stratum 3
2019,2,46,CLE,Greedy Williams,CB,21,FALSE,0,0,1,4,8,39,8.5,2,Stratum 3
2019,2,47,SEA,Marquise Blair,S,22,FALSE,0,0,0,6,2,26,8.32,0.3333333333333333,Stratum 3
2019,2,48,NOR,Erik McCoy,OC,22,FALSE,0,2,5,7,35,88,8.96,5,Stratum 3
2019,2,51,TEN,A.J. Brown,WR,22,FALSE,0,3,7,7,73,105,8.59,10.428571428571429,Stratum 3
2019,2,52,CIN,Drew Sample,TE,23,FALSE,0,0,4,7,7,95,8.99,1,Stratum 3
2019,2,53,PHI,Miles Sanders,RB,22,FALSE,0,1,4,7,34,88,9.48,4.857142857142857,Stratum 4
2019,2,55,HOU,Max Scharping,OT,23,FALSE,0,0,3,6,18,81,8.82,3,Stratum 3
2019,2,56,KAN,Mecole Hardman,WR,21,FALSE,0,1,0,7,23,82,8.3,3.2857142857142856,Stratum 3
2019,2,58,DAL,Trysten Hill,DT,21,FALSE,0,0,0,6,5,34,9.53,0.8333333333333334,Stratum 4
2019,2,59,IND,Parris Campbell,WR,22,FALSE,0,0,1,7,9,50,9.76,1.2857142857142858,Stratum 4
2019,2,60,LAC,Nasir Adderley,S,22,FALSE,0,0,3,4,13,50,7.17,3.25,Stratum 2
2019,2,61,LAR,Taylor Rapp,S,21,FALSE,0,0,4,7,25,93,5.62,3.5714285714285716,Stratum 1
2019,2,62,ARI,Andy Isabella,WR,22,FALSE,0,0,0,5,4,43,7.26,0.8,Stratum 2
2019,2,63,KAN,Juan Thornhill,S,23,FALSE,0,0,5,7,24,97,9.75,3.4285714285714284,Stratum 4
2019,3,65,ARI,Zach Allen,DE,22,FALSE,1,1,6,7,52,95,5.14,7.428571428571429,Stratum 1
2019,3,66,PIT,Diontae Johnson,WR,23,FALSE,0,1,5,6,35,89,4.18,5.833333333333333,Stratum 1
2019,3,67,SFO,Jalen Hurd,WR,23,FALSE,0,0,0,NA,0,NA,8.21,NA,Stratum 3
2019,3,69,JAX,Josh Oliver,TE,22,FALSE,0,0,3,7,7,82,8.16,1,Stratum 2
2019,3,70,LAR,Darrell Henderson,RB,22,FALSE,0,0,1,5,15,54,7.68,3,Stratum 2
2019,3,71,DEN,Dre'Mont Jones,DT,22,FALSE,0,0,5,7,33,108,6.13,4.714285714285714,Stratum 1
2019,3,72,CIN,Germaine Pratt,LB,23,FALSE,0,0,7,7,45,112,8.5,6.428571428571429,Stratum 3
2019,3,73,CHI,David Montgomery,RB,22,FALSE,0,0,5,7,49,105,5.15,7,Stratum 1
2019,3,74,BUF,Devin Singletary,RB,22,FALSE,0,0,5,7,39,110,1.65,5.571428571428571,Stratum 1
2019,3,75,GNB,Jace Sternberger,TE,23,FALSE,0,0,0,2,1,18,5.17,0.5,Stratum 1
2019,3,76,WAS,Terry McLaurin,WR,23,FALSE,0,2,7,7,51,107,9.56,7.285714285714286,Stratum 4
2019,3,77,NWE,Chase Winovich,DE,24,FALSE,0,0,0,5,11,56,8.63,2.2,Stratum 3
2019,3,79,LAR,David Long,CB,21,FALSE,0,0,0,7,7,80,9.19,1,Stratum 3
2019,3,80,CLE,Sione Takitaki,LB,24,FALSE,0,0,1,7,19,86,9.07,2.7142857142857144,Stratum 3
2019,3,81,DET,Will Harris,S,23,FALSE,0,0,4,7,18,103,9.65,2.5714285714285716,Stratum 4
2019,3,82,TEN,Nate Davis,OG,22,FALSE,0,0,5,6,27,71,6.17,4.5,Stratum 1
2019,3,83,PIT,Justin Layne,CB,21,FALSE,0,0,0,4,3,52,8.95,0.75,Stratum 3
2019,3,84,KAN,Khalen Saunders,DT,23,FALSE,0,0,1,7,17,77,7.59,2.4285714285714284,Stratum 2
2019,3,85,BAL,Jaylon Ferguson,DE,23,FALSE,0,0,1,3,8,38,5.44,2.6666666666666665,Stratum 1
2019,3,86,HOU,Kahale Warring,TE,22,FALSE,0,0,0,3,0,9,9.4,0,Stratum 4
2019,3,87,NWE,Damien Harris,RB,22,FALSE,0,0,3,5,16,44,6.36,3.2,Stratum 2
2019,3,88,SEA,Cody Barton,LB,22,FALSE,0,0,4,7,28,112,9.29,4,Stratum 3
2019,3,89,IND,Bobby Okereke,LB,23,FALSE,0,0,7,7,39,110,8.4,5.571428571428571,Stratum 3
2019,3,90,DAL,Connor McGovern,OG,21,FALSE,0,1,4,7,37,94,9.87,5.285714285714286,Stratum 4
2019,3,91,LAC,Trey Pipkins,OT,23,FALSE,0,0,3,7,33,97,8.85,4.714285714285714,Stratum 3
2019,3,93,BAL,Miles Boykin,WR,22,FALSE,0,0,2,5,6,73,9.94,1.2,Stratum 4
2019,3,94,TAM,Jamel Dean,CB,22,FALSE,0,0,5,7,27,96,9.93,3.857142857142857,Stratum 4
2019,3,95,NYG,Oshane Ximines,DE,22,FALSE,0,0,0,6,8,50,7,1.3333333333333333,Stratum 2
2019,3,96,BUF,Dawson Knox,TE,22,FALSE,0,1,7,7,25,102,9.25,3.5714285714285716,Stratum 3
2019,3,99,TAM,Mike Edwards,S,23,FALSE,0,0,1,7,16,89,7.48,2.2857142857142856,Stratum 2
2019,3,100,CAR,Will Grier,QB,24,FALSE,0,0,0,1,1,2,7.19,1,Stratum 2
2019,3,102,MIN,Alexander Mattison,RB,21,FALSE,0,0,1,6,21,89,6.81,3.5,Stratum 2
2020,1,3,DET,Jeff Okudah,CB,21,FALSE,0,0,2,6,11,50,8.96,1.8333333333333333,Stratum 3
2020,1,4,NYG,Andrew Thomas,OT,21,FALSE,0,0,6,6,33,74,8.09,5.5,Stratum 2
2020,1,6,LAC,Justin Herbert,QB,22,FALSE,0,2,6,6,74,95,9.7,12.333333333333334,Stratum 4
2020,1,7,CAR,Derrick Brown,DT,22,FALSE,0,1,5,6,35,84,5.88,5.833333333333333,Stratum 1
2020,1,8,ARI,Isaiah Simmons,LB,22,FALSE,0,0,2,6,20,89,9.97,3.3333333333333335,Stratum 4
2020,1,9,JAX,C.J. Henderson,CB,21,FALSE,0,0,2,6,13,53,9.97,2.1666666666666665,Stratum 4
2020,1,11,NYJ,Mekhi Becton,OT,21,FALSE,0,0,4,6,21,61,9.85,3.5,Stratum 4
2020,1,12,LVR,Henry Ruggs III,WR,21,FALSE,0,0,1,2,8,20,9.54,4,Stratum 4
2020,1,13,TAM,Tristan Wirfs,OT,21,FALSE,2,5,6,6,64,91,9.74,10.666666666666666,Stratum 4
2020,1,15,DEN,Jerry Jeudy,WR,21,FALSE,0,1,5,6,31,91,6.76,5.166666666666667,Stratum 2
2020,1,17,DAL,CeeDee Lamb,WR,21,FALSE,1,5,6,6,65,95,7.44,10.833333333333334,Stratum 2
2020,1,18,MIA,Austin Jackson,OT,21,FALSE,0,0,4,6,24,62,9.49,4,Stratum 4
2020,1,21,PHI,Jalen Reagor,WR,21,FALSE,0,0,2,5,10,64,6.03,2,Stratum 1
2020,1,22,MIN,Justin Jefferson,WR,21,FALSE,2,4,6,6,65,94,9.69,10.833333333333334,Stratum 4
2020,1,23,LAC,Kenneth Murray,LB,21,FALSE,0,0,5,6,32,90,9.89,5.333333333333333,Stratum 4
2020,1,25,SFO,Brandon Aiyuk,WR,22,FALSE,0,0,5,5,39,69,8.47,7.8,Stratum 3
2020,1,26,GNB,Jordan Love,QB,21,FALSE,0,0,3,6,42,57,8.43,7,Stratum 3
2020,1,28,BAL,Patrick Queen,LB,21,FALSE,0,2,6,6,54,101,7.98,9,Stratum 2
2020,1,29,TEN,Isaiah Wilson,OT,21,FALSE,0,0,0,1,0,1,7.23,0,Stratum 2
2020,1,30,MIA,Noah Igbinoghene,CB,20,FALSE,0,0,1,6,7,69,8.04,1.1666666666666667,Stratum 2
2020,1,31,MIN,Jeff Gladney,CB,23,FALSE,0,0,1,1,5,16,6.13,5,Stratum 1
2020,1,32,KAN,Clyde Edwards-Helaire,RB,21,FALSE,0,0,1,6,18,52,5.41,3,Stratum 1
2020,2,33,CIN,Tee Higgins,WR,21,FALSE,0,1,5,6,43,85,4.12,7.166666666666667,Stratum 1
2020,2,34,IND,Michael Pittman Jr.,WR,22,FALSE,0,0,6,6,44,95,8.27,7.333333333333333,Stratum 3
2020,2,35,DET,D'Andre Swift,RB,21,FALSE,0,1,3,6,44,89,7.55,7.333333333333333,Stratum 2
2020,2,36,NYG,Xavier McKinney,S,22,FALSE,1,1,5,6,39,82,5.82,6.5,Stratum 1
2020,2,37,NWE,Kyle Dugger,S,24,FALSE,0,0,5,6,28,90,9.54,4.666666666666667,Stratum 4
2020,2,39,MIA,Robert Hunt,OG,24,FALSE,0,1,5,6,30,79,5.3,5,Stratum 1
2020,2,40,HOU,Ross Blacklock,DT,22,FALSE,0,0,0,4,4,44,7.87,1,Stratum 2
2020,2,41,IND,Jonathan Taylor,RB,21,FALSE,1,3,5,6,58,84,9.53,9.666666666666666,Stratum 4
2020,2,42,JAX,Laviska Shenault Jr.,WR,21,FALSE,0,0,1,5,13,63,6.97,2.6,Stratum 2
2020,2,43,CHI,Cole Kmet,TE,21,FALSE,0,0,6,6,25,100,8.92,4.166666666666667,Stratum 3
2020,2,45,TAM,Antoine Winfield Jr.,S,22,FALSE,1,2,6,6,44,85,7.81,7.333333333333333,Stratum 2
2020,2,49,PIT,Chase Claypool,WR,22,FALSE,0,0,1,4,19,58,9.98,4.75,Stratum 4
2020,2,50,CHI,Jaylon Johnson,CB,21,FALSE,0,2,5,6,30,77,7.77,5,Stratum 2
2020,2,52,LAR,Cam Akers,RB,21,FALSE,0,0,1,6,13,59,8.79,2.1666666666666665,Stratum 3
2020,2,53,PHI,Jalen Hurts,QB,22,FALSE,0,3,5,6,79,93,9.52,13.166666666666666,Stratum 4
2020,2,54,BUF,A.J. Epenesa,DE,21,FALSE,0,0,1,6,18,91,4.05,3,Stratum 1
2020,2,56,MIA,Raekwon Davis,DT,23,FALSE,0,0,3,5,23,80,6.04,4.6,Stratum 1
2020,2,58,MIN,Ezra Cleveland,OT,22,FALSE,0,0,5,6,33,93,9.93,5.5,Stratum 4
2020,2,59,NYJ,Denzel Mims,WR,22,FALSE,0,0,1,3,5,30,9.77,1.6666666666666667,Stratum 4
2020,2,61,TEN,Kristian Fulton,CB,22,FALSE,0,0,4,6,18,65,7.97,3,Stratum 2
2020,2,63,KAN,Willie Gay Jr.,LB,22,FALSE,0,0,5,6,27,89,9.7,4.5,Stratum 4
2020,2,64,CAR,Jeremy Chinn,S,22,FALSE,0,0,5,6,41,86,10,6.833333333333333,Stratum 4
2020,3,65,CIN,Logan Wilson,LB,24,FALSE,0,0,4,6,32,83,8.83,5.333333333333333,Stratum 3
2020,3,69,SEA,Damien Lewis,OG,23,FALSE,0,0,6,6,35,93,7.97,5.833333333333333,Stratum 2
2020,3,71,BAL,Nnamdi Madubuike,DT,22,FALSE,0,2,4,6,38,78,9.32,6.333333333333333,Stratum 3
2020,3,72,ARI,Josh Jones,OT,23,FALSE,0,0,2,6,17,90,7.78,2.8333333333333335,Stratum 2
2020,3,73,JAX,DaVon Hamilton,DT,23,FALSE,0,0,3,6,25,86,7.21,4.166666666666667,Stratum 2
2020,3,74,NOR,Zack Baun,LB,23,FALSE,1,2,2,6,39,94,7.85,6.5,Stratum 2
2020,3,75,DET,Jonah Jackson,OG,23,FALSE,0,1,5,6,32,78,6.49,5.333333333333333,Stratum 2
2020,3,76,TAM,Ke'Shawn Vaughn,RB,23,FALSE,0,0,0,5,2,46,5.17,0.4,Stratum 1
2020,3,77,DEN,Michael Ojemudia,CB,22,FALSE,0,0,0,3,4,22,9.16,1.3333333333333333,Stratum 3
2020,3,78,ATL,Matt Hennessy,OC,22,FALSE,0,0,1,6,11,64,8.9,1.8333333333333333,Stratum 3
2020,3,79,NYJ,Jabari Zuniga,DE,23,FALSE,0,0,0,3,1,12,9.74,0.3333333333333333,Stratum 4
2020,3,82,DAL,Neville Gallimore,DT,23,FALSE,0,0,1,6,14,83,7.1,2.3333333333333335,Stratum 2
2020,3,83,DEN,Lloyd Cushenberry III,OC,22,FALSE,0,0,5,6,26,80,7.39,4.333333333333333,Stratum 2
2020,3,84,LAR,Terrell Lewis,LB,22,FALSE,0,0,0,3,5,30,2.98,1.6666666666666667,Stratum 1
2020,3,86,BUF,Zack Moss,RB,22,FALSE,0,0,1,5,18,61,2.8,3.6,Stratum 1
2020,3,88,CLE,Jordan Elliott,DT,22,FALSE,0,0,4,6,27,97,7.41,4.5,Stratum 2
2020,3,89,MIN,Cameron Dantzler,CB,22,FALSE,0,0,2,4,10,37,3.03,2.5,Stratum 1
2020,3,91,NWE,Devin Asiasi,TE,23,FALSE,0,0,0,3,0,22,6.08,0,Stratum 1
2020,3,92,BAL,Devin Duvernay,WR,22,FALSE,1,2,1,6,12,89,7.86,2,Stratum 2
2020,3,93,TEN,Darrynton Evans,RB,22,FALSE,0,0,0,5,3,24,9.11,0.6,Stratum 3
2020,3,95,DEN,McTelvin Agim,DT,22,FALSE,0,0,0,4,2,18,8.55,0.5,Stratum 3
2020,3,97,CLE,Jacob Phillips,LB,21,FALSE,0,0,0,3,5,20,8.2,1.6666666666666667,Stratum 2
2020,3,98,BAL,Malik Harrison,LB,22,FALSE,0,0,1,6,19,87,9.43,3.1666666666666665,Stratum 4
2020,3,100,LVR,Tanner Muse,S,24,FALSE,0,0,0,5,2,36,9.96,0.4,Stratum 4
2020,3,101,NWE,Dalton Keene,TE,21,FALSE,0,0,0,4,0,7,9.33,0,Stratum 3
2020,3,103,PHI,Davion Taylor,LB,22,FALSE,0,0,0,2,3,21,8.53,1.5,Stratum 3
2020,3,104,LAR,Terrell Burgess,S,21,FALSE,0,0,0,6,4,59,8.1,0.6666666666666666,Stratum 2
2020,3,105,NOR,Adam Trautman,TE,23,FALSE,0,0,4,6,11,94,8.74,1.8333333333333333,Stratum 3
2020,3,106,BAL,Tyre Phillips,OT,23,FALSE,0,0,1,5,11,47,2.17,2.2,Stratum 1
