season,round,pick,team,pfr_player_name,position,age,hof,allpro,probowls,seasons_started,seasons_played,w_av,games,RAS,w_av_py
1987,1,1,TAM,Vinny Testaverde,QB,23,FALSE,0,2,15,21,97,233,10,4.619047619047619
1987,1,6,STL,Kelly Stouffer,QB,23,FALSE,0,0,0,6,2,22,6.15,0.3333333333333333
1987,1,7,DET,Reggie Rogers,DE,23,FALSE,0,0,0,6,1,15,6.43,0.16666666666666666
1987,1,9,PHI,Jerome Brown,DT,22,FALSE,2,2,5,5,51,76,7.86,10.2
1987,1,12,DAL,Danny Noonan,DT,22,FALSE,0,0,2,6,20,73,10,3.3333333333333335
1987,1,13,ATL,Chris Miller,QB,22,FALSE,0,1,7,13,51,98,7.69,3.923076923076923
1987,1,15,RAI,John Clay,OT,23,FALSE,0,0,1,2,5,12,2.63,2.5
1987,1,16,MIA,John Bosa,DE,23,FALSE,0,0,1,3,10,31,10,3.3333333333333335
1987,1,18,SEA,Tony Woods,DE,21,FALSE,0,0,9,10,51,147,7.86,5.1
1987,1,18,SEA,Tony Woods,DE,21,FALSE,0,0,9,10,51,147,4.49,5.1
1987,1,19,KAN,Paul Palmer,RB,22,FALSE,0,0,2,3,14,41,6.52,4.666666666666667
1987,1,23,NWE,Bruce Armstrong,OT,21,FALSE,0,6,14,14,82,212,9.47,5.857142857142857
1987,1,24,SDG,Rod Bernstine,RB,22,FALSE,0,0,3,9,31,84,7.39,3.4444444444444446
1987,1,25,SFO,Terrence Flagler,RB,22,FALSE,0,0,0,5,6,41,7.83,1.2
1987,1,27,DEN,Ricky Nattiel,WR,21,FALSE,0,0,1,6,19,70,8.68,3.1666666666666665
1987,1,28,NYG,Mark Ingram,WR,22,FALSE,0,0,6,10,36,128,9.47,3.6
1987,2,32,CLE,Gregg Rakoczy,OC,22,FALSE,0,0,3,6,21,81,0,3.5
1987,2,37,SFO,Jeff Bregel,OG,23,FALSE,0,0,0,3,4,21,5.38,1.3333333333333333
1987,2,40,NOR,Lonzell Hill,WR,21,FALSE,0,0,2,4,17,55,4.21,4.25
1987,2,41,GNB,Johnny Holland,LB,22,FALSE,0,0,7,7,46,103,7.1,6.571428571428571
1987,2,42,NYJ,Alex Gordon,LB,22,FALSE,0,0,3,7,20,96,1.94,2.857142857142857
1987,2,43,MIA,Rick Graf,LB,23,FALSE,0,0,1,7,14,73,10,2
1987,2,44,MIN,Ray Berry,LB,23,FALSE,0,0,2,7,18,89,1.29,2.5714285714285716
1987,2,46,HOU,Walter Johnson,LB,23,FALSE,0,0,0,3,3,41,9.35,1
1987,2,50,TAM,Winston Moss,LB,21,FALSE,0,0,10,11,55,169,5.48,5
1987,2,51,TAM,Don Smith,RB,23,FALSE,0,0,0,4,6,37,6.96,1.5
1987,2,54,CHI,Ron Morris,WR,22,FALSE,0,0,3,6,18,66,4.74,3
1987,2,56,MIA,Scott Schwedes,WR,22,FALSE,0,0,0,4,5,46,9.74,1.25
1987,3,57,TAM,Mark Carrier,WR,21,FALSE,0,1,10,12,61,177,5.79,5.083333333333333
1987,3,59,SDG,Karl Wilson,DE,22,FALSE,0,0,1,9,14,103,5,1.5555555555555556
1987,3,60,BUF,David Brandon,LB,22,FALSE,0,0,1,11,22,123,0.97,2
1987,3,61,GNB,Dave Croston,OT,23,FALSE,0,0,0,2,1,16,2.11,0.5
1987,3,62,STL,Robert Awalt,TE,23,FALSE,0,0,3,7,13,95,6.47,1.8571428571428572
1987,3,63,DET,Jerry Ball,DT,22,FALSE,1,3,10,13,66,191,1.43,5.076923076923077
1987,3,64,HOU,Cody Carlson,QB,23,FALSE,0,0,0,8,14,45,6.92,1.75
1987,3,68,DAL,Jeff Zimmerman,OG,24,FALSE,0,0,0,4,2,34,4.62,0.5
1987,3,71,GNB,Frankie Neal,WR,21,FALSE,0,0,0,1,4,12,8.95,4
1987,3,72,MIN,Henry Thomas,DT,22,FALSE,0,2,13,14,82,213,4.29,5.857142857142857
1987,3,73,KAN,Todd Howard,LB,22,FALSE,0,0,0,2,1,19,2.9,0.5
1987,3,75,NYJ,Onzy Elam,LB,22,FALSE,0,0,0,3,0,10,5.16,0
1987,3,83,NYG,Stephen Baker,WR,23,FALSE,0,0,5,6,24,90,1.84,4
1987,4,84,TAM,Don Graham,LB,23,FALSE,0,0,0,3,1,13,6.13,0.3333333333333333
1987,4,85,IND,Randy Dixon,OG,22,FALSE,0,0,8,9,39,118,3.08,4.333333333333333
1987,4,87,TAM,Ron Hall,TE,23,FALSE,0,0,7,9,18,119,9.41,2
1987,4,93,PHI,Byron Evans,LB,23,FALSE,0,0,6,8,45,113,2.97,5.625
1987,4,93,PHI,Byron Evans,LB,23,FALSE,0,0,6,8,45,113,4.19,5.625
1987,4,95,DAL,Kelvin Martin,WR,22,FALSE,0,0,4,10,39,139,2.63,3.9
1987,4,96,NOR,Steve Trapilo,OG,22,FALSE,0,0,3,6,27,57,8.46,4.5
1987,4,97,ATL,Ralph Van Dyke,OT,23,FALSE,0,0,0,1,2,2,4.21,2
1987,4,98,NWE,Rich Gannon,QB,21,FALSE,2,4,8,18,97,157,9.23,5.388888888888889
1987,4,99,MIA,Troy Stradford,RB,22,FALSE,0,0,0,6,23,66,4.35,3.8333333333333335
1987,4,103,CIN,Jim Riggs,TE,23,FALSE,0,0,0,7,3,82,7.06,0.42857142857142855
1987,4,106,TAM,Bruce Hill,WR,23,FALSE,0,0,3,5,22,57,5,4.4
1987,4,107,NWE,Tim Jordan,LB,23,FALSE,0,0,0,3,8,30,9.03,2.6666666666666665
1987,4,108,RAM,Larry Kelm,LB,22,FALSE,0,0,3,7,21,88,5.81,3
1987,4,109,BUF,Leon Seals,DE,23,FALSE,0,0,2,6,23,82,1.43,3.8333333333333335
1987,4,110,RAI,Steve Beuerlein,QB,22,FALSE,0,1,4,17,69,147,0,4.0588235294117645
1987,4,111,DEN,Marc Munford,LB,22,FALSE,0,0,1,4,11,48,4.84,2.75
1987,4,112,NYG,Odessa Turner,WR,22,FALSE,0,0,1,7,15,67,10,2.142857142857143
1987,5,113,NWE,Danny Villa,OT,22,FALSE,0,0,6,12,32,157,3.68,2.6666666666666665
1987,5,114,IND,Roy Banks,WR,21,FALSE,0,0,0,2,0,15,6.58,0
1987,5,118,STL,George Swarn,RB,23,FALSE,0,0,0,1,0,1,8.26,0
1987,5,121,PHI,David Alexander,OC,23,FALSE,0,0,7,10,47,131,8.33,4.7
1987,5,122,PIT,Hardy Nickerson,LB,22,FALSE,2,5,14,16,97,225,3.75,6.0625
1987,5,122,PIT,Hardy Nickerson,LB,22,FALSE,2,5,14,16,97,225,2.26,6.0625
1987,5,124,DAL,Everett Gay,WR,22,FALSE,0,0,0,2,2,16,7.11,1
1987,5,127,STL,Ilia Jarostchuk,LB,23,FALSE,0,0,0,4,4,46,7.74,1
1987,5,128,KAN,Kitrick Taylor,WR,23,FALSE,0,0,0,7,5,47,6.05,0.7142857142857143
1987,5,133,HOU,Spencer Tillman,RB,23,FALSE,0,0,0,8,1,115,5.22,0.125
1987,5,135,TAM,Henry Rolling,LB,21,FALSE,0,0,3,8,25,88,8.71,3.125
1987,5,140,NYG,Paul O'Connor,OG,24,FALSE,0,0,0,1,1,2,2.31,1
1987,6,141,PIT,Tim Johnson,DT,22,FALSE,0,0,7,10,45,146,3.57,4.5
1987,6,143,TAM,Steve Bartalo,RB,23,FALSE,0,0,0,1,0,9,3.48,0
1987,6,145,GNB,Willie Marshall,WR,NA,FALSE,0,0,0,NA,0,NA,8.16,NA
1987,6,146,STL,Mark Garalczyk,DT,23,FALSE,0,0,0,2,2,24,5.71,1
1987,6,147,HOU,Al Smith,LB,22,FALSE,1,2,8,10,54,125,6.45,5.4
1987,6,148,DET,Danny Lockett,LB,23,FALSE,0,0,0,2,2,29,6.77,1
1987,6,150,PIT,Greg Lloyd,LB,22,FALSE,3,5,9,12,88,147,2.62,7.333333333333333
1987,6,152,NOR,Thomas Henley,WR,22,FALSE,0,0,0,1,0,1,4.47,0
1987,6,153,ATL,Paul Kiser,OG,23,FALSE,0,0,0,1,0,1,7.69,0
1987,6,154,CHI,John Adickes,OC,23,FALSE,0,0,0,3,2,23,6.67,0.6666666666666666
1987,6,156,MIN,Greg Richardson,WR,22,FALSE,0,0,0,2,0,4,3.16,0
1987,6,159,HOU,Toby Caston,LB,22,FALSE,0,0,0,7,6,90,3.23,0.8571428571428571
1987,6,163,NWE,Gene Taylor,WR,24,FALSE,0,0,0,5,0,13,7.63,0
1987,6,164,WAS,Ed Simmons,OT,23,FALSE,0,0,7,11,43,142,4.74,3.909090909090909
1987,6,168,NYG,Doug Riesenberg,OT,22,FALSE,0,0,9,10,56,145,6.84,5.6
1987,7,169,TAM,Curt Jarvis,DT,22,FALSE,0,0,3,4,14,38,0,3.5
1987,7,171,BUF,Kerry Porter,RB,22,FALSE,0,0,0,4,0,35,8.7,0
1987,7,177,PHI,Brian Williams,OT,NA,FALSE,0,0,0,NA,0,NA,1.58,NA
1987,7,178,PIT,Chris Kelley,TE,22,FALSE,0,0,0,1,0,2,4.12,0
1987,7,182,MIA,Tom Brown,RB,22,FALSE,0,0,1,3,1,10,3.91,0.3333333333333333
1987,7,185,SEA,Derek Tennell,TE,23,FALSE,0,0,0,7,3,75,8.82,0.42857142857142855
1987,7,186,KAN,Doug Hudson,QB,22,FALSE,0,0,0,1,0,1,3.85,0
1987,7,187,NYJ,Gerald Nichols,DT,23,FALSE,0,0,0,7,10,85,6.43,1.4285714285714286
1987,7,193,CHI,Archie Harris,OT,22,FALSE,0,0,0,1,0,3,7.89,0
1987,7,195,STL,William Harris,TE,22,FALSE,0,0,0,4,1,30,8.24,0.25
1987,8,206,DAL,Kevin Gogan,OG,22,FALSE,0,3,11,14,73,213,1.54,5.214285714285714
1987,8,212,MIA,Mark Dennis,OT,22,FALSE,0,0,3,10,36,125,5.79,3.6
1987,8,222,DEN,Dan Morgan,OG,23,FALSE,0,0,0,1,1,2,6.92,1
1987,8,223,NYG,Rod Jones,TE,23,FALSE,0,0,0,3,1,9,1.18,0.3333333333333333
1987,9,233,PIT,Joey Clinkscales,WR,23,FALSE,0,0,0,2,2,14,3.95,1
1987,9,237,MIA,Tim Pidgeon,LB,22,FALSE,0,0,0,1,2,3,8.39,2
1987,9,238,RAI,Scott Eccles,TE,24,FALSE,0,0,0,1,0,1,10,0
1987,9,240,RAM,Tracy Ham,RB,NA,FALSE,0,0,0,NA,0,NA,0.87,NA
1987,9,247,IND,Bob Ontko,LB,23,FALSE,0,0,0,1,2,3,4.52,2
1987,9,248,WAS,Alfred Jenkins,RB,NA,FALSE,0,0,0,NA,0,NA,6.09,NA
1987,9,249,CHI,Lakei Heimuli,RB,22,FALSE,0,0,0,1,1,3,1.74,1
1987,10,252,TAM,Mike Simmonds,OG,23,FALSE,0,0,0,3,2,5,10,0.6666666666666666
1987,10,255,GNB,Don Majkowski,QB,23,FALSE,0,1,4,10,39,90,8.46,3.9
1987,10,258,HOU,Curtis Duncan,WR,22,FALSE,0,1,4,7,33,102,6.84,4.714285714285714
1987,10,262,DAL,Dale Jones,LB,24,FALSE,0,0,0,1,2,3,0,2
1987,10,263,NOR,Robert Clark,WR,22,FALSE,0,0,3,6,26,67,0.79,4.333333333333333
1987,10,264,ATL,Jerry Reese,TE,NA,FALSE,0,0,0,NA,0,NA,2.94,NA
1987,10,267,MIN,Bob Riley,OT,23,FALSE,0,0,0,1,2,3,8.95,2
1987,10,276,CLE,Frank Winters,OC,23,FALSE,0,1,10,16,66,231,3.33,4.125
1987,11,282,GNB,Patrick Scott,WR,22,FALSE,0,0,0,2,3,24,1.32,1.5
1987,11,285,STL,Todd Peat,OG,23,FALSE,0,0,2,7,19,79,3.85,2.7142857142857144
1987,11,286,DET,Brian Siverling,TE,NA,FALSE,0,0,0,NA,0,NA,1.76,NA
1987,11,287,HOU,John Davis,OG,22,FALSE,0,0,4,8,31,104,0,3.875
1987,11,290,NOR,Arthur Wells,TE,24,FALSE,0,0,0,1,0,2,0,0
1987,11,296,CIN,Jim Warne,OT,22,FALSE,0,0,0,1,2,3,0,2
1987,11,297,SEA,Darryl Oliver,RB,23,FALSE,0,0,0,1,0,2,2.17,0
1987,11,298,KAN,Craig Richardson,WR,NA,FALSE,0,0,0,NA,0,NA,7.89,NA
1987,11,301,SFO,Calvin Nicholas,WR,23,FALSE,0,0,0,2,0,7,6.32,0
1987,12,313,TAM,Mike Shula,QB,NA,FALSE,0,0,0,NA,0,NA,1.54,NA
1987,12,315,DET,Gary Lee,WR,22,FALSE,0,0,0,2,5,26,5.53,2.5
1987,12,316,PHI,Bobby Morse,RB,21,FALSE,0,0,0,5,1,38,4.78,0.2
1987,12,317,PIT,Theo Young,TE,22,FALSE,0,0,0,1,0,12,5.29,0
1987,12,319,NOR,Tyrone Sorrells,OG,NA,FALSE,0,0,0,NA,0,NA,9.23,NA
1987,12,324,SEA,Tony Burse,RB,22,FALSE,0,0,0,1,0,12,3.04,0
1987,12,325,KAN,Bruce Holmes,LB,21,FALSE,0,0,0,7,1,4,0.65,0.14285714285714285
1987,12,327,NYJ,Bill Ransdell,QB,NA,FALSE,0,0,0,NA,0,NA,4.62,NA
1987,12,328,CIN,John Holifield,RB,23,FALSE,0,0,0,3,0,3,9.13,0
1988,1,2,KAN,Neil Smith,DE,22,FALSE,1,6,11,13,96,191,10,7.384615384615385
1988,1,12,PHO,Ken Harvey,LB,23,FALSE,0,4,9,11,65,164,9.68,5.909090909090909
1988,1,13,PHI,Keith Jackson,TE,23,FALSE,3,5,7,9,43,129,6.25,4.777777777777778
1988,1,14,RAM,Gaston Green,RB,22,FALSE,0,1,2,5,16,58,7.45,3.2
1988,1,15,SDG,Anthony Miller,WR,23,FALSE,0,5,10,10,74,155,9.27,7.4
1988,1,15,SDG,Anthony Miller,WR,23,FALSE,0,5,10,10,74,155,7.25,7.4
1988,1,17,NWE,John Stephens,RB,22,FALSE,0,1,4,6,23,88,10,3.8333333333333335
1988,1,20,RAM,Aaron Cox,WR,23,FALSE,0,0,1,6,15,82,4.63,2.5
1988,2,28,ATL,Marcus Cotton,LB,22,FALSE,0,0,0,4,5,44,7.62,1.25
1988,2,29,DET,Chris Spielman,LB,22,FALSE,1,4,10,10,74,148,3.17,7.4
1988,2,32,DET,Pat Carter,TE,22,FALSE,0,0,6,10,9,154,0.63,0.9
1988,2,33,SFO,Danny Stubbs,DE,23,FALSE,0,0,3,11,30,134,3.13,2.727272727272727
1988,2,34,GNB,Shawn Patterson,DE,24,FALSE,0,0,0,6,10,48,9.69,1.6666666666666667
1988,2,38,PHO,Tony Jeffery,RB,24,FALSE,0,0,0,1,0,3,6.08,0
1988,2,40,BUF,Thurman Thomas,RB,22,TRUE,2,5,10,13,110,182,8.04,8.461538461538462
1988,2,43,NWE,Vincent Brown,LB,23,FALSE,0,0,7,8,52,123,5.24,6.5
1988,2,44,PIT,Dermontti Dawson,OC,23,TRUE,6,7,11,13,96,184,8.46,7.384615384615385
1988,2,45,DEN,Gerald Perry,OT,23,FALSE,0,0,6,8,36,97,8,4.5
1988,2,46,RAM,Flipper Anderson,WR,23,FALSE,0,0,6,10,42,114,7.5,4.2
1988,2,47,RAM,Fred Strickland,LB,22,FALSE,0,0,8,12,46,161,7.94,3.8333333333333335
1988,2,49,SEA,Brian Blades,WR,23,FALSE,0,1,9,11,60,156,7.63,5.454545454545454
1988,2,52,NOR,Brett Perriman,WR,22,FALSE,0,0,7,10,59,153,9.88,5.9
1988,2,53,TAM,Lars Tate,RB,22,FALSE,0,0,2,3,8,33,9.8,2.6666666666666665
1988,3,56,ATL,Alex Higdon,TE,21,FALSE,0,0,0,1,0,3,9.38,0
1988,3,60,SDG,Quinn Early,WR,23,FALSE,0,0,8,12,46,179,9.38,3.8333333333333335
1988,3,61,GNB,Keith Woodside,RB,24,FALSE,0,0,4,4,16,64,6.86,4
1988,3,64,PHI,Matt Patchan,OT,NA,FALSE,0,0,0,NA,0,NA,9.71,NA
1988,3,65,BUF,Bernard Ford,WR,22,FALSE,0,0,0,3,1,24,8.13,0.3333333333333333
1988,3,67,DAL,Mark Hutson,OG,NA,FALSE,0,0,0,NA,0,NA,2.81,NA
1988,3,69,NWE,Tom Rehder,OT,23,FALSE,0,0,0,3,3,40,9.8,1
1988,3,70,PIT,Chuck Lanza,OC,23,FALSE,0,0,0,2,2,27,10,1
1988,3,76,IND,Chris Chandler,QB,22,FALSE,0,2,9,17,77,180,6.8,4.529411764705882
1988,3,77,CLE,Van Waiters,LB,23,FALSE,0,0,1,5,13,80,2.54,2.6
1988,3,80,SFO,Bill Romanowski,LB,22,FALSE,0,2,13,16,83,243,8.25,5.1875
1988,4,83,TAM,Robert Goff,DE,22,FALSE,0,0,3,9,25,122,6.25,2.7777777777777777
1988,4,87,NWE,Tim Goad,DT,22,FALSE,0,0,8,9,48,141,5.17,5.333333333333333
1988,4,88,GNB,Rollin Putzier,DT,22,FALSE,0,0,0,2,1,16,7.24,0.5
1988,4,93,SDG,Stacy Searels,OT,NA,FALSE,0,0,0,NA,0,NA,5.6,NA
1988,4,99,MIA,Greg Johnson,OT,23,FALSE,0,0,0,1,0,1,9.6,0
1988,4,101,SEA,Kevin Harmon,RB,21,FALSE,0,0,0,2,0,9,4.51,0
1988,4,108,MIN,Todd Kalis,OG,23,FALSE,0,0,5,8,29,103,8.75,3.625
1988,4,109,WAS,Jamie Morris,RB,23,FALSE,0,0,0,3,5,33,1.96,1.6666666666666667
1988,5,111,DET,Eric Andolsek,OG,22,FALSE,0,0,3,4,23,61,5,5.75
1988,5,112,NOR,Greg Scales,TE,22,FALSE,0,0,0,4,2,44,5,0.5
1988,5,113,TAM,William Howard,RB,24,FALSE,0,0,2,2,7,31,1.57,3.5
1988,5,114,CIN,Herb Wester,OT,NA,FALSE,0,0,0,NA,0,NA,3.6,NA
1988,5,115,NWE,Troy Wolkow,OG,NA,FALSE,0,0,0,NA,0,NA,9.06,NA
1988,5,116,GNB,Darrell Reed,LB,NA,FALSE,0,0,0,NA,0,NA,1.11,NA
1988,5,117,RAM,Robert Delpino,RB,22,FALSE,0,0,1,6,25,88,8.63,4.166666666666667
1988,5,118,NYG,Jon Carter,DT,23,FALSE,0,0,0,2,1,13,7.93,0.5
1988,5,120,PHO,Chris Gaines,LB,23,FALSE,0,0,0,1,0,4,2.86,0
1988,5,130,HOU,Chris Verhulst,TE,22,FALSE,0,0,0,3,0,28,8.44,0
1988,5,133,CHI,Troy Johnson,LB,23,FALSE,0,0,0,5,7,64,3.65,1.4
1988,6,138,ATL,George Thomas,WR,24,FALSE,0,0,1,5,7,51,7.13,1.4
1988,6,141,CIN,Paul Jetton,OG,23,FALSE,0,0,0,5,6,30,5.94,1.2
1988,6,146,NYJ,Paul Frase,DE,23,FALSE,0,0,2,11,24,139,6.56,2.1818181818181817
1988,6,147,RAM,Keith Jones,RB,22,FALSE,0,0,0,2,2,16,7.25,1
1988,6,148,PHO,Jon Phillips,OG,NA,FALSE,0,0,0,NA,0,NA,7.19,NA
1988,6,154,NWE,Steve Johnson,TE,23,FALSE,0,0,0,1,0,14,8.13,0
1988,6,156,MIA,George Cooper,RB,NA,FALSE,0,0,0,NA,0,NA,2.94,NA
1988,6,159,WAS,Stan Humphries,QB,23,FALSE,0,0,6,10,50,88,5.6,5
1988,6,162,NOR,Bob Sims,OG,NA,FALSE,0,0,0,NA,0,NA,6.88,NA
1988,7,166,ATL,Michael Haynes,WR,22,FALSE,0,0,8,10,49,147,6.5,4.9
1988,7,168,CIN,Rich Romer,LB,22,FALSE,0,0,0,2,0,9,4.13,0
1988,7,169,DET,Jeff James,WR,NA,FALSE,0,0,0,NA,0,NA,2.38,NA
1988,7,172,NYJ,Gary Patton,RB,NA,FALSE,0,0,0,NA,0,NA,1.18,NA
1988,7,176,PHI,Todd White,WR,NA,FALSE,0,0,0,NA,0,NA,2.5,NA
1988,7,180,MIA,Kerwin Bell,QB,23,FALSE,0,0,0,9,0,1,2.4,0
1988,7,181,NWE,Darryl Usher,WR,23,FALSE,0,0,0,2,0,13,6.75,0
1988,7,182,PIT,Marc Zeno,WR,NA,FALSE,0,0,0,NA,0,NA,4.38,NA
1988,7,183,MIN,Brad Beckman,TE,23,FALSE,0,0,0,2,1,24,7.81,0.5
1988,7,190,NOR,Brian Forde,LB,24,FALSE,0,0,0,4,7,64,7.3,1.75
1988,7,192,DEN,Garry Frank,OG,NA,FALSE,0,0,0,NA,0,NA,9.38,NA
1988,8,194,ATL,Phillip Brown,LB,NA,FALSE,0,0,0,NA,0,NA,9.05,NA
1988,8,197,KAN,Alfredo Roberts,TE,23,FALSE,0,0,2,5,5,80,4.69,1
1988,8,199,RAI,Mike Alexander,WR,23,FALSE,0,0,0,4,3,19,3.25,0.75
1988,8,200,GNB,Patrick Collins,RB,22,FALSE,0,0,0,1,0,5,5.88,0
1988,8,201,RAM,Darryl Franklin,WR,NA,FALSE,0,0,0,NA,0,NA,0.88,NA
1988,8,203,NYJ,Keith Neubert,TE,23,FALSE,0,0,1,2,2,17,3.13,1
1988,8,205,DAL,Mark Higgs,RB,22,FALSE,0,0,3,8,22,90,9.22,2.75
1988,8,206,PHO,Tim Moore,LB,NA,FALSE,0,0,0,NA,0,NA,8.57,NA
1988,8,211,PIT,Mike Hinnant,TE,21,FALSE,0,0,0,5,0,36,9.74,0
1988,8,212,MIA,Harry Galbreath,OG,23,FALSE,0,0,9,9,60,141,5.31,6.666666666666667
1988,8,215,SEA,Robert Tyler,TE,22,FALSE,0,0,1,2,1,9,0,0.5
1988,8,216,CLE,J.J. Birden,WR,23,FALSE,0,0,5,9,30,93,9.25,3.3333333333333335
1988,8,217,CHI,Harvey Reed,RB,NA,FALSE,0,0,0,NA,0,NA,7.06,NA
1988,8,218,NOR,Glenn Derby,OT,24,FALSE,0,0,0,3,0,7,6,0
1988,8,219,SFO,Larry Clarkson,OT,NA,FALSE,0,0,0,NA,0,NA,9.2,NA
1988,8,220,MIA,Louis Cheek,OT,23,FALSE,0,0,1,4,8,45,2.4,2
1988,9,222,ATL,James Primus,RB,24,FALSE,0,0,0,2,1,21,8.24,0.5
1988,9,227,RAI,Reggie Ware,RB,NA,FALSE,0,0,0,NA,0,NA,7.65,NA
1988,9,232,DAL,Brian Bedford,WR,NA,FALSE,0,0,0,NA,0,NA,8.63,NA
1988,9,233,PHO,Scott Dill,OT,22,FALSE,0,0,3,10,23,110,3,2.3
1988,9,234,DET,Todd Irvin,OT,NA,FALSE,0,0,0,NA,0,NA,5,NA
1988,9,239,MIA,Jeff Cross,DE,22,FALSE,0,1,7,8,50,125,3.44,6.25
1988,9,245,CHI,Rogie Magee,WR,NA,FALSE,0,0,0,NA,0,NA,8,NA
1988,10,251,KAN,Kenny Gamble,RB,23,FALSE,0,0,0,3,0,19,1.76,0
1988,10,260,PHO,Andy Schillinger,WR,23,FALSE,0,0,0,1,0,3,5.5,0
1988,10,264,MIN,Brian Habib,OG,23,FALSE,0,0,8,12,61,174,10,5.083333333333333
1988,10,266,MIA,Artis Jackson,DT,NA,FALSE,0,0,0,NA,0,NA,2.07,NA
1988,10,267,NWE,Rodney Lossow,OC,NA,FALSE,0,0,0,NA,0,NA,3.85,NA
1988,10,274,NOR,Todd Santos,QB,NA,FALSE,0,0,0,NA,0,NA,4.8,NA
1988,11,278,ATL,James Milling,WR,23,FALSE,0,0,0,5,1,24,5.25,0.2
1988,11,293,SDG,George Hinkle,DE,23,FALSE,0,0,2,6,13,68,1.25,2.1666666666666665
1988,11,294,NWE,Marvin Allen,RB,22,FALSE,0,0,0,4,1,37,4.9,0.25
1988,11,304,DEN,Richard Calvin,RB,NA,FALSE,0,0,0,NA,0,NA,0.98,NA
1988,12,309,BUF,John Driscoll,OT,NA,FALSE,0,0,0,NA,0,NA,4.6,NA
1988,12,310,TAM,Victor Jones,LB,21,FALSE,0,0,1,7,11,93,0.95,1.5714285714285714
1988,12,316,BUF,Tom Erlandson,LB,22,FALSE,0,0,0,1,0,4,1.43,0
1988,12,320,MIA,Brian Kinchen,TE,23,FALSE,0,0,4,16,15,193,2.19,0.9375
1988,12,321,NWE,Dave Nugent,DT,NA,FALSE,0,0,0,NA,0,NA,5.86,NA
1988,12,322,PIT,James Earle,LB,NA,FALSE,0,0,0,NA,0,NA,2.38,NA
1988,12,325,HOU,John Brantley,LB,22,FALSE,0,0,0,5,2,20,1.27,0.4
1988,12,328,CLE,Steve Slayden,QB,NA,FALSE,0,0,0,NA,0,NA,0.8,NA
1988,12,330,NOR,Paul Jurgensen,DE,NA,FALSE,0,0,0,NA,0,NA,3.75,NA
1989,1,2,GNB,Tony Mandarich,OT,22,FALSE,0,0,4,10,28,86,10,2.8
1989,1,3,DET,Barry Sanders,RB,21,TRUE,6,10,10,10,120,153,9.35,12
1989,1,8,SDG,Burt Grossman,DE,22,FALSE,0,0,5,6,35,86,10,5.833333333333333
1989,1,10,PHO,Eric Hill,LB,22,FALSE,0,0,11,11,52,160,8.25,4.7272727272727275
1989,1,14,NYJ,Jeff Lageman,DE,22,FALSE,0,0,7,10,44,122,7.76,4.4
1989,1,15,SEA,Andy Heck,OT,22,FALSE,0,0,11,12,60,185,8.82,5
1989,1,16,NWE,Hart Lee Dykes,WR,23,FALSE,0,0,1,2,9,26,8.49,4.5
1989,1,17,PHO,Joe Wolf,OT,22,FALSE,0,0,2,9,24,94,9.85,2.6666666666666665
1989,1,19,NOR,Wayne Martin,DE,23,FALSE,0,1,10,11,68,171,3.88,6.181818181818182
1989,1,21,RAM,Bill Hawkins,DE,23,FALSE,0,0,1,4,6,42,9.8,1.5
1989,1,22,IND,Andre Rison,WR,22,FALSE,1,5,10,12,77,186,7.82,6.416666666666667
1989,1,23,HOU,David Williams,OT,23,FALSE,0,0,8,9,44,128,9.41,4.888888888888889
1989,1,27,ATL,Shawn Collins,WR,22,FALSE,0,0,1,5,11,49,9.58,2.2
1989,2,29,DAL,Steve Wisniewski,OG,22,FALSE,2,8,13,13,102,206,8.16,7.846153846153846
1989,2,30,DET,John Ford,WR,23,FALSE,0,0,0,1,1,7,10,1
1989,2,32,KAN,Mike Elkins,QB,23,FALSE,0,0,0,1,0,1,4.25,0
1989,2,33,TAM,Danny Peebles,WR,23,FALSE,0,0,0,3,2,30,9.33,0.6666666666666666
1989,2,35,CIN,Eric Ball,RB,23,FALSE,0,0,2,7,5,97,9.48,0.7142857142857143
1989,2,36,CHI,John Roper,LB,23,FALSE,0,0,3,5,20,68,3.3,4
1989,2,37,SDG,Courtney Hall,OC,21,FALSE,0,0,7,8,48,118,7,6
1989,2,38,ATL,Ralph Norwood,OT,23,FALSE,0,0,0,1,1,11,7.94,1
1989,2,45,RAM,Frank Stams,LB,24,FALSE,0,0,2,7,17,82,6.19,2.4285714285714284
1989,2,48,RAM,Brian Smith,LB,23,FALSE,0,0,0,2,2,19,2.1,1
1989,2,49,PHI,Jessie Small,LB,22,FALSE,0,0,2,4,12,53,7.11,3
1989,2,50,HOU,Scott Kozak,LB,23,FALSE,0,0,0,5,5,80,9.18,1
1989,2,51,SDG,Billy Joe Tolliver,QB,23,FALSE,0,0,3,11,24,79,3,2.1818181818181817
1989,2,52,MIN,David Braxton,LB,24,FALSE,0,0,0,6,5,71,9.69,0.8333333333333334
1989,2,56,SFO,Wesley Walls,TE,23,FALSE,0,5,9,15,43,196,8.48,2.8666666666666667
1989,3,61,PIT,Derek Hill,WR,21,FALSE,0,0,2,2,8,32,7.9,4
1989,3,62,ATL,Keith Jones,RB,23,FALSE,0,0,3,4,10,50,7.25,2.5
1989,3,63,NWE,Marv Cook,TE,23,FALSE,1,2,6,7,13,112,6.3,1.8571428571428572
1989,3,64,NYG,Bob Kratch,OG,23,FALSE,0,0,4,8,34,105,2.04,4.25
1989,3,65,CHI,Jerry Fontenot,OC,22,FALSE,0,0,11,16,68,239,6,4.25
1989,3,66,WAS,Tracy Rocker,DT,23,FALSE,0,0,1,2,10,24,0.42,5
1989,3,67,PHO,Mike Zandofsky,OG,23,FALSE,0,0,4,9,35,116,2.65,3.888888888888889
1989,3,69,DEN,Darrell Hamilton,OT,24,FALSE,0,0,0,3,6,21,6.62,2
1989,3,72,IND,Mitchell Benson,DT,22,FALSE,0,0,0,3,3,41,3.75,1
1989,3,73,NWE,Chris Gannon,DE,23,FALSE,0,0,0,5,5,40,7.96,1
1989,3,74,GNB,Anthony Dilweg,QB,24,FALSE,0,0,0,2,4,10,7.25,2
1989,3,75,RAM,Kevin Robbins,OT,22,FALSE,0,0,0,5,2,8,3.97,0.4
1989,3,76,PHI,Robert Drummond,RB,22,FALSE,0,0,0,3,4,36,8.83,1.3333333333333333
1989,3,81,PHI,Britt Hager,LB,23,FALSE,0,0,0,9,17,121,5.46,1.8888888888888888
1989,3,82,BUF,Don Beebe,WR,24,FALSE,0,0,4,9,33,116,8.66,3.6666666666666665
1989,3,83,CIN,Erik Wilhelm,QB,23,FALSE,0,0,0,8,3,22,2.5,0.375
1989,4,89,CIN,Kerry Owens,LB,NA,FALSE,0,0,0,NA,0,NA,3.09,NA
1989,4,93,NYG,Lewis Tillman,RB,23,FALSE,0,0,1,7,17,109,2.21,2.4285714285714284
1989,4,94,PHO,Jim Wahler,DT,23,FALSE,0,0,3,5,18,62,7.71,3.6
1989,4,98,NYJ,Ron Stallworth,DE,23,FALSE,0,0,1,2,10,32,3.47,5
1989,4,99,IND,Pat Tomberlin,OG,23,FALSE,0,0,1,5,5,18,0,1
1989,4,102,RAM,Jeff Carlson,QB,23,FALSE,0,0,0,4,2,7,5.75,0.5
1989,4,104,HOU,Rod Harris,WR,22,FALSE,0,0,0,3,0,38,1.85,0
1989,4,107,CLE,Andrew Stewart,DE,23,FALSE,0,0,0,1,2,16,8.78,2
1989,4,108,MIN,Darryl Ingram,TE,23,FALSE,0,0,0,5,0,36,5.65,0
1989,4,110,WAS,Erik Affholter,WR,23,FALSE,0,0,0,3,1,4,3.78,0.3333333333333333
1989,4,111,CIN,Rob Woods,OT,23,FALSE,0,0,0,3,1,2,7.35,0.3333333333333333
1989,5,115,DET,Lawrence Pete,DT,23,FALSE,0,0,1,5,11,61,3.33,2.2
1989,5,116,CLE,Vernon Joines,WR,24,FALSE,0,0,0,2,1,20,9.92,0.5
1989,5,123,PHO,Richard Tardits,LB,24,FALSE,0,0,0,4,2,27,2.99,0.5
1989,5,124,GNB,Jeff Query,WR,22,FALSE,0,0,1,7,15,86,9.75,2.142857142857143
1989,5,126,NYJ,Tony Martin,WR,24,FALSE,0,1,6,13,66,177,9.83,5.076923076923077
1989,5,127,GNB,Vince Workman,RB,21,FALSE,0,0,2,8,22,106,1.04,2.75
1989,5,130,CHI,Mark Green,RB,22,FALSE,0,0,0,4,6,53,1.82,1.5
1989,5,132,NYG,Dave Meggett,RB,23,FALSE,0,2,0,10,43,146,4.42,4.3
1989,5,136,CHI,Greg Gilbert,LB,NA,FALSE,0,0,0,NA,0,NA,6.6,NA
1989,5,138,CIN,Natu Tuatagaloa,DE,23,FALSE,0,0,1,7,15,76,4.9,2.142857142857143
1989,6,140,RAI,Jeff Francis,QB,23,FALSE,0,0,0,2,0,1,6.75,0
1989,6,141,DET,Rodney Peete,QB,23,FALSE,0,0,7,16,46,104,6,2.875
1989,6,144,PIT,Mark Stock,WR,23,FALSE,0,0,0,8,1,25,5.71,0.125
1989,6,145,ATL,Troy Sadowski,TE,23,FALSE,0,0,0,10,0,100,9.13,0
1989,6,147,MIA,Wes Pritchett,LB,23,FALSE,0,0,0,3,0,3,1.65,0
1989,6,152,DEN,Anthony Stafford,WR,NA,FALSE,0,0,0,NA,0,NA,8.57,NA
1989,6,153,NYJ,Titus Dixon,WR,23,FALSE,0,0,0,1,0,4,4.45,0
1989,6,156,RAI,Doug Lloyd,RB,24,FALSE,0,0,0,3,0,1,8.18,0
1989,6,158,NYG,Howard Cross,TE,22,FALSE,0,0,10,13,17,207,1.74,1.3076923076923077
1989,6,159,NOR,Floyd Turner,WR,23,FALSE,0,0,3,10,34,114,4.12,3.4
1989,6,161,RAM,Mark Messner,LB,23,FALSE,0,0,0,1,0,4,0.21,0
1989,6,163,MIN,Jeff Mickel,OT,23,FALSE,0,0,0,2,0,1,8.24,0
1989,6,165,NWE,Eric Mitchel,RB,NA,FALSE,0,0,0,NA,0,NA,9.22,NA
1989,6,167,SFO,Steve Hendrickson,LB,23,FALSE,0,0,1,7,14,100,9.07,2
1989,7,171,KAN,Ron Sancho,LB,NA,FALSE,0,0,0,NA,0,NA,1.34,NA
1989,7,172,ATL,Undra Johnson,RB,23,FALSE,0,0,0,1,0,6,2.86,0
1989,7,176,MIA,Jim Zdelar,OT,NA,FALSE,0,0,0,NA,0,NA,2.21,NA
1989,7,178,NWE,Eric Lindstrom,LB,NA,FALSE,0,0,0,NA,0,NA,4.74,NA
1989,7,179,WAS,Kevin Hendrix,LB,NA,FALSE,0,0,0,NA,0,NA,1.03,NA
1989,7,186,NOR,David Griggs,LB,22,FALSE,0,0,4,6,30,78,2.58,5
1989,7,190,HOU,Tracy Rogers,LB,22,FALSE,0,0,1,8,13,75,5.15,1.625
1989,7,192,CHI,Brent Snyder,QB,NA,FALSE,0,0,0,NA,0,NA,5.25,NA
1989,7,195,SDG,Terrence Jones,QB,NA,FALSE,0,0,0,NA,0,NA,9.75,NA
1989,8,197,DET,Chris Parker,DT,NA,FALSE,0,0,0,NA,0,NA,0.83,NA
1989,8,200,TAM,Carl Bax,OG,23,FALSE,0,0,0,2,5,15,6.53,2.5
1989,8,201,PIT,Chris Asbeck,DT,NA,FALSE,0,0,0,NA,0,NA,4.58,NA
1989,8,204,SDG,Dana Brinson,WR,24,FALSE,0,0,0,1,1,10,8.82,1
1989,8,212,IND,Kurt Larson,LB,23,FALSE,0,0,0,3,4,42,4.85,1.3333333333333333
1989,8,213,NOR,Fred Hadley,WR,NA,FALSE,0,0,0,NA,0,NA,5.13,NA
1989,8,219,MIN,Alex Stewart,DE,NA,FALSE,0,0,0,NA,0,NA,9.39,NA
1989,9,228,PIT,A.J. Jenkins,LB,23,FALSE,0,0,0,2,2,21,7.01,1
1989,9,231,SDG,Pat Davis,TE,NA,FALSE,0,0,0,NA,0,NA,6.09,NA
1989,9,247,NWE,Curtis Wilson,OC,NA,FALSE,0,0,0,NA,0,NA,10,NA
1989,9,250,CIN,Richard Stephens,OG,24,FALSE,0,0,0,7,3,29,7.55,0.42857142857142855
1989,10,257,TAM,Ty Granger,OT,NA,FALSE,0,0,0,NA,0,NA,4.26,NA
1989,10,265,NYJ,Adam Bob,LB,21,FALSE,0,0,0,1,0,5,0.82,0
1989,10,266,IND,Jim Thompson,OT,NA,FALSE,0,0,0,NA,0,NA,9.56,NA
1989,10,269,RAM,Mike Williams,WR,22,FALSE,0,0,0,7,2,59,8.66,0.2857142857142857
1989,10,269,RAM,Mike Williams,WR,22,FALSE,0,0,0,7,2,59,7.24,0.2857142857142857
1989,10,269,RAM,Mike Williams,WR,22,FALSE,0,0,0,7,2,59,6.52,0.2857142857142857
1989,10,269,RAM,Mike Williams,WR,22,FALSE,0,0,0,7,2,59,3.89,0.2857142857142857
1989,10,270,CHI,Todd Millikan,TE,NA,FALSE,0,0,0,NA,0,NA,3.04,NA
1989,10,271,HOU,Tracy Johnson,RB,22,FALSE,0,0,1,8,2,121,3.25,0.25
1989,10,273,NOR,Joe Henderson,RB,NA,FALSE,0,0,0,NA,0,NA,4.26,NA
1989,10,275,MIA,Greg Ross,DT,NA,FALSE,0,0,0,NA,0,NA,5.63,NA
1989,10,278,CIN,Bob Jean,QB,NA,FALSE,0,0,0,NA,0,NA,7.5,NA
1989,10,279,SFO,Andy Sinclair,OC,NA,FALSE,0,0,0,NA,0,NA,4,NA
1989,11,285,PIT,Brian Slater,WR,NA,FALSE,0,0,0,NA,0,NA,6.55,NA
1989,11,286,ATL,Greg Paterra,RB,22,FALSE,0,0,0,1,1,10,7.92,1
1989,11,287,SDG,Victor Floyd,RB,23,FALSE,0,0,0,1,0,6,7.66,0
1989,11,294,NWE,Tony Hinz,RB,NA,FALSE,0,0,0,NA,0,NA,6.36,NA
1989,11,306,CIN,Dana Wells,DT,23,FALSE,0,0,0,1,0,1,6.04,0
1989,12,319,SFO,Antonio Goss,LB,23,FALSE,0,0,0,8,6,92,7.32,0.75
1989,12,321,NYJ,Willie Snead,WR,NA,FALSE,0,0,0,NA,0,NA,1.84,NA
1989,12,328,CLE,Marlon Brown,LB,NA,FALSE,0,0,0,NA,0,NA,6.91,NA
1989,12,331,MIN,Shawn Woodson,LB,NA,FALSE,0,0,0,NA,0,NA,5.98,NA
1989,12,335,MIN,Everett Ross,WR,NA,FALSE,0,0,0,NA,0,NA,5.21,NA
1990,1,3,SEA,Cortez Kennedy,DT,22,TRUE,3,8,9,11,97,167,8.59,8.818181818181818
1990,1,9,MIA,Richmond Webb,OT,23,FALSE,2,7,12,13,102,184,8.46,7.846153846153846
1990,1,12,CIN,James Francis,LB,22,FALSE,0,0,9,10,45,143,9.47,4.5
1990,1,14,NOR,Renaldo Turnbull,DE,24,FALSE,1,1,3,8,39,120,8.68,4.875
1990,1,18,GNB,Tony Bennett,DE,23,FALSE,0,0,5,8,42,108,7.21,5.25
1990,1,19,GNB,Darrell Thompson,RB,22,FALSE,0,0,2,5,16,60,6.94,3.2
1990,1,20,ATL,Steve Broussard,RB,23,FALSE,0,0,1,9,23,121,6.67,2.5555555555555554
1990,1,21,PIT,Eric Green,TE,23,FALSE,0,2,6,10,32,120,8.39,3.2
1990,1,23,RAM,Bern Brostek,OC,23,FALSE,0,0,6,8,34,105,4.84,4.25
1990,1,25,SFO,Dexter Carter,RB,22,FALSE,0,0,1,7,18,100,7.22,2.5714285714285716
1990,2,26,DAL,Alexander Wright,WR,23,FALSE,0,0,2,7,14,86,9.88,2
1990,2,27,ATL,Darion Conner,LB,22,FALSE,0,0,6,8,30,114,8.65,3.75
1990,2,28,NYJ,Reggie Rembert,WR,23,FALSE,0,0,0,4,5,28,3.95,1.25
1990,2,31,PHO,Anthony Thompson,RB,23,FALSE,0,0,0,3,6,37,4.91,2
1990,2,32,CHI,Fred Washington,DT,23,FALSE,0,0,0,1,1,11,6.48,1
1990,2,36,IND,Anthony Johnson,RB,22,FALSE,0,0,3,11,32,159,5.65,2.909090909090909
1990,2,37,RAI,Aaron Wallace,LB,23,FALSE,0,0,2,9,22,102,9.41,2.4444444444444446
1990,2,38,CIN,Harold Green,RB,22,FALSE,0,1,6,9,40,124,7.31,4.444444444444445
1990,2,42,BUF,Carwell Gardner,FB,23,FALSE,0,0,0,8,7,101,6.18,0.875
1990,2,43,PIT,Kenny Davidson,DE,23,FALSE,0,0,4,7,30,93,9.71,4.285714285714286
1990,2,46,WAS,Andre Collins,LB,22,FALSE,0,0,5,10,42,144,7.37,4.2
1990,2,50,PHI,Mike Bellamy,WR,24,FALSE,0,0,0,1,0,6,7.19,0
1990,2,51,NYG,Mike Fox,DE,23,FALSE,0,0,4,9,41,133,2.94,4.555555555555555
1990,3,54,MIN,Mike Jones,TE,23,FALSE,0,0,0,3,0,31,5.97,0
1990,3,57,SDG,Jeff Mills,LB,21,FALSE,0,0,0,4,6,46,6.84,1.5
1990,3,58,PHO,Ricky Proehl,WR,22,FALSE,0,0,6,17,56,244,6.77,3.2941176470588234
1990,3,60,SDG,Leo Goeas,OG,24,FALSE,0,0,5,8,33,111,8.33,4.125
1990,3,61,CHI,Tim Ryan,DE,22,FALSE,0,0,0,4,7,58,1.32,1.75
1990,3,64,DAL,Jimmie Jones,DT,24,FALSE,0,0,3,8,33,121,9.72,4.125
1990,3,65,CIN,Bernard Clark,LB,23,FALSE,0,0,0,2,2,28,1.43,1
1990,3,70,PIT,Neil O'Donnell,QB,24,FALSE,0,1,7,14,60,125,9.82,4.285714285714286
1990,3,71,NOR,Joel Smeenge,DE,22,FALSE,0,0,3,11,30,156,9.26,2.727272727272727
1990,3,72,HOU,Willis Peguese,DE,23,FALSE,0,0,0,4,4,35,8.53,1
1990,3,74,MIN,Marion Hobby,DE,23,FALSE,0,0,0,3,5,42,0.74,1.6666666666666667
1990,3,75,GNB,Bobby Houston,LB,22,FALSE,0,0,5,9,34,109,9.4,3.7777777777777777
1990,3,77,PHI,Fred Barnett,WR,24,FALSE,0,1,6,8,44,96,9.94,5.5
1990,3,79,NYG,Greg Mark,DE,23,FALSE,0,0,0,1,0,6,2.5,0
1990,3,81,PIT,Craig Veasey,DT,23,FALSE,0,0,0,6,7,69,6.9,1.1666666666666667
1990,4,82,DEN,Jeroy Robinson,LB,22,FALSE,0,0,0,1,0,6,9.7,0
1990,4,83,IND,Stacey Simmons,WR,22,FALSE,0,0,0,1,0,14,5.87,0
1990,4,84,NYJ,Troy Taylor,QB,22,FALSE,0,0,0,2,0,7,9.65,0
1990,4,85,PHO,Travis Davis,DT,24,FALSE,0,0,1,2,3,18,3.8,1.5
1990,4,86,WAS,Cary Conklin,QB,22,FALSE,0,0,0,6,1,7,6.32,0.16666666666666666
1990,4,87,TAM,Jesse Anderson,TE,24,FALSE,0,0,0,4,2,35,9.68,0.5
1990,4,88,CHI,Tony Moss,WR,NA,FALSE,0,0,0,NA,0,NA,1.08,NA
1990,4,89,SEA,Chris Warren,RB,22,FALSE,0,3,6,11,60,162,8.24,5.454545454545454
1990,4,96,KAN,Fred Jones,WR,23,FALSE,0,0,0,4,5,41,8.5,1.25
1990,4,97,PIT,Chris Calloway,WR,22,FALSE,0,0,6,11,42,158,1.14,3.8181818181818183
1990,4,100,BUF,Eddie Fuller,RB,22,FALSE,0,0,0,4,0,20,7.78,0
1990,4,102,GNB,Jackie Harris,TE,22,FALSE,0,0,8,12,33,167,5.32,2.75
1990,4,108,TAM,Tony Mayberry,OC,22,FALSE,0,3,9,10,52,160,3.23,5.2
1990,5,111,DEN,Jeff Davidson,OG,22,FALSE,0,0,2,3,14,44,7.67,4.666666666666667
1990,5,112,NYJ,Tony Savage,DT,23,FALSE,0,0,0,3,0,5,2.11,0
1990,5,114,TAM,Ian Beckles,OG,23,FALSE,0,0,9,9,37,126,5,4.111111111111111
1990,5,116,MIN,Reggie Thornton,WR,22,FALSE,0,0,0,4,0,6,3.23,0
1990,5,119,SEA,Eric Hayes,DT,22,FALSE,0,0,0,4,4,24,0.42,1
1990,5,122,CIN,Lynn James,WR,25,FALSE,0,0,0,2,1,25,7.84,0.5
1990,5,125,NOR,Charles Arbuckle,TE,21,FALSE,0,0,0,6,2,42,8.55,0.3333333333333333
1990,5,126,HOU,Richard Newbill,LB,22,FALSE,0,0,0,3,1,11,1.95,0.3333333333333333
1990,5,130,WAS,Brian Mitchell,RB,22,FALSE,1,1,0,14,39,223,6.2,2.7857142857142856
1990,5,131,MIN,Cedric Smith,FB,22,FALSE,0,0,1,8,1,72,7.94,0.125
1990,5,133,PHI,Calvin Williams,WR,23,FALSE,0,0,6,7,33,100,8.8,4.714285714285714
1990,6,138,SDG,John Friesz,QB,23,FALSE,0,0,1,11,26,69,0.88,2.3636363636363638
1990,6,139,ATL,Mike Pringle,RB,22,FALSE,0,0,0,1,0,3,5.28,0
1990,6,140,NYJ,Terance Mathis,WR,23,FALSE,0,1,8,13,65,206,0.78,5
1990,6,142,PHO,Tyrone Shavers,WR,22,FALSE,0,0,0,2,0,1,9.52,0
1990,6,143,SDG,Frank Cornish,OC,22,FALSE,0,0,1,6,13,69,3.55,2.1666666666666665
1990,6,146,SEA,Ned Bolcar,LB,23,FALSE,0,0,0,2,2,13,0.68,1
1990,6,147,DET,Maurice Henry,LB,23,FALSE,0,0,0,1,1,7,9.02,1
1990,6,152,KAN,Tom Sims,DT,23,FALSE,0,0,0,5,6,47,6.2,1.2
1990,6,155,PIT,Ronald Heard,WR,NA,FALSE,0,0,0,NA,0,NA,6.59,NA
1990,6,156,NOR,Mike Buck,QB,23,FALSE,0,0,0,6,2,12,3.16,0.3333333333333333
1990,6,158,NOR,James Williams,LB,21,FALSE,0,0,1,10,18,137,5.49,1.8
1990,6,159,GNB,Bryce Paup,LB,22,FALSE,1,4,7,11,67,148,6.62,6.090909090909091
1990,6,160,WAS,Kent Wells,DT,23,FALSE,0,0,0,1,1,6,3.1,1
1990,6,161,RAM,Tim Stallworth,WR,24,FALSE,0,0,0,1,0,1,3.29,0
1990,6,163,SDG,Derrick Walker,TE,23,FALSE,0,0,6,10,16,129,8.06,1.6
1990,6,164,DEN,Ronnie Haliburton,TE,22,FALSE,0,0,0,2,0,17,7.1,0
1990,6,165,SFO,Frank Pollack,OT,22,FALSE,0,0,0,8,12,90,4.73,1.5
1990,7,171,TAM,Donnie Gardner,DE,22,FALSE,0,0,0,2,1,10,1.03,0.5
1990,7,177,CIN,Craig Ogletree,LB,22,FALSE,0,0,0,1,1,11,1.13,1
1990,7,178,CLE,Scott Galbraith,TE,23,FALSE,0,0,2,9,6,118,3.23,0.6666666666666666
1990,7,184,HOU,Andy Murray,RB,NA,FALSE,0,0,0,NA,0,NA,1.3,NA
1990,7,188,MIN,John Levelis,LB,NA,FALSE,0,0,0,NA,0,NA,9.77,NA
1990,7,192,DEN,Shannon Sharpe,TE,22,TRUE,4,8,12,14,82,204,7.26,5.857142857142857
1990,8,194,DET,Willie Green,WR,24,FALSE,0,0,4,9,31,114,5.27,3.4444444444444446
1990,8,195,ATL,Tory Epps,DT,23,FALSE,0,0,1,6,12,70,4.37,2
1990,8,200,CHI,James Rouse,RB,23,FALSE,0,0,0,2,1,30,3.24,0.5
1990,8,205,MIA,Thomas Woods,WR,NA,FALSE,0,0,0,NA,0,NA,0.66,NA
1990,8,219,DEN,Brad Leggett,OC,24,FALSE,0,0,0,2,1,4,0.65,0.5
1990,8,220,SFO,Dwight Pickens,WR,NA,FALSE,0,0,0,NA,0,NA,4.61,NA
1990,9,223,NYJ,Dale Dawkins,WR,23,FALSE,0,0,0,4,1,36,6.47,0.25
1990,9,225,PHO,David Bavaro,LB,23,FALSE,0,0,0,5,6,42,1.5,1.2
1990,9,227,SDG,Chris Goetz,OG,NA,FALSE,0,0,0,NA,0,NA,3,NA
1990,9,228,CHI,Johnny Bailey,RB,23,FALSE,0,1,0,6,18,81,2.13,3
1990,9,232,IND,Darvell Huffman,WR,23,FALSE,0,0,0,2,0,3,7.78,0
1990,9,233,NOR,Broderick Graves,RB,NA,FALSE,0,0,0,NA,0,NA,5.19,NA
1990,9,238,BUF,Clarkston Hines,WR,NA,FALSE,0,0,0,NA,0,NA,2.57,NA
1990,9,242,GNB,Kirk Baumgartner,QB,NA,FALSE,0,0,0,NA,0,NA,0.35,NA
1990,9,244,PHI,Cecil Gray,DE,22,FALSE,0,0,0,6,13,45,3.68,2.1666666666666665
1990,9,246,NYG,Clint James,DE,NA,FALSE,0,0,0,NA,0,NA,1.18,NA
1990,9,248,SFO,Odell Haggins,DT,23,FALSE,0,0,0,2,0,5,4.79,0
1990,10,251,NYJ,Brad Quast,LB,NA,FALSE,0,0,0,NA,0,NA,5.41,NA
1990,10,254,TAM,Mike Busch,TE,NA,FALSE,0,0,0,NA,0,NA,0.65,NA
1990,10,255,CHI,Terry Price,DE,22,FALSE,0,0,0,1,0,2,3.38,0
1990,10,260,NOR,Gary Cooper,WR,NA,FALSE,0,0,0,NA,0,NA,8.98,NA
1990,10,265,BUF,Mike Lodish,DT,23,FALSE,0,0,1,11,23,166,7.32,2.090909090909091
1990,10,273,PHI,Orlando Adams,DT,NA,FALSE,0,0,0,NA,0,NA,0.28,NA
1990,11,281,TAM,Terry Anthony,WR,22,FALSE,0,0,0,2,0,10,1.8,0
1990,11,284,CHI,Brent White,DE,NA,FALSE,0,0,0,NA,0,NA,0.29,NA
1990,11,287,NOR,Webbie Burnett,DT,NA,FALSE,0,0,0,NA,0,NA,3.66,NA
1990,11,293,PIT,Justin Strzelczyk,OT,22,FALSE,0,0,3,9,32,133,8.68,3.5555555555555554
1990,11,296,CLE,Clemente Gordon,QB,NA,FALSE,0,0,0,NA,0,NA,7.02,NA
1990,11,298,CHI,Roman Matusz,OT,NA,FALSE,0,0,0,NA,0,NA,0.22,NA
1990,11,299,GNB,Harry Jackson,RB,NA,FALSE,0,0,0,NA,0,NA,3.8,NA
1990,12,308,PHO,Donnie Riley,RB,NA,FALSE,0,0,0,NA,0,NA,1.39,NA
1990,12,312,SEA,John Gromos,QB,NA,FALSE,0,0,0,NA,0,NA,3.68,NA
1990,12,314,CIN,Andre Riley,WR,NA,FALSE,0,0,0,NA,0,NA,0.3,NA
1990,12,324,MIN,Ron Goetz,LB,NA,FALSE,0,0,0,NA,0,NA,6.32,NA
1990,12,327,PHI,Judd Garrett,RB,NA,FALSE,0,0,0,NA,0,NA,3.52,NA
1990,12,331,RAI,Demetrius Davis,TE,NA,FALSE,0,0,0,NA,0,NA,6.45,NA
1991,1,1,DAL,Russell Maryland,DT,22,FALSE,0,1,10,10,60,154,6.14,6
1991,1,4,DEN,Mike Croel,LB,22,FALSE,0,0,6,8,34,102,9.94,4.25
1991,1,8,PHI,Antone Davis,OT,24,FALSE,0,0,6,7,35,97,8.25,5
1991,1,11,NWE,Pat Harlow,OT,22,FALSE,0,0,6,8,34,105,5.5,4.25
1991,1,13,ATL,Mike Pritchard,WR,21,FALSE,0,0,6,9,43,127,9.27,4.777777777777778
1991,1,14,NWE,Leonard Russell,RB,21,FALSE,0,0,5,6,26,85,5.1,4.333333333333333
1991,1,17,WAS,Bobby Wilson,DT,23,FALSE,0,0,2,4,12,42,1.88,3
1991,1,18,CIN,Alfred Williams,DE,22,FALSE,1,1,5,9,48,128,8.4,5.333333333333333
1991,1,20,DAL,Kelvin Pritchett,DT,21,FALSE,0,0,4,14,34,208,7.72,2.4285714285714284
1991,1,22,CHI,Stan Thomas,OT,22,FALSE,0,0,0,4,7,56,7,1.75
1991,1,23,MIA,Randal Hill,WR,21,FALSE,0,0,3,7,27,103,9.45,3.857142857142857
1991,1,27,NYG,Jarrod Bunch,FB,23,FALSE,0,0,2,4,7,48,10,1.75
1991,2,29,CLE,Ed King,OG,21,FALSE,0,0,3,7,21,57,4.67,3
1991,2,30,DEN,Reggie Johnson,TE,23,FALSE,0,0,1,7,8,77,9.29,1.1428571428571428
1991,2,31,RAM,Roman Phifer,LB,23,FALSE,0,0,12,15,64,212,8.52,4.266666666666667
1991,2,32,PHO,Mike Jones,DE,22,FALSE,0,0,4,9,36,135,2.77,4
1991,2,35,GNB,Esera Tuaolo,DT,23,FALSE,0,0,3,9,24,111,6.53,2.6666666666666665
1991,2,39,SDG,Eric Bieniemy,RB,22,FALSE,0,0,0,9,23,142,7.82,2.5555555555555554
1991,2,42,NOR,Wesley Carroll,WR,24,FALSE,0,0,0,3,6,40,6.3,2
1991,2,43,RAI,Nick Bell,RB,23,FALSE,0,0,0,3,8,35,10,2.6666666666666665
1991,2,45,SFO,Ricky Watters,RB,22,FALSE,0,5,9,11,100,144,5.37,9.090909090909092
1991,2,46,PIT,Jeff Graham,WR,22,FALSE,0,0,9,11,59,160,5.84,5.363636363636363
1991,2,46,PIT,Jeff Graham,WR,22,FALSE,0,0,9,11,59,160,1.93,5.363636363636363
1991,2,47,SDG,Eric Moten,OG,23,FALSE,0,0,4,6,27,67,7.87,4.5
1991,2,51,SEA,Doug Thomas,WR,21,FALSE,0,0,0,3,1,39,4.7,0.3333333333333333
1991,2,53,SFO,John Johnson,LB,23,FALSE,0,0,1,5,10,46,8.47,2
1991,2,54,BUF,Phil Hansen,DE,23,FALSE,0,0,11,11,65,156,6.91,5.909090909090909
1991,3,57,CLE,James Jones,DT,22,FALSE,0,0,9,10,56,160,3.86,5.6
1991,3,58,DET,Reggie Barrett,WR,22,FALSE,0,0,0,2,1,10,10,0.5
1991,3,60,MIA,Aaron Craver,RB,22,FALSE,0,0,4,9,18,103,9.86,2
1991,3,61,DEN,Keith Traylor,DT,22,FALSE,0,0,11,17,60,229,8.61,3.5294117647058822
1991,3,62,DAL,Godfrey Myles,LB,22,FALSE,0,0,1,6,9,76,9.66,1.5
1991,3,65,MIN,Carlos Jenkins,LB,23,FALSE,0,0,5,6,32,80,8.3,5.333333333333333
1991,3,66,TAM,Lawrence Dawsey,WR,23,FALSE,0,0,3,9,23,83,3.38,2.5555555555555554
1991,3,68,MIN,Jake Reed,WR,23,FALSE,0,0,6,12,53,155,8.08,4.416666666666667
1991,3,70,DAL,Erik Williams,OT,22,FALSE,2,4,8,11,69,146,1.83,6.2727272727272725
1991,3,72,CIN,Bob Dahl,OG,23,FALSE,0,0,5,7,35,82,8.4,5
1991,3,73,PIT,Ernie Mills,WR,22,FALSE,0,0,1,9,25,118,9.54,2.7777777777777777
1991,3,74,SEA,David Daniels,WR,21,FALSE,0,0,0,2,1,29,7.21,0.5
1991,3,75,PHI,Rob Selby,OG,23,FALSE,0,0,1,7,9,62,8.93,1.2857142857142858
1991,3,76,WAS,Ricky Ervins,RB,22,FALSE,0,0,1,5,23,76,3.4,4.6
1991,3,77,KAN,Tim Barnett,WR,23,FALSE,0,0,1,3,13,44,6.26,4.333333333333333
1991,4,84,NWE,Scott Zolak,QB,23,FALSE,0,0,0,9,4,55,6.76,0.4444444444444444
1991,4,90,SDG,Yancey Thigpen,WR,22,FALSE,0,2,4,10,48,112,7.44,4.8
1991,4,92,MIN,Randy Baldwin,RB,24,FALSE,0,0,0,6,3,65,8.71,0.5
1991,4,99,CIN,Donald Hollas,QB,23,FALSE,0,0,0,8,5,32,7.84,0.625
1991,4,101,HOU,David Rocker,DT,22,FALSE,0,0,0,4,3,34,2.38,0.75
1991,4,103,PIT,Adrian Cooper,TE,23,FALSE,0,0,3,6,8,77,5.6,1.3333333333333333
1991,4,104,PHI,William Thomas,LB,23,FALSE,0,2,10,11,73,172,6.31,6.636363636363637
1991,4,106,DAL,Bill Musgrave,QB,23,FALSE,0,0,0,6,1,12,6.35,0.16666666666666666
1991,4,109,CIN,Rob Carpenter,WR,23,FALSE,0,0,0,5,5,60,7.03,1
1991,5,113,MIA,Bryan Cox,LB,23,FALSE,0,3,10,12,67,165,1.02,5.583333333333333
1991,5,114,ATL,James Goode,LB,NA,FALSE,0,0,0,NA,0,NA,8.01,NA
1991,5,115,DEN,Greg Lewis,RB,22,FALSE,0,0,0,2,5,32,8.3,2.5
1991,5,116,RAM,Robert Young,DE,22,FALSE,0,0,3,6,20,78,5,3.3333333333333335
1991,5,117,PHO,Vance Hammond,DT,NA,FALSE,0,0,0,NA,0,NA,3.37,NA
1991,5,118,DET,Scott Conover,OT,22,FALSE,0,0,1,6,16,67,6,2.6666666666666665
1991,5,119,MIN,Chris Thome,OC,22,FALSE,0,0,0,2,1,11,8,0.5
1991,5,120,TAM,Terry Bagsby,LB,NA,FALSE,0,0,0,NA,0,NA,3.47,NA
1991,5,123,SDG,Duane Young,TE,23,FALSE,0,0,4,8,3,73,0,0.375
1991,5,124,NWE,Ben Coates,TE,22,FALSE,2,5,7,10,43,158,2.02,4.3
1991,5,125,IND,Kerry Cash,TE,22,FALSE,0,0,4,6,9,71,7.5,1.5
1991,5,129,HOU,Gary Wellman,WR,24,FALSE,0,0,0,4,5,28,1.19,1.25
1991,5,130,CIN,Mike Arthur,OC,23,FALSE,0,0,3,6,19,64,9.09,3.1666666666666665
1991,5,132,DAL,Darrick Brownlow,LB,22,FALSE,0,0,1,6,6,95,3.18,1
1991,5,134,CHI,Anthony Morgan,WR,23,FALSE,0,0,0,6,13,64,6.16,2.1666666666666665
1991,5,139,NYG,Anthony Moss,LB,NA,FALSE,0,0,0,NA,0,NA,4.26,NA
1991,6,142,DEN,Nick Subis,OT,23,FALSE,0,0,0,1,1,16,6.75,1
1991,6,143,RAM,Neal Fort,OT,NA,FALSE,0,0,0,NA,0,NA,1.75,NA
1991,6,148,NYJ,Blaise Bryant,RB,NA,FALSE,0,0,0,NA,0,NA,4.69,NA
1991,6,158,PIT,Leroy Thompson,RB,22,FALSE,0,0,0,6,18,80,5.51,3
1991,6,159,WAS,Dennis Ransom,TE,NA,FALSE,0,0,0,NA,0,NA,1.43,NA
1991,6,165,SFO,Scott Bowles,OT,NA,FALSE,0,0,0,NA,0,NA,7.75,NA
1991,6,166,BUF,Millard Hamilton,WR,NA,FALSE,0,0,0,NA,0,NA,5.11,NA
1991,7,168,NWE,Blake Miller,OC,23,FALSE,0,0,0,2,3,14,6.73,1.5
1991,7,169,GNB,Frank Blevins,LB,NA,FALSE,0,0,0,NA,0,NA,2.84,NA
1991,7,171,PHO,Ivory Lee Brown,RB,22,FALSE,0,0,0,2,2,7,5.03,1
1991,7,176,GNB,Reggie Burnette,LB,22,FALSE,0,0,0,3,3,23,2.33,1
1991,7,177,SDG,David Jones,TE,22,FALSE,0,0,0,2,0,16,8.69,0
1991,7,178,DET,Franklin Thomas,TE,NA,FALSE,0,0,0,NA,0,NA,2.98,NA
1991,7,181,IND,James Bradley,WR,NA,FALSE,0,0,0,NA,0,NA,9.18,NA
1991,7,185,PIT,Andre Jones,LB,22,FALSE,0,0,0,2,0,6,3.24,0
1991,7,186,ATL,Mark Tucker,OG,23,FALSE,0,0,0,4,2,16,7.33,0.5
1991,7,188,WAS,Keith Cash,TE,22,FALSE,0,0,1,6,11,64,8.45,1.8333333333333333
1991,7,190,CHI,Paul Justin,QB,23,FALSE,0,0,0,9,8,34,3.92,0.8888888888888888
1991,7,193,SFO,Sheldon Canley,RB,23,FALSE,0,0,0,2,0,1,2.72,0
1991,7,194,BUF,Amir Rasul,RB,NA,FALSE,0,0,0,NA,0,NA,7.14,NA
1991,8,199,ATL,Randy Austin,TE,NA,FALSE,0,0,0,NA,0,NA,2.5,NA
1991,8,200,DEN,Kenny Walker,DE,24,FALSE,0,0,1,2,9,31,6.81,4.5
1991,8,201,RAM,Pat Tyrance,LB,NA,FALSE,0,0,0,NA,0,NA,5.63,NA
1991,8,203,GNB,Johnny Walker,WR,NA,FALSE,0,0,0,NA,0,NA,3.97,NA
1991,8,204,PHO,Jerry Evans,TE,22,FALSE,0,0,1,5,2,43,4.29,0.4
1991,8,205,DET,Cedric Jackson,RB,23,FALSE,0,0,0,1,0,8,5.31,0
1991,8,206,MIN,Reggie Johnson,DE,NA,FALSE,0,0,0,NA,0,NA,7.77,NA
1991,8,208,IND,Tim Bruton,TE,NA,FALSE,0,0,0,NA,0,NA,0.95,NA
1991,8,210,NOR,Frank Wainright,TE,23,FALSE,0,0,0,10,2,121,7.74,0.2
1991,8,211,CIN,Mike Dingle,RB,22,FALSE,0,0,0,1,1,8,0.95,1
1991,8,212,PIT,Dean Dingman,OG,NA,FALSE,0,0,0,NA,0,NA,1.47,NA
1991,8,213,RAI,Brian Jones,LB,23,FALSE,0,0,1,8,7,44,4.66,0.875
1991,8,214,HOU,Gary Brown,RB,22,FALSE,0,0,3,9,27,99,0.88,3
1991,8,216,PHI,Scott Kowalkowski,LB,23,FALSE,0,0,0,11,12,158,0.85,1.0909090909090908
1991,8,218,KAN,Tom Dohring,OT,23,FALSE,0,0,0,2,1,3,0.25,0.5
1991,8,222,BUF,Brad Lamb,WR,23,FALSE,0,0,0,3,2,8,0.64,0.6666666666666666
1991,9,228,RAM,Jeff Fields,DT,24,FALSE,0,0,0,5,0,2,5.25,0
1991,9,229,GNB,Dean Witkowski,LB,NA,FALSE,0,0,0,NA,0,NA,6.53,NA
1991,9,231,DET,Darryl Milburn,DE,22,FALSE,0,0,0,1,0,2,8.3,0
1991,9,232,MIN,Gerald Hudson,RB,NA,FALSE,0,0,0,NA,0,NA,4.63,NA
1991,9,234,NYJ,Paul Glonek,DT,NA,FALSE,0,0,0,NA,0,NA,9.41,NA
1991,9,235,DAL,Damon Mays,WR,23,FALSE,0,0,0,3,0,2,6.35,0
1991,9,237,NOR,Anthony Wallace,RB,NA,FALSE,0,0,0,NA,0,NA,6.26,NA
1991,9,240,HOU,Shawn Jefferson,WR,22,FALSE,0,0,7,13,54,195,3.74,4.153846153846154
1991,9,242,PHI,Chuck Weatherspoon,RB,23,FALSE,0,0,0,1,0,4,0.48,0
1991,9,246,MIA,Scott Miller,WR,22,FALSE,0,0,0,6,3,55,7.76,0.5
1991,9,246,MIA,Scott Miller,WR,22,FALSE,0,0,0,6,3,55,1.46,0.5
1991,9,250,NYG,Jerry Bouldin,WR,NA,FALSE,0,0,0,NA,0,NA,7.9,NA
1991,10,253,DEN,Curtis Mayfield,WR,NA,FALSE,0,0,0,NA,0,NA,7.26,NA
1991,10,257,SDG,Mike Heldt,OC,NA,FALSE,0,0,0,NA,0,NA,2.73,NA
1991,10,259,MIN,Brady Pierce,OT,NA,FALSE,0,0,0,NA,0,NA,4.08,NA
1991,10,263,IND,Frank Giannetti,DT,23,FALSE,0,0,0,1,0,3,3.47,0
1991,10,264,DAL,Sean Love,OG,23,FALSE,0,0,0,5,1,19,2.27,0.2
1991,10,265,TAM,Hyland Hickson,RB,NA,FALSE,0,0,0,NA,0,NA,4.08,NA
1991,10,266,SEA,Erik Ringoen,LB,NA,FALSE,0,0,0,NA,0,NA,7.39,NA
1991,10,268,CIN,Jim Lavin,OG,NA,FALSE,0,0,0,NA,0,NA,8,NA
1991,10,272,CHI,Tom Backes,DE,NA,FALSE,0,0,0,NA,0,NA,1.7,NA
1991,10,274,RAI,Andrew Glover,TE,24,FALSE,0,0,5,10,22,154,8.21,2.2
1991,11,285,DET,Slip Watkins,WR,NA,FALSE,0,0,0,NA,0,NA,5.62,NA
1991,11,287,TAM,Mike Sunvold,DT,NA,FALSE,0,0,0,NA,0,NA,5.54,NA
1991,11,288,NYJ,Rocen Keeton,LB,NA,FALSE,0,0,0,NA,0,NA,1.31,NA
1991,11,289,GNB,J.J. Wierenga,DE,NA,FALSE,0,0,0,NA,0,NA,2.02,NA
1991,11,291,DAL,Tony Boles,RB,NA,FALSE,0,0,0,NA,0,NA,5.99,NA
1991,11,293,NOR,Scott Ross,LB,22,FALSE,0,0,0,1,0,4,2.39,0
1991,11,295,CIN,Chris Smith,TE,NA,FALSE,0,0,0,NA,0,NA,0.24,NA
1991,11,297,SEA,Tony Stewart,RB,NA,FALSE,0,0,0,NA,0,NA,7.35,NA
1991,11,300,KAN,Bobby Olive,WR,22,FALSE,0,0,0,6,0,2,4.06,0
1991,11,301,CHI,Stacy Long,OG,NA,FALSE,0,0,0,NA,0,NA,5.47,NA
1991,11,304,SFO,Bobby Slaughter,WR,NA,FALSE,0,0,0,NA,0,NA,1.37,NA
1991,11,305,BUF,Dean Kirkland,OG,NA,FALSE,0,0,0,NA,0,NA,2.8,NA
1991,12,307,NWE,Tim Edwards,DT,23,FALSE,0,0,0,2,1,14,0.2,0.5
1991,12,309,PHO,Jeff Bridewell,QB,NA,FALSE,0,0,0,NA,0,NA,4.32,NA
1991,12,311,RAM,Jeff Pahukoa,OG,22,FALSE,0,0,0,6,7,59,0.4,1.1666666666666667
1991,12,315,NYJ,Mark Hayes,OT,NA,FALSE,0,0,0,NA,0,NA,4.42,NA
1991,12,316,GNB,Linzy Collins,WR,NA,FALSE,0,0,0,NA,0,NA,1.87,NA
1991,12,317,SDG,Chris Samuels,RB,22,FALSE,0,0,0,1,0,3,1.84,0
1991,12,318,DET,Zeno Alexander,LB,NA,FALSE,0,0,0,NA,0,NA,3.58,NA
1991,12,331,MIA,Joe Brunson,DT,NA,FALSE,0,0,0,NA,0,NA,3.96,NA
1992,1,2,IND,Quentin Coryatt,LB,22,FALSE,0,0,4,8,31,82,9.86,3.875
1992,1,6,CIN,David Klingler,QB,23,FALSE,0,0,1,6,11,33,9.15,1.8333333333333333
1992,1,8,ATL,Bob Whitfield,OT,20,FALSE,0,1,11,15,71,220,9.93,4.733333333333333
1992,1,10,SEA,Ray Roberts,OT,23,FALSE,0,0,8,9,44,127,4.83,4.888888888888889
1992,1,12,MIA,Marco Coleman,DE,22,FALSE,0,1,12,14,72,207,3.25,5.142857142857143
1992,1,13,NWE,Eugene Chung,OG,23,FALSE,0,0,2,6,13,55,8.8,2.1666666666666665
1992,1,14,NYG,Derek Brown,TE,22,FALSE,0,0,1,8,4,105,7.89,0.5
1992,1,15,NYJ,Johnny Mitchell,TE,21,FALSE,0,0,2,5,17,57,9.82,3.4
1992,1,19,ATL,Tony Smith,RB,22,FALSE,0,0,0,3,4,33,9.02,1.3333333333333333
1992,1,21,NOR,Vaughn Dunbar,RB,24,FALSE,0,0,1,4,7,39,9.25,1.75
1992,1,22,CHI,Alonzo Spellman,DE,20,FALSE,0,0,5,10,38,123,8.62,3.8
1992,1,24,DAL,Robert Jones,LB,22,FALSE,0,0,9,10,53,151,8.83,5.3
1992,1,26,DET,Robert Porcher,DE,23,FALSE,0,3,10,12,66,187,3.01,5.5
1992,2,36,DAL,Jimmy Smith,WR,23,FALSE,0,5,10,14,94,178,9.82,6.714285714285714
1992,2,38,PIT,Levon Kirkland,LB,23,FALSE,1,2,10,11,80,176,5,7.2727272727272725
1992,2,40,KAN,Matt Blundin,QB,23,FALSE,0,0,0,6,0,3,5.21,0
1992,2,46,PHO,Tony Sacca,QB,22,FALSE,0,0,0,1,0,2,9.36,0
1992,2,47,WAS,Shane Collins,DE,23,FALSE,0,0,0,3,6,30,9.27,2
1992,2,49,CHI,Troy Auzenne,OT,23,FALSE,0,0,2,5,17,61,7.24,3.4
1992,2,50,HOU,Eddie Robinson,LB,22,FALSE,0,0,11,11,64,175,3.97,5.818181818181818
1992,2,51,ATL,Chuck Smith,DE,22,FALSE,0,0,6,9,44,125,4.47,4.888888888888889
1992,2,52,CLE,Patrick Rowe,WR,23,FALSE,0,0,0,2,0,5,9.89,0
1992,2,54,DEN,Shane Dronett,DT,21,FALSE,0,0,5,10,36,139,4.65,3.6
1992,2,55,BUF,James Patton,DT,22,FALSE,0,0,0,3,1,13,9.07,0.3333333333333333
1992,3,60,RAM,Todd Kinchen,WR,23,FALSE,0,0,0,7,13,83,4.87,1.8571428571428572
1992,3,61,PHO,Ed Cunningham,OC,23,FALSE,0,0,3,5,21,61,9.59,4.2
1992,3,62,GNB,Robert Brooks,WR,22,FALSE,0,0,5,9,46,100,6.58,5.111111111111111
1992,3,63,SDG,Ray Ethridge,WR,23,FALSE,0,0,0,6,0,16,9.67,0
1992,3,64,NWE,Todd Collins,LB,22,FALSE,0,0,7,9,32,106,9.95,3.5555555555555554
1992,3,66,SEA,Bob Spitulski,LB,22,FALSE,0,0,0,3,2,26,8.74,0.6666666666666666
1992,3,67,PIT,Joel Steed,DT,23,FALSE,0,1,7,8,47,115,2.09,5.875
1992,3,68,NYJ,Siupeli Malamala,OT,23,FALSE,0,0,2,8,18,62,9.17,2.25
1992,3,69,NYG,Aaron Pierce,TE,23,FALSE,0,0,3,8,8,82,9.65,1
1992,3,71,NWE,Kevin Turner,FB,23,FALSE,0,0,6,8,18,106,9.18,2.25
1992,3,73,ATL,Howard Dinkins,LB,23,FALSE,0,0,0,2,0,3,5.93,0
1992,3,74,WAS,Paul Siever,OG,NA,FALSE,0,0,0,NA,0,NA,3.1,NA
1992,3,76,SFO,Brian Bollinger,OG,23,FALSE,0,0,0,3,5,39,7.3,1.6666666666666667
1992,3,78,CLE,Gerald Dixon,LB,23,FALSE,0,0,4,10,31,136,5.75,3.1
1992,3,79,TAM,Tyji Armstrong,TE,21,FALSE,0,0,0,7,4,87,7.02,0.5714285714285714
1992,3,82,DAL,James Brown,OT,22,FALSE,0,0,5,9,39,114,5.1,4.333333333333333
1992,4,89,SFO,Mark Thomas,DE,23,FALSE,0,0,0,10,16,113,5.45,1.6
1992,4,92,PHI,Tony Brooks,RB,23,FALSE,0,0,0,1,0,5,8.16,0
1992,4,94,PIT,Charles Davenport,WR,23,FALSE,0,0,0,3,1,38,5.45,0.3333333333333333
1992,4,96,NYJ,Keo Coleman,LB,22,FALSE,0,0,0,2,2,18,1.5,1
1992,4,99,NYG,Keith Hamilton,DT,21,FALSE,0,0,10,12,71,173,6.51,5.916666666666667
1992,4,101,KAN,Mike Evans,DT,25,FALSE,0,0,0,1,1,12,4.57,1
1992,4,102,PHI,Casey Weldon,QB,23,FALSE,0,0,0,8,1,26,7.45,0.125
1992,4,103,GNB,Edgar Bennett,RB,23,FALSE,0,0,5,8,50,112,7.07,6.25
1992,4,107,CHI,Will Furrer,QB,24,FALSE,0,0,0,4,1,9,7.77,0.25
1992,4,108,HOU,Mike Mooney,OT,23,FALSE,0,0,0,2,0,1,3.52,0
1992,4,110,DEN,Chuck Johnson,OT,23,FALSE,0,0,0,1,1,16,5.93,1
1992,4,112,WAS,Chris Hakel,QB,NA,FALSE,0,0,0,NA,0,NA,1.17,NA
1992,5,115,CIN,Craig Thompson,TE,23,FALSE,0,0,0,2,3,29,0.88,1.5
1992,5,116,NWE,Dwayne Sabb,LB,22,FALSE,0,0,3,5,15,74,9.53,3
1992,5,117,SDG,Curtis Whitley,OC,23,FALSE,0,0,2,6,14,72,6.85,2.3333333333333335
1992,5,121,DAL,Rod Milstead,OG,22,FALSE,0,0,2,8,15,56,5.8,1.875
1992,5,127,NYJ,Cal Dixon,OC,22,FALSE,0,0,1,5,8,66,6.03,1.6
1992,5,134,CHI,Todd Harrison,TE,23,FALSE,0,0,0,1,0,1,1.93,0
1992,5,136,HOU,Tim Roberts,DE,23,FALSE,0,0,1,4,8,37,0.98,2
1992,5,138,NOR,Torrance Small,WR,22,FALSE,0,0,3,10,34,133,5.89,3.4
1992,6,141,IND,Shoun Habersham,WR,NA,FALSE,0,0,0,NA,0,NA,8.84,NA
1992,6,143,CLE,Rico Smith,WR,23,FALSE,0,0,0,4,4,29,9.93,1
1992,6,144,RAM,Joe Campbell,RB,NA,FALSE,0,0,0,NA,0,NA,0.98,NA
1992,6,145,DET,Larry Tharpe,OT,21,FALSE,0,0,3,9,21,76,4.34,2.3333333333333335
1992,6,146,PHO,Brian Brauninger,OT,NA,FALSE,0,0,0,NA,0,NA,4.48,NA
1992,6,153,NYG,Stacey Dillard,DT,23,FALSE,0,0,1,4,15,59,6.74,3.75
1992,6,157,GNB,Mark Chmura,TE,23,FALSE,0,3,4,8,22,89,4.21,2.75
1992,6,160,PHI,Jeff Sydner,WR,22,FALSE,0,0,0,4,0,41,3.42,0
1992,6,162,HOU,Mario Bailey,WR,NA,FALSE,0,0,0,NA,0,NA,3.96,NA
1992,6,163,CLE,George Williams,DT,NA,FALSE,0,0,0,NA,0,NA,4.03,NA
1992,6,165,NWE,Tracy Boyd,OG,NA,FALSE,0,0,0,NA,0,NA,8.1,NA
1992,6,166,NYJ,Jeff Blake,QB,21,FALSE,0,1,8,14,69,119,5.74,4.928571428571429
1992,7,170,DEN,Ron Geater,DE,23,FALSE,0,0,0,1,0,3,2.76,0
1992,7,171,RAM,Darryl Ashmore,OT,22,FALSE,0,0,1,10,19,119,3.72,1.9
1992,7,172,CIN,Lance Olberding,OT,NA,FALSE,0,0,0,NA,0,NA,6,NA
1992,7,174,SDG,Deems May,TE,23,FALSE,0,0,1,8,2,104,5,0.25
1992,7,175,PHO,Derek Ware,TE,24,FALSE,0,0,1,5,1,58,9.74,0.2
1992,7,176,NWE,Wayne Hawkins,WR,NA,FALSE,0,0,0,NA,0,NA,2.98,NA
1992,7,179,PIT,Russ Campbell,TE,23,FALSE,0,0,0,1,0,7,5.79,0
1992,7,180,NYG,Corey Widmer,LB,23,FALSE,0,0,4,8,34,114,2.85,4.25
1992,7,182,ATL,Tim Paulk,LB,NA,FALSE,0,0,0,NA,0,NA,7.48,NA
1992,7,186,KAN,Erick Anderson,LB,23,FALSE,0,0,0,3,1,10,3.27,0.3333333333333333
1992,7,189,HOU,Elbert Turner,WR,NA,FALSE,0,0,0,NA,0,NA,8.62,NA
1992,7,191,MIA,Dave Moore,TE,22,FALSE,0,1,5,15,18,220,0.26,1.2
1992,7,192,CHI,John Brown,WR,NA,FALSE,0,0,0,NA,0,NA,6.46,NA
1992,7,192,CHI,John Brown,WR,NA,FALSE,0,0,0,NA,0,NA,8.22,NA
1992,7,193,DEN,Jon Bostick,WR,NA,FALSE,0,0,0,NA,0,NA,5.96,NA
1992,7,194,NWE,Jim Gray,DT,NA,FALSE,0,0,0,NA,0,NA,5.12,NA
1992,8,206,PIT,Hesham Ismail,OG,NA,FALSE,0,0,0,NA,0,NA,5.1,NA
1992,8,211,NYG,Kent Graham,QB,23,FALSE,0,0,1,10,21,81,6.17,2.1
1992,8,212,IND,Ronald Humphrey,RB,23,FALSE,0,0,0,4,2,26,9.83,0.5
1992,8,215,PIT,Nate Williams,DT,NA,FALSE,0,0,0,NA,0,NA,1.4,NA
1992,8,216,ATL,Derrick Moore,RB,24,FALSE,0,0,1,4,9,42,8.79,2.25
1992,8,217,ATL,Reggie Dwight,TE,NA,FALSE,0,0,0,NA,0,NA,2.89,NA
1992,8,218,NOR,Robert Stewart,DT,NA,FALSE,0,0,0,NA,0,NA,7.21,NA
1992,8,219,NYJ,Vincent Brownlee,WR,NA,FALSE,0,0,0,NA,0,NA,5.78,NA
1992,8,222,TAM,Mike Pawlawski,QB,NA,FALSE,0,0,0,NA,0,NA,7.13,NA
1992,8,224,WAS,Darryl Moore,OG,23,FALSE,0,0,0,2,1,12,1.5,0.5
1992,9,225,IND,Eddie Miller,WR,23,FALSE,0,0,0,2,0,15,6.29,0
1992,9,226,CIN,Ostell Miles,RB,22,FALSE,0,0,0,2,1,26,9.37,0.5
1992,9,227,MIN,Brad Johnson,QB,23,FALSE,0,2,8,17,76,177,8.72,4.470588235294118
1992,9,228,RAM,T.J. Rubley,QB,23,FALSE,0,0,0,4,5,10,7.02,1.25
1992,9,229,PHO,David Henson,DT,NA,FALSE,0,0,0,NA,0,NA,6.28,NA
1992,9,235,PIT,Elnardo Webster,LB,22,FALSE,0,0,0,1,0,3,1.45,0
1992,9,237,MIN,Ronnie West,WR,24,FALSE,0,0,0,1,0,12,6.07,0
1992,9,239,PHO,Tyrone Williams,WR,22,FALSE,0,0,0,2,0,5,5.09,0
1992,9,239,PHO,Tyrone Williams,WR,22,FALSE,0,0,0,2,0,5,2.74,0
1992,9,240,GNB,Shazzon Bradley,DT,NA,FALSE,0,0,0,NA,0,NA,6.82,NA
1992,9,241,PHI,Ephesians Bartley,LB,23,FALSE,0,0,0,1,0,6,6.26,0
1992,9,246,CHI,Mirko Jurkovic,OG,NA,FALSE,0,0,0,NA,0,NA,2.1,NA
1992,10,253,IND,Steve Grant,LB,22,FALSE,0,0,4,6,22,83,2.94,3.6666666666666665
1992,10,254,TAM,Elijah Alexander,LB,22,FALSE,0,0,6,10,31,123,9.39,3.1
1992,10,255,RAM,Tim Lester,RB,24,FALSE,0,0,3,8,4,93,1.44,0.5
1992,10,257,GNB,Andrew Oberg,OT,NA,FALSE,0,0,0,NA,0,NA,4.97,NA
1992,10,260,CLE,Marcus Lowe,DT,NA,FALSE,0,0,0,NA,0,NA,2.48,NA
1992,10,261,NWE,Turner Baur,TE,NA,FALSE,0,0,0,NA,0,NA,6.58,NA
1992,10,262,PIT,Mike Saunders,RB,NA,FALSE,0,0,0,NA,0,NA,0.69,NA
1992,10,263,SEA,Anthony Hamlet,DE,NA,FALSE,0,0,0,NA,0,NA,6.67,NA
1992,10,266,NYJ,Mario Johnson,DT,22,FALSE,0,0,0,2,1,20,2.64,0.5
1992,10,269,SFO,Corey Mayfield,DT,22,FALSE,0,0,0,4,4,27,1.55,1
1992,10,270,ATL,Darryl Hardy,LB,23,FALSE,0,0,0,6,1,23,6.87,0.16666666666666666
1992,10,271,KAN,Jerry Ostroski,OG,22,FALSE,0,0,6,10,40,106,2.8,4
1992,10,273,CHI,Nikki Fisher,RB,NA,FALSE,0,0,0,NA,0,NA,7.7,NA
1992,10,275,DAL,John Terry,OG,NA,FALSE,0,0,0,NA,0,NA,0.2,NA
1992,10,276,NOR,Marcus Dowdell,WR,22,FALSE,0,0,0,5,4,41,4.22,0.8
1992,10,277,NWE,Steve Gordon,OC,23,FALSE,0,0,0,7,2,13,3.42,0.2857142857142857
1992,10,278,DEN,Bob Meeks,OC,23,FALSE,0,0,0,2,1,8,2.47,0.5
1992,10,279,BUF,Barry Rose,WR,24,FALSE,0,0,0,2,0,3,2.15,0
1992,11,281,RAM,Brian Townsend,LB,23,FALSE,0,0,0,1,0,3,4.35,0
1992,11,284,TAM,Mazio Royster,RB,22,FALSE,0,0,0,3,1,33,4.14,0.3333333333333333
1992,11,288,NWE,Mike Petko,LB,NA,FALSE,0,0,0,NA,0,NA,7.57,NA
1992,11,292,NYG,Nate Singleton,WR,24,FALSE,0,0,0,6,7,44,2.36,1.1666666666666667
1992,11,293,NYJ,Eric Boles,WR,NA,FALSE,0,0,0,NA,0,NA,7.02,NA
1992,11,294,MIA,Lee Miles,WR,NA,FALSE,0,0,0,NA,0,NA,5.67,NA
1992,11,296,MIA,Mark Barsotti,QB,NA,FALSE,0,0,0,NA,0,NA,5.53,NA
1992,11,297,ATL,Robin Jones,DE,NA,FALSE,0,0,0,NA,0,NA,2.2,NA
1992,11,298,KAN,Doug Rigby,DE,NA,FALSE,0,0,0,NA,0,NA,2.36,NA
1992,11,301,HOU,Anthony Davis,LB,23,FALSE,0,0,3,9,29,106,9.07,3.2222222222222223
1992,11,303,NOR,Mike Gisler,OC,23,FALSE,0,0,0,8,9,105,1.51,1.125
1992,11,305,DEN,Cedric Tillman,WR,22,FALSE,0,0,0,4,10,52,2.58,2.5
1992,11,307,BUF,Vince Marrow,TE,24,FALSE,0,0,0,3,0,10,6.49,0
1992,11,308,WAS,Terry Smith,WR,NA,FALSE,0,0,0,NA,0,NA,3.67,NA
1992,11,308,WAS,Terry Smith,WR,NA,FALSE,0,0,0,NA,0,NA,3.91,NA
1992,12,323,NYG,Charles Swann,WR,21,FALSE,0,0,0,3,0,13,9.2,0
1992,12,329,CLE,Tim Simpson,OG,23,FALSE,0,0,0,3,0,4,2.3,0
1992,12,330,NOR,Scott Adell,OT,NA,FALSE,0,0,0,NA,0,NA,3.17,NA
1992,12,335,BUF,Matt Rodgers,QB,NA,FALSE,0,0,0,NA,0,NA,6.6,NA
1993,1,8,NOR,Willie Roaf,OT,23,TRUE,4,11,12,13,111,189,9.12,8.538461538461538
1993,1,11,DEN,Dan Williams,DE,23,FALSE,0,0,2,8,30,87,8.54,3.75
1993,1,13,HOU,Brad Hopkins,OT,23,FALSE,0,2,13,13,71,194,7.43,5.461538461538462
1993,1,14,CLE,Steve Everitt,OC,23,FALSE,0,0,6,8,36,103,9.75,4.5
1993,1,15,GNB,Wayne Simmons,LB,23,FALSE,0,0,4,6,33,90,9.5,5.5
1993,1,16,IND,Sean Dawkins,WR,22,FALSE,0,0,7,9,48,140,8.47,5.333333333333333
1993,1,18,PHO,Ernest Dye,OT,22,FALSE,0,0,2,5,10,50,0.64,2
1993,1,19,PHI,Lester Holmes,OG,23,FALSE,0,0,6,8,38,102,8.26,4.75
1993,1,20,NOR,Irv Smith,TE,21,FALSE,0,0,5,7,14,95,4.78,2
1993,1,20,NOR,Irv Smith,TE,21,FALSE,0,0,5,7,14,95,8.29,2
1993,1,21,MIN,Robert Smith,RB,21,FALSE,0,2,6,8,60,98,9.85,7.5
1993,1,24,PHI,Leonard Renfro,DT,23,FALSE,0,0,0,2,3,23,3.78,1.5
1993,1,26,SFO,Dana Stubblefield,DT,22,FALSE,1,3,9,11,69,154,8.46,6.2727272727272725
1993,2,31,NWE,Chris Slade,LB,22,FALSE,0,1,6,9,54,142,6.08,6
1993,2,32,PHO,Ben Coleman,OG,22,FALSE,0,0,7,9,45,135,6,5
1993,2,35,CHI,Carl Simpson,DT,23,FALSE,0,0,2,6,24,87,6.36,4
1993,2,36,NYJ,Coleman Rudolph,DE,22,FALSE,0,0,0,4,6,48,9.2,1.5
1993,2,39,RAM,Troy Drayton,TE,23,FALSE,0,0,6,8,21,122,8.76,2.625
1993,2,40,NYG,Michael Strahan,DE,21,TRUE,4,7,14,15,122,216,9.12,8.133333333333333
1993,2,42,CLE,Dan Footman,DE,24,FALSE,0,0,2,6,18,69,8.18,3
1993,2,44,PIT,Chad Brown,LB,23,FALSE,2,3,12,15,85,188,8.73,5.666666666666667
1993,2,46,DAL,Kevin Williams,WR,22,FALSE,0,0,2,8,27,121,7.79,3.375
1993,2,50,PHI,Victor Bailey,WR,23,FALSE,0,0,1,4,8,34,9.22,2
1993,2,52,MIN,Qadry Ismail,WR,22,FALSE,0,0,4,10,39,137,9.58,3.9
1993,2,53,NOR,Reggie Freeman,LB,23,FALSE,0,0,0,1,1,10,6.77,1
1993,2,54,DAL,Darrin Smith,LB,23,FALSE,0,0,10,12,55,156,9.54,4.583333333333333
1993,2,55,BUF,John Parrella,DT,23,FALSE,0,0,7,12,46,172,9.09,3.8333333333333335
1993,2,56,NWE,Vincent Brisby,WR,22,FALSE,0,0,3,8,25,86,10,3.125
1993,3,58,RAI,Billy Joe Hobert,QB,22,FALSE,0,0,0,7,7,29,8.91,1
1993,3,59,CIN,Steve Tovar,LB,23,FALSE,0,0,3,8,29,121,9.81,3.625
1993,3,60,TAM,Lamar Thomas,WR,23,FALSE,0,0,1,6,12,73,5.19,2
1993,3,61,CHI,Chris Gedney,TE,23,FALSE,0,0,0,8,8,73,8.53,1
1993,3,64,SDG,Joe Cocozzo,OG,23,FALSE,0,0,3,5,22,77,6.09,4.4
1993,3,71,WAS,Rick Hamilton,LB,23,FALSE,0,0,0,4,3,34,8.31,0.75
1993,3,73,RAM,Russell White,RB,22,FALSE,0,0,0,1,0,5,7.6,0
1993,3,74,KAN,Will Shields,OG,21,TRUE,2,12,14,14,113,224,6.52,8.071428571428571
1993,3,78,MIA,Terry Kirby,RB,23,FALSE,0,0,2,10,47,110,9.3,4.7
1993,3,79,MIN,Gilbert Brown,DT,22,FALSE,0,0,7,11,39,125,3.15,3.5454545454545454
1993,3,81,GNB,Earl Dotson,OT,22,FALSE,0,0,6,10,42,120,3.57,4.2
1993,3,83,CLE,Mike Caldwell,LB,22,FALSE,0,0,2,11,31,159,9.58,2.8181818181818183
1993,4,85,SEA,Dean Wells,LB,23,FALSE,0,0,6,9,33,129,9.92,3.6666666666666665
1993,4,86,NWE,Kevin Johnson,DT,22,FALSE,0,0,1,5,7,38,6.78,1.4
1993,4,88,NYJ,David Ware,OT,NA,FALSE,0,0,0,NA,0,NA,6.32,NA
1993,4,89,NOR,Lorenzo Neal,FB,22,FALSE,2,4,9,16,14,239,3.28,0.875
1993,4,95,SDG,Raylee Johnson,DE,23,FALSE,0,0,3,12,31,159,5.18,2.5833333333333335
1993,4,97,CHI,Todd Perry,OG,22,FALSE,0,0,9,11,54,165,8.78,4.909090909090909
1993,4,99,SDG,Lewis Bush,LB,23,FALSE,0,0,7,10,37,141,2.58,3.7
1993,4,100,CHI,Myron Baker,LB,22,FALSE,0,0,0,5,7,66,9.27,1.4
1993,4,102,HOU,Travis Hannah,WR,23,FALSE,0,0,0,3,1,37,5.68,0.3333333333333333
1993,4,103,KAN,Jaime Fields,LB,23,FALSE,0,0,0,2,2,17,8.15,1
1993,4,104,TAM,Horace Copeland,WR,22,FALSE,0,0,2,6,17,60,9.42,2.8333333333333335
1993,4,106,MIN,Ashley Sheppard,LB,24,FALSE,0,0,0,3,2,21,7.42,0.6666666666666666
1993,4,108,PIT,Kevin Henry,DE,24,FALSE,0,0,5,8,40,117,1.02,5
1993,4,109,NOR,Derek Brown,RB,22,FALSE,0,0,2,4,17,56,7.1,4.25
1993,4,112,CHI,Albert Fontenot,DE,22,FALSE,0,0,5,9,35,130,8.39,3.888888888888889
1993,5,114,SEA,Terrence Warren,WR,24,FALSE,0,0,0,3,0,17,7.82,0
1993,5,115,NYJ,Fred Baxter,TE,22,FALSE,0,0,3,11,7,134,5.04,0.6363636363636364
1993,5,118,GNB,Mark Brunell,QB,22,FALSE,0,3,11,19,96,193,8.73,5.052631578947368
1993,5,119,GNB,James Willis,LB,21,FALSE,0,0,3,7,22,93,7.62,3.142857142857143
1993,5,120,NYJ,Adrian Murrell,RB,22,FALSE,0,0,5,11,37,122,7.7,3.3636363636363638
1993,5,121,ATL,Ron George,LB,23,FALSE,0,0,2,8,14,124,9.35,1.75
1993,5,123,NYG,Tommy Thigpen,LB,NA,FALSE,0,0,0,NA,0,NA,6.46,NA
1993,5,124,CLE,Herman Arvie,OT,22,FALSE,0,0,0,4,7,62,0.99,1.75
1993,5,125,RAI,Olanda Truitt,WR,22,FALSE,0,0,0,5,3,46,4.94,0.6
1993,5,126,DEN,Kevin Williams,RB,23,FALSE,0,0,0,1,0,3,9.95,0
1993,5,129,NYJ,Kenny Shedd,WR,22,FALSE,0,0,0,8,2,60,9.29,0.25
1993,5,132,MIA,Chris Gray,OG,23,FALSE,0,0,11,15,64,208,10,4.266666666666667
1993,5,135,PIT,Lonnie Palelei,OG,22,FALSE,0,0,2,7,12,44,9.22,1.7142857142857142
1993,5,136,BUF,Mike Devlin,OC,23,FALSE,0,0,2,7,15,101,0.49,2.142857142857143
1993,5,140,PIT,Marc Woodard,LB,23,FALSE,0,0,0,4,4,48,7.38,1
1993,6,146,CHI,Dave Hoffmann,LB,23,FALSE,0,0,0,1,0,1,1.81,0
1993,6,148,CIN,Tom Scott,OT,23,FALSE,0,0,1,1,5,13,1.05,5
1993,6,150,NYG,Scott Davis,OG,23,FALSE,0,0,0,5,4,21,9.39,0.8
1993,6,151,ATL,Mitch Lyons,TE,23,FALSE,0,0,1,7,3,90,1.71,0.42857142857142855
1993,6,152,GNB,Paul Hutchins,OT,23,FALSE,0,0,0,2,3,17,7.08,1.5
1993,6,154,DEN,Melvin Bonner,WR,23,FALSE,0,0,0,1,0,3,7.69,0
1993,6,158,HOU,Chuck Bradley,OT,23,FALSE,0,0,0,1,0,1,8.19,0
1993,6,165,NOR,Ronnie Dixon,DT,22,FALSE,0,0,1,6,10,43,2.31,1.6666666666666667
1993,6,168,DAL,Barry Minter,LB,23,FALSE,0,0,3,9,32,111,9.42,3.5555555555555554
1993,7,169,DEN,Clarence Williams,TE,24,FALSE,0,0,0,1,0,7,9.22,0
1993,7,171,NYJ,Alec Millen,OT,NA,FALSE,0,0,0,NA,0,NA,7.13,NA
1993,7,179,RAM,Brad Fichtel,OC,23,FALSE,0,0,0,2,0,2,7.65,0
1993,7,181,RAI,Greg Biekert,LB,24,FALSE,0,0,10,11,57,176,3.46,5.181818181818182
1993,7,185,PIT,Jeff Zgonina,DT,23,FALSE,0,0,4,17,40,219,9.65,2.3529411764705883
1993,7,188,SDG,Doug Miller,LB,23,FALSE,0,0,0,2,2,23,10,1
1993,7,194,SFO,Troy Wilson,DE,22,FALSE,0,0,0,9,7,61,9.93,0.7777777777777778
1993,7,195,BUF,Willie Harris,WR,NA,FALSE,0,0,0,NA,0,NA,4.84,NA
1993,8,199,PHO,Chad Brown,DE,22,FALSE,0,0,0,3,7,18,5.4,2.3333333333333335
1993,8,205,ATL,Shannon Baker,WR,22,FALSE,0,0,0,2,0,4,5.97,0
1993,8,207,NYG,Jessie Armstead,LB,22,FALSE,1,5,8,11,81,176,9.65,7.363636363636363
1993,8,210,DEN,Brian Stablein,WR,23,FALSE,0,0,0,8,7,87,9.77,0.875
1993,8,211,IND,Marquise Thomas,LB,NA,FALSE,0,0,0,NA,0,NA,6.54,NA
1993,8,212,WAS,Lamont Hollinquest,LB,22,FALSE,0,0,0,6,6,76,4.58,1
1993,8,215,PHO,Stevie Anderson,WR,23,FALSE,0,0,0,4,2,23,9.64,0.5
1993,8,216,PIT,Alex Van Pelt,QB,23,FALSE,0,0,0,11,7,31,5.45,0.6363636363636364
1993,8,219,SFO,Elvis Grbac,QB,23,FALSE,0,1,4,9,48,105,9.73,5.333333333333333
1993,8,221,NOR,Jon Kirksey,DT,23,FALSE,0,0,0,4,1,11,4.62,0.25
1993,8,222,SDG,Trent Green,QB,23,FALSE,0,2,7,16,94,120,9.09,5.875
1993,8,223,BUF,Chris Luneberg,OT,NA,FALSE,0,0,0,NA,0,NA,7.95,NA
1994,1,7,SFO,Bryant Young,DT,22,TRUE,1,4,14,14,88,208,9.2,6.285714285714286
1994,1,11,CHI,John Thierry,DE,23,FALSE,0,0,6,9,33,131,9.94,3.6666666666666665
1994,1,13,NOR,Joe Johnson,DE,22,FALSE,0,2,7,10,50,117,7.7,5
1994,1,14,PHI,Bernard Williams,OT,22,FALSE,0,0,1,1,8,16,6,8
1994,1,16,GNB,Aaron Taylor,OG,21,FALSE,0,0,5,6,34,75,7.46,5.666666666666667
1994,1,22,RAI,Rob Fredrickson,LB,23,FALSE,0,0,9,9,42,128,9.86,4.666666666666667
1994,1,24,NYG,Thomas Lewis,WR,22,FALSE,0,0,1,4,9,34,6.33,2.25
1994,1,25,KAN,Greg Hill,RB,22,FALSE,0,0,2,6,24,79,9.06,4
1994,1,28,SFO,William Floyd,FB,22,FALSE,0,0,7,7,22,90,8.41,3.142857142857143
1994,1,29,CLE,Derrick Alexander,WR,22,FALSE,0,0,7,9,56,126,9.67,6.222222222222222
1994,2,33,RAM,Isaac Bruce,WR,21,TRUE,0,4,13,16,101,223,8.84,6.3125
1994,2,35,NWE,Kevin Lee,WR,23,FALSE,0,0,0,3,1,9,8.9,0.3333333333333333
1994,2,36,SEA,Kevin Mawae,OC,23,TRUE,3,8,15,16,108,241,7.19,6.75
1994,2,39,CHI,Marcus Spears,OT,22,FALSE,0,0,1,11,15,103,6.59,1.3636363636363635
1994,2,41,NYJ,Ryan Yarborough,WR,23,FALSE,0,0,0,5,2,51,8.03,0.4
1994,2,43,SDG,Isaac Davis,OG,22,FALSE,0,0,2,4,14,58,5.86,3.5
1994,2,44,NOR,Mario Bates,RB,21,FALSE,0,0,3,7,21,98,9.91,3
1994,2,45,ATL,Bert Emanuel,WR,23,FALSE,0,0,6,8,39,103,6.42,4.875
1994,2,46,DAL,Larry Allen,OG,22,TRUE,6,11,13,14,101,203,3.83,7.214285714285714
1994,2,50,PIT,Brentson Buckner,DT,22,FALSE,0,0,8,12,51,174,4.23,4.25
1994,2,51,DEN,Allen Aldridge,LB,22,FALSE,0,0,7,8,40,128,9.76,5
1994,2,52,RAI,James Folston,LB,23,FALSE,0,0,0,7,8,84,9.55,1.1428571428571428
1994,2,55,MIN,Fernando Smith,DE,23,FALSE,0,0,2,7,21,80,4.35,3
1994,2,56,RAM,Brad Ottis,DE,22,FALSE,0,0,1,7,11,81,7.76,1.5714285714285714
1994,2,60,HOU,Jeremy Nunley,DE,22,FALSE,0,0,0,1,1,12,6.4,1
1994,2,61,BUF,Lonnie Johnson,TE,23,FALSE,0,0,4,6,13,88,7.21,2.1666666666666665
1994,3,66,CIN,Jeff Cothran,FB,23,FALSE,0,0,2,3,3,39,3.91,1
1994,3,67,IND,Jason Mathews,OT,23,FALSE,0,0,2,11,26,144,8.92,2.3636363636363638
1994,3,68,WAS,Tydus Winans,WR,22,FALSE,0,0,0,3,4,25,8.51,1.3333333333333333
1994,3,69,TAM,Harold Bishop,TE,24,FALSE,0,0,0,5,1,34,7.07,0.2
1994,3,74,CHI,Jim Flanigan,DT,23,FALSE,0,0,6,10,46,145,9.82,4.6
1994,3,75,CLE,Romeo Bandison,DT,23,FALSE,0,0,0,3,1,14,5.64,0.3333333333333333
1994,3,78,NWE,Ervin Collier,DT,NA,FALSE,0,0,0,NA,0,NA,2.02,NA
1994,3,80,RAI,Calvin Jones,RB,23,FALSE,0,0,0,3,1,16,8.71,0.3333333333333333
1994,3,81,BUF,Marlo Perry,LB,22,FALSE,0,0,1,6,12,76,5.89,2
1994,3,83,RAM,James Bostic,RB,22,FALSE,0,0,0,6,0,11,9.29,0
1994,3,86,CIN,Steve Shine,LB,NA,FALSE,0,0,0,NA,0,NA,9.41,NA
1994,3,88,PIT,Jason Gildon,LB,22,FALSE,1,3,8,11,75,167,4.84,6.818181818181818
1994,3,90,NWE,Joe Burch,OC,NA,FALSE,0,0,0,NA,0,NA,6.29,NA
1994,3,92,KAN,Lake Dawson,WR,22,FALSE,0,0,2,4,12,43,6,3
1994,3,93,DET,Shane Bonham,DT,23,FALSE,0,0,0,6,6,76,9.08,1
1994,3,94,NYJ,Lou Benfatti,DT,23,FALSE,0,0,0,2,1,19,4.79,0.5
1994,3,95,NYG,Gary Downs,RB,22,FALSE,0,0,0,7,2,70,8.3,0.2857142857142857
1994,3,96,KAN,Chris Penn,WR,23,FALSE,0,0,1,6,15,70,6.75,2.5
1994,3,102,DAL,George Hegamin,OT,21,FALSE,0,0,1,7,10,64,0.92,1.4285714285714286
1994,4,105,WAS,Kurt Haws,TE,24,FALSE,0,0,0,1,0,6,8.03,0
1994,4,106,IND,Bradford Banta,TE,23,FALSE,0,0,0,11,0,156,5.92,0
1994,4,108,RAM,Chris Brantley,WR,23,FALSE,0,0,0,3,0,25,7.58,0
1994,4,109,DAL,Willie Jackson,WR,23,FALSE,0,0,3,9,30,113,9.88,3.3333333333333335
1994,4,111,ATL,Perry Klein,QB,23,FALSE,0,0,0,1,0,2,9.76,0
1994,4,114,CHI,Raymont Harris,RB,23,FALSE,0,0,3,7,21,54,9.2,3
1994,4,116,NOR,Doug Nussmeier,QB,23,FALSE,0,0,0,4,2,5,9.67,0.5
1994,4,118,ATL,Mitch Davis,LB,NA,FALSE,0,0,0,NA,0,NA,1.57,NA
1994,4,121,NWE,John Burke,TE,23,FALSE,0,0,0,5,2,60,2.24,0.4
1994,4,122,PIT,Ta'ase Faumui,DE,23,FALSE,0,0,0,2,0,8,7.27,0
1994,4,125,MIN,Mike Wells,DT,23,FALSE,0,0,4,8,31,115,8.34,3.875
1994,4,126,GNB,Gabe Wilkins,DE,23,FALSE,0,0,3,6,22,84,6.89,3.6666666666666665
1994,4,128,NYG,Chris Maumalanga,DT,22,FALSE,0,0,0,3,1,14,7.55,0.3333333333333333
1994,4,129,HOU,Sean Jackson,RB,NA,FALSE,0,0,0,NA,0,NA,6.74,NA
1994,5,132,CIN,Trent Pollard,OT,21,FALSE,0,0,0,2,2,17,1.24,1
1994,5,136,TAM,Pete Pierson,OT,23,FALSE,0,0,1,9,14,102,4.81,1.5555555555555556
1994,5,137,SDG,Aaron Laing,TE,23,FALSE,0,0,0,4,1,32,5.65,0.25
1994,5,138,ATL,Harrison Houston,WR,NA,FALSE,0,0,0,NA,0,NA,2.93,NA
1994,5,139,ARI,Anthony Redmon,OG,23,FALSE,0,0,4,7,27,79,3.23,3.857142857142857
1994,5,142,NOR,Herman Carroll,DE,23,FALSE,0,0,0,1,0,4,4.29,0
1994,5,143,NOR,Craig Novitsky,OG,23,FALSE,0,0,0,3,7,41,7.89,2.3333333333333335
1994,5,146,GNB,Terry Mickens,WR,23,FALSE,0,0,0,6,8,79,4.09,1.3333333333333333
1994,5,149,GNB,Dorsey Levens,RB,24,FALSE,0,1,3,11,54,144,9.46,4.909090909090909
1994,5,150,SDG,Darren Krein,DE,NA,FALSE,0,0,0,NA,0,NA,5.71,NA
1994,5,155,NYG,Chad Bratzke,DE,22,FALSE,0,0,7,10,48,129,7.64,4.8
1994,5,156,KAN,Rob Waldrop,DT,22,FALSE,0,0,0,1,0,3,2.15,0
1994,5,157,HOU,Roderick Lewis,TE,23,FALSE,0,0,2,4,2,45,9.8,0.5
1994,5,160,SDG,Tony Vinson,RB,23,FALSE,0,0,0,6,0,16,8.08,0
1994,6,164,IND,Lamont Warren,RB,21,FALSE,0,0,0,9,16,96,7.59,1.7777777777777777
1994,6,165,TAM,Bernard Carter,LB,23,FALSE,0,0,0,2,0,5,9.44,0
1994,6,167,RAM,Rickey Brady,TE,23,FALSE,0,0,0,1,0,1,8.1,0
1994,6,169,GNB,Jay Kearney,WR,NA,FALSE,0,0,0,NA,0,NA,8.09,NA
1994,6,178,PIT,Jim Miller,QB,23,FALSE,0,0,2,9,16,37,2.03,1.7777777777777777
1994,6,179,MIN,Andrew Jordan,TE,22,FALSE,0,0,2,8,7,92,3.13,0.875
1994,6,180,PIT,Eric Ravotti,LB,23,FALSE,0,0,0,3,3,23,5.05,1
1994,6,184,CIN,Jerry Reynolds,OT,24,FALSE,0,0,0,5,2,25,4.7,0.4
1994,6,186,NYG,Jason Winrow,OG,NA,FALSE,0,0,0,NA,0,NA,1.28,NA
1994,6,188,BUF,Anthony Abrams,DE,NA,FALSE,0,0,0,NA,0,NA,2.73,NA
1994,6,189,RAM,Ronald Edwards,OT,NA,FALSE,0,0,0,NA,0,NA,1.78,NA
1994,6,192,BUF,Kevin Knox,WR,23,FALSE,0,0,0,1,0,2,7.28,0
1994,7,196,IND,Lance Teichelman,DE,23,FALSE,0,0,0,1,0,1,2.98,0
1994,7,197,WAS,Gus Frerotte,QB,23,FALSE,0,1,5,15,57,147,3.01,3.8
1994,7,210,DEN,Keith Burns,LB,22,FALSE,0,0,0,13,13,197,1.05,1
1994,7,211,MIN,Pete Bercich,LB,22,FALSE,0,0,0,7,5,57,3.28,0.7142857142857143
1994,7,218,DEN,Tom Nalen,OC,23,FALSE,2,5,11,14,102,194,6.52,7.285714285714286
1994,7,219,KAN,Tracy Greene,TE,21,FALSE,0,0,0,2,1,23,0.88,0.5
1994,7,222,NWE,Marty Moore,LB,23,FALSE,0,0,1,8,13,112,3.59,1.625
1995,1,2,JAX,Tony Boselli,OT,23,TRUE,3,5,6,7,66,91,9.81,9.428571428571429
1995,1,4,WAS,Michael Westbrook,WR,23,FALSE,0,0,6,8,38,89,9.61,4.75
1995,1,7,PHI,Mike Mamula,DE,22,FALSE,0,0,4,6,31,77,10,5.166666666666667
1995,1,9,NYJ,Kyle Brady,TE,23,FALSE,0,0,13,13,26,197,10,2
1995,1,13,NOR,Mark Fields,LB,22,FALSE,0,2,8,10,53,136,9.78,5.3
1995,1,16,NYJ,Hugh Douglas,DE,24,FALSE,1,3,7,10,68,138,6.95,6.8
1995,1,17,NYG,Tyrone Wheatley,RB,23,FALSE,0,0,4,10,39,124,9.11,3.9
1995,1,18,OAK,Napoleon Kaufman,RB,22,FALSE,0,0,3,6,39,91,7.48,6.5
1995,1,19,JAX,James Stewart,RB,23,FALSE,0,0,6,8,46,101,10,5.75
1995,1,25,MIA,Billy Milner,OT,23,FALSE,0,0,1,2,7,30,8.35,3.5
1995,1,27,PIT,Mark Bruener,TE,22,FALSE,0,0,10,14,10,188,9.39,0.7142857142857143
1995,1,31,KAN,Trezelle Jenkins,OT,22,FALSE,0,0,0,3,1,9,7.92,0.3333333333333333
1995,2,36,CAR,Shawn King,DE,23,FALSE,0,0,1,5,10,48,8.31,2
1995,2,37,WAS,Cory Raymer,OC,22,FALSE,0,0,4,11,35,98,6.06,3.1818181818181817
1995,2,45,BUF,Todd Collins,QB,23,FALSE,0,0,1,16,11,49,7.24,0.6875
1995,2,48,IND,Ken Dilger,TE,24,FALSE,0,1,10,10,35,156,9.33,3.5
1995,2,53,MIA,Andrew Greene,OG,25,FALSE,0,0,0,4,1,10,7.22,0.25
1995,2,54,NYG,Scott Gragg,OT,23,FALSE,0,0,9,11,57,172,4.15,5.181818181818182
1995,2,57,NWE,Ted Johnson,LB,22,FALSE,0,0,7,10,45,125,9.11,4.5
1995,2,58,PHI,Barrett Brooks,OT,23,FALSE,0,0,4,11,28,118,6.89,2.5454545454545454
1995,2,60,PIT,Kordell Stewart,QB,22,FALSE,0,1,6,11,60,125,9.85,5.454545454545454
1995,2,63,DAL,Shane Hannah,OG,NA,FALSE,0,0,0,NA,0,NA,5.56,NA
1995,2,64,JAX,Bryan Schwartz,LB,23,FALSE,0,0,3,5,19,55,8.7,3.8
1995,3,67,HOU,Chris Sanders,WR,23,FALSE,0,0,4,7,29,97,8.83,4.142857142857143
1995,3,69,CIN,Melvin Tuten,OT,23,FALSE,0,0,0,8,11,66,9.86,1.375
1995,3,70,DET,David Sloan,TE,23,FALSE,0,1,6,9,18,110,8.72,2
1995,3,72,PHI,Greg Jefferson,DE,24,FALSE,0,0,3,5,19,57,9.27,3.8
1995,3,73,GNB,Brian Williams,LB,22,FALSE,0,0,3,8,32,81,7.5,4
1995,3,74,NWE,Curtis Martin,RB,22,TRUE,1,5,11,11,102,168,9.35,9.272727272727273
1995,3,78,PHI,Chris Jones,WR,24,FALSE,0,0,1,3,10,32,5.46,3.3333333333333335
1995,3,78,PHI,Chris Jones,WR,24,FALSE,0,0,1,3,10,32,1.14,3.3333333333333335
1995,3,80,ARI,Stoney Case,QB,23,FALSE,0,0,0,6,4,20,7.39,0.6666666666666666
1995,3,83,CHI,Sean Harris,LB,23,FALSE,0,0,3,7,20,83,7.69,2.857142857142857
1995,3,86,OAK,Joe Aska,RB,23,FALSE,0,0,0,3,3,23,9.02,1
1995,3,87,CHI,Evan Pilgrim,OG,23,FALSE,0,0,0,6,5,32,6.11,0.8333333333333334
1995,3,89,HOU,Rodney Thomas,RB,22,FALSE,0,0,1,7,17,103,6.79,2.4285714285714284
1995,3,91,PIT,Brenden Stai,OG,23,FALSE,0,0,7,8,38,105,10,4.75
1995,3,96,BUF,Damien Covington,LB,22,FALSE,0,0,1,3,7,30,2.09,2.3333333333333335
1995,3,97,KAN,Troy Dumas,LB,22,FALSE,0,0,0,3,1,16,7.47,0.3333333333333333
1995,3,98,SDG,Preston Harrison,LB,NA,FALSE,0,0,0,NA,0,NA,7.78,NA
1995,4,106,NYJ,Melvin Hayes,OT,22,FALSE,0,0,0,2,0,4,5.61,0
1995,4,112,NWE,Dave Wohlabaugh,OC,23,FALSE,0,0,9,9,49,128,8.83,5.444444444444445
1995,4,113,BUF,Justin Armour,WR,22,FALSE,0,0,2,5,7,39,6.16,1.4
1995,4,117,GNB,Jeff Miller,OT,NA,FALSE,0,0,0,NA,0,NA,0.61,NA
1995,4,118,OAK,Mike Morton,LB,23,FALSE,0,0,1,7,13,103,6.33,1.8571428571428572
1995,4,120,PIT,Oliver Gibson,DT,23,FALSE,0,0,4,9,27,133,1.92,3
1995,4,121,DEN,Jamie Brown,OT,23,FALSE,0,0,0,5,8,38,2.74,1.6
1995,4,122,MIA,Pete Mitchell,TE,23,FALSE,0,0,3,8,23,114,4.94,2.875
1995,4,123,JAX,Mike Thompson,DT,23,FALSE,0,0,0,6,3,34,5.48,0.5
1995,4,125,PIT,Donta Jones,LB,23,FALSE,0,0,0,6,10,91,8.77,1.6666666666666667
1995,4,126,SEA,Jason Kyle,LB,23,FALSE,0,0,0,16,11,203,9.97,0.6875
1995,4,128,NYG,Rob Zatechka,OG,23,FALSE,0,0,0,3,5,47,9.79,1.6666666666666667
1995,4,130,DAL,Linc Harden,LB,NA,FALSE,0,0,0,NA,0,NA,8.86,NA
1995,4,131,BUF,Tony Cline,TE,23,FALSE,0,0,1,5,2,52,9.88,0.4
1995,4,134,KAN,Steve Stenstrom,QB,23,FALSE,0,0,0,5,6,17,1.87,1.2
1995,5,137,WAS,Jamie Asher,TE,22,FALSE,0,0,3,4,13,48,7.01,3.25
1995,5,141,DET,Stephen Boyd,LB,23,FALSE,0,2,4,7,41,86,7.12,5.857142857142857
1995,5,144,BUF,John Holecek,LB,23,FALSE,0,0,4,8,28,81,8.96,3.5
1995,5,145,ATL,Roell Preston,WR,23,FALSE,0,1,0,5,6,53,5.35,1.2
1995,5,146,DEN,Phil Yeboah-Kodie,LB,24,FALSE,0,0,0,2,0,2,6.49,0
1995,5,147,CLE,Mike Miller,WR,NA,FALSE,0,0,0,NA,0,NA,1.53,NA
1995,5,149,IND,Derek West,OT,23,FALSE,0,0,0,3,0,5,6.75,0
1995,5,154,OAK,Jeff Kysar,OT,NA,FALSE,0,0,0,NA,0,NA,5.42,NA
1995,5,157,MIN,James Stewart,RB,23,FALSE,0,0,0,1,1,4,10,1
1995,5,159,HOU,Gary Walker,DT,22,FALSE,0,2,10,11,63,155,4.41,5.7272727272727275
1995,5,160,GNB,Jay Barker,QB,NA,FALSE,0,0,0,NA,0,NA,5,NA
1995,5,163,DET,Ronald Cherry,OT,NA,FALSE,0,0,0,NA,0,NA,2.97,NA
1995,6,172,JAX,Marcus Price,OT,23,FALSE,0,0,0,10,11,77,1.98,1.1
1995,6,179,TAM,Wardell Rouse,LB,23,FALSE,0,0,0,1,1,16,3.7,1
1995,6,194,MIA,Jeff Kopp,LB,24,FALSE,0,0,0,5,4,63,5.35,0.8
1995,6,195,NWE,Dino Philyaw,RB,24,FALSE,0,0,0,5,0,23,6.34,0
1995,6,196,DEN,Terrell Davis,RB,22,TRUE,3,3,5,7,73,78,5.04,10.428571428571429
1995,6,200,SDG,Tony Berti,OT,23,FALSE,0,0,2,3,11,33,9.91,3.6666666666666665
1995,6,202,KAN,Bryan Proby,DT,23,FALSE,0,0,0,1,0,3,3.9,0
1995,6,204,NYG,Jamal Duff,DE,23,FALSE,0,0,0,4,7,41,8.64,1.75
1995,7,210,PHI,Kevin Bouie,RB,24,FALSE,0,0,0,3,0,6,3.17,0
1995,7,212,ARI,Billy Williams,WR,24,FALSE,0,0,0,2,0,1,3.87,0
1995,7,215,TAM,Steve Ingram,OT,24,FALSE,0,0,0,5,1,8,0.94,0.2
1995,7,218,DEN,Steve Russ,LB,22,FALSE,0,0,0,6,2,24,9.3,0.3333333333333333
1995,7,219,JAX,Curtis Marsh,WR,24,FALSE,0,0,0,3,1,15,4.07,0.3333333333333333
1995,7,222,DEN,Byron Chamberlain,TE,23,FALSE,0,1,2,9,17,106,7.68,1.8888888888888888
1995,7,224,ARI,Wesley Leasy,LB,24,FALSE,0,0,0,2,2,28,7.09,1
1995,7,229,CHI,Jamal Cox,LB,NA,FALSE,0,0,0,NA,0,NA,1.33,NA
1995,7,235,PIT,Henry Bailey,WR,22,FALSE,0,0,0,2,0,8,7.69,0
1995,7,239,STL,Bronzell Miller,DE,23,FALSE,0,0,0,1,0,3,1.86,0
1995,7,241,ARI,Chad Eaton,DT,23,FALSE,0,0,5,10,36,103,2.03,3.6
1996,1,2,JAX,Kevin Hardy,LB,23,FALSE,1,1,9,9,62,134,9.23,6.888888888888889
1996,1,3,ARI,Simeon Rice,DE,22,FALSE,1,3,11,12,86,174,9.6,7.166666666666667
1996,1,4,BAL,Jonathan Ogden,OT,22,TRUE,4,11,12,12,95,177,10,7.916666666666667
1996,1,10,CIN,Willie Anderson,OT,21,FALSE,3,4,12,13,93,195,4.24,7.153846153846154
1996,1,12,TAM,Regan Upshaw,DE,21,FALSE,0,0,4,9,36,110,7.63,4
1996,1,15,DEN,John Mobley,LB,22,FALSE,1,0,6,8,52,105,8.79,6.5
1996,1,17,DET,Reggie Brown,LB,21,FALSE,0,0,2,2,11,26,9.97,5.5
1996,1,18,STL,Eddie Kennison,WR,23,FALSE,0,0,12,13,69,179,8.22,5.3076923076923075
1996,1,27,GNB,John Michels,OT,23,FALSE,0,0,1,2,9,24,9.54,4.5
1996,1,29,PIT,Jamain Stephens,OT,22,FALSE,0,0,1,6,7,40,7.35,1.1666666666666667
1996,2,31,NYJ,Alex Van Dyke,WR,22,FALSE,0,0,0,5,2,42,7.38,0.4
1996,2,34,NYG,Amani Toomer,WR,21,FALSE,0,0,10,13,69,190,10,5.3076923076923075
1996,2,37,DAL,Kavika Pittman,DE,21,FALSE,0,0,5,8,34,108,8.54,4.25
1996,2,38,HOU,Bryant Mix,DE,24,FALSE,0,0,0,2,1,7,1.77,0.5
1996,2,39,CIN,Marco Battaglia,TE,23,FALSE,0,0,1,8,6,96,8.91,0.75
1996,2,41,SDG,Bryan Still,WR,22,FALSE,0,0,1,4,8,52,9.41,2
1996,2,42,STL,Tony Banks,QB,23,FALSE,0,0,5,10,43,96,7.55,4.3
1996,2,43,CAR,Muhsin Muhammad,WR,23,FALSE,1,2,12,14,83,202,9.87,5.928571428571429
1996,2,45,MIN,James Manley,DT,22,FALSE,0,0,0,1,0,0,5.42,0
1996,2,46,SFO,Israel Ifeanyi,DE,25,FALSE,0,0,0,1,0,3,7.88,0
1996,2,50,SDG,Patrick Sapp,LB,23,FALSE,0,0,1,4,9,63,4.91,2.25
1996,2,54,PHI,Jason Dunn,TE,22,FALSE,0,0,2,12,7,160,10,0.5833333333333334
1996,2,56,GNB,Derrick Mayes,WR,22,FALSE,0,0,1,5,17,58,7.15,3.4
1996,2,57,OAK,Lance Johnstone,DE,23,FALSE,0,0,5,11,40,166,9.75,3.6363636363636362
1996,3,66,NYG,Roman Oben,OT,23,FALSE,0,0,8,12,47,143,7.65,3.9166666666666665
1996,3,68,KAN,John Browning,DT,22,FALSE,0,0,5,10,39,121,8.11,3.9
1996,3,69,CIN,Ken Blackman,OG,23,FALSE,0,0,3,3,17,35,9.55,5.666666666666667
1996,3,73,CAR,Winslow Oliver,RB,23,FALSE,0,0,0,5,6,64,9.07,1.2
1996,3,75,MIN,Moe Williams,RB,22,FALSE,0,0,1,10,29,132,6.53,2.9
1996,3,77,SEA,Robert Barr,OT,NA,FALSE,0,0,0,NA,0,NA,1.13,NA
1996,3,81,SDG,Brian Roche,TE,23,FALSE,0,0,0,3,1,22,8.74,0.3333333333333333
1996,3,84,ATL,Shannon Brown,DT,NA,FALSE,0,0,0,NA,0,NA,9.95,NA
1996,3,85,PHI,Bobby Hoying,QB,23,FALSE,0,0,1,5,3,22,9.66,0.6
1996,3,89,SFO,Terrell Owens,WR,22,TRUE,5,6,13,15,121,219,7.91,8.066666666666666
1996,3,94,DAL,Stepfret Williams,WR,23,FALSE,0,0,0,3,3,26,4.83,1
1996,4,96,TAM,Jason Odom,OT,22,FALSE,0,0,2,4,17,46,9.03,4.25
1996,4,98,KAN,Donnie Edwards,LB,23,FALSE,0,1,11,13,83,197,3.82,6.384615384615385
1996,4,99,SEA,Phillip Daniels,DE,23,FALSE,0,0,11,15,68,201,9.55,4.533333333333333
1996,4,101,NWE,Heath Irwin,OG,23,FALSE,0,0,1,7,17,87,8.26,2.4285714285714284
1996,4,107,HOU,Kendrick Burton,DE,23,FALSE,0,0,0,1,1,4,3.28,1
1996,4,108,CIN,Jevon Langford,DE,22,FALSE,0,0,0,6,8,66,6.57,1.3333333333333333
1996,4,109,HOU,Jon Runyan,OT,22,FALSE,0,1,12,14,79,207,7.73,5.642857142857143
1996,4,110,JAX,Reggie Barlow,WR,23,FALSE,0,0,0,8,8,82,5.7,1
1996,4,112,ARI,Aaron Graham,OC,23,FALSE,0,0,2,7,19,92,1.94,2.7142857142857144
1996,4,114,SDG,Charlie Jones,WR,23,FALSE,0,0,2,4,13,54,3.56,3.25
1996,4,116,CHI,Paul Grasmanis,DT,22,FALSE,0,0,0,10,12,104,5.11,1.2
1996,4,118,MIA,Stanley Pritchett,FB,22,FALSE,0,0,4,9,13,121,4.32,1.4444444444444444
1996,4,119,NWE,Chris Sullivan,DE,23,FALSE,0,0,1,5,14,78,7.83,2.8
1996,4,126,PIT,Earl Holmes,LB,23,FALSE,0,0,9,10,56,140,3.73,5.6
1996,4,128,SFO,Daryl Price,DE,23,FALSE,0,0,0,2,1,19,9.9,0.5
1996,4,131,SEA,Eric Unverzagt,LB,23,FALSE,0,0,0,2,0,9,4.02,0
1996,5,136,NOR,Mercury Hayes,WR,23,FALSE,0,0,0,2,1,13,6.69,0.5
1996,5,139,NWE,John Elmore,OG,NA,FALSE,0,0,0,NA,0,NA,2,NA
1996,5,140,TAM,Jason Maniecki,DT,24,FALSE,0,0,0,3,1,18,4.68,0.3333333333333333
1996,5,141,STL,Fred Miller,OT,23,FALSE,0,0,10,13,62,192,5,4.769230769230769
1996,5,146,JAX,Jimmy Herndon,OT,23,FALSE,0,0,0,7,6,54,6.85,0.8571428571428571
1996,5,152,CHI,Chris Villarrial,OG,23,FALSE,0,0,10,11,49,155,4.97,4.454545454545454
1996,5,153,BAL,Jermaine Lewis,WR,21,FALSE,1,2,2,9,22,111,6.84,2.4444444444444446
1996,5,154,MIA,Zach Thomas,LB,23,TRUE,5,7,12,13,115,184,3.2,8.846153846153847
1996,5,159,DEN,Patrick Jeffers,WR,23,FALSE,0,0,1,6,17,46,7.94,2.8333333333333335
1996,5,161,ARI,Harry Stamps,OT,NA,FALSE,0,0,0,NA,0,NA,1.09,NA
1996,5,166,OAK,La'Roi Glover,DT,22,FALSE,1,6,11,13,89,193,3.58,6.846153846153846
1996,5,167,DAL,Alan Campos,LB,23,FALSE,0,0,0,1,1,15,9.41,1
1996,6,168,NYJ,Hugh Hunter,DE,NA,FALSE,0,0,0,NA,0,NA,4.75,NA
1996,6,171,NYG,Doug Colman,LB,23,FALSE,0,0,0,5,5,64,6.8,1
1996,6,172,BAL,Dexter Daniels,LB,22,FALSE,0,0,0,1,0,4,6.07,0
1996,6,178,CIN,Tom Tumulty,LB,23,FALSE,0,0,1,3,7,31,3.25,2.3333333333333335
1996,6,184,SEA,Reggie Green,OG,NA,FALSE,0,0,0,NA,0,NA,1.03,NA
1996,6,185,JAX,Chris Doering,WR,23,FALSE,0,0,0,9,3,40,1.73,0.3333333333333333
1996,6,186,BAL,James Roe,WR,23,FALSE,0,0,0,3,2,23,8.4,0.6666666666666666
1996,6,187,CHI,Jon Clark,OT,23,FALSE,0,0,0,4,0,10,0.42,0
1996,6,192,SDG,Bryan Stoltenberg,OC,24,FALSE,0,0,1,5,12,50,2.52,2.4
1996,6,197,PHI,Tony Johnson,TE,24,FALSE,0,0,0,3,1,27,5.34,0.3333333333333333
1996,6,199,PHI,Phillip Riley,WR,23,FALSE,0,0,0,1,0,1,7,0
1996,6,202,BUF,Dusty Zeigler,OC,22,FALSE,0,0,5,7,34,80,5.24,4.857142857142857
1996,6,204,NOR,Toderick Malone,WR,NA,FALSE,0,0,0,NA,0,NA,2.04,NA
1996,7,211,KAN,Ben Lynch,OC,23,FALSE,0,0,0,7,6,52,5.92,0.8571428571428571
1996,7,212,ARI,Jarius Hayes,TE,23,FALSE,0,0,0,3,0,20,8.85,0
1996,7,213,DEN,Leslie Ratliffe,OT,NA,FALSE,0,0,0,NA,0,NA,4.92,NA
1996,7,215,WAS,Jeremy Asher,LB,NA,FALSE,0,0,0,NA,0,NA,3.64,NA
1996,7,216,NWE,Lovett Purnell,TE,24,FALSE,0,0,0,4,2,36,6.78,0.5
1996,7,219,CIN,Rod Jones,OT,22,FALSE,0,0,2,6,17,62,9.29,2.8333333333333335
1996,7,225,SEA,Johnie Church,DE,NA,FALSE,0,0,0,NA,0,NA,8.94,NA
1996,7,226,DEN,Chris Banks,OG,23,FALSE,0,0,0,5,4,28,6.58,0.8
1996,7,227,JAX,Clarence Jones,WR,NA,FALSE,0,0,0,NA,0,NA,8.14,NA
1996,7,233,CHI,Marcus Keyes,DT,22,FALSE,0,0,0,1,0,2,0.37,0
1996,7,240,GNB,Kyle Wachholtz,QB,NA,FALSE,0,0,0,NA,0,NA,1.63,NA
1996,7,241,KAN,Jeff Smith,OC,23,FALSE,0,0,2,6,16,59,6.85,2.6666666666666665
1996,7,241,KAN,Jeff Smith,OC,23,FALSE,0,0,2,6,16,59,1.07,2.6666666666666665
1996,7,253,CHI,Michael Hicks,RB,23,FALSE,0,0,0,2,1,7,7.64,0.5
1997,1,2,OAK,Darrell Russell,DT,21,FALSE,1,2,5,7,44,83,9.81,6.285714285714286
1997,1,6,SEA,Walter Jones,OT,23,TRUE,4,9,12,12,98,180,8.55,8.166666666666666
1997,1,8,NYJ,James Farrior,LB,22,FALSE,1,2,12,15,95,230,7.34,6.333333333333333
1997,1,13,KAN,Tony Gonzalez,TE,21,TRUE,6,14,16,17,95,270,8.12,5.588235294117647
1997,1,15,MIA,Yatil Green,WR,23,FALSE,0,0,0,3,2,8,9.88,0.6666666666666666
1997,1,17,WAS,Kenard Lang,DE,22,FALSE,0,0,8,10,51,153,7.22,5.1
1997,1,18,TEN,Kenny Holmes,DE,23,FALSE,0,0,5,7,40,98,9.55,5.714285714285714
1997,1,19,IND,Tarik Glenn,OT,21,FALSE,0,3,10,10,87,154,1.48,8.7
1997,1,20,MIN,Dwayne Rudd,LB,21,FALSE,0,0,5,7,40,109,9.73,5.714285714285714
1997,1,21,JAX,Renaldo Wynn,DE,23,FALSE,0,0,9,13,55,182,9.42,4.230769230769231
1997,1,23,BUF,Antowain Smith,RB,25,FALSE,0,0,4,9,48,131,9.79,5.333333333333333
1997,1,26,SFO,Jim Druckenmiller,QB,24,FALSE,0,0,0,2,1,6,8.32,0.5
1997,1,28,DEN,Trevor Pryce,DT,22,FALSE,1,4,9,14,80,187,7.95,5.714285714285714
1997,2,31,NYJ,Rick Terry,DT,23,FALSE,0,0,0,3,4,29,4.62,1.3333333333333333
1997,2,34,BAL,Jamie Sharper,LB,22,FALSE,0,0,9,9,60,136,9.41,6.666666666666667
1997,2,35,DET,Juan Roque,OT,23,FALSE,0,0,0,3,3,17,4.45,1
1997,2,36,NYG,Tiki Barber,RB,22,FALSE,1,3,7,10,103,154,8.7,10.3
1997,2,38,CHI,John Allred,TE,22,FALSE,0,0,0,6,3,53,6.28,0.5
1997,2,42,ARI,Jake Plummer,QB,22,FALSE,0,1,10,10,77,143,6.46,7.7
1997,2,47,KAN,Kevin Lockett,WR,22,FALSE,0,0,0,7,15,86,9.28,2.142857142857143
1997,2,48,IND,Adam Meadows,OT,23,FALSE,0,0,6,10,51,106,9.88,5.1
1997,2,51,WAS,Greg Jones,LB,23,FALSE,0,0,1,6,16,82,9.34,2.6666666666666665
1997,2,51,WAS,Greg Jones,LB,23,FALSE,0,0,1,6,16,82,3.87,2.6666666666666665
1997,2,52,BUF,Marcellus Wiley,DE,22,FALSE,0,1,5,10,42,147,9.82,4.2
1997,2,53,PIT,Will Blackwell,WR,22,FALSE,0,0,0,5,8,47,7.11,1.6
1997,2,55,SFO,Marc Edwards,FB,22,FALSE,0,0,7,9,14,132,8.85,1.5555555555555556
1997,2,59,NWE,Brandon Mitchell,DE,22,FALSE,0,0,3,8,22,96,8.16,2.75
1997,3,61,NWE,Sedrick Shaw,RB,23,FALSE,0,0,0,3,2,18,3.17,0.6666666666666666
1997,3,62,NOR,Troy Davis,RB,21,FALSE,0,0,0,3,4,46,5.88,1.3333333333333333
1997,3,63,TAM,Frank Middleton,OG,22,FALSE,0,0,6,8,38,109,7.29,4.75
1997,3,64,BAL,Jay Graham,RB,22,FALSE,0,0,0,6,3,36,9.75,0.5
1997,3,65,DAL,Dexter Coakley,LB,24,FALSE,0,3,9,10,65,155,8.88,6.5
1997,3,68,NYG,Ryan Phillips,LB,23,FALSE,0,0,2,5,19,71,9.6,3.8
1997,3,69,CHI,Bob Sapp,OG,23,FALSE,0,0,0,1,0,1,9.88,0
1997,3,73,MIA,Jason Taylor,DE,23,TRUE,3,6,12,15,118,233,9.51,7.866666666666666
1997,3,74,SDG,Michael Hamilton,LB,23,FALSE,0,0,0,4,3,37,3.99,0.75
1997,3,76,CIN,Rod Payne,OC,23,FALSE,0,0,0,2,0,6,2.15,0
1997,3,77,SFO,Greg Clark,TE,25,FALSE,0,0,3,4,9,55,8.01,2.25
1997,3,79,JAX,James Hamilton,LB,23,FALSE,0,0,0,2,1,16,7.23,0.5
1997,3,81,TEN,Scott Sanderson,OT,23,FALSE,0,0,0,7,7,45,4.34,1
1997,3,83,DAL,Steve Scifres,OG,25,FALSE,0,0,0,2,0,7,8.35,0
1997,3,85,OAK,Tim Kohn,OT,NA,FALSE,0,0,0,NA,0,NA,9.38,NA
1997,3,87,CAR,Kinnon Tatum,LB,22,FALSE,0,0,0,2,2,31,7.39,1
1997,3,88,NYJ,Dedric Ward,WR,22,FALSE,0,0,1,8,20,103,4.52,2.5
1997,3,92,MIA,Derrick Rodgers,LB,25,FALSE,0,0,8,8,43,116,5.61,5.375
1997,3,96,MIA,Brent Smith,OG,23,FALSE,0,0,1,8,16,57,9.59,2
1997,4,98,TEN,Derrick Mason,WR,23,FALSE,1,2,11,15,86,230,4.81,5.733333333333333
1997,4,99,NOR,Danny Wuerffel,QB,23,FALSE,0,0,0,6,6,25,5.65,1
1997,4,100,ATL,Henri Crockett,LB,22,FALSE,0,0,7,7,28,103,6.06,4
1997,4,102,NYJ,Terry Day,DE,22,FALSE,0,0,0,1,0,1,5.87,0
1997,4,103,NYG,Pete Monty,LB,23,FALSE,0,0,0,5,5,52,7.71,1
1997,4,104,NYJ,Leon Johnson,RB,23,FALSE,0,0,0,7,12,74,4.01,1.7142857142857142
1997,4,106,ARI,Chris Dishman,OG,23,FALSE,0,0,4,8,21,98,2.12,2.625
1997,4,107,TEN,Pratt Lyons,DE,22,FALSE,0,0,1,2,8,32,2.69,4
1997,4,108,CHI,Marcus Robinson,WR,22,FALSE,0,0,2,10,34,107,9.95,3.4
1997,4,114,JAX,Seth Payne,DT,22,FALSE,0,0,6,10,50,121,9.24,5
1997,4,116,NOR,Keith Poole,WR,23,FALSE,0,0,1,5,13,54,7.42,2.6
1997,4,121,MIA,Jerome Daniels,OG,22,FALSE,0,0,0,2,3,8,0.83,1.5
1997,4,122,CAR,Tarek Saleh,LB,22,FALSE,0,0,0,5,4,59,7.79,0.8
1997,4,123,OAK,Chad Levitt,RB,21,FALSE,0,0,0,1,0,10,8.56,0
1997,4,126,GNB,Jermaine Smith,DT,25,FALSE,0,0,0,3,2,19,8.52,0.6666666666666666
1997,4,127,DAL,Macey Brooks,WR,22,FALSE,0,0,0,4,3,25,9.21,0.75
1997,4,128,TAM,Alshermond Singleton,LB,22,FALSE,0,0,3,10,30,140,7.58,3
1997,4,130,DET,Matt Russell,LB,24,FALSE,0,0,0,1,2,14,2.82,2
1997,5,131,NYJ,Lamont Burns,OG,23,FALSE,0,0,0,1,2,4,7.06,2
1997,5,135,DET,Pete Chryplewicz,TE,23,FALSE,0,0,0,3,0,37,7.7,0
1997,5,137,TAM,Patrick Hape,TE,23,FALSE,0,0,1,8,1,124,6.65,0.125
1997,5,144,CIN,Andre Purvis,DT,24,FALSE,0,0,0,3,2,21,5.29,0.6666666666666666
1997,5,147,JAX,Damon Jones,TE,22,FALSE,0,0,0,5,5,50,8.43,1
1997,5,148,WAS,Twan Russell,LB,23,FALSE,0,0,0,7,6,78,3.11,0.8571428571428571
1997,5,149,MIA,Barron Tanner,DT,23,FALSE,0,0,2,7,13,78,0.71,1.8571428571428572
1997,5,151,MIN,Tony Williams,DT,22,FALSE,0,0,6,8,32,101,9.14,4
1997,5,154,PIT,George Jones,RB,23,FALSE,0,0,0,3,4,34,4.51,1.3333333333333333
1997,5,157,MIA,Nicholas Lopez,DE,NA,FALSE,0,0,0,NA,0,NA,2.78,NA
1997,5,159,NWE,Vernon Crawford,LB,23,FALSE,0,0,0,3,3,41,3.48,1
1997,5,160,GNB,Anthony Hicks,LB,NA,FALSE,0,0,0,NA,0,NA,4.34,NA
1997,5,161,DET,Duane Ashman,DE,NA,FALSE,0,0,0,NA,0,NA,2.47,NA
1997,5,162,WAS,Brad Badger,OG,22,FALSE,0,0,4,11,30,134,9.53,2.727272727272727
1997,6,164,NYJ,Tim Scharf,LB,NA,FALSE,0,0,0,NA,0,NA,9.49,NA
1997,6,166,MIA,John Fiala,LB,23,FALSE,0,0,0,6,6,75,5.03,1
1997,6,170,MIA,Brian Manning,WR,22,FALSE,0,0,0,2,1,10,7.97,0.5
1997,6,171,NYG,Mike Cherry,QB,23,FALSE,0,0,0,2,0,2,5.09,0
1997,6,177,MIA,Ed Perry,TE,23,FALSE,0,0,0,9,2,109,9.27,0.2222222222222222
1997,6,178,SDG,Daniel Palmer,OC,NA,FALSE,0,0,0,NA,0,NA,9.53,NA
1997,6,180,ATL,Calvin Collins,OG,23,FALSE,0,0,4,5,25,68,7.59,5
1997,6,181,TEN,Dennis Stallings,LB,23,FALSE,0,0,0,2,2,28,5.88,1
1997,6,189,CAR,Matt Finkes,DE,22,FALSE,0,0,0,1,1,8,4.8,1
1997,6,190,PHI,Antwuan Wyatt,WR,22,FALSE,0,0,0,1,0,1,2.34,0
1997,6,191,NYJ,Chuck Clements,QB,23,FALSE,0,0,0,1,0,1,7.33,0
1997,7,205,BAL,Chris Ward,DE,23,FALSE,0,0,0,1,0,5,3.59,0
1997,7,206,DET,Terry Battle,RB,NA,FALSE,0,0,0,NA,0,NA,2.75,NA
1997,7,207,PHI,Koy Detmer,QB,24,FALSE,0,0,0,10,4,103,1.68,0.4
1997,7,208,NYG,Matt Keneley,DT,23,FALSE,0,0,0,3,0,7,3.14,0
1997,7,213,GNB,Chris Miller,WR,NA,FALSE,0,0,0,NA,0,NA,4.02,NA
1997,7,217,CIN,William Carr,DT,NA,FALSE,0,0,0,NA,0,NA,0,NA
1997,7,221,JAX,Jon Hesse,LB,24,FALSE,0,0,0,2,0,5,2.42,0
1997,7,223,PIT,Mike Adams,WR,23,FALSE,0,0,0,1,0,6,3.11,0
1997,7,226,BUF,Pat Fitzgerald,TE,NA,FALSE,0,0,0,NA,0,NA,3.19,NA
1997,7,228,CAR,Kris Mangum,TE,24,FALSE,0,0,4,10,11,126,7.75,1.1
1997,7,229,NYJ,Jason Ferguson,DT,22,FALSE,0,0,9,13,50,159,1.9,3.8461538461538463
1997,7,231,GNB,Jerald Sowell,FB,23,FALSE,0,0,3,10,12,148,6.78,1.2
1997,7,232,DET,Marcus Harris,WR,NA,FALSE,0,0,0,NA,0,NA,6.24,NA
1997,7,233,CHI,Marvin Thomas,DE,23,FALSE,0,0,0,2,0,4,3.95,0
1997,7,234,BAL,Wally Richardson,QB,23,FALSE,0,0,0,2,0,1,6.83,0
1997,7,238,BAL,Leland Taylor,DT,24,FALSE,0,0,0,1,0,1,1.62,0
1998,1,3,ARI,Andre Wadsworth,DE,23,FALSE,0,0,2,3,12,36,9.58,4
1998,1,7,NOR,Kyle Turley,OT,22,FALSE,1,0,6,10,52,109,9.96,5.2
1998,1,8,DAL,Greg Ellis,DE,23,FALSE,0,1,12,12,68,176,8.92,5.666666666666667
1998,1,13,CIN,Takeo Spikes,LB,21,FALSE,1,2,14,15,83,219,8.07,5.533333333333333
1998,1,15,SEA,Anthony Simmons,LB,22,FALSE,0,0,4,7,34,87,8.84,4.857142857142857
1998,1,17,CIN,Brian Simmons,LB,23,FALSE,0,0,8,10,42,137,8.89,4.2
1998,1,21,MIN,Randy Moss,WR,21,TRUE,4,6,12,15,124,218,9.67,8.266666666666667
1998,1,26,PIT,Alan Faneca,OG,21,TRUE,6,9,13,13,108,206,3.12,8.307692307692308
1998,1,29,MIA,John Avery,RB,22,FALSE,0,0,0,6,4,29,8.9,0.6666666666666666
1998,2,31,OAK,Leon Bender,DT,NA,FALSE,0,0,0,NA,0,NA,5.39,NA
1998,2,36,ARI,Anthony Clement,OT,22,FALSE,0,0,6,10,39,128,3.56,3.9
1998,2,37,STL,Robert Holcombe,RB,22,FALSE,0,0,3,7,14,97,9.55,2
1998,2,39,BUF,Sam Cowart,LB,23,FALSE,0,1,6,8,44,100,3.59,5.5
1998,2,47,SEA,Todd Weiner,OT,22,FALSE,0,0,7,11,47,152,9.64,4.2727272727272725
1998,2,48,WAS,Stephen Alexander,TE,22,FALSE,0,1,6,9,20,118,9.85,2.2222222222222223
1998,2,49,MIA,Kenny Mixon,DE,23,FALSE,0,0,6,7,37,105,4.58,5.285714285714286
1998,2,52,NWE,Tony Simmons,WR,23,FALSE,0,0,0,5,8,49,10,1.6
1998,2,55,NYG,Joe Jurevicius,WR,23,FALSE,0,0,3,10,31,133,4.03,3.1
1998,2,56,NYJ,Dorian Boose,DE,24,FALSE,0,0,0,4,5,44,9.13,1.25
1998,2,58,SFO,Jeremy Newberry,OC,22,FALSE,0,2,7,11,52,120,5.91,4.7272727272727275
1998,2,60,DET,Charlie Batch,QB,23,FALSE,0,0,4,15,34,81,8.32,2.2666666666666666
1998,3,63,OAK,Jon Ritchie,FB,24,FALSE,0,0,5,7,11,94,9.89,1.5714285714285714
1998,3,64,CHI,Olin Kreutz,OC,21,FALSE,1,6,11,14,73,195,8.35,5.214285714285714
1998,3,68,BUF,Robert Hicks,OT,23,FALSE,0,0,1,3,13,37,1.47,4.333333333333333
1998,3,70,NYG,Brian Alford,WR,23,FALSE,0,0,0,2,0,4,9.85,0
1998,3,72,PHI,Jeremiah Trotter,LB,21,FALSE,1,4,9,12,71,147,9.3,5.916666666666667
1998,3,74,ATL,Jammi German,WR,24,FALSE,0,0,0,4,3,35,9.16,0.75
1998,3,76,SEA,Ahman Green,RB,21,FALSE,0,4,6,12,83,148,9.74,6.916666666666667
1998,3,78,CIN,Mike Goff,OG,22,FALSE,0,0,9,12,62,171,9.84,5.166666666666667
1998,3,89,SFO,Chris Ruhman,OT,23,FALSE,0,0,0,2,2,11,2.81,1
1998,3,90,GNB,Jonathan Brown,DE,22,FALSE,0,0,0,4,0,7,5.33,0
1998,3,92,PIT,Hines Ward,WR,22,FALSE,0,4,13,14,88,217,6.15,6.285714285714286
1998,4,95,ARI,Michael Pittman,RB,23,FALSE,0,0,5,11,50,151,9.12,4.545454545454546
1998,4,96,STL,Az-Zahir Hakim,WR,21,FALSE,0,0,2,9,38,110,7.9,4.222222222222222
1998,4,98,STL,Roland Williams,TE,23,FALSE,0,0,5,8,9,94,8.43,1.125
1998,4,101,JAX,Tavian Banks,RB,24,FALSE,0,0,0,2,3,14,9.45,1.5
1998,4,104,TAM,Todd Washington,OG,22,FALSE,0,0,1,8,12,97,2.8,1.5
1998,4,106,CAR,Donald Hayes,WR,23,FALSE,0,0,2,5,18,63,9.07,3.6
1998,4,111,NYJ,Jason Fabini,OT,24,FALSE,0,0,9,11,53,152,2.37,4.818181818181818
1998,4,113,WAS,Shawn Barber,LB,23,FALSE,0,0,5,10,37,111,8.94,3.7
1998,4,122,DEN,Curtis Alexander,RB,NA,FALSE,0,0,0,NA,0,NA,8.54,NA
1998,5,124,BAL,Martin Chase,DT,23,FALSE,0,0,0,8,7,55,4.39,0.875
1998,5,127,OAK,Jeremy Brigham,TE,23,FALSE,0,0,0,5,3,47,8.68,0.6
1998,5,132,NOR,Wilmont Perry,RB,23,FALSE,0,0,0,2,2,13,2.27,1
1998,5,135,IND,Antony Jordan,LB,23,FALSE,0,0,0,4,1,27,7.61,0.25
1998,5,136,CAR,Jerry Jensen,LB,23,FALSE,0,0,0,1,0,10,5.63,0
1998,5,138,DAL,Oliver Ross,OT,23,FALSE,0,0,3,9,24,89,7.84,2.6666666666666665
1998,5,139,TEN,Benji Olson,OG,23,FALSE,0,0,9,10,55,152,6.14,5.5
1998,5,145,NWE,Ron Merkerson,LB,NA,FALSE,0,0,0,NA,0,NA,4.77,NA
1998,5,146,NYJ,Blake Spence,TE,23,FALSE,0,0,0,3,0,18,4.95,0
1998,5,147,NYG,Toby Myles,OT,23,FALSE,0,0,0,4,1,11,6.19,0.25
1998,5,150,GNB,Corey Bradford,WR,22,FALSE,0,0,2,9,27,114,6.44,3
1998,5,151,SFO,Phil Ostrowski,OG,22,FALSE,0,0,0,3,2,28,2.91,0.6666666666666666
1998,5,152,OAK,Travian Smith,LB,23,FALSE,0,0,1,7,13,84,9.02,1.8571428571428572
1998,5,153,DEN,Chris Howard,RB,23,FALSE,0,0,0,3,1,22,5.19,0.3333333333333333
1998,6,158,ARI,Zack Walz,LB,22,FALSE,0,0,1,4,8,46,7.54,2
1998,6,159,STL,Glenn Rountree,OG,NA,FALSE,0,0,0,NA,0,NA,8.78,NA
1998,6,160,BUF,Fred Coleman,WR,23,FALSE,0,0,0,5,1,9,8.69,0.2
1998,6,161,NOR,Chris Bordano,LB,23,FALSE,0,0,1,3,7,33,9.6,2.3333333333333335
1998,6,163,NYJ,Eric Ogbogu,DE,23,FALSE,0,0,0,8,11,90,5.88,1.375
1998,6,164,BAL,Sammy Williams,OT,23,FALSE,0,0,0,5,7,29,0.76,1.4
1998,6,167,CIN,Jason Tucker,WR,22,FALSE,0,0,0,3,6,31,8.98,2
1998,6,171,MIA,Nathan Strikwerda,OC,NA,FALSE,0,0,0,NA,0,NA,8.7,NA
1998,6,172,MIA,John Dutton,QB,NA,FALSE,0,0,0,NA,0,NA,9.36,NA
1998,6,176,NWE,Harold Shaw,RB,24,FALSE,0,0,0,3,0,35,4.64,0
1998,6,180,SFO,Fred Beasley,FB,23,FALSE,0,1,7,8,13,114,2.32,1.625
1998,6,181,KAN,Derrick Ransom,DT,21,FALSE,0,0,2,7,12,71,5.35,1.7142857142857142
1998,7,190,IND,Aaron Taylor,OG,NA,FALSE,0,0,0,NA,0,NA,7.46,NA
1998,7,192,JAX,Alvis Whitted,WR,24,FALSE,0,0,1,9,9,123,9.09,1
1998,7,196,CAR,Viliami Maumau,DT,23,FALSE,0,0,0,2,0,1,2.35,0
1998,7,201,ATL,Ken Oxendine,RB,22,FALSE,0,0,1,2,6,21,6.92,3
1998,7,202,CIN,Marcus Parker,RB,NA,FALSE,0,0,0,NA,0,NA,3.54,NA
1998,7,203,ATL,Henry Slay,DT,23,FALSE,0,0,0,1,0,3,3.61,0
1998,7,208,MIN,Chester Burnett,LB,23,FALSE,0,0,0,3,0,12,4.92,0
1998,7,210,MIA,Jim Bundren,OG,23,FALSE,0,0,1,3,3,27,9.31,1
1998,7,215,SFO,Ryan Thelwell,WR,25,FALSE,0,0,0,1,2,6,9.47,2
1998,7,223,DAL,Tarik Smith,RB,NA,FALSE,0,0,0,NA,0,NA,8.99,NA
1998,7,228,CAR,Jim Turner,WR,NA,FALSE,0,0,0,NA,0,NA,9.89,NA
1998,7,229,TEN,Kevin Long,OC,23,FALSE,0,0,2,4,16,63,8.09,4
1998,7,234,SDG,Kio Sanford,WR,NA,FALSE,0,0,0,NA,0,NA,5.33,NA
1998,7,235,OAK,David Sanders,DE,NA,FALSE,0,0,0,NA,0,NA,9.71,NA
1998,7,238,BUF,Kamil Loud,WR,22,FALSE,0,0,0,2,1,12,4.29,0.5
1998,7,240,PHI,Melvin Thomas,OG,NA,FALSE,0,0,0,NA,0,NA,4.13,NA
1999,1,1,CLE,Tim Couch,QB,22,FALSE,0,0,3,5,30,62,7.4,6
1999,1,2,PHI,Donovan McNabb,QB,22,FALSE,0,6,11,13,107,167,9.39,8.23076923076923
1999,1,3,CIN,Akili Smith,QB,24,FALSE,0,0,1,4,2,22,9.95,0.5
1999,1,4,IND,Edgerrin James,RB,21,TRUE,1,4,9,11,113,148,10,10.272727272727273
1999,1,5,NOR,Ricky Williams,RB,22,FALSE,1,1,5,13,77,147,9.73,5.923076923076923
1999,1,6,STL,Torry Holt,WR,23,FALSE,1,7,11,11,99,173,9.76,9
1999,1,8,ARI,David Boston,WR,21,FALSE,1,1,3,7,38,75,9.88,5.428571428571429
1999,1,9,DET,Chris Claiborne,LB,21,FALSE,0,0,7,8,34,105,8.75,4.25
1999,1,11,MIN,Daunte Culpepper,QB,22,FALSE,0,3,5,11,86,105,10,7.818181818181818
1999,1,12,CHI,Cade McNown,QB,22,FALSE,0,0,1,2,8,25,9.23,4
1999,1,13,PIT,Troy Edwards,WR,22,FALSE,0,0,1,7,19,92,7.14,2.7142857142857144
1999,1,14,KAN,John Tait,OT,24,FALSE,0,0,9,10,51,148,9.9,5.1
1999,1,15,TAM,Anthony McFarland,DT,21,FALSE,0,0,7,8,43,109,8.96,5.375
1999,1,16,TEN,Jevon Kearse,DE,23,FALSE,1,3,8,11,68,133,10,6.181818181818182
1999,1,17,NWE,Damien Woody,OC,21,FALSE,0,1,11,12,59,173,7.08,4.916666666666667
1999,1,19,NYG,Luke Petitgout,OT,23,FALSE,0,0,8,9,44,117,9.71,4.888888888888889
1999,1,20,DAL,Ebenezer Ekuban,DE,23,FALSE,0,0,5,10,37,122,9.74,3.7
1999,1,21,ARI,L.J. Shelton,OT,23,FALSE,0,0,8,10,43,146,7.94,4.3
1999,1,22,SEA,Lamar King,DE,24,FALSE,0,0,3,5,16,57,8.76,3.2
1999,1,24,SFO,Reggie McGrew,DT,22,FALSE,0,0,0,4,1,24,9.42,0.25
1999,1,27,DET,Aaron Gibson,OT,21,FALSE,0,0,2,6,14,38,9.39,2.3333333333333335
1999,1,28,NWE,Andy Katzenmoyer,LB,21,FALSE,0,0,1,2,8,24,10,4
1999,1,30,ATL,Patrick Kerney,DE,22,FALSE,1,2,9,11,67,159,8.8,6.090909090909091
1999,1,31,DEN,Al Wilson,LB,22,FALSE,1,5,8,8,67,125,8.79,8.375
1999,2,32,CLE,Kevin Johnson,WR,23,FALSE,0,0,4,7,33,101,9.84,4.714285714285714
1999,2,34,CAR,Chris Terry,OT,24,FALSE,0,0,7,9,36,100,9.81,4
1999,2,35,PHI,Barry Gardner,LB,22,FALSE,0,0,1,7,18,110,8.55,2.5714285714285716
1999,2,36,IND,Mike Peterson,LB,23,FALSE,0,0,11,14,73,198,9.67,5.214285714285714
1999,2,37,WAS,Jon Jansen,OT,23,FALSE,0,0,8,11,55,137,8.84,5
1999,2,38,CAR,Mike Rucker,DE,24,FALSE,0,1,7,9,54,139,8.58,6
1999,2,39,MIA,J.J. Johnson,RB,25,FALSE,0,0,0,3,7,36,8.08,2.3333333333333335
1999,2,40,OAK,Tony Bryant,DE,23,FALSE,0,0,3,7,22,82,6.35,3.142857142857143
1999,2,42,ATL,Reggie Kelly,TE,22,FALSE,0,0,10,13,12,184,8.89,0.9230769230769231
1999,2,43,MIA,Rob Konrad,FB,22,FALSE,0,0,5,6,9,82,9.91,1.5
1999,2,44,MIN,Jim Kleinsasser,TE,22,FALSE,0,0,10,13,14,181,9.47,1.0769230769230769
1999,2,45,CLE,Rahim Abdullah,LB,23,FALSE,0,0,1,2,6,29,7.77,3
1999,2,46,NWE,Kevin Faulk,RB,23,FALSE,0,0,4,13,56,161,7.4,4.3076923076923075
1999,2,48,CHI,Russell Davis,DT,24,FALSE,0,0,5,9,33,114,8.65,3.6666666666666665
1999,2,49,NYG,Joe Montgomery,RB,23,FALSE,0,0,1,4,2,13,8.22,0.5
1999,2,50,TAM,Shaun King,QB,22,FALSE,0,0,1,6,19,34,8.93,3.1666666666666665
1999,2,51,ARI,Johnny Rutledge,LB,22,FALSE,0,0,0,5,2,46,9.49,0.4
1999,2,52,TEN,John Thornton,DT,22,FALSE,0,0,8,10,51,143,9.69,5.1
1999,2,52,TEN,John Thornton,DT,22,FALSE,0,0,8,10,51,143,1.29,5.1
1999,2,53,BUF,Peerless Price,WR,22,FALSE,0,0,6,9,44,123,8.06,4.888888888888889
1999,2,54,KAN,Mike Cloud,RB,24,FALSE,0,0,0,7,6,78,9.14,0.8571428571428571
1999,2,56,JAX,Larry Smith,DT,24,FALSE,0,0,0,6,9,64,9.46,1.5
1999,2,57,NYJ,Randy Thomas,OG,23,FALSE,0,0,9,11,51,143,9.91,4.636363636363637
1999,2,61,DEN,Lennie Friedman,OG,23,FALSE,0,0,1,9,18,97,7.08,2
1999,3,64,PHI,Doug Brzezinski,OG,23,FALSE,0,0,1,6,14,73,5.94,2.3333333333333335
1999,3,69,SDG,Steve Heiden,TE,22,FALSE,0,0,6,11,11,148,9.96,1
1999,3,70,DET,Jared DeVries,DE,23,FALSE,0,0,3,10,18,120,8.72,1.8
1999,3,71,CHI,D'Wayne Bates,WR,23,FALSE,0,0,1,5,10,47,8.5,2
1999,3,72,MIA,Grey Ruegamer,OC,23,FALSE,0,0,1,10,15,124,5.62,1.5
1999,3,73,PIT,Joey Porter,LB,22,FALSE,1,4,11,13,90,188,9.71,6.923076923076923
1999,3,74,PIT,Kris Farris,OT,22,FALSE,0,0,0,3,1,3,7.65,0.3333333333333333
1999,3,77,SEA,Brock Huard,QB,23,FALSE,0,0,0,5,2,8,5.61,0.4
1999,3,78,CHI,Marty Booker,WR,23,FALSE,0,1,7,11,48,157,9.12,4.363636363636363
1999,3,79,NYG,Dan Campbell,TE,23,FALSE,0,0,5,10,7,114,10,0.7
1999,3,82,SEA,Karsten Bailey,WR,22,FALSE,0,0,0,5,1,19,10,0.2
1999,3,85,DAL,Dat Nguyen,LB,23,FALSE,0,0,4,7,37,90,6.16,5.285714285714286
1999,3,88,JAX,Anthony Cesario,OG,NA,FALSE,0,0,0,NA,0,NA,7.03,NA
1999,3,90,NYJ,David Loverne,OG,23,FALSE,0,0,2,6,12,63,6.12,2
1999,3,92,ATL,Jeff Paulk,FB,23,FALSE,0,0,0,2,0,2,8.88,0
1999,3,93,DEN,Travis McGriff,WR,23,FALSE,0,0,0,3,1,34,7.5,0.3333333333333333
1999,3,94,GNB,Cletidus Hunt,DT,23,FALSE,0,0,4,6,28,85,7.26,4.666666666666667
1999,3,95,PIT,Amos Zereoue,RB,22,FALSE,0,0,0,7,22,84,8.31,3.142857142857143
1999,4,98,CIN,Craig Yeast,WR,22,FALSE,0,0,1,3,5,35,5.64,1.6666666666666667
1999,4,100,CAR,Hannibal Navies,LB,22,FALSE,0,0,3,9,23,96,9.33,2.5555555555555554
1999,4,101,STL,Joe Germaine,QB,24,FALSE,0,0,0,1,1,3,8.01,1
1999,4,102,OAK,Dameane Douglas,WR,23,FALSE,0,0,0,4,2,52,4.66,0.5
1999,4,103,DET,Sedrick Irvin,RB,21,FALSE,0,0,0,2,4,20,9.44,2
1999,4,105,BAL,Brandon Stokley,WR,23,FALSE,0,0,1,15,44,152,9.94,2.933333333333333
1999,4,106,CHI,Warrick Holdman,LB,23,FALSE,0,0,5,8,36,105,9.38,4.5
1999,4,108,KAN,Larry Parker,WR,23,FALSE,0,0,0,3,2,38,9.92,0.6666666666666666
1999,4,109,PIT,Aaron Smith,DE,23,FALSE,0,1,9,13,71,160,5.95,5.461538461538462
1999,4,115,SEA,Antonio Cochran,DE,23,FALSE,0,0,2,7,19,85,4.31,2.7142857142857144
1999,4,116,ARI,Joel Makovicka,FB,23,FALSE,0,0,3,4,3,58,6.82,0.75
1999,4,118,DAL,Wane McGarity,WR,22,FALSE,0,0,0,3,6,31,6.7,2
1999,4,119,BUF,Keith Newman,LB,22,FALSE,0,0,6,8,28,102,6.47,3.5
1999,4,121,JAX,Kevin Landolt,DT,23,FALSE,0,0,0,1,0,1,8.57,0
1999,4,123,NYJ,Jason Wiltz,DT,22,FALSE,0,0,0,2,4,27,6.29,2
1999,4,124,CLE,Wali Rainer,LB,22,FALSE,0,0,4,7,26,110,4.58,3.7142857142857144
1999,4,125,MIN,Jay Humphrey,OT,NA,FALSE,0,0,0,NA,0,NA,9.26,NA
1999,4,127,DEN,Olandis Gary,RB,24,FALSE,0,0,1,5,16,48,9.08,3.2
1999,4,130,PHI,Na Brown,WR,22,FALSE,0,0,0,3,4,42,6.56,1.3333333333333333
1999,4,131,GNB,Aaron Brooks,QB,23,FALSE,0,0,5,8,66,93,9.49,8.25
1999,4,132,DAL,Peppi Zellner,DE,24,FALSE,0,0,2,6,21,89,9.45,3.5
1999,5,134,MIA,Cecil Collins,RB,22,FALSE,0,0,1,1,3,8,7.63,3
1999,5,136,PIT,Jerame Tuman,TE,23,FALSE,0,0,2,10,5,123,9.2,0.5
1999,5,138,IND,Brad Scioli,DE,23,FALSE,0,0,2,6,14,80,8.32,2.3333333333333335
1999,5,139,SDG,Adrian Dingle,DE,22,FALSE,0,0,1,6,12,70,7.63,2
1999,5,142,MIA,Bryan Jones,LB,NA,FALSE,0,0,0,NA,0,NA,6.25,NA
1999,5,142,MIA,Bryan Jones,LB,NA,FALSE,0,0,0,NA,0,NA,8.3,NA
1999,5,144,CHI,Khari Samuel,LB,22,FALSE,0,0,0,3,3,39,7.83,1
1999,5,145,STL,Cameron Spikes,OG,22,FALSE,0,0,2,6,13,63,9.86,2.1666666666666665
1999,5,146,OAK,Eric Barton,LB,21,FALSE,0,0,8,12,50,160,8.42,4.166666666666667
1999,5,148,CLE,Darrin Chiaverini,WR,21,FALSE,0,0,1,4,5,49,8.88,1.25
1999,5,151,TEN,Kevin Daft,QB,NA,FALSE,0,0,0,NA,0,NA,7.81,NA
1999,5,154,NWE,Derrick Fletcher,OT,23,FALSE,0,0,0,7,3,21,9.84,0.42857142857142855
1999,5,156,BUF,Jay Foreman,LB,23,FALSE,0,0,4,8,28,84,9.58,3.5
1999,5,157,SFO,Terry Jackson,FB,23,FALSE,0,0,0,7,6,100,8.22,0.8571428571428571
1999,5,158,DEN,David Bowens,DE,22,FALSE,0,0,2,12,31,167,6.5,2.5833333333333335
1999,5,161,SFO,Tyrone Hopson,OG,23,FALSE,0,0,0,6,3,23,7.26,0.5
1999,5,164,ATL,Eugene Baker,WR,23,FALSE,0,0,0,6,1,8,9.78,0.16666666666666666
1999,5,169,MIN,Chris Jones,LB,NA,FALSE,0,0,0,NA,0,NA,1.83,NA
1999,6,171,SFO,Tai Streets,WR,22,FALSE,0,0,3,6,23,78,9.98,3.8333333333333335
1999,6,172,PHI,Cecil Martin,FB,24,FALSE,0,0,3,5,5,61,7.2,1
1999,6,173,CIN,Kelly Gregg,DT,22,FALSE,0,0,9,13,61,153,4.52,4.6923076923076925
1999,6,174,CLE,Marcus Spriggs,DT,23,FALSE,0,0,0,2,2,18,5.52,1
1999,6,175,CAR,Robert Daniel,DE,NA,FALSE,0,0,0,NA,0,NA,4.27,NA
1999,6,176,STL,Lionel Barnes,DE,23,FALSE,0,0,0,6,3,27,6.39,0.5
1999,6,179,DEN,Desmond Clark,TE,22,FALSE,0,0,6,12,27,162,6.28,2.25
1999,6,182,JAX,Emarlos Leroy,DT,24,FALSE,0,0,0,2,2,22,8.61,1
1999,6,185,MIN,Talance Sawyer,DE,23,FALSE,0,0,2,5,13,39,6.75,2.6
1999,6,186,TEN,Darran Hall,WR,NA,FALSE,0,0,0,NA,0,NA,6.14,NA
1999,6,188,OAK,Daren Yancey,DT,NA,FALSE,0,0,0,NA,0,NA,6.41,NA
1999,6,191,CLE,James Dearth,TE,23,FALSE,0,0,0,11,0,146,5.09,0
1999,6,193,DAL,MarTay Jenkins,WR,24,FALSE,0,0,0,4,11,40,9.3,2.75
1999,6,196,GNB,Dee Miller,WR,NA,FALSE,0,0,0,NA,0,NA,8.34,NA
1999,6,198,ATL,Jeff Kelly,LB,23,FALSE,0,0,0,4,5,29,2.77,1.25
1999,6,199,MIN,Antico Dalton,LB,23,FALSE,0,0,0,2,1,5,8.93,0.5
1999,6,201,PHI,Troy Smith,WR,22,FALSE,0,0,0,1,0,1,5.96,0
1999,6,204,DEN,Chad Plummer,WR,23,FALSE,0,0,0,2,0,4,7.62,0
1999,7,207,CLE,Madre Hill,RB,23,FALSE,0,0,0,4,0,7,8.02,0
1999,7,208,PHI,Jed Weaver,TE,23,FALSE,0,0,2,6,11,90,6.9,1.8333333333333333
1999,7,209,CIN,Tony Coats,OG,NA,FALSE,0,0,0,NA,0,NA,9.04,NA
1999,7,214,PIT,Antonio Dingle,DT,22,FALSE,0,0,0,1,0,9,4.09,0
1999,7,215,DET,Mike Pringley,DE,23,FALSE,0,0,0,2,1,11,6.06,0.5
1999,7,219,PIT,Chad Kelsay,LB,22,FALSE,0,0,0,1,0,6,8.84,0
1999,7,220,KAN,Eric King,OG,NA,FALSE,0,0,0,NA,0,NA,9.73,NA
1999,7,222,TEN,Phil Glover,LB,23,FALSE,0,0,0,2,1,10,8.88,0.5
1999,7,223,NYJ,Ryan Young,OT,23,FALSE,0,0,3,5,21,67,3.45,4.2
1999,7,225,NYG,Ryan Hale,DT,24,FALSE,0,0,0,2,2,25,6.99,1
1999,7,226,TAM,Robert Hunt,OG,NA,FALSE,0,0,0,NA,0,NA,5.3,NA
1999,7,227,NWE,Michael Bishop,QB,23,FALSE,0,0,0,2,0,8,5.05,0
1999,7,229,DAL,Mike Lucky,TE,23,FALSE,0,0,0,4,1,46,7.04,0.25
1999,7,230,BUF,Sheldon Jackson,TE,23,FALSE,0,0,1,3,0,45,4.91,0
1999,7,233,TAM,Autry Denson,RB,22,FALSE,0,0,0,4,3,34,5.92,0.75
1999,7,234,SFO,Kory Minor,LB,22,FALSE,0,0,0,4,3,30,8.28,0.75
1999,7,237,ATL,Todd McClure,OC,22,FALSE,0,0,13,14,72,198,7.31,5.142857142857143
1999,7,238,DEN,Justin Swift,TE,24,FALSE,0,0,0,4,2,49,9.73,0.5
1999,7,239,ARI,Chris Greisen,QB,23,FALSE,0,0,0,2,0,5,6.99,0
1999,7,240,TAM,Darnell McDonald,WR,23,FALSE,0,0,0,1,1,8,4.64,1
1999,7,243,DAL,Kelvin Garmon,OG,22,FALSE,0,0,3,6,19,52,8.04,3.1666666666666665
1999,7,245,CIN,Scott Covington,QB,23,FALSE,0,0,0,4,0,4,8.72,0
1999,7,247,ATL,Rondel Menendez,WR,NA,FALSE,0,0,0,NA,0,NA,9.54,NA
1999,7,248,BUF,Bryce Fisher,DE,22,FALSE,0,0,3,9,26,91,5.22,2.888888888888889
1999,7,249,CIN,Donald Broomfield,DT,NA,FALSE,0,0,0,NA,0,NA,9,NA
1999,7,253,CHI,Jim Finn,FB,22,FALSE,0,0,4,8,4,106,7.76,0.5
2000,1,9,CHI,Brian Urlacher,LB,22,TRUE,4,8,12,13,119,182,10,9.153846153846153
2000,1,18,NYJ,Chad Pennington,QB,24,FALSE,0,0,5,11,55,89,9.91,5
2000,1,21,KAN,Sylvester Morris,WR,22,FALSE,0,0,1,1,6,15,8.72,6
2000,1,25,MIN,Chris Hovan,DT,22,FALSE,0,0,10,10,56,156,9.75,5.6
2000,1,26,BUF,Erik Flowers,DE,22,FALSE,0,0,0,5,6,58,9.86,1.2
2000,1,27,NYJ,Anthony Becht,TE,23,FALSE,0,0,9,12,12,167,10,1
2000,1,28,IND,Rob Morris,LB,25,FALSE,0,0,4,8,24,99,8.62,3
2000,1,29,JAX,R. Jay Soward,WR,22,FALSE,0,0,0,1,2,13,8.85,2
2000,1,30,TEN,Keith Bulluck,LB,23,FALSE,1,1,9,11,74,170,9.89,6.7272727272727275
2000,1,31,STL,Trung Canidate,RB,23,FALSE,0,0,1,4,11,46,9.01,2.75
2000,2,32,CLE,Dennis Northcutt,WR,22,FALSE,0,0,3,10,41,144,9.52,4.1
2000,2,33,NOR,Darren Howard,DE,23,FALSE,0,0,6,10,42,145,5.16,4.2
2000,2,35,SFO,John Engelberger,DE,23,FALSE,0,0,5,9,31,139,9.79,3.4444444444444446
2000,2,37,ATL,Travis Claridge,OG,22,FALSE,0,0,3,4,23,52,8.83,5.75
2000,2,38,PIT,Marvel Smith,OT,22,FALSE,0,1,7,9,44,111,7.59,4.888888888888889
2000,2,40,DEN,Ian Gold,LB,22,FALSE,0,1,5,8,39,115,8.67,4.875
2000,2,42,NYG,Cornelius Griffin,DT,23,FALSE,0,0,9,10,58,146,9.89,5.8
2000,2,44,GNB,Chad Clifton,OT,24,FALSE,0,2,10,12,72,165,9.76,6
2000,2,50,DET,Barrett Green,LB,22,FALSE,0,0,4,6,20,65,9.17,3.3333333333333335
2000,2,51,TAM,Cosey Coleman,OG,21,FALSE,0,0,6,7,35,100,5.33,5
2000,2,53,MIA,Todd Wade,OT,23,FALSE,0,0,7,8,41,99,9.73,5.125
2000,2,55,MIN,Fred Robbins,DT,23,FALSE,0,0,10,12,51,180,7.72,4.25
2000,2,56,MIN,Michael Boireau,DE,NA,FALSE,0,0,0,NA,0,NA,3.74,NA
2000,2,60,JAX,Brad Meester,OC,23,FALSE,0,0,14,14,74,209,9.7,5.285714285714286
2000,2,61,PHI,Bobbie Williams,OG,23,FALSE,0,0,9,13,55,163,8.08,4.230769230769231
2000,3,63,CLE,Travis Prentice,RB,23,FALSE,0,0,1,2,4,30,8.85,2
2000,3,65,SFO,Giovanni Carmazzi,QB,NA,FALSE,0,0,0,NA,0,NA,9.76,NA
2000,3,67,ATL,Mark Simoneau,LB,23,FALSE,0,0,4,11,29,124,9.53,2.6363636363636362
2000,3,69,CHI,Dez White,WR,21,FALSE,0,0,4,6,18,82,9.98,3
2000,3,70,DEN,Chris Cole,WR,22,FALSE,0,0,0,4,1,35,9.94,0.25
2000,3,72,PIT,Kendrick Clancy,DT,21,FALSE,0,0,3,10,24,109,3.81,2.4
2000,3,74,GNB,Steve Warren,DT,22,FALSE,0,0,0,3,2,25,8.54,0.6666666666666666
2000,3,75,BAL,Chris Redman,QB,23,FALSE,0,0,0,12,9,30,0.47,0.75
2000,3,78,NYJ,Laveranues Coles,WR,22,FALSE,0,1,9,10,68,153,7.9,6.8
2000,3,79,CLE,JaJuan Dawson,WR,22,FALSE,0,0,0,3,5,30,9.68,1.6666666666666667
2000,3,81,DET,Reuben Droughns,RB,22,FALSE,0,0,3,9,27,114,4.88,3
2000,3,82,CAR,Leander Jordan,OT,22,FALSE,0,0,1,6,9,37,5.76,1.5
2000,3,83,SDG,Damion McIntosh,OT,23,FALSE,0,0,8,10,38,125,5.61,3.8
2000,3,86,SFO,Jeff Ulbrich,LB,23,FALSE,0,0,4,10,31,120,8.47,3.1
2000,3,87,CHI,Dustin Lyman,TE,24,FALSE,0,0,1,5,2,55,9.92,0.4
2000,3,88,MIN,Doug Chapman,RB,23,FALSE,0,0,0,4,3,26,8.79,0.75
2000,3,89,BUF,Corey Moore,LB,23,FALSE,0,0,0,2,3,10,7.22,1.5
2000,3,92,JAX,T.J. Slaughter,LB,23,FALSE,0,0,3,7,17,78,6.91,2.4285714285714284
2000,3,93,TEN,Byron Frisch,DE,23,FALSE,0,0,0,3,2,23,9.9,0.6666666666666666
2000,4,96,NOR,Terrelle Smith,FB,22,FALSE,0,0,8,10,3,146,2.32,0.3
2000,4,97,CIN,Curtis Keaton,RB,23,FALSE,0,0,0,3,0,25,9.92,0
2000,4,99,PHI,Gari Scott,WR,22,FALSE,0,0,0,2,0,3,8.3,0
2000,4,100,ATL,Michael Thompson,OT,23,FALSE,0,0,0,3,3,12,6.1,1
2000,4,101,DEN,Jerry Johnson,DT,23,FALSE,0,0,0,2,1,9,7.15,0.5
2000,4,104,STL,Kaulana Noa,OT,NA,FALSE,0,0,0,NA,0,NA,5.73,NA
2000,4,106,MIN,Antonio Wilson,LB,22,FALSE,0,0,0,3,2,16,8.83,0.6666666666666666
2000,4,110,CLE,Aaron Shea,TE,23,FALSE,0,0,0,6,6,65,9.67,1
2000,4,111,SDG,Trevor Gaylor,WR,22,FALSE,0,0,0,3,7,34,8.99,2.3333333333333335
2000,4,112,DEN,Cooper Carlisle,OG,23,FALSE,0,0,8,13,54,190,9.21,4.153846153846154
2000,4,113,SDG,Leonardo Carson,DT,23,FALSE,0,0,2,5,16,64,5.52,3.2
2000,4,114,GNB,Anthony Lucas,WR,NA,FALSE,0,0,0,NA,0,NA,9.29,NA
2000,4,115,KAN,Frank Moreau,RB,23,FALSE,0,0,0,2,1,14,9.62,0.5
2000,4,116,SEA,Marcus Bell,LB,23,FALSE,0,0,1,3,7,45,6.57,2.3333333333333335
2000,4,117,MIA,Deon Dyer,FB,22,FALSE,0,0,0,3,0,45,0.18,0
2000,4,122,IND,Josh Williams,DT,24,FALSE,0,0,2,6,19,73,9.96,3.1666666666666665
2000,4,123,JAX,Joey Chustz,OT,NA,FALSE,0,0,0,NA,0,NA,9.91,NA
2000,4,127,NWE,Greg Randall,OT,22,FALSE,0,0,2,4,18,51,2.35,4.5
2000,4,128,TEN,Peter Sirmon,LB,23,FALSE,0,0,4,7,25,81,9.19,3.5714285714285716
2000,4,129,WAS,Michael Moore,OG,23,FALSE,0,0,0,5,1,8,2.04,0.2
2000,5,131,NOR,Tutan Reyes,OG,22,FALSE,0,0,2,9,19,53,3.17,2.111111111111111
2000,5,136,ARI,Mao Tosi,DT,23,FALSE,0,0,1,2,4,26,6.3,2
2000,5,137,PIT,Clark Haggans,LB,23,FALSE,0,0,7,13,46,172,6.97,3.5384615384615383
2000,5,138,IND,Matt Johnson,OG,NA,FALSE,0,0,0,NA,0,NA,4.21,NA
2000,5,139,STL,Brian Young,DT,23,FALSE,0,0,6,9,39,123,9.36,4.333333333333333
2000,5,141,NWE,Dave Stachelski,TE,23,FALSE,0,0,0,2,0,9,9.71,0
2000,5,143,NYJ,Windrell Hayes,WR,23,FALSE,0,0,0,2,1,9,8.39,0.5
2000,5,148,BAL,Richard Mercier,OG,NA,FALSE,0,0,0,NA,0,NA,3.63,NA
2000,5,149,GNB,Kabeer Gbaja-Biamila,DE,22,FALSE,0,1,5,9,43,124,9.41,4.777777777777778
2000,5,154,DEN,Muneer Moore,WR,NA,FALSE,0,0,0,NA,0,NA,9.79,NA
2000,5,156,BUF,Sammy Morris,RB,23,FALSE,0,0,3,12,27,144,9.34,2.25
2000,5,157,TAM,James Whalen,TE,22,FALSE,0,0,0,4,1,26,6.61,0.25
2000,5,158,NOR,Austin Wheatley,TE,22,FALSE,0,0,0,1,0,4,9.83,0
2000,5,163,PIT,Tee Martin,QB,22,FALSE,0,0,0,4,0,3,9.81,0
2000,5,165,MIN,Troy Walters,WR,23,FALSE,0,0,0,8,12,98,3.46,1.5
2000,5,166,NOR,Chad Morton,RB,23,FALSE,0,0,0,7,10,93,8.08,1.4285714285714286
2000,6,167,MIA,Ernest Grant,DT,24,FALSE,0,0,0,3,3,24,3.56,1
2000,6,168,NOR,Marc Bulger,QB,23,FALSE,0,2,8,10,57,96,6.27,5.7
2000,6,171,PHI,Thomas Hamner,RB,NA,FALSE,0,0,0,NA,0,NA,8.74,NA
2000,6,172,ATL,Mareno Philyaw,WR,22,FALSE,0,0,0,1,0,1,9.04,0
2000,6,173,PIT,Chris Combs,DE,23,FALSE,0,0,0,3,1,10,5.5,0.3333333333333333
2000,6,175,SEA,James Williams,WR,22,FALSE,0,0,0,4,4,30,8.05,1
2000,6,176,ARI,Jabari Issa,DE,22,FALSE,0,0,0,2,4,23,4.12,2
2000,6,177,NYG,Dhani Jones,LB,22,FALSE,0,0,9,11,54,157,8.94,4.909090909090909
2000,6,178,PHI,John Frank,DE,NA,FALSE,0,0,0,NA,0,NA,9.97,NA
2000,6,181,DET,Quinton Reese,DE,NA,FALSE,0,0,0,NA,0,NA,1.42,NA
2000,6,182,CAR,Jeno James,OG,23,FALSE,0,0,4,7,26,94,0.71,3.7142857142857144
2000,6,183,CLE,Spergon Wynn,QB,22,FALSE,0,0,0,2,2,10,7.55,1
2000,6,186,BAL,Adalius Thomas,LB,23,FALSE,1,2,8,10,65,135,9.92,6.5
2000,6,188,KAN,Darnell Alford,OG,23,FALSE,0,0,0,3,0,5,1.29,0
2000,6,191,BAL,Cedric Woodard,DT,23,FALSE,0,0,2,5,14,61,4.34,2.8
2000,6,194,BUF,Leif Larsen,DT,25,FALSE,0,0,0,2,3,16,9.86,1.5
2000,6,199,NWE,Tom Brady,QB,23,FALSE,3,15,21,23,184,335,2.74,8
2000,6,202,WAS,Todd Husak,QB,22,FALSE,0,0,0,1,0,1,3.49,0
2000,6,204,PIT,Jason Gavadza,TE,NA,FALSE,0,0,0,NA,0,NA,9.37,NA
2000,6,206,CLE,Brad Bedell,OT,23,FALSE,0,0,0,7,4,40,8.9,0.5714285714285714
2000,7,207,CLE,Manuia Savea,OG,NA,FALSE,0,0,0,NA,0,NA,2.63,NA
2000,7,212,SFO,Tim Rattay,QB,23,FALSE,0,0,1,8,12,40,5.66,1.5
2000,7,213,TEN,Mike Green,RB,24,FALSE,0,0,0,3,2,32,3.4,0.6666666666666666
2000,7,214,DEN,Jarious Jackson,QB,23,FALSE,0,0,0,4,0,5,8.87,0
2000,7,215,ARI,Sekou Sanyika,LB,22,FALSE,0,0,0,2,3,32,7.31,1.5
2000,7,218,NYJ,Richard Seals,DT,NA,FALSE,0,0,0,NA,0,NA,6.73,NA
2000,7,220,STL,Andrew Kline,OG,NA,FALSE,0,0,0,NA,0,NA,5,NA
2000,7,222,SDG,Jason Thomas,OG,23,FALSE,0,0,0,4,1,14,8.21,0.25
2000,7,234,TAM,Joe Hamilton,QB,23,FALSE,0,0,0,1,0,1,4.67,0
2000,7,237,TEN,Wes Shivers,OT,23,FALSE,0,0,0,1,0,3,1.49,0
2000,7,241,JAX,Rob Meier,DE,23,FALSE,0,0,3,9,30,138,7.58,3.3333333333333335
2000,7,242,GNB,Charles Lee,WR,22,FALSE,0,0,0,6,7,44,8.68,1.1666666666666667
2000,7,243,JAX,Shyrone Stith,RB,22,FALSE,0,0,0,3,0,15,2.36,0
2000,7,245,JAX,Danny Clark,LB,23,FALSE,0,0,8,11,39,168,7.08,3.5454545454545454
2000,7,247,JAX,Mark Baniewicz,OT,NA,FALSE,0,0,0,NA,0,NA,7.38,NA
2000,7,250,WAS,Ethan Howell,WR,NA,FALSE,0,0,0,NA,0,NA,7.21,NA
2000,7,251,BUF,DaShon Polk,LB,23,FALSE,0,0,1,7,10,95,4.75,1.4285714285714286
2000,7,252,GNB,Rondell Mealey,RB,23,FALSE,0,0,0,3,2,14,7.15,0.6666666666666666
2001,1,5,SDG,LaDainian Tomlinson,RB,22,TRUE,3,5,10,11,129,170,9.79,11.727272727272727
2001,1,7,SFO,Andre Carter,DE,22,FALSE,0,1,10,13,59,184,8.8,4.538461538461538
2001,1,9,SEA,Koren Robinson,WR,21,FALSE,0,1,4,8,35,96,8.92,4.375
2001,1,13,JAX,Marcus Stroud,DT,23,FALSE,0,3,9,10,67,146,7.96,6.7
2001,1,14,TAM,Kenyatta Walker,OT,22,FALSE,0,0,5,6,29,75,8.97,4.833333333333333
2001,1,17,SEA,Steve Hutchinson,OG,23,TRUE,5,7,11,12,94,169,9.96,7.833333333333333
2001,1,18,DET,Jeff Backus,OT,23,FALSE,0,0,12,12,61,191,7.24,5.083333333333333
2001,1,23,NOR,Deuce McAllister,RB,22,FALSE,0,2,4,8,55,97,9.97,6.875
2001,1,25,PHI,Freddie Mitchell,WR,22,FALSE,0,0,1,4,13,63,9.65,3.25
2001,1,27,MIN,Michael Bennett,RB,23,FALSE,0,1,3,10,34,107,9.17,3.4
2001,1,31,BAL,Todd Heap,TE,21,FALSE,0,2,8,12,43,145,9.42,3.5833333333333335
2001,2,32,SDG,Drew Brees,QB,22,TRUE,1,13,19,20,167,287,7.74,8.35
2001,2,34,ARI,Kyle Vanden Bosch,DE,22,FALSE,0,3,9,12,58,152,10,4.833333333333333
2001,2,35,ATL,Alge Crumpler,TE,23,FALSE,0,4,10,10,41,155,8.27,4.1
2001,2,36,CIN,Chad Johnson,WR,23,FALSE,2,6,9,11,85,166,5.85,7.7272727272727275
2001,2,38,CHI,Anthony Thomas,RB,23,FALSE,0,0,3,7,27,86,6.69,3.857142857142857
2001,2,39,PIT,Kendrell Bell,LB,23,FALSE,0,1,5,7,40,90,9.02,5.714285714285714
2001,2,41,GNB,Robert Ferguson,WR,21,FALSE,0,0,3,8,18,83,9.78,2.25
2001,2,44,CAR,Kris Jenkins,DT,22,FALSE,2,4,6,10,68,108,9.08,6.8
2001,2,46,BUF,Aaron Schobel,DE,24,FALSE,0,2,8,9,62,133,9.48,6.888888888888889
2001,2,48,NWE,Matt Light,OT,23,FALSE,1,3,10,11,89,155,8.53,8.090909090909092
2001,2,50,DET,Dominic Raiola,OC,22,FALSE,0,0,13,14,64,219,9.86,4.571428571428571
2001,2,51,DEN,Paul Toviessi,DE,NA,FALSE,0,0,0,NA,0,NA,9.84,NA
2001,2,53,DAL,Quincy Carter,QB,23,FALSE,0,0,2,4,16,38,9.91,4
2001,2,55,PHI,Quinton Caver,LB,23,FALSE,0,0,0,5,5,53,8.29,1
2001,2,58,BUF,Travis Henry,RB,22,FALSE,0,1,4,7,41,90,7.99,5.857142857142857
2001,2,59,OAK,Marques Tuiasosopo,QB,22,FALSE,0,0,0,8,1,13,8.98,0.125
2001,3,63,PHI,Derrick Burgess,DE,23,FALSE,0,2,4,10,40,102,7.53,4
2001,3,65,CLE,James Jackson,RB,25,FALSE,0,0,1,5,9,52,8.02,1.8
2001,3,66,CIN,Sean Brewer,TE,23,FALSE,0,0,0,3,0,12,8.77,0
2001,3,70,NOR,Sedrick Hodge,LB,22,FALSE,0,0,3,5,17,63,9.96,3.4
2001,3,73,JAX,Eric Westmoreland,LB,24,FALSE,0,0,0,4,5,44,8.35,1.25
2001,3,75,KAN,Eric Downing,DT,22,FALSE,0,0,1,4,7,45,7.18,1.75
2001,3,77,KAN,Snoop Minnis,WR,24,FALSE,0,0,1,2,5,15,7.98,2.5
2001,3,79,NYJ,Kareem McKenzie,OT,22,FALSE,0,0,10,11,62,161,8.82,5.636363636363637
2001,3,80,SFO,Kevan Barlow,RB,22,FALSE,0,0,2,6,36,84,9.22,6
2001,3,81,NOR,Kenny Smith,DT,23,FALSE,0,0,1,9,7,36,4.42,0.7777777777777778
2001,3,82,SEA,Heath Evans,FB,22,FALSE,0,0,0,10,8,143,9.58,0.8
2001,3,85,MIA,Travis Minor,RB,22,FALSE,0,0,0,8,10,118,5.91,1.25
2001,3,87,DEN,Reggie Hayward,DE,22,FALSE,0,0,3,9,32,92,8.08,3.5555555555555554
2001,3,88,MIA,Morlon Greenwood,LB,23,FALSE,0,0,8,8,39,125,7,4.875
2001,3,90,TEN,Shad Meier,TE,23,FALSE,0,0,0,5,3,53,9.62,0.6
2001,3,92,BAL,Casey Rabach,OC,23,FALSE,0,0,7,10,44,137,8.3,4.4
2001,3,95,BUF,Jonas Jennings,OT,23,FALSE,0,0,5,8,29,75,7.29,3.625
2001,4,96,NWE,Kenyatta Jones,OT,22,FALSE,0,0,1,4,7,21,9.35,1.75
2001,4,100,CIN,Rudi Johnson,RB,21,FALSE,0,1,5,8,46,95,8.33,5.75
2001,4,102,ATL,Matt Stewart,LB,22,FALSE,0,0,4,6,26,93,9.65,4.333333333333333
2001,4,109,WAS,Sage Rosenfels,QB,23,FALSE,0,0,0,10,13,44,9.42,1.3
2001,4,110,BUF,Brandon Spoon,LB,23,FALSE,0,0,1,1,5,14,9.2,5
2001,4,114,NYG,Cedric Scott,DE,23,FALSE,0,0,0,2,1,13,9.16,0.5
2001,4,115,NOR,Moran Norris,FB,23,FALSE,0,0,4,11,1,140,8.25,0.09090909090909091
2001,4,118,IND,Ryan Diem,OT,22,FALSE,0,0,10,11,72,157,9.97,6.545454545454546
2001,4,119,NWE,Jabari Holloway,TE,22,FALSE,0,0,2,3,1,26,7.27,0.3333333333333333
2001,4,121,PHI,Correll Buckhalter,RB,22,FALSE,0,0,0,10,27,103,9.45,2.7
2001,4,122,DAL,Markus Steele,LB,22,FALSE,0,0,1,3,8,42,7.29,2.6666666666666665
2001,4,123,ARI,Marcus Bell,DT,22,FALSE,0,0,2,6,14,86,1.36,2.3333333333333335
2001,4,124,TEN,Justin McCareins,WR,22,FALSE,0,0,5,8,33,114,9.96,4.125
2001,4,125,NYG,Jesse Palmer,QB,22,FALSE,0,0,0,3,1,8,9.16,0.3333333333333333
2001,4,126,BAL,Ed Hartwell,LB,23,FALSE,0,0,3,6,28,77,4.45,4.666666666666667
2001,4,129,STL,Brandon Manumaleuna,TE,21,FALSE,0,0,7,10,8,158,4.65,0.8
2001,4,130,MIN,Shawn Worthen,DT,25,FALSE,0,0,0,1,0,4,6.67,0
2001,5,132,SDG,Elliot Silvers,OT,NA,FALSE,0,0,0,NA,0,NA,7.97,NA
2001,5,134,CLE,Jeremiah Pharms,LB,NA,FALSE,0,0,0,NA,0,NA,2.76,NA
2001,5,135,CIN,Victor Leyva,OG,23,FALSE,0,0,0,2,1,10,8.42,0.5
2001,5,136,ATL,Vinny Sutherland,WR,23,FALSE,0,0,0,2,0,16,6.86,0
2001,5,140,SEA,Alex Bannister,WR,22,FALSE,0,1,0,6,1,59,6.99,0.16666666666666666
2001,5,141,KAN,Bill Baber,TE,22,FALSE,0,0,0,4,0,30,8.73,0
2001,5,146,PIT,Chukky Okobi,OC,22,FALSE,0,0,0,7,7,78,6.67,1
2001,5,147,PHI,Tony Stewart,TE,22,FALSE,0,0,1,9,5,115,7.23,0.5555555555555556
2001,5,149,DET,Mike McMahon,QB,22,FALSE,0,0,0,5,6,29,9.87,1.2
2001,5,150,KAN,Derrick Blaylock,RB,22,FALSE,0,0,0,6,11,51,8.98,1.8333333333333333
2001,5,157,MIN,Patrick Chukwurah,LB,22,FALSE,0,0,0,7,6,78,9.49,0.8571428571428571
2001,5,159,TEN,Eddie Berlin,WR,23,FALSE,0,0,0,5,3,62,9.89,0.6
2001,5,161,BAL,Chris Barnes,RB,NA,FALSE,0,0,0,NA,0,NA,9.43,NA
2001,5,162,NYG,Jonathan Carter,WR,22,FALSE,0,0,0,4,4,25,9.45,1
2001,6,166,ARI,Bobby Newcombe,WR,NA,FALSE,0,0,0,NA,0,NA,8.81,NA
2001,6,169,SFO,Cedrick Wilson,WR,22,FALSE,0,0,2,7,22,100,8.37,3.142857142857143
2001,6,170,JAX,Chad Ward,OG,NA,FALSE,0,0,0,NA,0,NA,8.72,NA
2001,6,171,DAL,Daleroy Stewart,DT,22,FALSE,0,0,0,4,3,26,9.8,0.75
2001,6,172,SEA,Josh Booty,QB,NA,FALSE,0,0,0,NA,0,NA,4.65,NA
2001,6,173,DET,Jason Glenn,LB,22,FALSE,0,0,0,6,6,80,5.82,1
2001,6,174,TAM,Jameel Cook,FB,22,FALSE,0,0,2,8,4,109,1.33,0.5
2001,6,177,MIA,Josh Heupel,QB,NA,FALSE,0,0,0,NA,0,NA,9.2,NA
2001,6,180,NWE,Arther Love,TE,NA,FALSE,0,0,0,NA,0,NA,7.04,NA
2001,6,183,TAM,Ellis Wyms,DE,22,FALSE,0,0,1,8,13,95,2.6,1.625
2001,6,186,WAS,Mario Monds,DT,24,FALSE,0,0,0,4,1,7,6.9,0.25
2001,6,188,MIA,Rick Crowell,LB,NA,FALSE,0,0,0,NA,0,NA,2.78,NA
2001,6,190,DEN,Kevin Kasper,WR,23,FALSE,0,0,0,6,2,39,9.98,0.3333333333333333
2001,6,191,SFO,Menson Holloway,DE,NA,FALSE,0,0,0,NA,0,NA,5.62,NA
2001,6,195,BUF,Dan O'Leary,TE,24,FALSE,0,0,0,2,0,17,5,0
2001,7,208,CHI,John Capel,WR,NA,FALSE,0,0,0,NA,0,NA,9.3,NA
2001,7,209,SFO,Alex Lincoln,LB,NA,FALSE,0,0,0,NA,0,NA,6.29,NA
2001,7,214,BUF,Reggie Germany,WR,23,FALSE,0,0,0,1,2,16,9.21,2
2001,7,218,PIT,Chris Taylor,WR,22,FALSE,0,0,0,NA,0,NA,9.32,NA
2001,7,219,ATL,Kynan Forney,OG,22,FALSE,0,0,5,9,37,98,4.83,4.111111111111111
2001,7,220,IND,Rick DeMulling,OG,24,FALSE,0,0,3,7,31,81,9.74,4.428571428571429
2001,7,221,NOR,Ennis Davis,DT,NA,FALSE,0,0,0,NA,0,NA,4.25,NA
2001,7,227,CAR,Mike Roberg,TE,23,FALSE,0,0,0,2,0,13,9.08,0
2001,7,231,BAL,Dwayne Missouri,DE,22,FALSE,0,0,0,1,0,2,6.53,0
2001,7,232,TEN,Keith Adams,LB,21,FALSE,0,0,1,7,14,85,2.61,2
2001,7,234,TAM,Joe Tafoya,DE,23,FALSE,0,0,0,7,10,76,7.34,1.4285714285714286
2001,7,236,ATL,Quentin McCord,WR,23,FALSE,0,0,0,3,5,25,7.47,1.6666666666666667
2001,7,242,DAL,Char-ron Dorsey,OT,23,FALSE,0,0,0,2,1,12,1.44,0.5
2001,7,246,ARI,Tevita Ofahengaue,TE,NA,FALSE,0,0,0,NA,0,NA,6.31,NA
2002,1,1,HOU,David Carr,QB,23,FALSE,0,0,5,11,45,94,9.66,4.090909090909091
2002,1,3,DET,Joey Harrington,QB,23,FALSE,0,0,6,6,31,81,9.08,5.166666666666667
2002,1,9,JAX,John Henderson,DT,23,FALSE,0,2,8,10,64,146,8.44,6.4
2002,1,10,CIN,Levi Jones,OT,23,FALSE,0,0,7,8,42,103,9.2,5.25
2002,1,16,CLE,William Green,RB,22,FALSE,0,0,3,4,14,46,9.54,3.5
2002,1,18,ATL,T.J. Duckett,RB,21,FALSE,0,0,1,7,22,93,9.93,3.142857142857143
2002,1,20,GNB,Javon Walker,WR,23,FALSE,0,1,3,8,40,83,10,5
2002,1,22,NYJ,Bryan Thomas,DE,23,FALSE,0,0,7,11,49,157,9.91,4.454545454545454
2002,1,23,OAK,Napoleon Harris,LB,23,FALSE,0,0,6,7,33,100,9.52,4.714285714285714
2002,1,25,NOR,Charles Grant,DE,24,FALSE,0,0,7,8,46,118,6.65,5.75
2002,1,29,CHI,Marc Colombo,OT,23,FALSE,0,0,6,10,42,111,9.57,4.2
2002,1,30,PIT,Kendall Simmons,OG,23,FALSE,0,0,5,8,35,84,6.56,4.375
2002,1,31,STL,Robert Thomas,LB,22,FALSE,0,0,5,7,21,84,8.8,3
2002,1,32,WAS,Patrick Ramsey,QB,23,FALSE,0,0,1,7,14,37,9.33,2
2002,2,34,CAR,DeShaun Foster,RB,22,FALSE,0,0,3,7,32,79,9.15,4.571428571428571
2002,2,38,MIN,Raonall Smith,LB,23,FALSE,0,0,0,6,6,50,10,1
2002,2,39,SDG,Toniu Fonoti,OG,20,FALSE,0,0,2,5,17,40,5.28,3.4
2002,2,40,JAX,Mike Pearson,OT,22,FALSE,0,0,2,4,17,40,9.49,4.25
2002,2,42,IND,Larry Tripplett,DT,23,FALSE,0,0,4,6,27,92,8.73,4.5
2002,2,46,NYG,Tim Carter,WR,22,FALSE,0,0,0,8,10,71,9.93,1.25
2002,2,48,SDG,Reche Caldwell,WR,23,FALSE,0,0,1,6,20,71,9.51,3.3333333333333335
2002,2,49,ARI,Levar Fisher,LB,23,FALSE,0,0,1,2,6,23,5.95,3
2002,2,50,HOU,Chester Pitts,OT,23,FALSE,0,0,7,9,43,121,8.55,4.777777777777778
2002,2,53,OAK,Langston Walker,OT,23,FALSE,0,0,4,9,31,120,8.18,3.4444444444444446
2002,2,54,SEA,Maurice Morris,RB,22,FALSE,0,0,1,10,27,145,9.66,2.7
2002,2,55,OAK,Doug Jolley,TE,23,FALSE,0,0,2,5,11,74,9.71,2.2
2002,2,56,WAS,Ladell Betts,RB,23,FALSE,0,0,1,9,31,111,9.32,3.4444444444444446
2002,2,60,SEA,Anton Palepoi,DE,24,FALSE,0,0,0,4,4,35,8.69,1
2002,2,61,BUF,Ryan Denney,DE,25,FALSE,0,0,2,9,23,113,9.33,2.5555555555555554
2002,2,63,DAL,Antonio Bryant,WR,21,FALSE,0,0,6,8,38,106,7,4.75
2002,2,65,NWE,Deion Branch,WR,23,FALSE,0,0,7,11,52,140,9.43,4.7272727272727275
2002,3,71,SDG,Ben Leber,LB,23,FALSE,0,0,8,10,46,143,9.31,4.6
2002,3,73,CAR,Will Witherspoon,LB,22,FALSE,0,0,8,12,59,189,8.98,4.916666666666667
2002,3,76,CLE,Melvin Fowler,OC,23,FALSE,0,0,4,7,25,87,5.62,3.5714285714285716
2002,3,81,ARI,Josh McCown,QB,23,FALSE,0,0,5,18,40,102,9.96,2.2222222222222223
2002,3,82,NOR,James Allen,LB,22,FALSE,0,0,1,4,9,48,9.27,2.25
2002,3,83,HOU,Charles Hill,DT,21,FALSE,0,0,0,1,1,16,9.41,1
2002,3,84,STL,Lamar Gordon,RB,22,FALSE,0,0,0,5,9,41,8.43,1.8
2002,3,88,NYJ,Chris Baker,TE,22,FALSE,0,0,5,9,13,131,7.53,1.4444444444444444
2002,3,89,JAX,Akin Ayodele,LB,22,FALSE,0,0,8,9,48,143,9.29,5.333333333333333
2002,3,90,MIA,Seth McKinney,OC,23,FALSE,0,0,3,8,21,93,9.93,2.625
2002,3,91,PHI,Brian Westbrook,RB,23,FALSE,1,2,7,9,69,121,7.94,7.666666666666667
2002,3,98,ARI,Dennis Johnson,DE,22,FALSE,0,0,1,3,5,29,8.41,1.6666666666666667
2002,4,101,CLE,Kevin Bentley,LB,22,FALSE,0,0,2,10,23,136,9.65,2.3
2002,4,103,SDG,Justin Peelle,TE,23,FALSE,0,0,4,10,8,151,7.93,0.8
2002,4,106,IND,David Thornton,LB,23,FALSE,0,0,7,8,42,121,9.79,5.25
2002,4,107,KAN,Omar Easy,FB,24,FALSE,0,0,0,4,0,53,10,0
2002,4,108,JAX,David Garrard,QB,24,FALSE,0,1,5,9,62,86,8.28,6.888888888888889
2002,4,111,CLE,Ben Taylor,LB,24,FALSE,0,0,2,5,14,49,8.19,2.8
2002,4,113,ARI,Nate Dwyer,DT,NA,FALSE,0,0,0,NA,0,NA,8.5,NA
2002,4,114,MIA,Randy McMichael,TE,23,FALSE,0,0,10,11,33,164,6.07,3
2002,4,118,JAX,Chris Luzar,TE,23,FALSE,0,0,0,2,0,23,9.85,0
2002,4,119,TAM,Travis Stephens,RB,24,FALSE,0,0,0,1,0,1,2.23,0
2002,4,121,NYJ,Alan Harper,DT,23,FALSE,0,0,0,3,1,11,2.61,0.3333333333333333
2002,4,123,BAL,Ron Johnson,WR,22,FALSE,0,0,0,2,1,22,9.58,0.5
2002,4,124,PHI,Scott Peters,OC,23,FALSE,0,0,0,2,1,7,9.02,0.5
2002,4,126,NWE,Jarvis Green,DE,23,FALSE,0,0,2,8,28,121,7.04,3.5
2002,4,128,PIT,Larry Foote,LB,22,FALSE,0,0,8,13,62,187,4.77,4.769230769230769
2002,4,129,DAL,Jamar Martin,FB,22,FALSE,0,0,0,5,0,25,4.38,0
2002,4,132,MIN,Edward Ta'amu,OG,NA,FALSE,0,0,0,NA,0,NA,8.61,NA
2002,4,133,TEN,Rocky Boiman,LB,22,FALSE,0,0,2,8,14,103,9.88,1.75
2002,5,136,HOU,Jarrod Baxter,FB,23,FALSE,0,0,1,4,0,32,8.23,0
2002,5,137,CAR,Randy Fasani,QB,23,FALSE,0,0,0,1,1,4,9.2,1
2002,5,139,BUF,Justin Bannan,DT,23,FALSE,0,0,4,12,36,163,8.21,3
2002,5,142,SDG,Terry Charles,WR,NA,FALSE,0,0,0,NA,0,NA,9.56,NA
2002,5,143,KAN,Scott Fujita,LB,23,FALSE,0,0,10,11,46,143,9.96,4.181818181818182
2002,5,144,DEN,Herb Haygood,WR,24,FALSE,0,0,0,1,0,4,7.47,0
2002,5,146,SEA,Rocky Bernard,DT,23,FALSE,0,0,3,11,35,160,9.97,3.1818181818181817
2002,5,149,ARI,Jason McAddley,WR,23,FALSE,0,0,1,4,4,34,9.82,1
2002,5,155,BAL,Terry Jones,TE,22,FALSE,0,0,3,4,5,53,7.13,1.25
2002,5,158,ATL,Kurt Kittner,QB,22,FALSE,0,0,0,2,1,7,3.45,0.5
2002,5,160,WAS,Robert Royal,TE,23,FALSE,0,0,6,9,9,110,7.38,1
2002,5,162,PHI,Freddie Milons,WR,NA,FALSE,0,0,0,NA,0,NA,7.69,NA
2002,5,163,SFO,Brandon Doman,QB,NA,FALSE,0,0,0,NA,0,NA,7.98,NA
2002,5,167,STL,Courtland Bullard,LB,24,FALSE,0,0,0,2,2,20,9.86,1
2002,5,169,SEA,Ryan Hannam,TE,22,FALSE,0,0,0,5,2,54,8.29,0.4
2002,5,171,SEA,Matt Hill,OT,23,FALSE,0,0,0,2,3,26,7.53,1.5
2002,6,174,CAR,Keith Heinrich,TE,23,FALSE,0,0,0,6,1,22,9.89,0.16666666666666666
2002,6,177,MIN,Nick Rogers,LB,23,FALSE,0,0,1,4,7,46,9.92,1.75
2002,6,178,SDG,Matt Anderle,OT,NA,FALSE,0,0,0,NA,0,NA,6.51,NA
2002,6,180,JAX,Clenton Ballard,DT,NA,FALSE,0,0,0,NA,0,NA,4.1,NA
2002,6,184,ATL,Kahlil Hill,WR,23,FALSE,0,0,0,1,0,1,7.76,0
2002,6,185,ARI,Josh Scobey,RB,22,FALSE,0,0,0,6,3,62,9.85,0.5
2002,6,186,NOR,J.T. O'Sullivan,QB,23,FALSE,0,0,0,8,6,17,6.3,0.75
2002,6,192,WAS,Reggie Coleman,OT,NA,FALSE,0,0,0,NA,0,NA,7.95,NA
2002,6,193,TAM,John Stamper,DE,24,FALSE,0,0,0,1,0,4,7.93,0
2002,6,197,OAK,Larry Ned,RB,24,FALSE,0,0,0,3,0,19,7.68,0
2002,6,198,PHI,Tyreo Harrison,LB,22,FALSE,0,0,0,2,1,14,7.18,0.5
2002,6,199,CHI,Adrian Peterson,RB,23,FALSE,0,0,0,8,11,106,9.64,1.375
2002,6,199,CHI,Adrian Peterson,RB,23,FALSE,0,0,0,8,11,106,1.65,1.375
2002,6,202,PIT,Lee Mays,WR,23,FALSE,0,0,0,5,2,49,7.67,0.4
2002,6,204,IND,Brian Allen,RB,22,FALSE,0,0,0,2,0,4,8.26,0
2002,6,206,BAL,Javin Hunter,WR,22,FALSE,0,0,0,1,0,12,9.42,0
2002,6,207,BAL,Chester Taylor,RB,22,FALSE,0,0,1,10,41,151,5.69,4.1
2002,7,213,CAR,Pete Campion,OG,NA,FALSE,0,0,0,NA,0,NA,4.79,NA
2002,7,222,JAX,Kendall Newson,WR,22,FALSE,0,0,0,2,1,6,5.34,0.5
2002,7,223,ARI,Mike Banks,TE,22,FALSE,0,0,0,2,0,18,6.29,0
2002,7,224,NOR,Derrius Monroe,DE,NA,FALSE,0,0,0,NA,0,NA,8.6,NA
2002,7,229,HOU,Stylez G. White,DE,23,FALSE,0,0,2,9,15,63,6.07,1.6666666666666667
2002,7,234,WAS,Greg Scott,DE,22,FALSE,0,0,0,3,0,4,5.24,0
2002,7,238,PHI,Raheem Brock,DE,24,FALSE,0,0,6,10,43,152,7.77,4.3
2002,7,239,SFO,Eric Heitmann,OG,22,FALSE,0,0,7,8,40,119,9.27,5
2002,7,240,TEN,Carlos Hall,DE,23,FALSE,0,0,2,4,17,59,9.7,4.25
2002,7,241,MIA,Leonard Henry,RB,24,FALSE,0,0,0,3,1,6,8.18,0.3333333333333333
2002,7,242,PIT,Brett Keisel,DE,23,FALSE,0,1,8,13,58,156,6.49,4.461538461538462
2002,7,245,NYG,Quincy Monk,LB,23,FALSE,0,0,0,3,1,15,7.78,0.3333333333333333
2002,7,250,TAM,Tracey Wistrom,TE,NA,FALSE,0,0,0,NA,0,NA,7.67,NA
2002,7,253,NWE,David Givens,WR,22,FALSE,0,0,2,5,22,58,9.61,4.4
2002,7,254,TAM,Aaron Lockett,WR,NA,FALSE,0,0,0,NA,0,NA,7.93,NA
2002,7,260,BUF,Dominique Stevenson,LB,24,FALSE,0,0,0,3,2,21,6.72,0.6666666666666666
2003,1,3,HOU,Andre Johnson,WR,22,TRUE,2,7,12,14,94,193,9.98,6.714285714285714
2003,1,8,CAR,Jordan Gross,OT,23,FALSE,1,3,11,11,69,167,9.81,6.2727272727272725
2003,1,9,MIN,Kevin Williams,DT,23,FALSE,5,6,12,13,102,203,9.44,7.846153846153846
2003,1,9,MIN,Kevin Williams,DT,23,FALSE,5,6,12,13,102,203,2.74,7.846153846153846
2003,1,14,CHI,Michael Haynes,DE,22,FALSE,0,0,0,3,8,43,7.39,2.6666666666666665
2003,1,15,PHI,Jerome McDougle,DE,24,FALSE,0,0,0,6,3,37,8.17,0.5
2003,1,18,ARI,Calvin Pace,DE,22,FALSE,0,0,10,13,61,187,7.13,4.6923076923076925
2003,1,19,BAL,Kyle Boller,QB,22,FALSE,0,0,4,9,16,67,9.92,1.7777777777777777
2003,1,24,IND,Dallas Clark,TE,24,FALSE,1,1,9,11,51,143,9.86,4.636363636363637
2003,1,26,SFO,Kwame Harris,OT,21,FALSE,0,0,3,6,22,86,9.76,3.6666666666666665
2003,1,29,GNB,Nick Barnett,LB,22,FALSE,0,0,9,11,60,153,9.35,5.454545454545454
2003,1,32,OAK,Tyler Brayton,DE,23,FALSE,0,0,6,9,40,141,9.86,4.444444444444445
2003,2,33,CIN,Eric Steinbach,OG,23,FALSE,0,0,8,8,48,125,10,6
2003,2,37,NOR,Jon Stinchcomb,OT,24,FALSE,0,1,5,8,45,90,9.84,5.625
2003,2,43,STL,Pisa Tinoisamoa,LB,22,FALSE,0,0,7,8,35,98,8.03,4.375
2003,2,45,NWE,Bethel Johnson,WR,24,FALSE,0,0,0,4,8,50,9.83,2
2003,2,47,KAN,Kawika Mitchell,LB,23,FALSE,0,0,6,8,37,97,9.11,4.625
2003,2,48,BUF,Chris Kelsay,DE,23,FALSE,0,0,8,10,46,147,9.77,4.6
2003,2,52,CLE,Chaun Thompson,LB,23,FALSE,0,0,2,7,17,98,9.5,2.4285714285714284
2003,2,53,NYJ,Victor Hobson,LB,23,FALSE,0,0,4,6,26,79,5.9,4.333333333333333
2003,2,54,ARI,Anquan Boldin,WR,22,FALSE,0,3,14,14,86,202,3.36,6.142857142857143
2003,2,57,SFO,Anthony Adams,DT,23,FALSE,0,0,4,9,33,121,6.9,3.6666666666666665
2003,2,60,TEN,Tyrone Calico,WR,22,FALSE,0,0,0,3,5,27,9.71,1.6666666666666667
2003,2,61,PHI,L.J. Smith,TE,23,FALSE,0,0,4,7,21,98,9.76,3
2003,2,64,TAM,Dewayne White,DE,23,FALSE,0,0,2,7,24,96,8.6,3.4285714285714284
2003,3,67,HOU,Antwan Peek,LB,23,FALSE,0,0,1,5,12,65,9.7,2.4
2003,3,68,CHI,Lance Briggs,LB,22,FALSE,1,7,12,12,98,173,7.05,8.166666666666666
2003,3,69,DAL,Jason Witten,TE,21,FALSE,2,11,16,18,80,271,9.62,4.444444444444445
2003,3,70,ARI,Gerald Hayes,LB,22,FALSE,0,0,4,8,27,94,1.77,3.375
2003,3,71,MIN,Nate Burleson,WR,22,FALSE,0,0,9,11,45,135,9.34,4.090909090909091
2003,3,72,JAX,Vince Manuwai,OG,23,FALSE,0,0,7,8,49,111,9.58,6.125
2003,3,73,SEA,Wayne Hunter,OT,22,FALSE,0,0,1,10,13,77,9.73,1.3
2003,3,74,STL,Kevin Curtis,WR,25,FALSE,0,0,3,8,25,81,9.63,3.125
2003,3,75,HOU,Seth Wand,OT,24,FALSE,0,0,1,6,10,53,9.89,1.6666666666666667
2003,3,78,MIA,Wade Smith,OT,22,FALSE,0,1,6,12,43,143,9.07,3.5833333333333335
2003,3,87,MIA,Taylor Whitley,OG,23,FALSE,0,0,1,3,4,18,9.61,1.3333333333333333
2003,3,88,HOU,Dave Ragone,QB,23,FALSE,0,0,0,1,1,2,4.74,1
2003,3,89,SFO,Andrew Williams,DE,24,FALSE,0,0,0,2,1,9,7.45,0.5
2003,3,91,NYG,Visanthe Shiancoe,TE,23,FALSE,0,0,5,11,23,149,9.73,2.090909090909091
2003,3,94,BUF,Angelo Crowell,LB,22,FALSE,0,0,3,5,18,65,7.66,3.6
2003,3,97,TAM,Chris Simms,QB,23,FALSE,0,0,1,7,8,23,7.39,1.1428571428571428
2003,4,101,HOU,Domanick Williams,RB,22,FALSE,0,0,3,3,33,40,3.21,11
2003,4,103,DAL,Bradie James,LB,22,FALSE,0,0,8,10,53,157,4.58,5.3
2003,4,104,JAX,George Wrighster,TE,22,FALSE,0,0,1,6,8,67,6.15,1.3333333333333333
2003,4,108,DEN,Quentin Griffin,RB,22,FALSE,0,0,0,2,6,16,8.96,3
2003,4,110,SEA,Seneca Wallace,QB,23,FALSE,0,0,1,11,14,64,8.96,1.2727272727272727
2003,4,113,KAN,Brett Williams,OT,23,FALSE,0,0,0,2,0,5,4.56,0
2003,4,114,DEN,Nick Eason,DT,23,FALSE,0,0,0,10,16,117,5.71,1.6
2003,4,116,CHI,Ian Scott,DT,21,FALSE,0,0,3,7,22,65,3.67,3.142857142857143
2003,4,117,NWE,Dan Klecko,DT,22,FALSE,0,0,0,6,8,63,9.12,1.3333333333333333
2003,4,118,CIN,Jeremi Johnson,FB,23,FALSE,0,0,4,7,4,96,1.53,0.5714285714285714
2003,4,121,ATL,Justin Griffith,FB,23,FALSE,0,0,6,7,11,96,6.2,1.5714285714285714
2003,4,124,SFO,Brandon Lloyd,WR,22,FALSE,0,1,6,12,41,142,4.57,3.4166666666666665
2003,4,127,BUF,Sam Aiken,WR,22,FALSE,0,0,0,8,7,95,7.28,0.875
2003,4,128,DEN,Bryant McNeal,DE,NA,FALSE,0,0,0,NA,0,NA,7.19,NA
2003,4,129,OAK,Shurron Pierson,DE,21,FALSE,0,0,0,2,0,12,8.97,0
2003,4,130,TAM,Lance Nimmo,OT,NA,FALSE,0,0,0,NA,0,NA,4.48,NA
2003,4,131,PHI,Jamaal Green,DE,23,FALSE,0,0,0,3,1,8,9.54,0.3333333333333333
2003,4,133,TAM,Austin King,OC,22,FALSE,0,0,0,4,3,34,4.3,0.75
2003,4,134,BAL,Ovie Mughelli,FB,23,FALSE,0,1,5,9,6,107,6.86,0.6666666666666666
2003,4,135,SEA,Solomon Bates,LB,21,FALSE,0,0,0,2,2,17,5.09,1
2003,5,136,CIN,Khalid Abdullah,LB,24,FALSE,0,0,0,1,1,16,9.08,1
2003,5,139,CHI,Bobby Wade,WR,22,FALSE,0,0,3,7,22,102,5.35,3.142857142857143
2003,5,141,ARI,Kenny King,DE,22,FALSE,0,0,0,1,1,11,8.11,1
2003,5,147,GNB,James Lee,DT,23,FALSE,0,0,0,2,1,9,7.15,0.5
2003,5,153,KAN,Jordan Black,OT,23,FALSE,0,0,2,10,24,94,9.55,2.4
2003,5,156,MIA,Donald Lee,TE,23,FALSE,0,0,5,9,17,133,8.08,1.8888888888888888
2003,5,158,DEN,Adrian Madise,WR,23,FALSE,0,0,0,1,0,11,6.98,0
2003,5,160,NYG,David Diehl,OG,22,FALSE,0,1,11,11,67,164,5.13,6.090909090909091
2003,5,161,SFO,Aaron Walker,TE,23,FALSE,0,0,0,5,3,55,8.32,0.6
2003,5,162,IND,Keyon Whiteside,LB,23,FALSE,0,0,0,2,0,12,4.48,0
2003,5,163,PIT,Brian St. Pierre,QB,23,FALSE,0,0,0,8,0,3,5.58,0
2003,5,164,NWE,Dan Koppen,OC,23,FALSE,0,1,9,10,72,136,6.2,7.2
2003,5,165,SEA,Chris Davis,FB,23,FALSE,0,0,0,1,0,1,9.12,0
2003,5,167,OAK,Doug Gabriel,WR,23,FALSE,0,0,1,4,14,57,7.89,3.5
2003,5,168,TAM,Sean Mahan,OG,23,FALSE,0,0,3,7,24,94,8.18,3.4285714285714284
2003,5,169,MIA,J.R. Tolver,WR,NA,FALSE,0,0,0,NA,0,NA,6.55,NA
2003,6,174,CIN,Langston Moore,DT,22,FALSE,0,0,0,6,7,51,8.03,1.1666666666666667
2003,6,184,STL,Scott Tercero,OG,21,FALSE,0,0,0,2,2,8,8.57,1
2003,6,185,PHI,Jeremy Bridges,OG,23,FALSE,0,0,2,10,23,112,4.81,2.3
2003,6,187,BUF,Lauvale Sape,DT,23,FALSE,0,0,0,3,1,10,6.96,0.3333333333333333
2003,6,189,KAN,Jimmy Wilkerson,DE,22,FALSE,0,0,1,8,17,119,7.59,2.125
2003,6,190,MIN,Mike Nattiel,LB,22,FALSE,0,0,0,2,3,32,0.46,1.5
2003,6,191,CHI,Joe Odom,LB,23,FALSE,0,0,0,3,6,28,9.24,2
2003,6,194,DEN,Aaron Hunt,DE,NA,FALSE,0,0,0,NA,0,NA,4.15,NA
2003,6,196,ATL,LaTarence Dunbar,WR,23,FALSE,0,0,0,1,0,5,4.16,0
2003,6,197,SFO,Arnaz Battle,WR,23,FALSE,0,0,2,9,18,113,7.78,2
2003,6,198,IND,Cato June,LB,23,FALSE,0,1,5,7,38,89,6.59,5.428571428571429
2003,6,200,NYJ,Brooks Bollinger,QB,23,FALSE,0,0,1,6,6,21,6.55,1
2003,6,201,NWE,Kliff Kingsbury,QB,24,FALSE,0,0,0,3,0,1,8.47,0
2003,6,203,NOR,Kareem Kelly,WR,NA,FALSE,0,0,0,NA,0,NA,7.54,NA
2003,6,204,OAK,Dustin Rykert,OT,NA,FALSE,0,0,0,NA,0,NA,3.25,NA
2003,6,209,MIA,Tim Provost,OT,NA,FALSE,0,0,0,NA,0,NA,6.32,NA
2003,6,212,GNB,Brennan Curtin,OT,NA,FALSE,0,0,0,NA,0,NA,8.13,NA
2003,7,215,CIN,Scott Kooistra,OT,22,FALSE,0,0,0,7,6,84,9.63,0.8571428571428571
2003,7,219,DAL,Justin Bates,OG,NA,FALSE,0,0,0,NA,0,NA,1.59,NA
2003,7,221,MIN,Keenan Howry,WR,22,FALSE,0,0,0,3,0,23,2.84,0
2003,7,223,BAL,Trent Smith,TE,23,FALSE,0,0,0,3,0,5,6.77,0
2003,7,226,CAR,Walter Young,WR,23,FALSE,0,0,0,4,0,9,9.64,0
2003,7,227,DEN,Clint Mitchell,DE,NA,FALSE,0,0,0,NA,0,NA,7.36,NA
2003,7,228,BUF,Mario Haggan,LB,23,FALSE,0,0,2,10,21,132,3.32,2.1
2003,7,231,NOR,Talman Gardner,WR,23,FALSE,0,0,0,2,0,21,6.93,0
2003,7,238,ATL,Demetrin Veal,DE,22,FALSE,0,0,0,5,4,37,2.44,0.8
2003,7,251,STL,Scott Shanle,LB,23,FALSE,0,0,7,10,41,133,6.79,4.1
2003,7,262,OAK,Ryan Hoag,WR,NA,FALSE,0,0,0,NA,0,NA,9.68,NA
2004,1,2,OAK,Robert Gallery,OT,24,FALSE,0,0,7,8,38,104,10,4.75
2004,1,9,JAX,Reggie Williams,WR,21,FALSE,0,0,3,5,23,79,8.59,4.6
2004,1,12,NYJ,Jonathan Vilma,LB,22,FALSE,0,3,8,10,56,125,8.87,5.6
2004,1,13,BUF,Lee Evans,WR,23,FALSE,0,0,7,8,47,118,8.81,5.875
2004,1,14,CHI,Tommie Harris,DT,21,FALSE,0,3,6,8,56,117,9.45,7
2004,1,15,TAM,Michael Clayton,WR,21,FALSE,0,0,5,8,22,95,7.46,2.75
2004,1,16,PHI,Shawn Andrews,OG,21,FALSE,1,2,3,7,35,63,2.55,5
2004,1,17,DEN,D.J. Williams,LB,22,FALSE,0,0,9,11,48,145,9.63,4.363636363636363
2004,1,18,NOR,Will Smith,DE,23,FALSE,0,1,7,9,52,139,9.25,5.777777777777778
2004,1,21,NWE,Vince Wilfork,DT,22,FALSE,1,5,11,13,90,189,6.76,6.923076923076923
2004,1,22,BUF,J.P. Losman,QB,23,FALSE,0,0,1,8,19,45,9.81,2.375
2004,1,24,STL,Steven Jackson,RB,21,FALSE,0,3,10,12,75,160,9.55,6.25
2004,1,26,CIN,Chris Perry,RB,22,FALSE,0,0,0,5,9,35,9.53,1.8
2004,1,29,ATL,Michael Jenkins,WR,22,FALSE,0,0,6,9,39,130,9.52,4.333333333333333
2004,1,30,DET,Kevin Jones,RB,22,FALSE,0,0,4,5,27,64,9.37,5.4
2004,1,31,SFO,Rashaun Woods,WR,23,FALSE,0,0,0,1,1,14,9.55,1
2004,2,33,ARI,Karlos Dansby,LB,22,FALSE,0,0,13,14,81,212,7.11,5.785714285714286
2004,2,34,NYG,Chris Snee,OG,22,FALSE,1,4,9,10,75,141,9.6,7.5
2004,2,36,KAN,Junior Siavii,DT,25,FALSE,0,0,0,7,6,56,4.34,0.8571428571428571
2004,2,37,DET,Teddy Lehman,LB,22,FALSE,0,0,1,5,9,45,9.25,1.8
2004,2,40,TEN,Ben Troupe,TE,22,FALSE,0,0,2,5,8,57,9.61,1.6
2004,2,41,DEN,Tatum Bell,RB,23,FALSE,0,0,1,5,22,54,9.75,4.4
2004,2,42,TEN,Travis LaBoy,DE,23,FALSE,0,0,3,8,21,95,9.87,2.625
2004,2,43,DAL,Julius Jones,RB,23,FALSE,0,0,6,7,38,94,9.35,5.428571428571429
2004,2,45,OAK,Jake Grove,OC,24,FALSE,0,0,4,6,20,66,9.29,3.3333333333333335
2004,2,46,SFO,Justin Smiley,OG,22,FALSE,0,0,5,7,30,88,9.11,4.285714285714286
2004,2,47,CHI,Tank Johnson,DT,22,FALSE,0,0,2,7,22,91,9.91,3.142857142857143
2004,2,48,MIN,Dontarrious Thomas,LB,24,FALSE,0,0,0,5,8,63,9.93,1.6
2004,2,51,BAL,Dwan Edwards,DT,23,FALSE,0,0,5,12,32,136,5.66,2.6666666666666665
2004,2,57,TEN,Antwan Odom,DE,22,FALSE,0,0,4,7,24,74,9.49,3.4285714285714284
2004,2,60,NOR,Courtney Watson,LB,23,FALSE,0,0,1,2,7,21,8.47,3.5
2004,2,61,KAN,Kris Wilson,TE,23,FALSE,0,0,2,8,3,97,9.42,0.375
2004,3,64,ARI,Darnell Dockett,DT,23,FALSE,0,3,10,10,69,158,8.5,6.9
2004,3,66,SDG,Nick Hardwick,OC,23,FALSE,0,1,9,11,67,136,9.17,6.090909090909091
2004,3,68,IND,Ben Hartsock,TE,24,FALSE,0,0,2,10,2,131,9.35,0.2
2004,3,71,TEN,Randy Starks,DT,20,FALSE,0,2,8,12,61,186,8.24,5.083333333333333
2004,3,72,GNB,Donnell Washington,DT,NA,FALSE,0,0,0,NA,0,NA,9.1,NA
2004,3,74,BUF,Tim Anderson,DT,23,FALSE,0,0,1,4,7,43,9.88,1.75
2004,3,75,PIT,Max Starks,OT,22,FALSE,0,0,6,10,44,125,6.94,4.4
2004,3,78,CHI,Bernard Berrian,WR,23,FALSE,0,0,5,8,32,109,5.81,4
2004,3,79,TAM,Marquis Cooper,LB,22,FALSE,0,0,0,5,2,42,9.55,0.4
2004,3,80,CIN,Caleb Miller,LB,24,FALSE,0,0,0,4,8,39,9.23,2
2004,3,81,WAS,Chris Cooley,TE,22,FALSE,0,2,6,9,34,117,8.77,3.7777777777777777
2004,3,82,BAL,Devard Darling,WR,22,FALSE,0,0,1,5,4,46,8.04,0.8
2004,3,83,DAL,Stephen Peterman,OG,22,FALSE,0,0,6,9,34,90,2.62,3.7777777777777777
2004,3,86,JAX,Jorge Cordova,LB,22,FALSE,0,0,0,4,1,17,8.4,0.25
2004,3,88,MIN,Darrion Scott,DE,22,FALSE,0,0,2,8,15,57,8.91,1.875
2004,3,90,ATL,Matt Schaub,QB,23,FALSE,0,2,7,17,68,155,4.62,4
2004,3,94,CAR,Travelle Wharton,OT,23,FALSE,0,0,8,10,45,115,8.56,4.5
2004,3,96,CIN,Landon Johnson,LB,23,FALSE,0,0,5,7,28,101,8.82,4
2004,4,98,SDG,Shaun Phillips,DE,23,FALSE,0,1,8,11,54,168,7.81,4.909090909090909
2004,4,99,OAK,Carlos Francis,WR,23,FALSE,0,0,0,1,0,5,9.07,0
2004,4,100,ARI,Alex Stepanovich,OC,22,FALSE,0,0,1,5,14,46,7.8,2.8
2004,4,101,ATL,Demorrio Williams,LB,24,FALSE,0,0,5,9,33,138,9.04,3.6666666666666665
2004,4,103,TEN,Bo Schobel,DE,23,FALSE,0,0,0,4,3,29,8.93,0.75
2004,4,104,SFO,Isaac Sopoaga,DT,23,FALSE,0,0,5,10,38,139,6.94,3.8
2004,4,105,KAN,Samie Parker,WR,23,FALSE,0,0,2,4,13,47,8.49,3.25
2004,4,106,CLE,Luke McCown,QB,23,FALSE,0,0,0,12,8,62,9.77,0.6666666666666666
2004,4,107,IND,Kendyll Pope,LB,23,FALSE,0,0,0,1,0,2,3.95,0
2004,4,108,NYJ,Jerricho Cotchery,WR,22,FALSE,0,0,6,12,51,175,9.04,4.25
2004,4,109,BUF,Tim Euhus,TE,23,FALSE,0,0,0,4,1,34,8.58,0.25
2004,4,112,CHI,Leon Joe,LB,22,FALSE,0,0,0,4,4,36,9.36,1
2004,4,114,CIN,Matthias Askew,DT,22,FALSE,0,0,0,2,0,6,6.21,0
2004,4,115,MIN,Nat Dorsey,OT,20,FALSE,0,0,1,4,7,40,5.63,1.75
2004,4,116,SEA,Niko Koutouvides,LB,23,FALSE,0,0,0,9,8,125,7.61,0.8888888888888888
2004,4,117,CIN,Robert Geathers,DE,21,FALSE,0,0,7,11,46,152,4.69,4.181818181818182
2004,4,119,MIN,Mewelde Moore,RB,22,FALSE,0,0,1,9,29,122,7.18,3.2222222222222223
2004,4,120,JAX,Ernest Wilford,WR,25,FALSE,0,0,4,7,22,87,6.55,3.142857142857143
2004,4,123,CIN,Stacy Andrews,OT,23,FALSE,0,0,3,8,23,94,9.24,2.875
2004,4,126,KAN,Jared Allen,DE,22,TRUE,4,5,12,12,101,187,9.2,8.416666666666666
2004,4,127,SFO,Richard Seigler,LB,23,FALSE,0,0,0,3,0,9,5.33,0
2004,4,128,NWE,Cedric Cobbs,RB,23,FALSE,0,0,0,3,0,5,7.48,0
2004,4,130,STL,Brandon Chillar,LB,21,FALSE,0,0,2,7,22,97,8.71,3.142857142857143
2004,4,131,PHI,Trey Darilek,OG,23,FALSE,0,0,0,2,1,18,8.55,0.5
2004,4,132,NYJ,Adrian Jones,OT,23,FALSE,0,0,2,5,12,55,9.55,2.4
2004,5,134,OAK,Johnnie Morant,WR,22,FALSE,0,0,0,3,0,15,8.92,0
2004,5,135,ARI,Antonio Smith,DE,22,FALSE,0,1,8,13,56,186,4.29,4.3076923076923075
2004,5,138,TEN,Jacob Bell,OG,23,FALSE,0,0,7,8,32,109,6.86,4
2004,5,145,PIT,Nathaniel Adibi,DE,NA,FALSE,0,0,0,NA,0,NA,8.67,NA
2004,5,146,TAM,Jeb Terry,OG,23,FALSE,0,0,0,3,2,30,7.69,0.6666666666666666
2004,5,147,CHI,Claude Harriott,DE,NA,FALSE,0,0,0,NA,0,NA,8.24,NA
2004,5,148,CHI,Craig Krenzel,QB,23,FALSE,0,0,0,1,1,6,7.98,1
2004,5,149,CIN,Maurice Mann,WR,21,FALSE,0,0,0,3,0,1,9.17,0
2004,5,154,SDG,Michael Turner,RB,22,FALSE,1,2,5,9,55,134,7.66,6.111111111111111
2004,5,155,MIN,Rod Davis,LB,23,FALSE,0,0,0,3,3,40,7.39,1
2004,5,156,NOR,Mike Karney,FB,23,FALSE,0,0,7,7,2,101,1.26,0.2857142857142857
2004,5,157,SEA,D.J. Hackett,WR,23,FALSE,0,0,0,5,14,42,9.94,2.8
2004,5,159,JAX,Sean Bubin,OT,NA,FALSE,0,0,0,NA,0,NA,6.64,NA
2004,5,162,PHI,Thomas Tapeh,FB,24,FALSE,0,0,2,5,2,41,5.59,0.4
2004,5,164,NWE,P.K. Sam,WR,20,FALSE,0,0,0,1,0,2,9.23,0
2004,5,165,TEN,Robert Reynolds,LB,23,FALSE,0,0,0,3,2,33,7.84,0.6666666666666666
2004,6,167,ARI,Nick Leckey,OC,22,FALSE,0,0,3,6,14,65,5.24,2.3333333333333335
2004,6,171,DEN,Triandos Luke,WR,22,FALSE,0,0,0,1,0,10,9.45,0
2004,6,172,DET,Kelly Butler,OT,22,FALSE,0,0,1,3,8,22,8.79,2.6666666666666665
2004,6,176,CLE,Kirk Chambers,OT,25,FALSE,0,0,1,8,9,70,7.17,1.125
2004,6,178,NYJ,Marko Cavka,OT,NA,FALSE,0,0,0,NA,0,NA,9.8,NA
2004,6,179,GNB,Corey Williams,DT,24,FALSE,0,0,5,9,33,126,5.03,3.6666666666666665
2004,6,180,WAS,Jim Molinaro,OT,23,FALSE,0,0,0,3,1,15,9.29,0.3333333333333333
2004,6,181,TAM,Nate Lawrie,TE,22,FALSE,0,0,0,5,0,26,9.81,0
2004,6,182,OAK,Cody Spencer,LB,23,FALSE,0,0,0,5,4,50,9.74,0.8
2004,6,189,SEA,Craig Terrill,DT,24,FALSE,0,0,0,7,9,88,6.53,1.2857142857142858
2004,6,190,DEN,Josh Sewell,OC,NA,FALSE,0,0,0,NA,0,NA,9.05,NA
2004,6,193,IND,Jim Sorgi,QB,23,FALSE,0,0,0,6,5,16,8.86,0.8333333333333334
2004,6,195,KAN,Jeris McIntyre,WR,NA,FALSE,0,0,0,NA,0,NA,5.83,NA
2004,6,196,CAR,Sean Tufts,LB,22,FALSE,0,0,0,2,1,15,9.72,0.5
2004,6,199,BAL,Clarence Moore,WR,21,FALSE,0,0,0,3,2,29,9.42,0.6666666666666666
2004,6,201,STL,Jeff Smoker,QB,NA,FALSE,0,0,0,NA,0,NA,3.82,NA
2004,7,202,ARI,John Navarre,QB,23,FALSE,0,0,0,2,0,2,2.52,0
2004,7,203,NYG,Drew Strojny,OT,NA,FALSE,0,0,0,NA,0,NA,6.19,NA
2004,7,204,SDG,Ryon Bingham,DT,23,FALSE,0,0,0,5,6,49,9.48,1.2
2004,7,209,SDG,Shane Olivea,OT,22,FALSE,0,0,4,4,31,60,3.46,7.75
2004,7,217,SFO,Cody Pickett,QB,24,FALSE,0,0,0,2,1,6,8.21,0.5
2004,7,219,ATL,Quincy Wilson,RB,23,FALSE,0,0,0,4,0,4,5.23,0
2004,7,220,MIN,Jeff Dugan,TE,23,FALSE,0,0,0,7,2,79,6.28,0.2857142857142857
2004,7,222,MIA,Derrick Pope,LB,22,FALSE,0,0,1,4,10,55,5.61,2.5
2004,7,227,PHI,Adrien Clarke,OG,23,FALSE,0,0,1,4,8,28,5.97,2
2004,7,230,TEN,Jared Clauss,DT,23,FALSE,0,0,0,2,3,29,9.74,1.5
2004,7,232,CAR,Michael Gaines,TE,24,FALSE,0,0,2,6,7,83,3.37,1.1666666666666667
2004,7,234,NYJ,Trevor Johnson,DE,23,FALSE,0,0,0,4,4,35,9.09,1
2004,7,237,STL,Erik Jensen,TE,NA,FALSE,0,0,0,NA,0,NA,7.86,NA
2004,7,240,NOR,Colby Bockwoldt,LB,23,FALSE,0,0,1,4,12,49,7.86,3
2004,7,244,BAL,Derek Abney,WR,NA,FALSE,0,0,0,NA,0,NA,5.47,NA
2004,7,245,OAK,Courtney Anderson,TE,23,FALSE,0,0,2,4,6,43,5.28,1.5
2004,7,249,JAX,Bobby McCray,DE,22,FALSE,0,0,2,7,24,94,9.15,3.4285714285714284
2004,7,250,DEN,Bradlee Van Pelt,QB,24,FALSE,0,0,0,2,0,3,8.02,0
2004,7,253,NYG,Isaac Hilton,DE,NA,FALSE,0,0,0,NA,0,NA,9.04,NA
2004,7,254,SDG,Carlos Joseph,OT,NA,FALSE,0,0,0,NA,0,NA,5.48,NA
2005,1,1,SFO,Alex Smith,QB,21,FALSE,0,3,14,16,98,174,9.4,6.125
2005,1,2,MIA,Ronnie Brown,RB,23,FALSE,0,1,6,10,41,132,9.38,4.1
2005,1,3,CLE,Braylon Edwards,WR,22,FALSE,0,1,5,8,41,112,9.94,5.125
2005,1,4,CHI,Cedric Benson,RB,22,FALSE,0,0,6,8,36,96,5.1,4.5
2005,1,5,TAM,Cadillac Williams,RB,23,FALSE,0,0,4,7,28,81,9.09,4
2005,1,7,MIN,Troy Williamson,WR,22,FALSE,0,0,1,5,8,49,9.65,1.6
2005,1,10,DET,Mike Williams,WR,21,FALSE,0,0,2,7,12,56,8.66,1.7142857142857142
2005,1,10,DET,Mike Williams,WR,21,FALSE,0,0,2,7,12,56,7.24,1.7142857142857142
2005,1,10,DET,Mike Williams,WR,21,FALSE,0,0,2,7,12,56,6.52,1.7142857142857142
2005,1,10,DET,Mike Williams,WR,21,FALSE,0,0,2,7,12,56,3.89,1.7142857142857142
2005,1,13,NOR,Jammal Brown,OT,24,FALSE,1,2,6,7,49,85,9.43,7
2005,1,14,CAR,Thomas Davis,LB,22,FALSE,1,3,12,16,80,199,6.63,5
2005,1,15,KAN,Derrick Johnson,LB,22,FALSE,1,4,11,14,80,188,9.8,5.714285714285714
2005,1,16,HOU,Travis Johnson,DT,23,FALSE,0,0,3,6,17,76,9.22,2.8333333333333335
2005,1,18,MIN,Erasmus James,DE,22,FALSE,0,0,1,4,6,28,8.64,1.5
2005,1,19,STL,Alex Barron,OT,22,FALSE,0,0,5,6,27,87,9.91,4.5
2005,1,20,DAL,Marcus Spears,DE,22,FALSE,0,0,6,9,36,124,6.81,4
2005,1,21,JAX,Matt Jones,WR,22,FALSE,0,0,1,4,22,54,10,5.5
2005,1,22,BAL,Mark Clayton,WR,23,FALSE,0,0,5,7,28,83,8.57,4
2005,1,24,GNB,Aaron Rodgers,QB,21,FALSE,4,10,16,21,169,264,7.16,8.047619047619047
2005,1,26,SEA,Chris Spencer,OC,23,FALSE,0,0,6,10,38,137,7.44,3.8
2005,1,27,ATL,Roddy White,WR,23,FALSE,1,4,10,11,88,171,9.82,8
2005,1,31,PHI,Mike Patterson,DT,22,FALSE,0,0,6,10,48,147,7.82,4.8
2005,1,32,NWE,Logan Mankins,OG,23,FALSE,1,7,11,11,102,161,7.93,9.272727272727273
2005,2,33,SFO,David Baas,OG,23,FALSE,0,0,6,9,36,122,9.91,4
2005,2,35,PHI,Reggie Brown,WR,24,FALSE,0,0,3,5,20,72,9.12,4
2005,2,36,TAM,Barrett Ruud,LB,22,FALSE,0,0,5,8,41,116,7.85,5.125
2005,2,37,DET,Shaun Cody,DT,22,FALSE,0,0,4,8,28,112,7.57,3.5
2005,2,39,CHI,Mark Bradley,WR,23,FALSE,0,0,0,5,10,57,9.62,2
2005,2,41,TEN,Michael Roos,OT,22,FALSE,1,1,9,10,63,148,6.01,6.3
2005,2,42,DAL,Kevin Burnett,LB,22,FALSE,0,0,4,9,40,136,9.26,4.444444444444445
2005,2,44,ARI,J.J. Arrington,RB,22,FALSE,0,0,0,4,12,58,9.32,3
2005,2,45,SEA,Lofa Tatupu,LB,22,FALSE,1,3,5,6,49,84,5.09,8.166666666666666
2005,2,46,MIA,Matt Roth,DE,22,FALSE,0,0,5,7,27,96,7.28,3.857142857142857
2005,2,48,CIN,Odell Thurman,LB,22,FALSE,0,0,1,1,7,16,4.25,7
2005,2,49,MIN,Marcus Johnson,OG,21,FALSE,0,0,1,5,8,53,6.06,1.6
2005,2,52,JAX,Khalif Barnes,OT,23,FALSE,0,0,7,13,51,154,9.88,3.923076923076923
2005,2,53,BAL,Dan Cody,DE,23,FALSE,0,0,0,2,0,2,8.07,0
2005,2,54,CAR,Eric Shelton,RB,22,FALSE,0,0,0,2,0,9,9.43,0
2005,2,55,BUF,Roscoe Parrish,WR,23,FALSE,0,0,0,8,14,90,7.92,1.75
2005,2,58,GNB,Terrence Murphy,WR,22,FALSE,0,0,0,1,0,3,9.88,0
2005,2,61,SDG,Vincent Jackson,WR,22,FALSE,0,3,8,12,77,155,9.97,6.416666666666667
2005,2,63,PHI,Matt McCoy,LB,22,FALSE,0,0,1,7,9,65,7.79,1.2857142857142858
2005,2,64,BAL,Adam Terry,OT,23,FALSE,0,0,0,6,9,50,5.52,1.5
2005,3,65,SFO,Frank Gore,RB,22,FALSE,0,5,14,16,94,241,5.67,5.875
2005,3,67,CLE,Charlie Frye,QB,24,FALSE,0,0,1,5,8,26,9.15,1.6
2005,3,68,TEN,Courtney Roby,WR,22,FALSE,0,0,0,10,4,92,9.71,0.4
2005,3,70,MIA,Channing Crowder,LB,21,FALSE,0,0,6,6,31,82,9.57,5.166666666666667
2005,3,73,HOU,Vernand Morency,RB,25,FALSE,0,0,0,3,8,39,4.73,2.6666666666666665
2005,3,74,NYG,Justin Tuck,DE,22,FALSE,1,2,7,11,65,147,9.6,5.909090909090909
2005,3,77,PHI,Ryan Moats,RB,22,FALSE,0,0,0,5,7,38,7.81,1.4
2005,3,78,OAK,Kirk Morrison,LB,23,FALSE,0,0,6,8,38,112,6.6,4.75
2005,3,79,CAR,Evan Mathis,OG,23,FALSE,1,2,6,12,46,134,10,3.8333333333333335
2005,3,81,STL,Richie Incognito,OG,22,FALSE,0,4,10,16,62,164,9.53,3.875
2005,3,82,NOR,Alfred Fincher,LB,22,FALSE,0,0,0,4,3,38,4.88,0.75
2005,3,83,CIN,Chris Henry,WR,22,FALSE,0,0,0,5,16,55,6.97,3.2
2005,3,85,SEA,David Greene,QB,NA,FALSE,0,0,0,NA,0,NA,9.5,NA
2005,3,88,NYJ,Sione Pouha,DT,26,FALSE,0,0,4,8,36,106,9.38,4.5
2005,3,89,CAR,Atiyyah Ellison,DT,23,FALSE,0,0,0,5,0,15,3.07,0
2005,3,90,ATL,Jordan Beck,LB,22,FALSE,0,0,0,3,2,26,9.92,0.6666666666666666
2005,3,91,TAM,Chris Colmer,OT,NA,FALSE,0,0,0,NA,0,NA,9.41,NA
2005,3,92,IND,Vincent Burns,DE,NA,FALSE,0,0,0,NA,0,NA,6.57,NA
2005,3,93,PIT,Trai Essex,OT,22,FALSE,0,0,1,8,19,76,1.91,2.375
2005,3,95,ARI,Darryl Blackstock,LB,22,FALSE,0,0,0,7,6,74,9.5,0.8571428571428571
2005,3,96,TEN,Brandon Jones,WR,23,FALSE,0,0,2,5,11,59,8.56,2.2
2005,3,100,NWE,Nick Kaczur,OT,26,FALSE,0,0,5,5,37,68,6.34,7.4
2005,3,101,DEN,Maurice Clarett,RB,NA,FALSE,0,0,0,NA,0,NA,2.91,NA
2005,4,106,CHI,Kyle Orton,QB,22,FALSE,0,0,5,10,40,87,3.55,4
2005,4,107,TAM,Dan Buenning,OG,23,FALSE,0,0,1,4,10,36,7,2.5
2005,4,110,NYG,Brandon Jacobs,RB,23,FALSE,0,0,3,9,36,109,6.86,4
2005,4,114,HOU,Jerome Mathis,WR,22,FALSE,1,1,0,3,4,17,8.79,1.3333333333333333
2005,4,118,NOR,Chase Lyman,WR,NA,FALSE,0,0,0,NA,0,NA,8.54,NA
2005,4,119,CIN,Eric Ghiaciuc,OC,24,FALSE,0,0,3,4,19,48,8.92,4.75
2005,4,122,BUF,Duke Preston,OC,23,FALSE,0,0,1,4,11,59,6.82,2.75
2005,4,124,BAL,Jason Brown,OC,22,FALSE,0,0,6,7,30,100,6.7,4.285714285714286
2005,4,127,JAX,Alvin Pearman,RB,23,FALSE,0,0,0,5,5,38,5.16,1
2005,4,128,ATL,Chauncey Davis,DE,22,FALSE,0,0,1,7,20,102,6.74,2.857142857142857
2005,4,129,IND,Dylan Gandy,OG,23,FALSE,0,0,1,9,19,120,8.83,2.111111111111111
2005,4,130,SDG,Darren Sproles,RB,22,FALSE,0,3,1,15,62,183,7.28,4.133333333333334
2005,4,131,PIT,Fred Gibson,WR,NA,FALSE,0,0,0,NA,0,NA,8.63,NA
2005,4,134,STL,Claude Terrell,OG,23,FALSE,0,0,1,3,6,20,2.22,2
2005,5,137,SFO,Ronald Fields,DT,23,FALSE,0,0,2,7,13,87,3.21,1.8571428571428572
2005,5,138,KAN,Boomer Grigsby,LB,23,FALSE,0,0,0,4,3,45,9.01,0.75
2005,5,139,CLE,David McMillan,DE,23,FALSE,0,0,0,3,2,29,9.01,0.6666666666666666
2005,5,140,CHI,Airese Currie,WR,22,FALSE,0,0,0,2,0,1,5.08,0
2005,5,142,TEN,Damien Nash,RB,23,FALSE,0,0,0,2,1,6,5.97,0.5
2005,5,144,STL,Jerome Collins,TE,23,FALSE,0,0,0,1,0,3,9.25,0
2005,5,145,DET,Dan Orlovsky,QB,22,FALSE,0,0,1,11,7,26,4.4,0.6363636363636364
2005,5,146,PHI,Trent Cole,DE,22,FALSE,0,2,9,12,68,176,7.06,5.666666666666667
2005,5,149,CAR,Adam Seward,LB,23,FALSE,0,0,0,5,4,43,9.75,0.8
2005,5,150,TEN,Daniel Loper,OT,23,FALSE,0,0,0,6,7,58,5.87,1.1666666666666667
2005,5,151,HOU,Drew Hodgdon,OC,23,FALSE,0,0,0,3,3,14,7.9,1
2005,5,152,NOR,Adrian McPherson,QB,NA,FALSE,0,0,0,NA,0,NA,9.89,NA
2005,5,153,CIN,Adam Kieft,OT,NA,FALSE,0,0,0,NA,0,NA,7.67,NA
2005,5,154,WAS,Robert McCune,LB,26,FALSE,0,0,0,4,0,8,9.32,0
2005,5,155,TAM,Larry Brackins,WR,NA,FALSE,0,0,0,NA,0,NA,3.98,NA
2005,5,158,BAL,Justin Green,FB,23,FALSE,0,0,0,3,0,39,3.6,0
2005,5,160,ATL,Michael Boley,LB,23,FALSE,0,0,8,9,41,131,7.65,4.555555555555555
2005,5,162,MIA,Anthony Alabi,OT,24,FALSE,0,0,0,3,1,16,7.5,0.3333333333333333
2005,5,163,ATL,Frank Omiyale,OT,22,FALSE,0,0,2,8,17,75,3.54,2.125
2005,5,164,SDG,Wesley Britt,OT,23,FALSE,0,0,0,4,3,16,9.13,0.75
2005,5,166,PIT,Rian Wallace,LB,23,FALSE,0,0,0,2,2,16,6.36,1
2005,5,169,CAR,Geoff Hangartner,OC,23,FALSE,0,0,5,9,36,118,7.22,4
2005,5,172,PHI,Scott Young,OG,24,FALSE,0,0,0,4,1,14,9.88,0.25
2005,5,173,IND,Tyjuan Hagler,LB,23,FALSE,0,0,1,6,12,50,8.99,2
2005,5,174,SFO,Rasheed Marshall,WR,24,FALSE,0,0,0,1,0,12,8.06,0
2005,6,175,OAK,Anttaj Hawthorne,DT,23,FALSE,0,0,0,2,1,18,2.37,0.5
2005,6,176,CLE,Nick Speegle,LB,23,FALSE,0,0,0,2,1,16,9.27,0.5
2005,6,178,TAM,Anthony Bryant,DT,23,FALSE,0,0,0,6,2,15,7.01,0.3333333333333333
2005,6,179,TEN,Bo Scaife,TE,24,FALSE,0,0,4,6,20,90,8,3.3333333333333335
2005,6,182,NYJ,Cedric Houston,RB,23,FALSE,0,0,0,2,5,20,6.05,2.5
2005,6,184,DET,Bill Swancutt,DE,23,FALSE,0,0,0,1,0,8,6.32,0
2005,6,185,JAX,Chad Owens,WR,23,FALSE,0,0,0,3,0,6,5.11,0
2005,6,186,NYG,Eric Moore,DE,24,FALSE,0,0,0,7,5,35,5.43,0.7142857142857143
2005,6,187,KAN,Will Svitek,OT,23,FALSE,0,0,1,10,14,79,9.93,1.4
2005,6,189,CAR,Jovan Haye,DE,23,FALSE,0,0,3,7,25,73,7.93,3.5714285714285716
2005,6,190,CIN,Tab Perry,WR,23,FALSE,0,0,0,3,1,20,7.54,0.3333333333333333
2005,6,192,STL,Dante Ridgeway,WR,21,FALSE,0,0,0,1,0,8,5.22,0
2005,6,193,NOR,Jason Jefferson,DT,23,FALSE,0,0,0,4,3,34,3.67,0.75
2005,6,195,GNB,Craig Bragg,WR,NA,FALSE,0,0,0,NA,0,NA,8.71,NA
2005,6,196,SEA,Tony Jackson,TE,NA,FALSE,0,0,0,NA,0,NA,6.31,NA
2005,6,198,NYJ,Joel Dreessen,TE,23,FALSE,0,0,4,9,16,120,8.78,1.7777777777777777
2005,6,199,KAN,Khari Long,DE,23,FALSE,0,0,0,1,0,1,9.68,0
2005,6,200,DEN,Chris Myers,OG,23,FALSE,0,2,8,10,59,153,9.65,5.9
2005,6,201,ATL,DeAndra Cobb,RB,24,FALSE,0,0,0,1,0,3,6.88,0
2005,6,203,CLE,Andrew Hoffman,DT,NA,FALSE,0,0,0,NA,0,NA,7.41,NA
2005,6,204,PIT,Chris Kemoeatu,OG,22,FALSE,0,0,3,7,27,75,7.17,3.857142857142857
2005,6,207,CAR,Joe Berger,OT,23,FALSE,0,0,5,13,36,145,7.1,2.769230769230769
2005,6,211,PHI,Calvin Armstrong,OT,NA,FALSE,0,0,0,NA,0,NA,7.26,NA
2005,6,212,OAK,Ryan Riddle,DE,24,FALSE,0,0,0,2,1,17,1.95,0.5
2005,6,213,BAL,Derek Anderson,QB,22,FALSE,0,1,3,14,23,78,3.51,1.6428571428571428
2005,6,214,OAK,Pete McMahon,OT,NA,FALSE,0,0,0,NA,0,NA,5.17,NA
2005,7,216,MIA,Kevin Vickerson,DT,22,FALSE,0,0,3,10,21,86,6.06,2.1
2005,7,217,CLE,Jon Dunn,OT,NA,FALSE,0,0,0,NA,0,NA,6.39,NA
2005,7,225,TAM,Paris Warren,WR,23,FALSE,0,0,0,2,0,8,3.08,0
2005,7,230,NWE,Matt Cassel,QB,23,FALSE,0,1,6,14,47,107,9.47,3.357142857142857
2005,7,234,BAL,Mike Smith,LB,24,FALSE,0,0,0,2,1,14,1.03,0.5
2005,7,235,SEA,Cornelius Wortham,LB,23,FALSE,0,0,0,1,1,8,2.78,1
2005,7,236,BUF,Lionel Gates,RB,23,FALSE,0,0,0,3,0,1,6.69,0
2005,7,238,KAN,Jeremy Parquet,OT,NA,FALSE,0,0,0,NA,0,NA,4.55,NA
2005,7,241,ATL,Darrell Shropshire,DT,22,FALSE,0,0,0,2,2,23,9.76,1
2005,7,243,IND,Anthony Davis,RB,NA,FALSE,0,0,0,NA,0,NA,6.09,NA
2005,7,244,PIT,Noah Herron,RB,23,FALSE,0,0,0,2,3,23,3.5,1.5
2005,7,247,PHI,Keyonta Marshall,DT,24,FALSE,0,0,0,1,0,1,1.4,0
2005,7,248,SFO,Patrick Estes,TE,22,FALSE,0,0,0,3,0,8,7.44,0
2005,7,249,SFO,Billy Bajema,TE,22,FALSE,0,0,4,9,2,120,8.25,0.2222222222222222
2005,7,250,STL,Ryan Fitzpatrick,QB,22,FALSE,0,0,10,17,78,166,7.45,4.588235294117647
2005,7,251,STL,Madison Hedgecock,FB,24,FALSE,0,0,4,6,2,84,5.33,0.3333333333333333
2005,7,253,TAM,J.R. Russell,WR,NA,FALSE,0,0,0,NA,0,NA,9.56,NA
2005,7,255,NWE,Andy Stokes,TE,NA,FALSE,0,0,0,NA,0,NA,9.34,NA
2006,1,1,HOU,Mario Williams,DE,21,FALSE,1,4,9,11,79,158,10,7.181818181818182
2006,1,2,NOR,Reggie Bush,RB,21,FALSE,0,0,8,11,61,134,9.63,5.545454545454546
2006,1,4,NYJ,D'Brickashaw Ferguson,OT,22,FALSE,0,3,10,10,58,160,8.82,5.8
2006,1,5,GNB,A.J. Hawk,LB,22,FALSE,0,1,10,11,55,159,9.67,5
2006,1,6,SFO,Vernon Davis,TE,22,FALSE,0,2,11,14,51,198,9.94,3.642857142857143
2006,1,9,DET,Ernie Sims,LB,21,FALSE,0,0,4,8,29,109,8.73,3.625
2006,1,11,DEN,Jay Cutler,QB,23,FALSE,0,1,10,12,86,153,9.21,7.166666666666667
2006,1,12,BAL,Haloti Ngata,DT,22,FALSE,2,5,12,13,100,180,8.42,7.6923076923076925
2006,1,13,CLE,Kamerion Wimbley,DE,22,FALSE,0,0,8,9,44,140,9.47,4.888888888888889
2006,1,14,PHI,Brodrick Bunkley,DT,22,FALSE,0,0,7,9,40,130,9.95,4.444444444444445
2006,1,17,MIN,Chad Greenway,LB,23,FALSE,0,2,10,11,66,156,7.47,6
2006,1,18,DAL,Bobby Carpenter,LB,23,FALSE,0,0,0,7,11,93,9.18,1.5714285714285714
2006,1,20,KAN,Tamba Hali,DE,22,FALSE,0,5,10,12,75,177,4.15,6.25
2006,1,21,NWE,Laurence Maroney,RB,21,FALSE,0,0,0,5,26,49,9.76,5.2
2006,1,23,TAM,Davin Joseph,OG,22,FALSE,0,2,8,9,42,116,8.18,4.666666666666667
2006,1,25,PIT,Santonio Holmes,WR,22,FALSE,0,0,6,9,47,112,8.05,5.222222222222222
2006,1,26,BUF,John McCargo,DT,23,FALSE,0,0,0,6,4,44,6.87,0.6666666666666666
2006,1,27,CAR,DeAngelo Williams,RB,23,FALSE,0,1,6,11,61,142,9.21,5.545454545454546
2006,1,28,JAX,Marcedes Lewis,TE,22,FALSE,0,1,15,20,35,290,8.35,1.75
2006,1,29,NYJ,Nick Mangold,OC,22,FALSE,2,7,11,11,73,164,9.24,6.636363636363637
2006,1,30,IND,Joseph Addai,RB,23,FALSE,0,1,4,6,50,78,9.07,8.333333333333334
2006,1,32,NYG,Mathias Kiwanuka,DE,23,FALSE,0,0,5,9,37,120,8.92,4.111111111111111
2006,2,33,HOU,DeMeco Ryans,LB,22,FALSE,0,2,8,10,58,140,8.57,5.8
2006,2,34,CLE,D'Qwell Jackson,LB,22,FALSE,0,1,9,11,61,141,6.16,5.545454545454546
2006,2,35,WAS,Rocky McIntosh,LB,23,FALSE,0,0,5,8,38,124,7.95,4.75
2006,2,36,NWE,Chad Jackson,WR,21,FALSE,0,0,0,3,2,18,9.93,0.6666666666666666
2006,2,38,OAK,Thomas Howard,LB,23,FALSE,0,0,5,8,33,95,9.91,4.125
2006,2,39,PHI,Winston Justice,OT,21,FALSE,0,0,3,8,21,63,9.98,2.625
2006,2,41,ARI,Deuce Lutui,OG,23,FALSE,0,0,5,7,34,101,5.84,4.857142857142857
2006,2,44,NYG,Sinorice Moss,WR,22,FALSE,0,0,0,4,4,37,8.68,1
2006,2,46,STL,Joe Klopfenstein,TE,22,FALSE,0,0,3,4,3,49,9.65,0.75
2006,2,47,GNB,Daryn Colledge,OT,24,FALSE,0,0,9,9,57,141,9.31,6.333333333333333
2006,2,50,SDG,Marcus McNeill,OT,22,FALSE,0,2,6,6,48,82,8.17,8
2006,2,52,GNB,Greg Jennings,WR,22,FALSE,0,2,8,10,66,143,8.6,6.6
2006,2,53,DAL,Anthony Fasano,TE,22,FALSE,0,0,8,12,22,180,8.91,1.8333333333333333
2006,2,55,CIN,Andrew Whitworth,OT,24,FALSE,2,4,16,16,100,239,9.11,6.25
2006,2,59,TAM,Jeremy Trueblood,OT,23,FALSE,0,0,6,8,35,116,5.78,4.375
2006,2,60,JAX,Maurice Jones-Drew,RB,21,FALSE,1,3,4,9,74,126,7.4,8.222222222222221
2006,2,61,DEN,Tony Scheffler,TE,23,FALSE,0,0,2,8,24,107,9.59,3
2006,2,63,SEA,Darryl Tapp,DE,21,FALSE,0,0,2,12,30,165,5.14,2.5
2006,2,64,MIN,Tarvaris Jackson,QB,23,FALSE,0,0,2,10,22,59,7.55,2.2
2006,3,65,HOU,Charles Spencer,OG,24,FALSE,0,0,0,1,1,2,9.11,1
2006,3,66,HOU,Eric Winston,OT,22,FALSE,0,0,7,12,53,165,9.87,4.416666666666667
2006,3,67,GNB,Abdul Hodge,LB,23,FALSE,0,0,0,5,2,35,4.76,0.4
2006,3,69,OAK,Paul McQuistan,OT,23,FALSE,0,0,2,9,24,97,9.78,2.6666666666666665
2006,3,71,PHI,Chris Gocong,DE,22,FALSE,0,0,5,6,29,79,9.61,4.833333333333333
2006,3,72,ARI,Leonard Pope,TE,22,FALSE,0,0,4,7,6,103,9.18,0.8571428571428571
2006,3,73,CHI,Dusty Dvoracek,DT,25,FALSE,0,0,1,3,6,13,9.37,2
2006,3,74,DET,Brian Calhoun,RB,22,FALSE,0,0,0,2,1,11,6.71,0.5
2006,3,75,GNB,Jason Spitz,OG,23,FALSE,0,0,3,6,24,75,6.82,4
2006,3,76,NYJ,Anthony Schlegel,LB,25,FALSE,0,0,0,2,2,17,3.27,1
2006,3,77,STL,Jon Alston,LB,23,FALSE,0,0,0,4,5,39,9.63,1.25
2006,3,78,CLE,Travis Wilson,WR,22,FALSE,0,0,0,1,0,4,9.5,0
2006,3,79,ATL,Jerious Norwood,RB,23,FALSE,0,0,0,6,20,66,9.41,3.3333333333333335
2006,3,80,JAX,Clint Ingram,LB,23,FALSE,0,0,3,4,21,56,8.99,5.25
2006,3,81,SDG,Charlie Whitehurst,QB,24,FALSE,0,0,0,11,7,25,9.54,0.6363636363636364
2006,3,82,MIA,Derek Hagan,WR,21,FALSE,0,0,0,9,12,99,9.81,1.3333333333333333
2006,3,84,SFO,Brandon Williams,WR,22,FALSE,0,0,0,2,0,23,6.84,0
2006,3,85,KAN,Brodie Croyle,QB,23,FALSE,0,0,0,5,2,18,5,0.4
2006,3,86,NWE,David Thomas,TE,23,FALSE,0,0,3,7,9,80,8.29,1.2857142857142858
2006,3,88,CAR,James Anderson,LB,22,FALSE,0,0,4,10,31,123,9.86,3.1
2006,3,89,CAR,Rashad Butler,OT,23,FALSE,0,0,0,8,7,51,4.98,0.875
2006,3,90,TAM,Maurice Stovall,WR,21,FALSE,0,0,0,7,5,81,8.44,0.7142857142857143
2006,3,91,CIN,Frostee Rucker,DE,22,FALSE,0,0,5,13,39,157,3.73,3
2006,3,92,DAL,Jason Hatcher,DE,24,FALSE,0,1,5,10,34,147,7.53,3.4
2006,3,93,STL,Dominique Byrd,TE,22,FALSE,0,0,0,6,0,17,6.44,0
2006,3,94,IND,Freddy Keiaho,LB,23,FALSE,0,0,2,4,15,55,5.13,3.75
2006,3,95,PIT,Willie Reid,WR,23,FALSE,0,0,0,2,1,7,7.75,0.5
2006,3,96,NYG,Gerris Wilkinson,LB,23,FALSE,0,0,0,5,6,58,9.15,1.2
2006,4,98,HOU,Owen Daniels,TE,23,FALSE,0,2,9,10,41,131,9.47,4.1
2006,4,99,PHI,Max Jean-Gilles,OG,22,FALSE,0,0,2,5,14,42,1.68,2.8
2006,4,100,SFO,Michael Robinson,WR,23,FALSE,0,1,1,8,7,112,7.27,0.875
2006,4,104,GNB,Cory Rodgers,WR,NA,FALSE,0,0,0,NA,0,NA,2.39,NA
2006,4,106,NWE,Garrett Mills,FB,22,FALSE,0,0,0,5,1,16,9.75,0.2
2006,4,107,ARI,Gabe Watson,DT,22,FALSE,0,0,1,5,11,62,2.33,2.2
2006,4,109,PHI,Jason Avant,WR,23,FALSE,0,0,3,10,29,148,8.04,2.9
2006,4,110,CLE,Leon Williams,LB,23,FALSE,0,0,0,7,9,61,9.92,1.2857142857142858
2006,4,111,BAL,Demetrius Williams,WR,23,FALSE,0,0,0,5,9,46,9.67,1.8
2006,4,113,STL,Victor Adeyanju,DE,23,FALSE,0,0,2,4,13,53,5.83,3.25
2006,4,114,MIA,Joe Toledo,OT,NA,FALSE,0,0,0,NA,0,NA,8.71,NA
2006,4,116,TEN,Stephen Tulloch,LB,21,FALSE,0,0,7,11,49,159,5.47,4.454545454545454
2006,4,117,NYJ,Leon Washington,RB,24,FALSE,1,2,1,9,30,126,4.95,3.3333333333333335
2006,4,119,DEN,Brandon Marshall,WR,22,FALSE,1,6,10,13,83,179,8.18,6.384615384615385
2006,4,120,CHI,Jamar Williams,LB,22,FALSE,0,0,0,5,5,54,8.33,1
2006,4,123,CIN,Domata Peko,DT,21,FALSE,0,0,12,15,68,214,5.14,4.533333333333333
2006,4,124,NYG,Barry Cofield,DT,22,FALSE,0,0,8,10,46,138,9.9,4.6
2006,4,125,DAL,Skyler Green,WR,21,FALSE,0,0,0,3,0,11,6.42,0
2006,4,126,DEN,Elvis Dumervil,DE,22,FALSE,2,5,6,12,63,162,6.5,5.25
2006,4,127,MIN,Ray Edwards,DE,21,FALSE,0,0,5,7,37,97,8.62,5.285714285714286
2006,4,128,SEA,Rob Sims,OG,22,FALSE,0,0,7,9,46,125,7.85,5.111111111111111
2006,4,132,BAL,P.J. Daniels,RB,23,FALSE,0,0,0,NA,0,NA,6.53,NA
2006,4,133,PIT,Orien Harris,DT,23,FALSE,0,0,0,4,1,20,6.64,0.25
2006,5,134,BUF,Kyle Williams,DT,23,FALSE,0,6,11,13,79,183,7.42,6.076923076923077
2006,5,134,BUF,Kyle Williams,DT,23,FALSE,0,6,11,13,79,183,1.94,6.076923076923077
2006,5,135,NOR,Rob Ninkovich,DE,22,FALSE,0,0,7,11,51,131,7.49,4.636363636363637
2006,5,136,NWE,Ryan O'Callaghan,OT,23,FALSE,0,0,1,5,11,51,4.44,2.2
2006,5,137,TEN,Terna Nande,LB,23,FALSE,0,0,0,1,0,1,9.55,0
2006,5,140,SFO,Parys Haralson,DE,22,FALSE,0,0,7,9,38,118,6.08,4.222222222222222
2006,5,141,DET,Jonathan Scott,OT,23,FALSE,0,0,1,9,17,71,5.47,1.8888888888888888
2006,5,142,ARI,Brandon Johnson,LB,23,FALSE,0,0,1,7,13,87,8.47,1.8571428571428572
2006,5,145,CLE,Jerome Harrison,RB,23,FALSE,0,0,0,6,12,63,8.78,2
2006,5,148,GNB,Ingle Martin,QB,24,FALSE,0,0,0,1,0,1,9.17,0
2006,5,150,NYJ,Jason Pociask,TE,23,FALSE,0,0,0,2,0,4,6.47,0
2006,5,151,SDG,Tim Dobbins,LB,23,FALSE,0,0,1,8,19,110,7.88,2.375
2006,5,153,WAS,Anthony Montgomery,DT,22,FALSE,0,0,1,4,14,42,5.19,3.5
2006,5,155,CAR,Jeff King,TE,23,FALSE,0,0,6,7,10,108,7.85,1.4285714285714286
2006,5,156,TAM,Julian Jenkins,DE,22,FALSE,0,0,0,1,1,12,7.63,1
2006,5,157,CIN,A.J. Nicholson,LB,23,FALSE,0,0,0,1,0,2,4.06,0
2006,5,159,CHI,Mark Anderson,DE,23,FALSE,0,0,1,7,21,98,9.79,3
2006,5,161,DEN,Chris Kuper,OG,23,FALSE,0,0,5,8,35,90,9.58,4.375
2006,5,164,PIT,Omar Jacobs,QB,NA,FALSE,0,0,0,NA,0,NA,7.09,NA
2006,5,166,BAL,Quinn Sypniewski,TE,24,FALSE,0,0,1,2,2,31,8.56,1
2006,5,167,PIT,Charles Davis,TE,NA,FALSE,0,0,0,NA,0,NA,6.32,NA
2006,5,168,PHI,Omar Gaither,LB,22,FALSE,0,0,2,8,25,92,5.89,3.125
2006,5,169,TEN,Jesse Mahelona,DT,23,FALSE,0,0,0,2,1,11,1.88,0.5
2006,6,170,HOU,Wali Lundy,RB,22,FALSE,0,0,1,1,5,14,7.32,5
2006,6,171,NOR,Mike Hass,WR,23,FALSE,0,0,0,4,0,2,6.78,0
2006,6,172,TEN,Jonathan Orr,WR,NA,FALSE,0,0,0,NA,0,NA,8.41,NA
2006,6,176,OAK,Kevin Boothe,OT,23,FALSE,0,0,4,9,27,114,4.49,3
2006,6,177,ARI,Jonathan Lewis,DT,22,FALSE,0,0,0,1,0,4,9.12,0
2006,6,178,BUF,Keith Ellison,LB,22,FALSE,0,0,3,5,19,58,6.25,3.8
2006,6,180,CLE,Lawrence Vickers,FB,23,FALSE,0,0,3,7,3,106,2.1,0.42857142857142855
2006,6,181,CLE,Babatunde Oshinowo,DT,23,FALSE,0,0,0,2,0,2,4.49,0
2006,6,182,DAL,Montavious Stanley,DT,24,FALSE,0,0,0,4,5,33,3.43,1.25
2006,6,183,GNB,Johnny Jolly,DT,23,FALSE,0,0,3,8,21,61,2.36,2.625
2006,6,184,ATL,Adam Jennings,WR,23,FALSE,0,0,0,4,0,46,7.65,0
2006,6,187,SDG,Jeromey Clary,OT,22,FALSE,0,0,6,8,47,103,6.67,5.875
2006,6,190,KAN,Jeff Webb,WR,24,FALSE,0,0,0,3,2,31,9.9,0.6666666666666666
2006,6,191,NWE,Jeremy Mincey,DE,22,FALSE,0,0,4,10,29,96,9.01,2.9
2006,6,193,CIN,Reggie McNeal,QB,22,FALSE,0,0,0,1,0,7,8.81,0
2006,6,194,TAM,Bruce Gradkowski,QB,23,FALSE,0,0,1,9,8,37,8.25,0.8888888888888888
2006,6,196,WAS,Kedric Golston,DT,23,FALSE,0,0,4,11,27,142,9.85,2.4545454545454546
2006,6,198,DEN,Greg Eslinger,OC,NA,FALSE,0,0,0,NA,0,NA,7.93,NA
2006,6,201,PIT,Marvin Philip,OC,NA,FALSE,0,0,0,NA,0,NA,5.33,NA
2006,6,202,TAM,T.J. Williams,TE,NA,FALSE,0,0,0,NA,0,NA,6.94,NA
2006,6,205,NWE,Dan Stevenson,OG,NA,FALSE,0,0,0,NA,0,NA,5.47,NA
2006,7,212,MIA,Fred Evans,DT,22,FALSE,0,0,0,8,9,95,7.52,1.125
2006,7,213,JAX,James Wyche,DE,24,FALSE,0,0,0,4,0,3,8.64,0
2006,7,216,BUF,Terrance Pennington,OT,22,FALSE,0,0,1,2,4,16,8.68,2
2006,7,217,DET,Fred Matua,OG,NA,FALSE,0,0,0,NA,0,NA,6.56,NA
2006,7,218,ARI,Todd Watkins,WR,23,FALSE,0,0,0,4,1,21,9.2,0.25
2006,7,220,NYJ,Titus Adams,DT,23,FALSE,0,0,0,4,0,2,6.92,0
2006,7,221,STL,Tim McGarigle,LB,22,FALSE,0,0,0,2,1,12,8.39,0.5
2006,7,223,ATL,D.J. Shockley,QB,NA,FALSE,0,0,0,NA,0,NA,9.5,NA
2006,7,226,MIA,Rodrique Wright,DT,22,FALSE,0,0,0,3,4,13,9.15,1.3333333333333333
2006,7,233,MIA,Devin Aromashodu,WR,22,FALSE,0,0,0,7,10,61,9.66,1.4285714285714286
2006,7,237,CAR,Stanley McClover,DE,21,FALSE,0,0,0,3,1,14,6.11,0.3333333333333333
2006,7,240,PIT,Cedric Humes,RB,NA,FALSE,0,0,0,NA,0,NA,5.33,NA
2006,7,242,STL,Mark Setterstrom,OG,22,FALSE,0,0,0,4,5,19,6.42,1.25
2006,7,244,TAM,Tim Massaquoi,TE,24,FALSE,0,0,0,2,0,11,6.74,0
2006,7,245,TEN,Spencer Toone,LB,26,FALSE,0,0,0,1,0,3,7.33,0
2006,7,246,TEN,Quinton Ganther,RB,22,FALSE,0,0,0,5,3,36,8.42,0.6
2006,7,249,SEA,Ben Obomanu,WR,22,FALSE,0,0,0,8,10,69,8.01,1.25
2006,7,250,WAS,Kevin Simon,LB,NA,FALSE,0,0,0,NA,0,NA,1.02,NA
2006,7,251,HOU,David Anderson,WR,23,FALSE,0,0,0,6,7,67,4.35,1.1666666666666667
2006,7,252,NOR,Marques Colston,WR,23,FALSE,0,0,7,10,72,146,8.57,7.2
2006,7,253,GNB,Dave Tollefson,DE,24,FALSE,0,0,0,7,6,78,8.25,0.8571428571428571
2007,1,2,DET,Calvin Johnson,WR,21,TRUE,3,6,9,9,78,135,10,8.666666666666666
2007,1,3,CLE,Joe Thomas,OT,22,TRUE,6,10,10,11,85,167,9.37,7.7272727272727275
2007,1,4,TAM,Gaines Adams,DE,24,FALSE,0,0,1,3,17,47,9.33,5.666666666666667
2007,1,5,ARI,Levi Brown,OT,23,FALSE,0,0,5,7,34,81,4.35,4.857142857142857
2007,1,7,MIN,Adrian Peterson,RB,22,FALSE,4,7,12,15,101,184,9.64,6.733333333333333
2007,1,7,MIN,Adrian Peterson,RB,22,FALSE,4,7,12,15,101,184,1.65,6.733333333333333
2007,1,8,ATL,Jamaal Anderson,DE,21,FALSE,0,0,3,6,20,77,9.85,3.3333333333333335
2007,1,10,HOU,Amobi Okoye,DT,20,FALSE,0,0,4,6,24,87,7.96,4
2007,1,11,SFO,Patrick Willis,LB,22,TRUE,5,7,7,8,93,112,8.5,11.625
2007,1,12,BUF,Marshawn Lynch,RB,21,FALSE,1,5,8,13,74,149,7.81,5.6923076923076925
2007,1,13,STL,Adam Carriker,DE,23,FALSE,0,0,3,6,22,65,9.38,3.6666666666666665
2007,1,15,PIT,Lawrence Timmons,LB,21,FALSE,0,1,9,11,72,172,7.67,6.545454545454546
2007,1,16,GNB,Justin Harrell,DT,23,FALSE,0,0,0,4,2,14,7.06,0.5
2007,1,17,DEN,Jarvis Moss,DE,23,FALSE,0,0,0,5,3,53,6.39,0.6
2007,1,22,CLE,Brady Quinn,QB,22,FALSE,0,0,1,6,2,24,9.88,0.3333333333333333
2007,1,23,KAN,Dwayne Bowe,WR,22,FALSE,0,1,8,9,50,125,6.68,5.555555555555555
2007,1,25,CAR,Jon Beason,LB,22,FALSE,1,3,5,9,55,93,4.15,6.111111111111111
2007,1,26,DAL,Anthony Spencer,DE,23,FALSE,0,1,4,8,34,104,7.42,4.25
2007,1,27,NOR,Robert Meachem,WR,22,FALSE,0,0,1,8,26,103,9.53,3.25
2007,1,28,SFO,Joe Staley,OT,23,FALSE,0,6,12,13,81,181,10,6.230769230769231
2007,1,29,BAL,Ben Grubbs,OG,23,FALSE,0,2,9,9,56,129,7.37,6.222222222222222
2007,1,30,SDG,Craig Davis,WR,21,FALSE,0,0,0,4,7,25,8.56,1.75
2007,1,31,CHI,Greg Olsen,TE,22,FALSE,0,3,11,14,60,199,9.5,4.285714285714286
2007,1,32,IND,Anthony Gonzalez,WR,22,FALSE,0,0,1,5,16,40,9.56,3.2
2007,2,33,ARI,Alan Branch,DT,22,FALSE,0,0,6,11,42,146,8.55,3.8181818181818183
2007,2,34,BUF,Paul Posluszny,LB,22,FALSE,0,1,9,11,58,145,8.7,5.2727272727272725
2007,2,35,TAM,Arron Sears,OG,22,FALSE,0,0,2,2,14,31,9.38,7
2007,2,36,PHI,Kevin Kolb,QB,23,FALSE,0,0,1,6,12,34,6.79,2
2007,2,38,OAK,Zach Miller,TE,21,FALSE,0,1,7,8,28,110,9.29,3.5
2007,2,38,OAK,Zach Miller,TE,21,FALSE,0,1,7,8,28,110,7.15,3.5
2007,2,39,ATL,Justin Blalock,OG,23,FALSE,0,0,8,8,55,125,9.01,6.875
2007,2,40,MIA,John Beck,QB,26,FALSE,0,0,0,5,4,9,8.32,0.8
2007,2,42,IND,Tony Ugoh,OT,23,FALSE,0,0,2,5,17,40,9.77,3.4
2007,2,43,DET,Drew Stanton,QB,23,FALSE,0,0,1,11,10,38,8.01,0.9090909090909091
2007,2,44,MIN,Sidney Rice,WR,21,FALSE,0,1,3,7,33,81,7.9,4.714285714285714
2007,2,45,CAR,Dwayne Jarrett,WR,20,FALSE,0,0,0,4,4,32,7.97,1
2007,2,46,PIT,LaMarr Woodley,DE,22,FALSE,0,1,7,9,54,110,8.76,6
2007,2,47,NYJ,David Harris,LB,23,FALSE,0,0,11,11,75,164,7.82,6.818181818181818
2007,2,48,JAX,Justin Durant,LB,21,FALSE,0,0,6,11,36,128,9.21,3.272727272727273
2007,2,49,CIN,Kenny Irons,RB,NA,FALSE,0,0,0,NA,0,NA,8.68,NA
2007,2,50,TEN,Chris Henry,RB,22,FALSE,0,0,0,4,1,11,9.85,0.25
2007,2,51,NYG,Steve Smith,WR,22,FALSE,0,1,1,6,23,64,9.38,3.8333333333333335
2007,2,51,NYG,Steve Smith,WR,22,FALSE,0,1,1,6,23,64,7.76,3.8333333333333335
2007,2,52,STL,Brian Leonard,RB,23,FALSE,0,0,0,8,11,88,9.6,1.375
2007,2,56,DEN,Tim Crowder,DE,22,FALSE,0,0,1,5,11,60,8.13,2.2
2007,2,57,PHI,Victor Abiamiri,DE,21,FALSE,0,0,0,3,5,29,8.67,1.6666666666666667
2007,2,58,DET,Ikaika Alama-Francis,DE,22,FALSE,0,0,0,5,2,35,7.15,0.4
2007,2,59,CAR,Ryan Kalil,OC,22,FALSE,2,5,9,13,72,155,9.12,5.538461538461538
2007,2,60,MIA,Samson Satele,OC,22,FALSE,0,0,8,8,48,118,7.94,6
2007,2,62,CHI,Dan Bazuin,DE,NA,FALSE,0,0,0,NA,0,NA,5.15,NA
2007,2,63,GNB,Brandon Jackson,RB,21,FALSE,0,0,1,6,16,54,8.91,2.6666666666666665
2007,3,65,OAK,Quentin Moses,DE,23,FALSE,0,0,0,4,5,44,5.94,1.25
2007,3,67,DAL,James Marten,OT,23,FALSE,0,0,0,2,0,1,9.56,0
2007,3,68,TAM,Quincy Black,LB,23,FALSE,0,0,3,6,18,81,9.8,3
2007,3,69,ARI,Buster Davis,LB,23,FALSE,0,0,0,2,2,7,1.92,1
2007,3,70,DEN,Ryan Harris,OT,22,FALSE,0,0,5,10,33,114,7.09,3.3
2007,3,71,MIA,Lorenzo Booker,RB,23,FALSE,0,0,0,5,4,36,8.03,0.8
2007,3,73,HOU,Jacoby Jones,WR,23,FALSE,1,1,2,9,30,128,7.06,3.3333333333333335
2007,3,74,BAL,Yamon Figurs,WR,24,FALSE,0,0,0,4,2,34,7.49,0.5
2007,3,75,ATL,Laurent Robinson,WR,22,FALSE,0,0,1,6,16,59,9.77,2.6666666666666665
2007,3,76,SFO,Jason Hill,WR,22,FALSE,0,0,1,6,9,54,9.46,1.5
2007,3,78,GNB,James Jones,WR,23,FALSE,0,0,4,9,46,136,6.62,5.111111111111111
2007,3,79,JAX,Mike Sims-Walker,WR,22,FALSE,0,0,2,5,16,44,9.12,3.2
2007,3,80,TEN,Paul Williams,WR,23,FALSE,0,0,0,2,0,5,8.29,0
2007,3,81,NYG,Jay Alford,DT,24,FALSE,0,0,0,4,4,36,2.37,1
2007,3,82,KAN,Tank Tyler,DT,22,FALSE,0,0,1,3,11,43,2.77,3.6666666666666665
2007,3,83,CAR,Charles Johnson,DE,21,FALSE,0,0,8,11,47,143,6.67,4.2727272727272725
2007,3,85,SEA,Brandon Mebane,DT,22,FALSE,0,0,13,13,63,182,2.61,4.846153846153846
2007,3,87,PHI,Stewart Bradley,LB,23,FALSE,0,0,2,6,19,76,8.54,3.1666666666666665
2007,3,88,NOR,Andy Alleman,OG,23,FALSE,0,0,0,3,5,24,9.54,1.6666666666666667
2007,3,90,PHI,Tony Hunt,RB,21,FALSE,0,0,0,2,0,14,4.75,0
2007,3,92,BUF,Trent Edwards,QB,23,FALSE,0,0,2,6,16,38,7.2,2.6666666666666665
2007,3,93,CHI,Garrett Wolfe,RB,23,FALSE,0,0,0,4,2,50,8.72,0.5
2007,3,94,CHI,Michael Okwo,LB,NA,FALSE,0,0,0,NA,0,NA,5.68,NA
2007,3,97,SFO,Ray McDonald,DE,22,FALSE,0,0,5,8,35,115,5.19,4.375
2007,3,98,IND,Quinn Pitcock,DT,23,FALSE,0,0,0,1,1,9,8.84,1
2007,3,99,OAK,Johnnie Lee Higgins,WR,23,FALSE,0,0,0,4,9,60,7.37,2.25
2007,4,102,MIN,Brian Robison,DE,24,FALSE,0,0,6,11,46,173,9.59,4.181818181818182
2007,4,104,SFO,Jay Moore,DE,NA,FALSE,0,0,0,NA,0,NA,8.45,NA
2007,4,107,NOR,Antonio Pittman,RB,21,FALSE,0,0,0,2,3,23,9.24,1.5
2007,4,108,MIA,Paul Soliai,DT,23,FALSE,0,1,6,10,41,138,6.68,4.1
2007,4,109,ATL,Stephen Nicholas,LB,24,FALSE,0,0,4,7,27,101,6.67,3.857142857142857
2007,4,111,BUF,Dwayne Wright,RB,24,FALSE,0,0,0,1,1,15,2.71,1
2007,4,113,JAX,Brian Smith,DE,NA,FALSE,0,0,0,NA,0,NA,9.18,NA
2007,4,113,JAX,Brian Smith,DE,NA,FALSE,0,0,0,NA,0,NA,5.62,NA
2007,4,115,TEN,Leroy Harris,OC,23,FALSE,0,0,3,7,19,76,3.25,2.7142857142857144
2007,4,116,NYG,Zak DeOssie,LB,23,FALSE,0,2,0,13,21,199,9.97,1.6153846153846154
2007,4,118,CAR,Ryne Robinson,WR,22,FALSE,0,0,0,1,0,16,5.84,0
2007,4,119,GNB,Allen Barbre,OT,23,FALSE,0,0,2,11,23,92,9.45,2.090909090909091
2007,4,120,SEA,Baraka Atkins,DE,22,FALSE,0,0,0,2,2,21,7.3,1
2007,4,121,DEN,Marcus Thomas,DT,21,FALSE,0,0,2,5,14,76,3.77,2.8
2007,4,122,DAL,Doug Free,OT,23,FALSE,0,0,7,10,49,124,9.58,4.9
2007,4,124,SEA,Mansfield Wrotto,OG,22,FALSE,0,0,1,4,6,27,1.96,1.5
2007,4,125,NOR,Jermon Bushrod,OT,23,FALSE,0,2,8,12,62,145,8.71,5.166666666666667
2007,4,127,NWE,Kareem Brown,DT,24,FALSE,0,0,0,1,0,1,1.92,0
2007,4,128,TEN,Chris Davis,WR,23,FALSE,0,0,0,2,0,17,6.78,0
2007,4,129,SDG,Scott Chandler,TE,22,FALSE,0,0,2,9,18,90,6.2,2
2007,4,132,PIT,Ryan McBean,DT,23,FALSE,0,0,1,5,11,47,7.87,2.2
2007,4,133,ATL,Martrez Milner,TE,23,FALSE,0,0,0,1,0,8,6.65,0
2007,4,134,BAL,Antwan Barnes,LB,22,FALSE,0,0,0,8,7,88,9.08,0.875
2007,4,135,SFO,Joe Cohen,DT,23,FALSE,0,0,0,3,0,7,4.22,0
2007,4,136,IND,Clint Session,LB,22,FALSE,0,0,2,5,20,57,7.99,4
2007,5,138,OAK,Jay Richardson,DE,23,FALSE,0,0,2,7,12,59,4.53,1.7142857142857142
2007,5,139,STL,Dustin Fry,OC,23,FALSE,0,0,0,1,0,4,3.45,0
2007,5,141,TAM,Greg Peterson,DE,23,FALSE,0,0,0,3,2,14,7.06,0.6666666666666666
2007,5,142,ARI,Steve Breaston,WR,24,FALSE,0,0,3,6,26,86,8.3,4.333333333333333
2007,5,143,WAS,Dallas Sartz,LB,NA,FALSE,0,0,0,NA,0,NA,8.18,NA
2007,5,146,MIN,Aundrae Allison,WR,21,FALSE,0,0,0,2,3,26,9.58,1.5
2007,5,148,KAN,Kolby Smith,RB,22,FALSE,0,0,0,3,4,27,7.52,1.3333333333333333
2007,5,149,JAX,Uche Nwaneri,OG,23,FALSE,0,0,6,7,37,104,3.54,5.285714285714286
2007,5,151,CIN,Jeff Rowe,QB,23,FALSE,0,0,0,NA,0,NA,7.85,NA
2007,5,152,TEN,Antonio Johnson,DT,22,FALSE,0,0,3,7,21,83,7.51,3
2007,5,153,NYG,Kevin Boss,TE,23,FALSE,0,0,4,6,17,74,8.13,2.8333333333333335
2007,5,154,STL,Clifton Ryan,DT,23,FALSE,0,0,2,4,13,49,4.81,3.25
2007,5,155,CAR,Dante Rosario,TE,22,FALSE,0,0,1,8,9,122,6.17,1.125
2007,5,156,PIT,Cameron Stephenson,OG,NA,FALSE,0,0,0,NA,0,NA,4.96,NA
2007,5,157,GNB,David Clowney,WR,22,FALSE,0,0,0,4,3,28,8.13,0.75
2007,5,158,DET,Johnny Baldwin,LB,23,FALSE,0,0,0,1,0,3,9.45,0
2007,5,161,SEA,Will Herring,LB,24,FALSE,0,0,0,8,10,109,9.49,1.25
2007,5,162,PHI,Brent Celek,TE,22,FALSE,0,0,9,11,35,175,7.96,3.1818181818181817
2007,5,163,HOU,Brandon Frye,OT,24,FALSE,0,0,0,3,2,11,9.11,0.6666666666666666
2007,5,164,CAR,Tim Shaw,LB,23,FALSE,0,0,0,6,6,80,8.89,1
2007,5,169,IND,Roy Hall,WR,23,FALSE,0,0,0,2,0,7,9.93,0
2007,5,171,NWE,Clint Oldenburg,OT,23,FALSE,0,0,0,1,0,2,6.9,0
2007,5,172,SDG,Legedu Naanee,WR,23,FALSE,0,0,2,6,13,73,9.8,2.1666666666666665
2007,5,174,BAL,Troy Smith,QB,23,FALSE,0,0,0,4,6,20,9.47,1.5
2007,6,175,OAK,Oren O'Neal,FB,23,FALSE,0,0,0,3,0,18,9.33,0
2007,6,176,MIN,Rufus Alexander,LB,24,FALSE,0,0,0,2,0,1,5.24,0
2007,6,177,NYJ,Jacob Bender,OT,22,FALSE,0,0,0,1,0,2,7.68,0
2007,6,179,WAS,H.B. Blades,LB,22,FALSE,0,0,0,4,9,64,6.64,2.25
2007,6,182,TAM,Adam Hayward,LB,23,FALSE,0,0,1,8,11,118,8.25,1.375
2007,6,183,HOU,Kasey Studdard,OG,23,FALSE,0,0,1,4,8,25,6.54,2
2007,6,185,ATL,Trey Lewis,DT,22,FALSE,0,0,0,4,4,18,8.25,1
2007,6,186,SFO,Thomas Clayton,RB,NA,FALSE,0,0,0,NA,0,NA,5.13,NA
2007,6,187,CIN,Matt Toeaina,DT,22,FALSE,0,0,2,6,12,36,7.99,2
2007,6,188,TEN,Joel Filani,WR,NA,FALSE,0,0,0,NA,0,NA,7.8,NA
2007,6,189,NYG,Adam Koets,OT,23,FALSE,0,0,0,4,3,11,9.24,0.75
2007,6,190,STL,Ken Shackleford,OT,NA,FALSE,0,0,0,NA,0,NA,3.78,NA
2007,6,191,GNB,Korey Hall,LB,24,FALSE,0,0,2,5,0,61,8.22,0
2007,6,192,GNB,Desmond Bishop,LB,23,FALSE,0,0,2,8,18,75,5.82,2.25
2007,6,195,DAL,Deon Anderson,FB,24,FALSE,0,0,1,4,1,39,6.16,0.25
2007,6,197,SEA,Courtney Taylor,WR,23,FALSE,0,0,0,2,1,18,8.67,0.5
2007,6,198,ATL,Doug Datish,OC,NA,FALSE,0,0,0,NA,0,NA,7.89,NA
2007,6,199,MIA,Drew Mormino,OC,NA,FALSE,0,0,0,NA,0,NA,7.16,NA
2007,6,200,CLE,Melila Purcell,DE,NA,FALSE,0,0,0,NA,0,NA,1.55,NA
2007,6,204,TEN,Jacob Ford,DE,24,FALSE,0,0,0,4,7,43,7.49,1.75
2007,6,205,WAS,Jordan Palmer,QB,23,FALSE,0,0,0,8,0,5,4.58,0
2007,6,207,BAL,Prescott Burgess,LB,23,FALSE,0,0,0,5,2,40,3.94,0.4
2007,6,208,NWE,Justise Hairston,RB,NA,FALSE,0,0,0,NA,0,NA,9.33,NA
2007,6,209,NWE,Corey Hilliard,OT,22,FALSE,0,0,0,8,9,47,7.24,1.125
2007,7,211,NWE,Oscar Lua,LB,NA,FALSE,0,0,0,NA,0,NA,5.23,NA
2007,7,213,CLE,Chase Pittman,DE,NA,FALSE,0,0,0,NA,0,NA,2.96,NA
2007,7,214,TAM,Chris Denman,OT,NA,FALSE,0,0,0,NA,0,NA,2.32,NA
2007,7,215,ARI,Ben Patrick,TE,23,FALSE,0,0,2,4,4,42,7.93,1
2007,7,216,WAS,Tyler Ecker,TE,NA,FALSE,0,0,0,NA,0,NA,6.56,NA
2007,7,217,MIN,Tyler Thigpen,QB,23,FALSE,0,0,1,6,10,29,6.39,1.6666666666666667
2007,7,219,MIA,Kelvin Smith,LB,23,FALSE,0,0,0,3,0,7,5.43,0
2007,7,220,NOR,Marvin Mitchell,LB,22,FALSE,0,0,1,7,12,98,5.49,1.7142857142857142
2007,7,227,PIT,Dallas Baker,WR,24,FALSE,0,0,0,2,0,8,9.25,0
2007,7,228,GNB,DeShawn Wynn,RB,23,FALSE,0,0,0,4,3,23,6.03,0.75
2007,7,229,JAX,John Broussard,WR,23,FALSE,0,0,0,1,2,8,9.78,2
2007,7,230,CIN,Dan Santucci,OG,24,FALSE,0,0,0,1,0,2,8.02,0
2007,7,231,KAN,Michael Allan,TE,NA,FALSE,0,0,0,NA,0,NA,8.91,NA
2007,7,233,MIN,Chandler Williams,WR,NA,FALSE,0,0,0,NA,0,NA,5.77,NA
2007,7,234,CLE,Syndric Steptoe,WR,22,FALSE,0,0,0,2,1,16,4.96,0.5
2007,7,235,NYJ,Chansi Stuckey,WR,23,FALSE,0,0,0,5,10,55,6.09,2
2007,7,236,PHI,Nate Ilaoa,RB,NA,FALSE,0,0,0,NA,0,NA,1.37,NA
2007,7,238,MIA,Abraham Wright,DE,NA,FALSE,0,0,0,NA,0,NA,3.15,NA
2007,7,239,BUF,C.J. Ah You,DE,25,FALSE,0,0,0,5,4,33,9.18,0.8
2007,7,240,SDG,Brandon Siler,LB,21,FALSE,0,0,1,6,12,74,5.75,2
2007,7,243,GNB,Clark Harris,TE,23,FALSE,0,1,0,16,11,206,7.82,0.6875
2007,7,246,TAM,Kenneth Darby,RB,24,FALSE,0,0,0,4,4,41,0.42,1
2007,7,248,STL,Keith Jackson,DT,NA,FALSE,0,0,0,NA,0,NA,7.7,NA
2007,7,250,NYG,Ahmad Bradshaw,RB,21,FALSE,0,0,3,9,42,103,3.86,4.666666666666667
2007,7,254,OAK,Jonathan Holland,WR,22,FALSE,0,0,0,3,1,17,7.05,0.3333333333333333
2008,1,1,MIA,Jake Long,OT,23,FALSE,1,4,6,9,54,104,9.34,6
2008,1,2,STL,Chris Long,DE,23,FALSE,0,0,6,11,48,162,9.71,4.363636363636363
2008,1,3,ATL,Matt Ryan,QB,23,FALSE,1,4,15,15,146,234,5.8,9.733333333333333
2008,1,4,OAK,Darren McFadden,RB,21,FALSE,0,0,4,10,39,103,9.59,3.9
2008,1,5,KAN,Glenn Dorsey,DT,23,FALSE,0,0,7,9,37,104,3.74,4.111111111111111
2008,1,6,NYJ,Vernon Gholston,DE,22,FALSE,0,0,0,3,6,45,9.65,2
2008,1,7,NOR,Sedrick Ellis,DT,23,FALSE,0,0,5,5,26,70,2.29,5.2
2008,1,8,JAX,Derrick Harvey,DE,21,FALSE,0,0,1,4,14,52,8.14,3.5
2008,1,9,CIN,Keith Rivers,LB,22,FALSE,0,0,4,7,24,74,9.73,3.4285714285714284
2008,1,10,NWE,Jerod Mayo,LB,22,FALSE,1,2,7,8,51,103,8.13,6.375
2008,1,12,DEN,Ryan Clady,OT,22,FALSE,2,4,7,9,65,107,9.36,7.222222222222222
2008,1,13,CAR,Jonathan Stewart,RB,21,FALSE,0,1,5,11,48,134,9.87,4.363636363636363
2008,1,14,CHI,Chris Williams,OT,23,FALSE,0,0,4,7,25,72,6.83,3.5714285714285716
2008,1,17,DET,Gosder Cherilus,OT,24,FALSE,0,0,8,9,48,132,7.72,5.333333333333333
2008,1,18,BAL,Joe Flacco,QB,23,FALSE,0,1,12,18,97,209,8.14,5.388888888888889
2008,1,19,CAR,Jeff Otah,OT,22,FALSE,0,0,2,4,14,29,5.11,3.5
2008,1,21,ATL,Sam Baker,OT,23,FALSE,0,0,3,6,32,70,4.31,5.333333333333333
2008,1,22,DAL,Felix Jones,RB,21,FALSE,0,0,1,6,27,80,8.09,4.5
2008,1,23,PIT,Rashard Mendenhall,RB,21,FALSE,0,0,4,6,29,72,8.96,4.833333333333333
2008,1,24,TEN,Chris Johnson,RB,22,FALSE,1,3,7,10,70,130,9.57,7
2008,1,26,HOU,Duane Brown,OT,23,FALSE,1,5,15,16,91,220,8.82,5.6875
2008,1,28,SEA,Lawrence Jackson,DE,23,FALSE,0,0,2,5,15,69,7.76,3
2008,1,29,SFO,Kentwan Balmer,DT,21,FALSE,0,0,1,4,7,46,4.67,1.75
2008,1,30,NYJ,Dustin Keller,TE,23,FALSE,0,0,3,5,22,72,9.5,4.4
2008,2,33,STL,Donnie Avery,WR,24,FALSE,0,0,4,7,21,77,9.44,3
2008,2,34,WAS,Devin Thomas,WR,21,FALSE,0,0,1,4,4,55,8.66,1
2008,2,36,GNB,Jordy Nelson,WR,23,FALSE,0,1,7,11,73,151,7.4,6.636363636363637
2008,2,37,ATL,Curtis Lofton,LB,22,FALSE,0,0,8,8,49,128,2.62,6.125
2008,2,38,SEA,John Carlson,TE,24,FALSE,0,0,4,7,16,90,6.95,2.2857142857142856
2008,2,39,SFO,Chilo Rachal,OG,22,FALSE,0,0,3,5,20,64,7.47,4
2008,2,41,BUF,James Hardy,WR,22,FALSE,0,0,0,2,1,16,9.46,0.5
2008,2,42,DEN,Eddie Royal,WR,22,FALSE,0,0,6,9,35,116,7.98,3.888888888888889
2008,2,44,CHI,Matt Forte,RB,22,FALSE,0,2,9,10,84,146,9.71,8.4
2008,2,45,DET,Jordon Dizon,LB,22,FALSE,0,0,0,2,2,28,4.85,1
2008,2,46,CIN,Jerome Simpson,WR,22,FALSE,0,0,3,8,18,63,8.74,2.25
2008,2,47,PHI,Trevor Laws,DT,23,FALSE,0,0,0,4,7,56,7.8,1.75
2008,2,48,WAS,Fred Davis,TE,22,FALSE,0,0,3,6,14,72,7.11,2.3333333333333335
2008,2,49,PHI,DeSean Jackson,WR,21,FALSE,0,3,11,15,75,183,7.5,5
2008,2,50,ARI,Calais Campbell,DE,22,FALSE,1,6,17,18,113,278,3.84,6.277777777777778
2008,2,51,WAS,Malcolm Kelly,WR,21,FALSE,0,0,1,2,3,21,5.01,1.5
2008,2,53,PIT,Limas Sweed,WR,23,FALSE,0,0,0,2,1,20,8,0.5
2008,2,54,TEN,Jason Jones,DE,22,FALSE,0,0,4,9,32,109,8.43,3.5555555555555554
2008,2,55,BAL,Ray Rice,RB,21,FALSE,0,3,5,6,63,92,8.18,10.5
2008,2,56,GNB,Brian Brohm,QB,22,FALSE,0,0,0,3,0,3,7.46,0
2008,2,57,MIA,Chad Henne,QB,23,FALSE,0,0,3,15,26,78,5.06,1.7333333333333334
2008,2,58,TAM,Dexter Jackson,WR,22,FALSE,0,0,0,1,0,7,6.02,0
2008,2,61,DAL,Martellus Bennett,TE,21,FALSE,0,1,8,10,35,144,8.57,3.5
2008,3,64,DET,Kevin Smith,RB,21,FALSE,0,0,2,5,19,54,7.3,3.8
2008,3,64,DET,Kevin Smith,RB,21,FALSE,0,0,2,5,19,54,4.83,3.8
2008,3,65,STL,John Greco,OT,23,FALSE,0,0,5,11,29,132,6.07,2.6363636363636362
2008,3,66,MIA,Kendall Langford,DE,22,FALSE,0,0,8,10,43,136,5.2,4.3
2008,3,69,SDG,Jacob Hester,FB,23,FALSE,0,0,1,5,6,65,6.8,1.2
2008,3,70,CHI,Earl Bennett,WR,21,FALSE,0,0,1,6,19,78,5.99,3.1666666666666665
2008,3,71,BAL,Tavares Gooden,LB,23,FALSE,0,0,1,6,9,58,8.76,1.5
2008,3,72,BUF,Chris Ellis,DE,23,FALSE,0,0,0,3,2,15,5.31,0.6666666666666666
2008,3,73,KAN,Jamaal Charles,RB,21,FALSE,2,4,4,11,66,119,8.56,6
2008,3,74,CAR,Dan Connor,LB,22,FALSE,0,0,2,6,13,62,8.59,2.1666666666666665
2008,3,76,KAN,Brad Cottam,TE,23,FALSE,0,0,1,2,2,24,9.95,1
2008,3,77,CIN,Pat Sims,DT,22,FALSE,0,0,3,10,27,130,3.85,2.7
2008,3,78,NWE,Shawn Crable,LB,23,FALSE,0,0,0,3,0,6,7.17,0
2008,3,80,PHI,Bryan Smith,LB,24,FALSE,0,0,0,2,1,6,6.69,0.5
2008,3,81,ARI,Early Doucet,WR,22,FALSE,0,0,0,5,10,54,4.44,2
2008,3,84,ATL,Harry Douglas,WR,23,FALSE,0,0,2,10,31,118,7.17,3.1
2008,3,85,TEN,Craig Stevens,TE,24,FALSE,0,0,5,8,5,109,8.59,0.625
2008,3,87,DET,Andre Fluellen,DT,23,FALSE,0,0,0,8,8,81,7.21,1
2008,3,88,PIT,Bruce Davis,LB,23,FALSE,0,0,0,4,0,15,4.39,0
2008,3,89,HOU,Steve Slaton,RB,22,FALSE,0,0,2,4,21,45,6.96,5.25
2008,3,90,CHI,Marcus Harrison,DT,24,FALSE,0,0,1,3,6,37,8.48,2
2008,3,91,GNB,Jermichael Finley,TE,21,FALSE,0,0,3,6,27,70,6.42,4.5
2008,3,93,IND,Philip Wheeler,LB,23,FALSE,0,0,3,9,29,133,8.2,3.2222222222222223
2008,3,94,NWE,Kevin O'Connell,QB,23,FALSE,0,0,0,1,0,2,9.65,0
2008,3,95,NYG,Mario Manningham,WR,22,FALSE,0,0,4,6,22,67,4.15,3.6666666666666665
2008,3,97,CIN,Andre Caldwell,WR,23,FALSE,0,0,0,8,12,105,9.54,1.5
2008,4,102,GNB,Jeremy Thompson,DE,22,FALSE,0,0,0,2,1,15,9.55,0.5
2008,4,104,CLE,Beau Bell,LB,22,FALSE,0,0,0,1,0,5,1.74,0
2008,4,105,KAN,Will Franklin,WR,22,FALSE,0,0,0,1,1,13,9.82,1
2008,4,106,BAL,Marcus Smith,WR,23,FALSE,0,0,0,3,0,21,6.26,0
2008,4,107,SFO,Cody Wallace,OC,23,FALSE,0,0,1,8,13,49,8.51,1.625
2008,4,108,DEN,Kory Lichtensteiger,OC,23,FALSE,0,0,4,9,34,93,4.13,3.7777777777777777
2008,4,112,CIN,Anthony Collins,OT,22,FALSE,0,0,1,7,16,69,2.87,2.2857142857142856
2008,4,115,TAM,Dre Moore,DT,23,FALSE,0,0,0,2,1,7,9.32,0.5
2008,4,116,ARI,Kenny Iwebema,DE,23,FALSE,0,0,0,3,2,31,5.43,0.6666666666666666
2008,4,118,HOU,Xavier Adibi,LB,23,FALSE,0,0,0,5,4,44,6.54,0.8
2008,4,121,SEA,Red Bryant,DT,24,FALSE,0,0,4,8,31,86,8.28,3.875
2008,4,122,DAL,Tashard Choice,RB,23,FALSE,0,0,0,6,13,88,8.9,2.1666666666666665
2008,4,123,NYG,Bryan Kehl,LB,24,FALSE,0,0,0,6,7,72,9.67,1.1666666666666667
2008,4,125,OAK,Arman Shields,WR,23,FALSE,0,0,0,NA,0,NA,9.87,NA
2008,4,126,TEN,Lavelle Hawkins,WR,22,FALSE,0,0,0,6,7,56,5.36,1.1666666666666667
2008,4,127,IND,Jacob Tamme,TE,23,FALSE,0,0,2,9,21,130,7.08,2.3333333333333335
2008,4,128,STL,Keenan Burton,WR,23,FALSE,0,0,1,2,3,22,9.17,1.5
2008,4,130,PIT,Tony Hills,OT,23,FALSE,0,0,0,9,3,32,4.31,0.3333333333333333
2008,4,132,BUF,Derek Fine,TE,25,FALSE,0,0,1,2,2,18,7.53,1
2008,4,133,BAL,David Hale,OT,25,FALSE,0,0,0,2,1,18,7.19,0.5
2008,4,134,TEN,Stanford Keglar,LB,23,FALSE,0,0,0,3,3,35,9.92,1
2008,5,137,MIN,John David Booty,QB,NA,FALSE,0,0,0,NA,0,NA,3.73,NA
2008,5,138,ATL,Robert James,LB,24,FALSE,0,0,0,6,1,19,2.43,0.16666666666666666
2008,5,139,DEN,Ryan Torain,RB,22,FALSE,0,0,1,5,5,22,7.91,1
2008,5,141,CAR,Gary Barnidge,TE,22,FALSE,0,1,4,9,14,124,9.39,1.5555555555555556
2008,5,144,NOR,DeMario Pressley,DT,22,FALSE,0,0,0,4,1,8,7.12,0.25
2008,5,145,CIN,Jason Shirley,DT,22,FALSE,0,0,0,4,0,7,10,0
2008,5,146,DET,Jerome Felton,FB,22,FALSE,0,1,3,9,3,132,7.97,0.3333333333333333
2008,5,147,BUF,Alvin Bowen,LB,24,FALSE,0,0,0,3,0,2,5.1,0
2008,5,148,DEN,Carlton Powell,DT,23,FALSE,0,0,0,4,0,3,3.72,0
2008,5,150,GNB,Breno Giacomini,OT,22,FALSE,0,0,5,10,36,94,8.34,3.6
2008,5,151,HOU,Frank Okam,DT,22,FALSE,0,0,0,4,3,25,2.45,0.75
2008,5,152,MIN,Letroy Guion,DT,21,FALSE,0,0,4,9,28,112,6.1,3.111111111111111
2008,5,154,ATL,Kroy Biermann,LB,22,FALSE,0,0,3,8,24,114,5.81,3
2008,5,155,JAX,Thomas Williams,LB,23,FALSE,0,0,0,4,1,15,2.99,0.25
2008,5,157,STL,Roy Schuening,OG,24,FALSE,0,0,0,1,0,1,7.39,0
2008,5,158,CHI,Kellen Davis,TE,22,FALSE,0,0,4,9,5,125,9.15,0.5555555555555556
2008,5,160,TAM,Josh Johnson,QB,22,FALSE,0,0,0,18,9,50,7.72,0.5
2008,5,161,IND,Marcus Howard,LB,22,FALSE,0,0,0,1,1,9,9.33,1
2008,5,162,NYJ,Erik Ainge,QB,22,FALSE,0,0,0,NA,0,NA,3.61,NA
2008,5,163,SEA,Owen Schmitt,FB,23,FALSE,0,0,0,5,1,74,9.77,0.2
2008,5,165,NYG,Jonathan Goff,LB,22,FALSE,0,0,1,3,9,37,9.49,3
2008,5,166,SDG,Marcus Thomas,RB,24,FALSE,0,0,0,1,0,3,6.54,0
2008,6,169,OAK,Trevor Scott,DE,24,FALSE,0,0,2,7,11,85,9.88,1.5714285714285714
2008,6,170,KAN,Barry Richardson,OT,22,FALSE,0,0,3,6,19,65,3.97,3.1666666666666665
2008,6,171,NYJ,Marcus Henry,WR,22,FALSE,0,0,0,NA,0,NA,7.02,NA
2008,6,172,ATL,Thomas Brown,RB,22,FALSE,0,0,0,NA,0,NA,7.75,NA
2008,6,174,SFO,Josh Morgan,WR,23,FALSE,0,0,5,7,21,93,9.13,3
2008,6,175,TAM,Geno Hayes,LB,21,FALSE,0,0,5,7,30,101,5.18,4.285714285714286
2008,6,176,MIA,Jalen Parmele,RB,22,FALSE,0,0,0,7,1,36,9.55,0.14285714285714285
2008,6,179,BUF,Xavier Omon,RB,23,FALSE,0,0,0,2,0,7,6.49,0
2008,6,181,CAR,Nick Hayden,DT,22,FALSE,0,0,4,8,25,76,5.83,3.125
2008,6,182,KAN,Kevin Robinson,WR,23,FALSE,0,0,0,1,0,8,1.3,0
2008,6,183,DEN,Spencer Larsen,LB,24,FALSE,0,0,1,6,5,63,1.69,0.8333333333333334
2008,6,185,ARI,Chris Harrington,DE,23,FALSE,0,0,0,2,0,6,8.49,0
2008,6,187,MIN,John Sullivan,OC,23,FALSE,0,0,8,11,54,153,7.11,4.909090909090909
2008,6,188,PIT,Mike Humpal,LB,23,FALSE,0,0,0,NA,0,NA,7.4,NA
2008,6,190,CLE,Ahtyba Rubin,DT,22,FALSE,0,0,7,10,47,144,5.46,4.7
2008,6,191,CLE,Paul Hubbard,WR,23,FALSE,0,0,0,3,0,1,9,0
2008,6,193,MIN,Jaymar Johnson,WR,24,FALSE,0,0,0,4,0,7,6.28,0
2008,6,195,MIA,Donald Thomas,OG,22,FALSE,0,0,1,6,16,45,7.93,2.6666666666666665
2008,6,196,IND,Tom Santi,TE,22,FALSE,0,0,0,2,2,9,6.76,1
2008,6,197,NWE,Bo Ruud,LB,24,FALSE,0,0,0,NA,0,NA,7.28,NA
2008,6,198,NYG,Andre Woodson,QB,24,FALSE,0,0,0,NA,0,NA,7.28,NA
2008,6,199,NYG,Robert Henderson,DE,24,FALSE,0,0,0,NA,0,NA,7.8,NA
2008,6,201,IND,Steve Justice,OC,24,FALSE,0,0,0,1,1,8,5.92,1
2008,6,202,IND,Mike Hart,RB,22,FALSE,0,0,0,3,3,21,3.62,1
2008,6,205,IND,Pierre Garcon,WR,22,FALSE,0,0,10,11,54,148,9.41,4.909090909090909
2008,6,207,CIN,Matt Sherry,TE,23,FALSE,0,0,0,NA,0,NA,8.73,NA
2008,7,209,GNB,Matt Flynn,QB,23,FALSE,0,0,0,7,8,51,7.51,1.1428571428571428
2008,7,210,KAN,Brian Johnston,DE,22,FALSE,0,0,0,1,0,9,10,0
2008,7,213,JAX,Chauncey Washington,RB,23,FALSE,0,0,0,4,0,11,7.57,0
2008,7,214,SFO,Larry Grant,LB,23,FALSE,0,0,1,6,10,68,6.84,1.6666666666666667
2008,7,215,BAL,Justin Harper,WR,23,FALSE,0,0,0,2,0,2,6.9,0
2008,7,223,HOU,Alex Brink,QB,23,FALSE,0,0,0,NA,0,NA,6.15,NA
2008,7,225,ARI,Brandon Keith,OT,23,FALSE,0,0,2,4,8,26,6.91,2
2008,7,226,OAK,Chaz Schilens,WR,22,FALSE,0,0,1,5,7,59,9.89,1.4
2008,7,230,PHI,King Dunlap,OT,22,FALSE,0,0,4,9,32,98,6.75,3.5555555555555554
2008,7,232,ATL,Keith Zinger,TE,23,FALSE,0,0,0,2,0,15,3.45,0
2008,7,233,SEA,Justin Forsett,RB,22,FALSE,0,1,2,9,32,122,4.18,3.5555555555555554
2008,7,234,SDG,Corey Clark,OT,24,FALSE,0,0,0,2,0,2,6.31,0
2008,7,237,NOR,Adrian Arrington,WR,22,FALSE,0,0,0,4,1,5,9.32,0.25
2008,7,238,TAM,Cory Boyd,RB,23,FALSE,0,0,0,1,0,1,9.24,0
2008,7,240,BAL,Allen Patrick,RB,24,FALSE,0,0,0,NA,0,NA,6.31,NA
2008,7,244,CIN,Angelo Craig,LB,NA,FALSE,0,0,0,NA,0,NA,3.66,NA
2008,7,245,MIA,Lionel Dotson,DT,23,FALSE,0,0,0,4,0,12,1.72,0
2008,7,246,CIN,Mario Urrutia,WR,22,FALSE,0,0,0,NA,0,NA,5.21,NA
2008,7,247,CHI,Kirk Barton,OT,23,FALSE,0,0,0,1,0,1,9.4,0
2008,7,248,CHI,Marcus Monk,WR,22,FALSE,0,0,0,NA,0,NA,5.89,NA
2008,7,250,CAR,Mackenzy Bernadeau,OG,22,FALSE,0,0,2,8,25,111,8.91,3.125
2008,7,252,STL,David Vobora,LB,22,FALSE,0,0,1,4,8,40,7.47,2
2009,1,1,DET,Matthew Stafford,QB,21,FALSE,1,3,16,17,133,239,6.03,7.823529411764706
2009,1,2,STL,Jason Smith,OT,23,FALSE,0,0,2,4,10,45,6.2,2.5
2009,1,3,KAN,Tyson Jackson,DE,23,FALSE,0,0,7,8,34,122,1.79,4.25
2009,1,4,SEA,Aaron Curry,LB,23,FALSE,0,0,3,4,16,48,9.24,4
2009,1,5,NYJ,Mark Sanchez,QB,22,FALSE,0,0,4,10,32,79,6.42,3.2
2009,1,6,CIN,Andre Smith,OT,22,FALSE,0,0,8,13,41,121,4.02,3.1538461538461537
2009,1,7,OAK,Darrius Heyward-Bey,WR,22,FALSE,0,0,5,10,23,144,9.86,2.3
2009,1,8,JAX,Eugene Monroe,OT,22,FALSE,0,0,6,7,32,93,5.66,4.571428571428571
2009,1,9,GNB,B.J. Raji,DT,23,FALSE,0,1,5,7,33,91,4.33,4.714285714285714
2009,1,11,BUF,Aaron Maybin,DE,21,FALSE,0,0,0,4,5,48,6.44,1.25
2009,1,12,DEN,Knowshon Moreno,RB,22,FALSE,0,0,3,6,33,63,6.77,5.5
2009,1,15,HOU,Brian Cushing,LB,22,FALSE,0,1,7,9,52,104,9.59,5.777777777777778
2009,1,16,SDG,Larry English,LB,23,FALSE,0,0,1,6,7,64,4.85,1.1666666666666667
2009,1,17,TAM,Josh Freeman,QB,21,FALSE,0,0,4,7,37,62,6.84,5.285714285714286
2009,1,18,DEN,Robert Ayers,DE,24,FALSE,0,0,5,9,27,120,1.75,3
2009,1,19,PHI,Jeremy Maclin,WR,21,FALSE,0,0,8,9,50,114,6.57,5.555555555555555
2009,1,20,DET,Brandon Pettigrew,TE,24,FALSE,0,0,7,7,22,93,7.73,3.142857142857143
2009,1,21,CLE,Alex Mack,OC,23,FALSE,0,7,12,13,86,196,8.32,6.615384615384615
2009,1,22,MIN,Percy Harvin,WR,21,FALSE,0,1,4,8,43,75,8.81,5.375
2009,1,23,BAL,Michael Oher,OT,23,FALSE,0,0,7,8,42,110,5.28,5.25
2009,1,24,ATL,Peria Jerry,DT,25,FALSE,0,0,2,5,13,64,9.1,2.6
2009,1,26,GNB,Clay Matthews,LB,23,FALSE,1,6,10,11,77,156,9.68,7
2009,1,27,IND,Donald Brown,RB,22,FALSE,0,0,1,7,25,89,8.78,3.5714285714285716
2009,1,28,BUF,Eric Wood,OC,23,FALSE,0,1,9,9,47,120,8.46,5.222222222222222
2009,1,29,NYG,Hakeem Nicks,WR,21,FALSE,0,0,4,7,40,92,3.55,5.714285714285714
2009,1,30,TEN,Kenny Britt,WR,20,FALSE,0,0,5,9,35,116,7.37,3.888888888888889
2009,1,31,ARI,Beanie Wells,RB,21,FALSE,0,0,2,4,14,51,9.26,3.5
2009,2,35,STL,James Laurinaitis,LB,22,FALSE,0,0,7,8,51,117,5.47,6.375
2009,2,36,CLE,Brian Robiskie,WR,21,FALSE,0,0,1,5,3,38,7.86,0.6
2009,2,38,CIN,Rey Maualuga,LB,22,FALSE,0,0,9,9,49,120,2.5,5.444444444444445
2009,2,39,JAX,Eben Britton,OT,21,FALSE,0,0,1,6,17,60,7.32,2.8333333333333335
2009,2,40,NWE,Ron Brace,DT,22,FALSE,0,0,1,4,6,39,1.64,1.5
2009,2,43,CAR,Everette Brown,DE,22,FALSE,0,0,0,6,6,44,5.31,1
2009,2,44,MIA,Pat White,QB,23,FALSE,0,0,0,1,1,13,7.4,1
2009,2,45,NYG,Clint Sintim,LB,23,FALSE,0,0,0,2,2,24,6.96,1
2009,2,46,HOU,Connor Barwin,DE,22,FALSE,0,1,7,10,51,142,9.56,5.1
2009,2,49,SEA,Max Unger,OC,23,FALSE,1,3,9,10,69,130,4.86,6.9
2009,2,50,CLE,Mohamed Massaquoi,WR,22,FALSE,0,0,3,4,11,54,5.9,2.75
2009,2,51,BUF,Andy Levitre,OG,23,FALSE,0,0,9,10,55,143,4.91,5.5
2009,2,53,PHI,LeSean McCoy,RB,21,FALSE,2,6,10,12,83,170,6.2,6.916666666666667
2009,2,54,MIN,Phil Loadholt,OT,23,FALSE,0,0,6,6,36,89,3.15,6
2009,2,56,IND,Fili Moala,DT,24,FALSE,0,0,3,5,19,64,6.12,3.8
2009,2,57,BAL,Paul Kruger,DE,23,FALSE,0,0,4,8,29,114,4.58,3.625
2009,2,58,NWE,Sebastian Vollmer,OT,25,FALSE,0,0,5,7,52,88,9.98,7.428571428571429
2009,2,62,TEN,Sen'Derrick Marks,DT,22,FALSE,0,0,4,8,27,103,6.16,3.375
2009,2,63,ARI,Cody Brown,LB,22,FALSE,0,0,0,NA,0,NA,6.24,NA
2009,2,64,DEN,Richard Quinn,TE,23,FALSE,0,0,0,3,0,30,4.22,0
2009,3,65,NYJ,Shonn Greene,RB,24,FALSE,0,0,2,6,23,85,5.05,3.8333333333333335
2009,3,69,DAL,Jason Williams,LB,23,FALSE,0,0,0,6,4,60,9.91,0.6666666666666666
2009,3,70,CIN,Michael Johnson,DE,22,FALSE,0,0,8,10,54,155,9.65,5.4
2009,3,71,OAK,Matt Shaughnessy,DE,22,FALSE,0,0,3,6,22,75,2.81,3.6666666666666665
2009,3,72,JAX,Terrance Knighton,DT,23,FALSE,0,0,6,7,37,108,2.37,5.285714285714286
2009,3,74,SFO,Glen Coffee,RB,22,FALSE,0,0,0,1,2,14,6.39,2
2009,3,75,DAL,Robert Brewster,OT,23,FALSE,0,0,0,2,0,1,5.6,0
2009,3,78,SDG,Louis Vasquez,OG,22,FALSE,1,1,7,7,59,102,9.61,8.428571428571429
2009,3,81,TAM,Roy Miller,DT,22,FALSE,0,0,5,9,33,119,5.48,3.6666666666666665
2009,3,82,DET,Derrick Williams,WR,23,FALSE,0,0,0,2,0,18,3.34,0
2009,3,84,PIT,Mike Wallace,WR,23,FALSE,0,1,8,10,57,144,9.39,5.7
2009,3,85,NYG,Ramses Barden,WR,23,FALSE,0,0,0,4,5,29,4.93,1.25
2009,3,87,MIA,Patrick Turner,WR,22,FALSE,0,0,0,4,1,24,7.88,0.25
2009,3,89,TEN,Jared Cook,TE,22,FALSE,0,2,5,13,48,194,9.07,3.6923076923076925
2009,3,91,SEA,Deon Butler,WR,23,FALSE,0,0,1,4,4,35,5.32,1
2009,3,93,CAR,Corvey Irvin,DT,24,FALSE,0,0,0,5,1,24,4.16,0.2
2009,3,97,NWE,Tyrone McKenzie,LB,23,FALSE,0,0,0,4,1,19,4.88,0.25
2009,3,99,CHI,Juaquin Iglesias,WR,22,FALSE,0,0,0,1,0,1,4.35,0
2009,3,100,NYG,Travis Beckum,TE,22,FALSE,0,0,0,4,2,48,9.52,0.5
2009,4,101,DAL,Stephen McGee,QB,23,FALSE,0,0,0,3,2,3,7.85,0.6666666666666666
2009,4,103,STL,Darell Scott,DT,23,FALSE,0,0,0,3,5,33,7.44,1.6666666666666667
2009,4,104,CLE,Kaluka Maiava,LB,22,FALSE,0,0,1,6,13,63,4.66,2.1666666666666665
2009,4,106,CIN,Jonathan Luigs,OC,23,FALSE,0,0,0,1,1,8,6.54,1
2009,4,107,JAX,Mike Thomas,WR,22,FALSE,0,0,2,4,21,61,7.66,5.25
2009,4,107,JAX,Mike Thomas,WR,22,FALSE,0,0,2,4,21,61,8.2,5.25
2009,4,108,MIA,Brian Hartline,WR,22,FALSE,0,0,5,7,32,104,6.92,4.571428571428571
2009,4,110,DAL,Victor Butler,LB,22,FALSE,0,0,0,6,6,65,6.31,1
2009,4,111,CAR,Mike Goodson,RB,22,FALSE,0,0,0,5,7,42,7.39,1.4
2009,4,113,SDG,Vaughn Martin,DT,23,FALSE,0,0,2,5,12,51,9.94,2.4
2009,4,115,DET,Sammie Lee Hill,DT,22,FALSE,0,0,3,7,21,97,5.99,3
2009,4,117,TAM,Kyle Moore,DE,22,FALSE,0,0,1,4,8,31,5.02,2
2009,4,118,NOR,Stanley Arnoux,LB,22,FALSE,0,0,0,2,1,9,6.12,0.5
2009,4,121,BUF,Shawn Nelson,TE,23,FALSE,0,0,1,2,1,17,8.16,0.5
2009,4,122,HOU,Anthony Hill,TE,24,FALSE,0,0,0,3,0,12,5.25,0
2009,4,124,OAK,Louis Murphy,WR,22,FALSE,0,0,1,9,19,95,7.74,2.111111111111111
2009,4,125,ATL,Lawrence Sidbury,DE,23,FALSE,0,0,0,7,5,50,8.83,0.7142857142857143
2009,4,127,IND,Austin Collie,WR,23,FALSE,0,0,0,5,18,49,6.2,3.6
2009,4,129,NYG,Andre Brown,RB,22,FALSE,0,0,1,5,7,22,8.25,1.4
2009,4,130,TEN,Gerald McRath,LB,23,FALSE,0,0,1,3,7,40,7.4,2.3333333333333335
2009,4,132,DEN,Seth Olsen,OG,23,FALSE,0,0,0,4,3,14,4.74,0.75
2009,4,133,SDG,Tyronne Green,OG,23,FALSE,0,0,2,4,15,41,3.6,3.75
2009,4,134,SDG,Gartrell Johnson,RB,23,FALSE,0,0,0,2,0,19,2.61,0
2009,4,135,TEN,Troy Kropog,OT,23,FALSE,0,0,0,4,0,7,5.01,0
2009,4,136,IND,Terrance Taylor,DT,NA,FALSE,0,0,0,NA,0,NA,1.9,NA
2009,5,137,BAL,Jason Phillips,LB,23,FALSE,0,0,0,4,3,29,6.83,0.75
2009,5,139,KAN,Colin Brown,OT,24,FALSE,0,0,0,5,3,18,5.77,0.6
2009,5,140,CHI,Johnny Knox,WR,22,FALSE,0,1,2,3,20,45,8.99,6.666666666666667
2009,5,141,DEN,Kenny McKinley,WR,22,FALSE,0,0,0,1,0,8,7.66,0
2009,5,144,JAX,Jarett Dillard,WR,23,FALSE,0,0,0,3,4,21,5.52,1.3333333333333333
2009,5,146,SFO,Scott McKillop,LB,23,FALSE,0,0,0,1,2,16,7.02,2
2009,5,147,BUF,Nic Harris,LB,22,FALSE,0,0,0,2,5,30,1.49,2.5
2009,5,149,BAL,Davon Drew,TE,23,FALSE,0,0,0,NA,0,NA,4.04,NA
2009,5,150,MIN,Jasper Brinkley,LB,24,FALSE,0,0,3,7,21,94,8.29,3
2009,5,151,NYG,Rhett Bomar,QB,24,FALSE,0,0,0,NA,0,NA,7.82,NA
2009,5,153,PHI,Cornelius Ingram,TE,24,FALSE,0,0,0,NA,0,NA,6.74,NA
2009,5,154,CHI,Marcus Freeman,LB,NA,FALSE,0,0,0,NA,0,NA,8.11,NA
2009,5,155,TAM,Xavier Fulton,OT,23,FALSE,0,0,0,NA,0,NA,9.6,NA
2009,5,156,ATL,Garrett Reynolds,OT,22,FALSE,0,0,2,8,18,68,1.34,2.25
2009,5,158,WAS,Cody Glenn,LB,22,FALSE,0,0,0,2,2,19,8.67,1
2009,5,159,PHI,Fenuki Tupou,OT,24,FALSE,0,0,0,NA,0,NA,1.89,NA
2009,5,160,STL,Brooks Foster,WR,23,FALSE,0,0,0,NA,0,NA,9.76,NA
2009,5,161,MIA,John Nalbone,TE,23,FALSE,0,0,0,2,0,2,8.96,0
2009,5,162,GNB,Jamon Meredith,OT,23,FALSE,0,0,2,7,14,67,7.28,2
2009,5,163,CAR,Duke Robinson,OG,22,FALSE,0,0,0,NA,0,NA,5.67,NA
2009,5,171,SFO,Nate Davis,QB,22,FALSE,0,0,0,NA,0,NA,1.06,NA
2009,5,172,DAL,David Buehler,PK,22,FALSE,0,0,0,3,2,36,10,0.6666666666666666
2009,5,173,TEN,Javon Ringer,RB,22,FALSE,0,0,0,4,5,37,7.08,1.25
2009,6,174,DEN,Tom Brandstater,QB,24,FALSE,0,0,0,3,0,1,5.53,0
2009,6,175,KAN,Quinten Lawrence,WR,24,FALSE,0,0,0,1,0,6,9.38,0
2009,6,176,ATL,Spencer Adkins,LB,22,FALSE,0,0,0,3,2,24,8.42,0.6666666666666666
2009,6,178,SEA,Mike Teel,QB,23,FALSE,0,0,0,NA,0,NA,1.96,NA
2009,6,180,JAX,Zach Miller,TE,24,FALSE,0,0,2,9,12,66,9.29,1.3333333333333333
2009,6,180,JAX,Zach Miller,TE,24,FALSE,0,0,2,9,12,66,7.15,1.3333333333333333
2009,6,181,MIA,Andrew Gardner,OT,23,FALSE,0,0,0,8,7,28,9.77,0.875
2009,6,182,GNB,Jarius Wynn,DE,23,FALSE,0,0,0,6,8,69,1.33,1.3333333333333333
2009,6,184,SFO,Bear Pascoe,TE,23,FALSE,0,0,2,7,3,85,0.73,0.42857142857142855
2009,6,185,BAL,Cedric Peerman,RB,22,FALSE,0,1,0,8,4,92,8.88,0.5
2009,6,186,WAS,Robert Henson,LB,23,FALSE,0,0,0,1,0,6,5.99,0
2009,6,189,SDG,Kevin Ellison,LB,22,FALSE,0,0,1,1,4,13,3.64,4
2009,6,192,DET,Aaron Brown,RB,23,FALSE,0,0,0,3,2,22,7.97,0.6666666666666666
2009,6,193,NYJ,Matt Slauson,OG,23,FALSE,0,0,6,10,43,116,8.91,4.3
2009,6,194,PHI,Brandon Gibson,WR,22,FALSE,0,0,3,6,17,76,3.83,2.8333333333333335
2009,6,195,CLE,James Davis,RB,23,FALSE,0,0,0,2,1,9,3.78,0.5
2009,6,199,OAK,Stryker Sulak,DE,NA,FALSE,0,0,0,NA,0,NA,5.88,NA
2009,6,201,IND,Curtis Painter,QB,24,FALSE,0,0,1,5,2,14,4.66,0.4
2009,6,202,OAK,Brandon Myers,TE,24,FALSE,0,0,5,8,12,115,5.93,1.5
2009,6,204,ARI,Will Davis,DE,23,FALSE,0,0,0,2,3,21,4.04,1.5
2009,6,205,PIT,Ra'Shon Harris,DT,23,FALSE,0,0,0,1,0,2,3.94,0
2009,6,206,TEN,Dominique Edison,WR,23,FALSE,0,0,0,1,0,5,8.02,0
2009,6,207,NWE,Myron Pryor,DT,23,FALSE,0,0,0,3,3,24,3.71,1
2009,6,208,DAL,John Phillips,TE,22,FALSE,0,0,1,10,2,120,7.17,0.2
2009,6,209,CIN,Bernard Scott,RB,25,FALSE,0,0,0,5,9,49,8.3,1.8
2009,7,210,ATL,Vance Walker,DT,22,FALSE,0,0,1,7,21,104,3.03,3
2009,7,211,STL,Chris Ogbonnaya,RB,23,FALSE,0,0,1,6,7,53,5.82,1.1666666666666667
2009,7,212,KAN,Javarris Williams,RB,23,FALSE,0,0,0,1,0,4,5.81,0
2009,7,213,PHI,Paul Fanaika,OG,23,FALSE,0,0,2,6,13,33,3.09,2.1666666666666665
2009,7,218,GNB,Brad Jones,LB,23,FALSE,0,0,2,7,18,83,9.15,2.5714285714285716
2009,7,224,SDG,Demetrius Byrd,WR,NA,FALSE,0,0,0,NA,0,NA,5.49,NA
2009,7,225,DEN,Blake Schlueter,OC,23,FALSE,0,0,0,NA,0,NA,9.81,NA
2009,7,226,PIT,A.Q. Shipley,OC,23,FALSE,0,0,4,12,33,110,7.29,2.75
2009,7,228,DET,Lydon Murtha,OT,23,FALSE,0,0,0,2,2,9,10,1
2009,7,230,PHI,Moise Fokou,LB,24,FALSE,0,0,2,6,18,73,3.74,3
2009,7,232,NWE,Julian Edelman,WR,23,FALSE,0,0,7,12,61,137,9.27,5.083333333333333
2009,7,233,TAM,Sammie Stroughter,WR,23,FALSE,0,0,0,4,5,33,1.79,1.25
2009,7,234,NWE,Darryl Richard,DT,23,FALSE,0,0,0,NA,0,NA,0.47,NA
2009,7,235,DET,Zack Follett,LB,22,FALSE,0,0,0,2,2,17,6.44,1
2009,7,237,KAN,Jake O'Connell,TE,23,FALSE,0,0,0,4,0,35,9.57,0
2009,7,239,TEN,Ryan Durand,OG,23,FALSE,0,0,0,2,0,1,9.59,0
2009,7,243,WAS,Marko Mitchell,WR,24,FALSE,0,0,0,1,0,10,5.6,0
2009,7,244,SFO,Ricky Jean-Francois,DT,22,FALSE,0,0,4,10,23,137,2.22,2.3
2009,7,246,CHI,Lance Louis,OG,24,FALSE,0,0,2,7,18,61,8.69,2.5714285714285716
2009,7,248,SEA,Cameron Morrah,TE,22,FALSE,0,0,0,3,2,27,7.95,0.6666666666666666
2009,7,249,CIN,Clinton McDonald,DT,22,FALSE,0,0,2,11,26,121,9.72,2.3636363636363638
2009,7,250,JAX,Rashad Jennings,RB,24,FALSE,0,0,5,8,31,93,9,3.875
2009,7,251,CHI,Derek Kinder,WR,NA,FALSE,0,0,0,NA,0,NA,7.76,NA
2009,7,252,CIN,Freddie Brown,WR,NA,FALSE,0,0,0,NA,0,NA,7.45,NA
2009,7,253,JAX,Tiquan Underwood,WR,22,FALSE,0,0,1,5,9,45,9.1,1.8
2009,7,254,ARI,Trevor Canfield,OG,23,FALSE,0,0,0,NA,0,NA,7.23,NA
2009,7,255,DET,Dan Gronkowski,TE,24,FALSE,0,0,0,3,1,21,9.55,0.3333333333333333
2010,1,2,DET,Ndamukong Suh,DT,23,FALSE,3,5,12,13,100,199,9.54,7.6923076923076925
2010,1,3,TAM,Gerald McCoy,DT,22,FALSE,1,6,10,12,69,140,9.06,5.75
2010,1,4,WAS,Trent Williams,OT,22,FALSE,3,12,15,16,109,204,9.64,6.8125
2010,1,6,SEA,Russell Okung,OT,21,FALSE,0,2,9,11,56,131,8.3,5.090909090909091
2010,1,8,OAK,Rolando McClain,LB,21,FALSE,0,0,5,6,25,65,8.24,4.166666666666667
2010,1,9,BUF,C.J. Spiller,RB,23,FALSE,0,1,3,8,34,90,8.93,4.25
2010,1,10,JAX,Tyson Alualu,DT,23,FALSE,0,0,7,14,45,193,9.12,3.2142857142857144
2010,1,11,SFO,Anthony Davis,OT,20,FALSE,0,0,4,7,31,72,4.68,4.428571428571429
2010,1,12,SDG,Ryan Mathews,RB,22,FALSE,0,1,5,7,44,86,9.27,6.285714285714286
2010,1,15,NYG,Jason Pierre-Paul,DE,21,FALSE,1,3,11,16,74,185,6.61,4.625
2010,1,16,TEN,Derrick Morgan,DE,21,FALSE,0,0,8,9,40,118,7.43,4.444444444444445
2010,1,17,SFO,Mike Iupati,OG,23,FALSE,1,4,10,11,67,140,6.21,6.090909090909091
2010,1,18,PIT,Maurkice Pouncey,OC,21,FALSE,2,9,9,11,78,134,4.69,7.090909090909091
2010,1,19,ATL,Sean Weatherspoon,LB,22,FALSE,0,0,2,8,22,67,8.64,2.75
2010,1,21,CIN,Jermaine Gresham,TE,22,FALSE,0,2,9,9,28,132,8.79,3.111111111111111
2010,1,23,GNB,Bryan Bulaga,OT,21,FALSE,0,0,9,12,56,126,7.34,4.666666666666667
2010,1,24,DAL,Dez Bryant,WR,21,FALSE,1,3,7,11,61,119,9.05,5.545454545454546
2010,1,25,DEN,Tim Tebow,QB,23,FALSE,0,0,1,3,12,35,9.92,4
2010,1,26,ARI,Dan Williams,DT,23,FALSE,0,0,6,7,29,102,2.89,4.142857142857143
2010,1,30,DET,Jahvid Best,RB,21,FALSE,0,0,2,2,13,22,7.8,6.5
2010,1,31,IND,Jerry Hughes,DE,22,FALSE,0,0,9,15,68,225,8.79,4.533333333333333
2010,2,33,STL,Rodger Saffold,OT,22,FALSE,0,2,11,13,71,176,8.61,5.461538461538462
2010,2,35,TAM,Brian Price,DT,21,FALSE,0,0,1,2,4,20,3.33,2
2010,2,36,KAN,Dexter McCluster,WR,21,FALSE,0,1,1,7,21,89,5.42,3
2010,2,39,TAM,Arrelious Benn,WR,21,FALSE,0,0,2,8,8,61,8.23,1
2010,2,40,MIA,Koa Misi,LB,23,FALSE,0,0,6,7,30,84,8.28,4.285714285714286
2010,2,41,BUF,Torell Troup,DT,21,FALSE,0,0,0,2,2,21,4.99,1
2010,2,42,NWE,Rob Gronkowski,TE,21,FALSE,4,5,11,12,78,143,9.33,6.5
2010,2,43,BAL,Sergio Kindle,LB,22,FALSE,0,0,0,3,0,3,7.37,0
2010,2,46,NYG,Linval Joseph,DT,21,FALSE,0,2,11,15,70,203,6.11,4.666666666666667
2010,2,47,ARI,Daryl Washington,LB,23,FALSE,0,1,4,4,34,59,5.43,8.5
2010,2,51,MIN,Toby Gerhart,RB,23,FALSE,0,0,0,6,16,82,8.46,2.6666666666666665
2010,2,54,CIN,Carlos Dunlap,DE,21,FALSE,0,2,7,13,67,197,7.93,5.153846153846154
2010,2,55,DAL,Sean Lee,LB,24,FALSE,1,2,7,11,53,118,8.45,4.818181818181818
2010,2,57,BAL,Terrence Cody,DT,22,FALSE,0,0,1,5,14,57,0.32,2.8
2010,2,58,HOU,Ben Tate,RB,22,FALSE,0,0,0,5,14,51,9.84,2.8
2010,2,59,CLE,Montario Hardesty,RB,23,FALSE,0,0,0,3,4,23,9.79,1.3333333333333333
2010,2,60,SEA,Golden Tate,WR,22,FALSE,0,1,7,11,58,160,7.49,5.2727272727272725
2010,2,61,NYJ,Vlad Ducasse,OT,22,FALSE,0,0,4,9,21,111,4.56,2.3333333333333335
2010,2,62,NWE,Brandon Spikes,LB,23,FALSE,0,0,5,7,25,78,2.75,3.5714285714285716
2010,2,63,IND,Pat Angerer,LB,23,FALSE,0,0,3,4,18,54,4.93,4.5
2010,2,64,NOR,Charles Brown,OT,23,FALSE,0,0,1,6,15,54,7.99,2.5
2010,3,68,KAN,Jon Asamoah,OG,22,FALSE,0,0,4,5,21,75,9.33,4.2
2010,3,69,OAK,Jared Veldheer,OT,23,FALSE,0,0,8,11,45,121,10,4.090909090909091
2010,3,70,BAL,Ed Dickson,TE,23,FALSE,0,0,7,9,16,134,7.43,1.7777777777777777
2010,3,72,BUF,Alex Carrington,DE,23,FALSE,0,0,1,6,7,59,5.56,1.1666666666666667
2010,3,73,MIA,John Jerry,OT,24,FALSE,0,0,6,10,40,132,7.85,4
2010,3,74,JAX,D'Anthony Smith,DT,22,FALSE,0,0,0,6,1,12,8.82,0.16666666666666666
2010,3,77,TEN,Damian Williams,WR,22,FALSE,0,0,1,5,10,57,8.55,2
2010,3,78,CAR,Brandon LaFell,WR,23,FALSE,0,0,5,9,43,125,4.88,4.777777777777778
2010,3,79,SDG,Donald Butler,LB,21,FALSE,0,0,5,7,29,85,9.54,4.142857142857143
2010,3,80,DEN,J.D. Walton,OC,23,FALSE,0,0,3,6,22,56,5.09,3.6666666666666665
2010,3,81,HOU,Earl Mitchell,DT,22,FALSE,0,0,4,10,29,130,8,2.9
2010,3,82,PIT,Emmanuel Sanders,WR,23,FALSE,0,2,9,12,63,172,9.38,5.25
2010,3,83,ATL,Corey Peters,DT,22,FALSE,0,0,9,13,49,164,5.93,3.769230769230769
2010,3,84,CIN,Jordan Shipley,WR,24,FALSE,0,0,0,3,7,24,6.89,2.3333333333333335
2010,3,85,CLE,Colt McCoy,QB,24,FALSE,0,0,2,13,17,56,7.04,1.3076923076923077
2010,3,86,PHI,Daniel Te'o-Nesheim,DE,23,FALSE,0,0,2,4,12,39,9.58,3
2010,3,88,ARI,Andre Roberts,WR,22,FALSE,1,3,2,13,24,182,8.93,1.8461538461538463
2010,3,89,CAR,Armanti Edwards,WR,22,FALSE,0,0,0,4,1,41,8.29,0.25
2010,3,90,NWE,Taylor Price,WR,22,FALSE,0,0,0,2,1,6,8.56,0.5
2010,3,92,CLE,Shawn Lauvao,OG,22,FALSE,0,0,7,9,36,99,7.47,4
2010,3,93,KAN,Tony Moeaki,TE,23,FALSE,0,0,2,6,10,49,7,1.6666666666666667
2010,3,95,NOR,Jimmy Graham,TE,23,FALSE,1,5,10,14,61,197,9.64,4.357142857142857
2010,3,97,TEN,Rennie Curran,LB,21,FALSE,0,0,0,1,1,9,3.09,1
2010,3,98,ATL,Mike Johnson,OG,23,FALSE,0,0,0,3,2,18,1.91,0.6666666666666666
2010,4,99,STL,Mardy Gilyard,WR,23,FALSE,0,0,0,3,1,19,4.28,0.3333333333333333
2010,4,100,MIN,Everson Griffen,DE,22,FALSE,0,4,6,12,67,170,9.42,5.583333333333333
2010,4,101,TAM,Mike Williams,WR,23,FALSE,0,0,3,5,25,63,8.66,5
2010,4,101,TAM,Mike Williams,WR,23,FALSE,0,0,3,5,25,63,7.24,5
2010,4,101,TAM,Mike Williams,WR,23,FALSE,0,0,3,5,25,63,6.52,5
2010,4,101,TAM,Mike Williams,WR,23,FALSE,0,0,3,5,25,63,3.89,5
2010,4,102,HOU,Darryl Sharpton,LB,22,FALSE,0,0,1,5,10,47,3.52,2
2010,4,103,WAS,Perry Riley,LB,22,FALSE,0,0,6,7,30,90,6.59,4.285714285714286
2010,4,106,OAK,Bruce Campbell,OT,22,FALSE,0,0,0,3,1,19,9.8,0.3333333333333333
2010,4,107,BUF,Marcus Easley,WR,22,FALSE,0,0,0,6,1,42,8.6,0.16666666666666666
2010,4,108,OAK,Jacoby Ford,WR,23,FALSE,0,0,1,4,12,38,5.79,3
2010,4,109,CHI,Corey Wootton,DE,23,FALSE,0,0,1,5,14,60,7.64,2.8
2010,4,112,NYJ,Joe McKnight,RB,22,FALSE,0,0,0,5,7,41,6.85,1.4
2010,4,113,NWE,Aaron Hernandez,TE,20,FALSE,0,0,2,3,21,38,8.36,7
2010,4,114,BAL,Dennis Pitta,TE,25,FALSE,0,0,1,7,16,66,9.05,2.2857142857142856
2010,4,115,NYG,Phillip Dillard,LB,23,FALSE,0,0,0,1,0,7,3.89,0
2010,4,117,ATL,Joe Hawley,OC,21,FALSE,0,0,3,8,27,91,6.74,3.375
2010,4,118,HOU,Garrett Graham,TE,24,FALSE,0,0,2,6,7,60,5.52,1.1666666666666667
2010,4,119,MIA,A.J. Edds,LB,22,FALSE,0,0,0,5,1,17,7.59,0.2
2010,4,120,CIN,Geno Atkins,DT,22,FALSE,2,8,9,11,89,161,9.46,8.090909090909092
2010,4,121,PHI,Keenan Clayton,LB,23,FALSE,0,0,0,3,3,36,9.08,1
2010,4,122,PHI,Mike Kafka,QB,23,FALSE,0,0,0,2,0,4,6.1,0
2010,4,123,NOR,Al Woods,DT,23,FALSE,0,0,6,14,34,161,6.35,2.4285714285714284
2010,4,124,CAR,Eric Norwood,LB,22,FALSE,0,0,0,2,2,28,6.47,1
2010,4,127,SEA,E.J. Wilson,DE,22,FALSE,0,0,0,1,0,2,2.83,0
2010,4,128,DET,Jason Fox,OT,22,FALSE,0,0,1,6,9,37,5.01,1.5
2010,4,129,IND,Jacques McClendon,OG,22,FALSE,0,0,0,6,3,25,7.95,0.5
2010,4,131,CIN,Roddrick Muckelroy,LB,23,FALSE,0,0,0,3,1,19,2.33,0.3333333333333333
2010,5,132,STL,Michael Hoomanawanui,TE,22,FALSE,0,0,3,8,5,87,6.05,0.625
2010,5,140,BUF,Ed Wang,OT,23,FALSE,0,0,0,1,0,6,6.93,0
2010,5,146,SDG,Cam Thomas,DT,23,FALSE,0,0,2,8,16,103,5.27,2
2010,5,147,NYG,Mitch Petrus,OG,23,FALSE,0,0,0,3,4,27,7.4,1.3333333333333333
2010,5,149,STL,Hall Davis,DE,23,FALSE,0,0,0,3,0,3,5.36,0
2010,5,151,PIT,Chris Scott,OG,23,FALSE,0,0,0,7,9,45,0.57,1.2857142857142858
2010,5,152,CIN,Otis Hudson,OT,24,FALSE,0,0,0,NA,0,NA,5.53,NA
2010,5,153,JAX,Austen Lane,DE,22,FALSE,0,0,2,4,7,30,6.54,1.75
2010,5,154,GNB,Andrew Quarless,TE,21,FALSE,0,0,2,6,9,60,6.29,1.5
2010,5,155,ARI,John Skelton,QB,22,FALSE,0,0,1,3,4,20,9.08,1.3333333333333333
2010,5,156,BAL,David Reed,WR,23,FALSE,0,0,0,4,2,36,4.91,0.5
2010,5,158,NOR,Matt Tennant,OC,23,FALSE,0,0,0,3,3,36,7.14,1
2010,5,159,PHI,Riley Cooper,WR,22,FALSE,0,0,3,6,17,88,7.75,2.8333333333333335
2010,5,161,MIN,Chris DeGeare,OG,23,FALSE,0,0,0,1,2,8,9.06,2
2010,5,162,IND,Brody Eldridge,TE,23,FALSE,0,0,2,2,0,27,8.07,0
2010,5,165,ATL,Kerry Meier,WR,23,FALSE,0,0,0,2,0,12,7.39,0
2010,5,166,PIT,Stevenson Sylvester,LB,22,FALSE,0,0,0,4,6,50,3.18,1.5
2010,5,167,MIN,Nate Triplett,LB,23,FALSE,0,0,0,2,0,8,7.31,0
2010,5,168,SDG,Jonathan Crompton,QB,23,FALSE,0,0,0,NA,0,NA,6.94,NA
2010,6,170,STL,Fendi Onobun,TE,23,FALSE,0,0,0,2,0,4,9.74,0
2010,6,173,SFO,Anthony Dixon,RB,22,FALSE,0,0,0,6,7,96,3.45,1.1666666666666667
2010,6,175,CAR,Greg Hardy,DE,22,FALSE,0,1,4,6,33,75,4.67,5.5
2010,6,176,TEN,Rusty Smith,QB,23,FALSE,0,0,0,3,1,3,4.14,0.3333333333333333
2010,6,177,CLE,Carlton Mitchell,WR,22,FALSE,0,0,0,2,0,16,8.85,0
2010,6,178,BUF,Arthur Moats,LB,22,FALSE,0,0,3,8,22,121,8.49,2.75
2010,6,179,DAL,Sam Young,OT,23,FALSE,0,0,1,11,16,103,8.59,1.4545454545454546
2010,6,180,JAX,Deji Karim,RB,23,FALSE,0,0,0,4,4,33,8.91,1
2010,6,181,CHI,Dan LeFevour,QB,23,FALSE,0,0,0,NA,0,NA,9.5,NA
2010,6,182,SFO,Nate Byham,TE,22,FALSE,0,0,0,4,0,29,3.21,0
2010,6,183,DEN,Eric Olsen,OC,22,FALSE,0,0,0,5,3,23,5.31,0.6
2010,6,185,SEA,Anthony McCoy,TE,22,FALSE,0,0,1,6,4,41,7.5,0.6666666666666666
2010,6,186,CLE,Clifton Geathers,DE,22,FALSE,0,0,0,5,3,37,5.4,0.6
2010,6,187,HOU,Shelley Smith,OG,23,FALSE,0,0,0,5,7,36,8.87,1.4
2010,6,188,PIT,Jonathan Dwyer,RB,21,FALSE,0,0,1,5,8,38,0.99,1.6
2010,6,189,STL,Eugene Sims,DE,24,FALSE,0,0,1,7,17,99,7.83,2.4285714285714284
2010,6,190,OAK,Travis Goethel,LB,23,FALSE,0,0,0,3,1,16,4.79,0.3333333333333333
2010,6,191,CIN,Dezmon Briscoe,WR,21,FALSE,0,0,0,3,4,25,2.15,1.3333333333333333
2010,6,193,GNB,James Starks,RB,24,FALSE,0,0,0,7,26,76,8.34,3.7142857142857144
2010,6,194,BAL,Ramon Harewood,OT,23,FALSE,0,0,0,3,2,6,8.5,0.6666666666666666
2010,6,195,PIT,Antonio Brown,WR,22,FALSE,4,7,7,12,92,146,3.85,7.666666666666667
2010,6,197,HOU,Trindon Holliday,WR,24,FALSE,0,0,0,5,4,33,6.11,0.8
2010,6,198,CAR,David Gettis,WR,23,FALSE,0,0,1,3,3,17,7.93,1
2010,6,199,MIN,Joe Webb,WR,23,FALSE,0,0,0,11,4,104,9.99,0.36363636363636365
2010,6,200,PHI,Charles Scott,RB,NA,FALSE,0,0,0,NA,0,NA,2.15,NA
2010,6,204,CAR,Tony Pike,QB,24,FALSE,0,0,0,1,0,1,5.86,0
2010,6,205,NWE,Ted Larsen,OC,23,FALSE,0,0,5,11,36,137,3.53,3.272727272727273
2010,6,206,SFO,Kyle Williams,WR,22,FALSE,0,0,0,4,6,39,6.08,1.5
2010,7,208,NWE,Thomas Welch,OT,23,FALSE,0,0,0,4,2,27,6.94,0.5
2010,7,209,BUF,Levi Brown,QB,23,FALSE,0,0,0,1,0,1,5.96,0
2010,7,213,DET,Willie Young,DE,24,FALSE,0,0,2,8,22,98,6.78,2.75
2010,7,214,MIN,Mickey Shuler,TE,23,FALSE,0,0,0,6,0,10,9.95,0
2010,7,216,BUF,Kyle Calloway,OT,NA,FALSE,0,0,0,NA,0,NA,2.01,NA
2010,7,217,TAM,Dekoda Watson,LB,22,FALSE,0,0,0,10,11,108,9.44,1.1
2010,7,218,CHI,J'Marcus Webb,OT,22,FALSE,0,0,4,11,29,96,7.4,2.6363636363636362
2010,7,219,WAS,Terrence Austin,WR,22,FALSE,0,0,0,2,1,18,4.47,0.5
2010,7,220,PHI,Jamar Chaney,LB,23,FALSE,0,0,1,5,13,54,9.72,2.6
2010,7,222,TEN,Marc Mariani,WR,23,FALSE,0,1,0,7,5,70,7.11,0.7142857142857143
2010,7,226,STL,George Selvie,DE,23,FALSE,0,0,2,6,17,80,2.88,2.8333333333333335
2010,7,228,CIN,Reggie Stephens,OC,23,FALSE,0,0,0,NA,0,NA,2.63,NA
2010,7,229,WAS,Erik Cook,OC,23,FALSE,0,0,0,2,1,6,2.5,0.5
2010,7,231,WAS,Selvish Capers,OT,24,FALSE,0,0,0,3,0,3,8.05,0
2010,7,232,DEN,Jammie Kirlew,DE,23,FALSE,0,0,0,2,0,1,2.03,0
2010,7,233,ARI,Jim Dray,TE,23,FALSE,0,0,2,8,3,94,7.33,0.375
2010,7,234,DAL,Sean Lissemore,DT,22,FALSE,0,0,2,6,13,69,9.48,2.1666666666666665
2010,7,235,SDG,Dedrick Epps,TE,22,FALSE,0,0,0,3,0,6,6.64,0
2010,7,236,SEA,Dexter Davis,LB,23,FALSE,0,0,0,2,1,16,8.22,0.5
2010,7,238,IND,Ricardo Mathews,DT,23,FALSE,0,0,0,7,14,96,9.14,2
2010,7,239,NOR,Sean Canfield,QB,24,FALSE,0,0,0,NA,0,NA,3.67,NA
2010,7,240,IND,Kavell Conner,LB,23,FALSE,0,0,3,6,20,78,5.37,3.3333333333333335
2010,7,241,TEN,David Howard,DT,NA,FALSE,0,0,0,NA,0,NA,7.23,NA
2010,7,242,PIT,Doug Worthington,DT,23,FALSE,0,0,0,6,0,8,9.84,0
2010,7,243,PHI,Jeff Owens,DT,23,FALSE,0,0,0,1,0,1,6.63,0
2010,7,245,SEA,Jameson Konz,TE,24,FALSE,0,0,0,2,0,1,9.38,0
2010,7,248,NWE,Kade Weston,DT,NA,FALSE,0,0,0,NA,0,NA,6.55,NA
2010,7,250,NWE,Zac Robinson,QB,23,FALSE,0,0,0,NA,0,NA,7.86,NA
2010,7,252,MIA,Austin Spitler,LB,23,FALSE,0,0,0,4,5,55,8.85,1.25
2010,7,254,STL,Josh Hull,LB,23,FALSE,0,0,0,4,3,39,5.92,0.75
2010,7,255,DET,Tim Toone,WR,25,FALSE,0,0,0,NA,0,NA,7.14,NA
2011,1,1,CAR,Cam Newton,QB,22,FALSE,1,3,9,11,115,148,10,10.454545454545455
2011,1,2,DEN,Von Miller,LB,22,FALSE,3,8,10,15,105,203,9.97,7
2011,1,3,BUF,Marcell Dareus,DT,21,FALSE,1,2,7,9,56,121,7.54,6.222222222222222
2011,1,4,CIN,A.J. Green,WR,23,FALSE,0,7,10,12,77,158,9.34,6.416666666666667
2011,1,6,ATL,Julio Jones,WR,22,FALSE,2,7,9,13,101,166,9.92,7.769230769230769
2011,1,7,SFO,Aldon Smith,DE,21,FALSE,1,1,4,10,34,75,7.34,3.4
2011,1,8,TEN,Jake Locker,QB,23,FALSE,0,0,1,4,15,30,9.77,3.75
2011,1,9,DAL,Tyron Smith,OT,20,FALSE,2,8,12,14,91,171,9.68,6.5
2011,1,10,JAX,Blaine Gabbert,QB,21,FALSE,0,0,2,13,17,69,9.92,1.3076923076923077
2011,1,11,HOU,J.J. Watt,DE,22,FALSE,5,5,10,12,110,151,9.74,9.166666666666666
2011,1,12,MIN,Christian Ponder,QB,23,FALSE,0,0,3,4,22,38,9.55,5.5
2011,1,13,DET,Nick Fairley,DT,23,FALSE,0,0,4,6,23,77,9.44,3.8333333333333335
2011,1,14,STL,Robert Quinn,DE,21,FALSE,1,3,9,12,69,169,8.06,5.75
2011,1,16,WAS,Ryan Kerrigan,DE,23,FALSE,0,4,9,11,63,172,8.67,5.7272727272727275
2011,1,17,NWE,Nate Solder,OT,23,FALSE,0,0,9,11,64,146,9.9,5.818181818181818
2011,1,18,SDG,Corey Liuget,DT,21,FALSE,0,0,7,10,42,124,6.52,4.2
2011,1,20,TAM,Adrian Clayborn,DE,23,FALSE,0,0,2,10,26,125,6.83,2.6
2011,1,21,CLE,Phil Taylor,DT,23,FALSE,0,0,2,4,19,44,4.19,4.75
2011,1,22,IND,Anthony Castonzo,OT,23,FALSE,0,0,10,10,58,144,9.47,5.8
2011,1,23,PHI,Danny Watkins,OG,26,FALSE,0,0,1,3,9,24,4.49,3
2011,1,24,NOR,Cameron Jordan,DE,22,FALSE,1,8,15,15,109,243,8.86,7.266666666666667
2011,1,26,KAN,Jonathan Baldwin,WR,22,FALSE,0,0,1,3,4,33,9.08,1.3333333333333333
2011,1,28,NOR,Mark Ingram,RB,21,FALSE,0,3,5,12,66,156,2.57,5.5
2011,1,29,CHI,Gabe Carimi,OT,23,FALSE,0,0,1,4,12,48,9.56,3
2011,1,30,NYJ,Muhammad Wilkerson,DT,21,FALSE,0,1,7,8,58,108,7.8,7.25
2011,1,32,GNB,Derek Sherrod,OT,22,FALSE,0,0,0,4,3,20,6.85,0.75
2011,2,35,CIN,Andy Dalton,QB,23,FALSE,0,3,11,15,92,179,4.38,6.133333333333334
2011,2,36,SFO,Colin Kaepernick,QB,23,FALSE,0,0,4,6,45,69,9.85,7.5
2011,2,37,CLE,Jabaal Sheard,DE,22,FALSE,0,0,7,11,47,145,5.38,4.2727272727272725
2011,2,38,ARI,Ryan Williams,RB,21,FALSE,0,0,0,2,1,5,6.49,0.5
2011,2,39,TEN,Akeem Ayers,LB,22,FALSE,0,0,4,7,28,97,3.4,4
2011,2,41,WAS,Jarvis Jenkins,DT,23,FALSE,0,0,3,8,23,98,3.14,2.875
2011,2,42,HOU,Brooks Reed,LB,24,FALSE,0,0,6,10,37,131,8.55,3.7
2011,2,43,MIN,Kyle Rudolph,TE,21,FALSE,0,2,10,12,36,165,7.76,3
2011,2,44,DET,Titus Young,WR,22,FALSE,0,0,2,2,8,26,5.3,4
2011,2,47,STL,Lance Kendricks,TE,23,FALSE,0,0,6,9,16,137,8.28,1.7777777777777777
2011,2,48,OAK,Stefen Wisniewski,OC,22,FALSE,0,0,6,10,41,139,5.98,4.1
2011,2,51,TAM,Da'Quan Bowers,DE,21,FALSE,0,0,0,5,7,53,4.79,1.4
2011,2,52,NYG,Marvin Austin,DT,22,FALSE,0,0,0,4,2,26,9.81,0.5
2011,2,55,KAN,Rodney Hudson,OC,22,FALSE,0,3,9,12,61,159,1.34,5.083333333333333
2011,2,56,NWE,Shane Vereen,RB,22,FALSE,0,0,1,7,25,79,6.76,3.5714285714285716
2011,2,57,DET,Mikel Leshoure,RB,21,FALSE,0,0,1,3,5,17,7.52,1.6666666666666667
2011,2,58,BAL,Torrey Smith,WR,22,FALSE,0,0,7,8,37,119,9.85,4.625
2011,2,59,CLE,Greg Little,WR,22,FALSE,0,0,3,4,12,54,9.56,3
2011,2,61,SDG,Jonas Mouton,LB,23,FALSE,0,0,0,2,0,3,2.11,0
2011,2,62,MIA,Daniel Thomas,RB,23,FALSE,0,0,0,4,11,52,8.82,2.75
2011,2,63,PIT,Marcus Gilbert,OT,23,FALSE,0,0,5,8,36,88,4.6,4.5
2011,2,64,GNB,Randall Cobb,WR,21,FALSE,0,1,5,13,64,166,3.65,4.923076923076923
2011,3,65,CAR,Terrell McClain,DT,23,FALSE,0,0,2,9,17,92,6.43,1.8888888888888888
2011,3,66,CIN,Dontay Moch,LB,23,FALSE,0,0,0,4,0,8,8.57,0
2011,3,67,DEN,Nate Irving,LB,23,FALSE,0,0,1,5,9,62,5.37,1.8
2011,3,68,BUF,Kelvin Sheppard,LB,23,FALSE,0,0,4,8,25,107,6.42,3.125
2011,3,69,ARI,Rob Housler,TE,23,FALSE,0,0,3,5,9,65,9.77,1.8
2011,3,70,KAN,Justin Houston,LB,22,FALSE,1,4,10,13,74,170,9.26,5.6923076923076925
2011,3,71,DAL,DeMarco Murray,RB,23,FALSE,1,3,7,7,60,99,9.18,8.571428571428571
2011,3,72,NOR,Martez Wilson,LB,22,FALSE,0,0,0,3,2,38,9.93,0.6666666666666666
2011,3,73,NWE,Stevan Ridley,RB,22,FALSE,0,0,1,8,25,73,5.85,3.125
2011,3,74,NWE,Ryan Mallett,QB,23,FALSE,0,0,0,7,4,21,1.99,0.5714285714285714
2011,3,75,SEA,John Moffitt,OG,24,FALSE,0,0,1,3,6,19,5.16,2
2011,3,76,JAX,Will Rackley,OG,21,FALSE,0,0,2,3,8,26,3.95,2.6666666666666665
2011,3,77,TEN,Jurrell Casey,DT,21,FALSE,0,5,9,10,72,142,3.48,7.2
2011,3,78,STL,Austin Pettis,WR,23,FALSE,0,0,0,4,8,47,7.99,2
2011,3,79,WAS,Leonard Hankerson,WR,22,FALSE,0,0,1,5,12,41,7.35,2.4
2011,3,82,SDG,Vincent Brown,WR,22,FALSE,0,0,1,5,9,38,2.71,1.8
2011,3,83,NYG,Jerrel Jernigan,WR,22,FALSE,0,0,0,4,2,34,5.55,0.5
2011,3,84,TAM,Mason Foster,LB,22,FALSE,0,0,6,8,40,107,4.68,5
2011,3,85,BAL,Jah Reid,OT,23,FALSE,0,0,2,6,10,61,7.78,1.6666666666666667
2011,3,86,KAN,Allen Bailey,DE,22,FALSE,0,0,3,10,34,133,7.43,3.4
2011,3,87,IND,Drake Nevis,DT,22,FALSE,0,0,0,3,4,26,6.47,1.3333333333333333
2011,3,91,ATL,Akeem Dent,LB,23,FALSE,0,0,2,6,17,90,7.82,2.8333333333333335
2011,3,92,OAK,Joe Barksdale,OT,23,FALSE,0,0,5,8,35,106,5.2,4.375
2011,3,94,NYJ,Kenrick Ellis,DT,23,FALSE,0,0,0,5,10,56,3.97,2
2011,3,96,GNB,Alex Green,RB,23,FALSE,0,0,0,3,5,29,8.37,1.6666666666666667
2011,3,97,CAR,Sione Fua,DT,23,FALSE,0,0,1,4,5,40,3.83,1.25
2011,4,99,SEA,K.J. Wright,LB,22,FALSE,0,1,10,11,64,161,5.78,5.818181818181818
2011,4,101,CIN,Clint Boling,OG,22,FALSE,0,0,7,8,46,111,8.16,5.75
2011,4,102,CLE,Jordan Cameron,TE,23,FALSE,0,1,4,6,13,66,10,2.1666666666666665
2011,4,104,TAM,Luke Stocker,TE,23,FALSE,0,0,7,11,5,142,8.44,0.45454545454545453
2011,4,105,WAS,Roy Helu,RB,22,FALSE,0,0,1,5,13,57,9.38,2.6
2011,4,107,SEA,Kris Durham,WR,23,FALSE,0,0,1,4,5,27,8.24,1.25
2011,4,109,TEN,Colin McCarthy,LB,22,FALSE,0,0,1,3,11,36,8.9,3.6666666666666665
2011,4,110,DAL,David Arkin,OG,23,FALSE,0,0,0,6,0,3,6.62,0
2011,4,111,MIA,Clyde Gates,WR,25,FALSE,0,0,0,3,3,32,8.07,1
2011,4,112,STL,Greg Salas,WR,23,FALSE,0,0,0,6,4,29,8.85,0.6666666666666666
2011,4,114,JAX,Cecil Shorts,WR,23,FALSE,0,0,4,6,19,70,8.23,3.1666666666666665
2011,4,115,SFO,Kendall Hunter,RB,22,FALSE,0,0,0,5,12,45,7.2,2.4
2011,4,116,PHI,Casey Matthews,LB,22,FALSE,0,0,1,4,10,64,3.53,2.5
2011,4,117,NYG,James Brewer,OT,23,FALSE,0,0,0,4,4,26,5.44,1
2011,4,119,IND,Delone Carter,RB,24,FALSE,0,0,0,3,3,27,9.06,1
2011,4,122,BUF,Chris Hairston,OT,22,FALSE,0,0,2,7,17,74,6.44,2.4285714285714284
2011,4,123,BAL,Tandon Doss,WR,21,FALSE,0,0,0,3,4,35,4.85,1.3333333333333333
2011,4,125,OAK,Taiwan Jones,RB,23,FALSE,0,0,0,13,3,139,9.3,0.23076923076923078
2011,4,126,NYJ,Bilal Powell,RB,22,FALSE,0,0,3,9,26,109,7.76,2.888888888888889
2011,4,129,DEN,Julius Thomas,TE,23,FALSE,0,2,5,7,21,71,7.8,3
2011,4,130,TEN,Jamie Harper,RB,21,FALSE,0,0,0,2,1,23,5.82,0.5
2011,5,132,CAR,Kealoha Pilares,WR,23,FALSE,0,0,0,2,1,20,9.55,0.5
2011,5,133,BUF,Johnny White,RB,23,FALSE,0,0,0,2,0,19,2.06,0
2011,5,135,KAN,Ricky Stanzi,QB,24,FALSE,0,0,0,NA,0,NA,6.6,NA
2011,5,138,NWE,Marcus Cannon,OT,23,FALSE,0,0,5,12,43,124,6.8,3.5833333333333335
2011,5,141,GNB,D.J. Williams,TE,22,FALSE,0,0,0,3,4,35,5.69,1.3333333333333333
2011,5,145,ATL,Jacquizz Rodgers,RB,21,FALSE,0,0,0,8,24,110,0.41,3
2011,5,148,OAK,Denarius Moore,WR,22,FALSE,0,0,3,5,15,57,7.79,3
2011,5,149,PHI,Dion Lewis,RB,20,FALSE,0,0,2,10,31,102,4.19,3.1
2011,5,150,CLE,Jason Pinkston,OT,24,FALSE,0,0,1,3,10,25,2.38,3.3333333333333335
2011,5,152,HOU,T.J. Yates,QB,24,FALSE,0,0,0,7,6,22,4.48,0.8571428571428571
2011,5,153,NYJ,Jeremy Kerley,WR,22,FALSE,0,0,4,8,23,99,4.95,2.875
2011,5,155,WAS,Niles Paul,WR,22,FALSE,0,0,1,8,7,88,8.79,0.875
2011,5,157,DET,Doug Hogue,LB,22,FALSE,0,0,0,2,2,27,7.32,1
2011,5,159,NWE,Lee Smith,TE,23,FALSE,0,0,4,11,5,149,4.83,0.45454545454545453
2011,5,160,CHI,Nathan Enderle,QB,23,FALSE,0,0,0,NA,0,NA,2.34,NA
2011,5,161,PHI,Julian Vandervelde,OG,23,FALSE,0,0,0,5,1,18,7.77,0.2
2011,5,162,PIT,Chris Carter,LB,22,FALSE,0,0,0,7,6,75,8.71,0.8571428571428571
2011,5,163,SFO,Daniel Kilgore,OG,23,FALSE,0,0,3,10,26,98,6.92,2.6
2011,5,165,BAL,Pernell McPhee,DE,22,FALSE,0,0,3,11,29,141,1.38,2.6363636363636362
2011,6,166,CAR,Lawrence Wilson,LB,23,FALSE,0,0,0,NA,0,NA,3.48,NA
2011,6,167,CIN,Ryan Whalen,WR,22,FALSE,0,0,0,3,0,17,9.2,0
2011,6,169,BUF,Chris White,LB,22,FALSE,0,0,0,4,3,51,7.23,0.75
2011,6,171,ARI,Quan Sturdivant,LB,22,FALSE,0,0,0,NA,0,NA,4.34,NA
2011,6,172,MIN,Brandon Fusco,OC,23,FALSE,0,0,6,8,35,90,9.12,4.375
2011,6,175,TEN,Byron Stingily,OT,22,FALSE,0,0,0,4,4,20,9.61,1
2011,6,176,DAL,Dwayne Harris,WR,23,FALSE,0,1,0,10,12,109,2.73,1.2
2011,6,177,WAS,Evan Royster,RB,23,FALSE,0,0,0,3,4,32,3.99,1.3333333333333333
2011,6,178,WAS,Aldrick Robinson,WR,22,FALSE,0,0,0,8,12,82,8.92,1.5
2011,6,180,BAL,Tyrod Taylor,QB,22,FALSE,0,1,3,15,50,100,9.72,3.3333333333333335
2011,6,181,OAK,Richard Gordon,TE,24,FALSE,0,0,0,5,0,35,6.78,0
2011,6,182,SFO,Ronald Johnson,WR,23,FALSE,0,0,0,NA,0,NA,6.95,NA
2011,6,183,SDG,Jordan Todman,RB,21,FALSE,0,0,0,7,5,74,8.2,0.7142857142857143
2011,6,184,ARI,David Carter,DT,23,FALSE,0,0,0,3,4,35,8.16,1.3333333333333333
2011,6,185,NYG,Greg Jones,LB,22,FALSE,0,0,0,2,3,22,9.34,1.5
2011,6,185,NYG,Greg Jones,LB,22,FALSE,0,0,0,2,3,22,3.87,1.5
2011,6,186,GNB,D.J. Smith,LB,22,FALSE,0,0,0,4,5,24,0.44,1.25
2011,6,187,TAM,Allen Bradford,RB,23,FALSE,0,0,0,5,1,19,6.02,0.2
2011,6,189,DEN,Mike Mohamed,LB,23,FALSE,0,0,0,5,4,26,7.28,0.8
2011,6,191,PHI,Jason Kelce,OC,23,FALSE,6,7,12,13,102,193,9.5,7.846153846153846
2011,6,193,PHI,Brian Rolle,LB,22,FALSE,0,0,1,2,6,20,7.57,3
2011,6,194,NWE,Markell Carter,LB,21,FALSE,0,0,0,NA,0,NA,6.41,NA
2011,6,195,CHI,J.T. Thomas,LB,23,FALSE,0,0,2,7,12,62,5.53,1.7142857142857142
2011,6,196,PIT,Keith Williams,OG,23,FALSE,0,0,0,2,0,2,2.04,0
2011,6,199,KAN,Jerrell Powe,DT,24,FALSE,0,0,0,4,5,28,0.55,1.25
2011,6,200,MIN,Ross Homan,LB,24,FALSE,0,0,0,NA,0,NA,6.51,NA
2011,6,201,SDG,Stephen Schilling,OG,23,FALSE,0,0,0,4,5,26,7.18,1.25
2011,6,202,NYG,Jacquian Williams,LB,23,FALSE,0,0,1,4,13,51,9.05,3.25
2011,7,204,DEN,Virgil Green,TE,23,FALSE,0,0,5,10,8,137,9.09,0.8
2011,7,208,NYJ,Greg McElroy,QB,23,FALSE,0,0,0,2,1,2,7.58,0.5
2011,7,210,ATL,Andrew Jackson,OG,22,FALSE,0,0,0,NA,0,NA,6.33,NA
2011,7,212,TEN,Zach Clayton,DT,23,FALSE,0,0,0,1,0,3,9.7,0
2011,7,214,HOU,Derek Newton,OT,23,FALSE,0,0,4,8,28,83,6.96,3.5
2011,7,215,MIN,D'Aundre Reed,DE,23,FALSE,0,0,0,2,0,6,7.44,0
2011,7,217,WAS,Maurice Hurt,OG,23,FALSE,0,0,1,2,6,21,2.19,3
2011,7,218,GNB,Ryan Taylor,TE,23,FALSE,0,0,0,4,0,58,6.8,0
2011,7,221,NYG,Da'Rel Scott,RB,23,FALSE,0,0,0,3,1,20,8.18,0.3333333333333333
2011,7,224,WAS,Markus White,DE,23,FALSE,0,0,0,2,0,5,3.51,0
2011,7,225,BAL,Anthony Allen,RB,23,FALSE,0,0,0,2,1,21,9.89,0.5
2011,7,227,NYJ,Scotty McKnight,WR,23,FALSE,0,0,0,NA,0,NA,7.67,NA
2011,7,228,STL,Jabara Williams,LB,22,FALSE,0,0,0,1,0,7,8.22,0
2011,7,230,ATL,Cliff Matthews,DE,22,FALSE,0,0,0,6,3,35,3.94,0.5
2011,7,231,MIA,Frank Kearse,DT,22,FALSE,0,0,0,5,5,35,3.74,1
2011,7,232,PIT,Baron Batch,RB,23,FALSE,0,0,0,2,1,12,8.8,0.5
2011,7,233,GNB,Lawrence Guy,DT,21,FALSE,0,0,7,14,63,181,7.18,4.5
2011,7,234,SDG,Andrew Gachkar,LB,22,FALSE,0,0,0,7,9,101,8.36,1.2857142857142858
2011,7,236,MIN,Stephen Burton,WR,21,FALSE,0,0,0,3,0,19,6.74,0
2011,7,237,PHI,Greg Lloyd,LB,22,FALSE,0,0,0,2,0,2,2.62,0
2011,7,238,TAM,Daniel Hardy,TE,24,FALSE,0,0,0,NA,0,NA,5.06,NA
2011,7,239,SFO,Michael Person,OG,23,FALSE,0,0,3,9,23,73,8.52,2.5555555555555554
2011,7,242,SEA,Malcolm Smith,LB,22,FALSE,0,0,2,11,32,134,8.1,2.909090909090909
2011,7,243,NOR,Nate Bussey,LB,22,FALSE,0,0,0,1,0,0,8.21,0
2011,7,244,CAR,Lee Ziemba,OT,22,FALSE,0,0,0,1,1,6,3.15,1
2011,7,245,BUF,Michael Jasper,DT,24,FALSE,0,0,0,NA,0,NA,3.06,NA
2011,7,246,CIN,Jay Finley,RB,23,FALSE,0,0,0,NA,0,NA,6.72,NA
2011,7,249,ARI,DeMarco Sampson,WR,25,FALSE,0,0,0,1,0,12,8.96,0
2011,7,253,WAS,Chris Neild,DT,23,FALSE,0,0,0,3,2,24,6.94,0.6666666666666666
2011,7,254,HOU,Cheta Ozougwu,DE,22,FALSE,0,0,0,3,0,9,6.78,0
2012,1,1,IND,Andrew Luck,QB,22,FALSE,0,4,5,7,72,86,9.79,10.285714285714286
2012,1,2,WAS,Robert Griffin III,QB,22,FALSE,0,1,3,9,36,56,9.88,4
2012,1,3,CLE,Trent Richardson,RB,22,FALSE,0,0,3,3,17,46,9.62,5.666666666666667
2012,1,4,MIN,Matt Kalil,OT,23,FALSE,0,1,5,6,34,82,9.22,5.666666666666667
2012,1,5,JAX,Justin Blackmon,WR,22,FALSE,0,0,1,2,9,20,7.29,4.5
2012,1,9,CAR,Luke Kuechly,LB,21,TRUE,5,7,8,8,91,118,10,11.375
2012,1,11,KAN,Dontari Poe,DT,22,FALSE,0,2,8,9,55,128,9.04,6.111111111111111
2012,1,12,PHI,Fletcher Cox,DT,21,FALSE,1,6,12,12,95,188,9,7.916666666666667
2012,1,13,ARI,Michael Floyd,WR,22,FALSE,0,0,3,7,28,102,7.5,4
2012,1,14,STL,Michael Brockers,DT,21,FALSE,0,0,10,11,58,160,3.41,5.2727272727272725
2012,1,16,NYJ,Quinton Coples,DE,22,FALSE,0,0,2,4,17,62,6.24,4.25
2012,1,18,SDG,Melvin Ingram,DE,23,FALSE,0,3,6,12,57,148,8.85,4.75
2012,1,20,TEN,Kendall Wright,WR,22,FALSE,0,0,3,6,28,82,3.04,4.666666666666667
2012,1,21,NWE,Chandler Jones,DE,22,FALSE,2,4,10,11,77,154,8.29,7
2012,1,22,CLE,Brandon Weeden,QB,28,FALSE,0,0,1,7,13,35,5.02,1.8571428571428572
2012,1,23,DET,Riley Reiff,OT,23,FALSE,0,0,10,12,60,164,5.91,5
2012,1,24,PIT,David DeCastro,OG,22,FALSE,2,6,8,9,69,125,8.1,7.666666666666667
2012,1,25,NWE,Dont'a Hightower,LB,22,FALSE,0,2,8,10,65,117,5.61,6.5
2012,1,26,HOU,Whitney Mercilus,DE,22,FALSE,0,0,8,10,49,138,8.69,4.9
2012,1,27,CIN,Kevin Zeitler,OG,22,FALSE,0,1,14,14,67,214,7.66,4.785714285714286
2012,1,28,GNB,Nick Perry,DE,22,FALSE,0,0,3,7,22,81,9.38,3.142857142857143
2012,1,30,SFO,A.J. Jenkins,WR,22,FALSE,0,0,0,3,2,28,8.96,0.6666666666666666
2012,1,31,TAM,Doug Martin,RB,23,FALSE,1,2,7,7,39,84,8.27,5.571428571428571
2012,1,32,NYG,David Wilson,RB,21,FALSE,0,0,0,2,5,21,8.78,2.5
2012,2,33,STL,Brian Quick,WR,23,FALSE,0,0,0,7,11,84,6.02,1.5714285714285714
2012,2,34,IND,Coby Fleener,TE,23,FALSE,0,0,4,6,25,87,9.77,4.166666666666667
2012,2,36,DEN,Derek Wolfe,DT,22,FALSE,0,0,9,9,48,122,9.86,5.333333333333333
2012,2,37,CLE,Mitchell Schwartz,OT,23,FALSE,1,0,8,9,75,134,2.29,8.333333333333334
2012,2,40,CAR,Amini Silatolu,OG,23,FALSE,0,0,1,7,18,54,5.92,2.5714285714285716
2012,2,42,MIA,Jonathan Martin,OT,22,FALSE,0,0,2,3,14,38,7.57,4.666666666666667
2012,2,43,NYJ,Stephen Hill,WR,21,FALSE,0,0,2,2,4,23,9.63,2
2012,2,44,KAN,Jeff Allen,OT,22,FALSE,0,0,4,8,27,84,3.74,3.375
2012,2,45,CHI,Alshon Jeffery,WR,22,FALSE,0,1,8,9,48,109,9.01,5.333333333333333
2012,2,46,PHI,Mychal Kendricks,LB,21,FALSE,0,0,7,9,38,104,9.69,4.222222222222222
2012,2,47,SEA,Bobby Wagner,LB,22,FALSE,6,10,14,14,129,219,9.39,9.214285714285714
2012,2,49,SDG,Kendall Reyes,DT,22,FALSE,0,0,3,5,22,76,9.9,4.4
2012,2,50,STL,Isaiah Pead,RB,22,FALSE,0,0,0,5,1,30,6.12,0.2
2012,2,51,GNB,Jerel Worthy,DT,22,FALSE,0,0,0,7,4,40,7.61,0.5714285714285714
2012,2,52,TEN,Zach Brown,LB,22,FALSE,0,1,5,8,41,100,7.59,5.125
2012,2,53,CIN,Devon Still,DT,23,FALSE,0,0,0,5,3,33,7.66,0.6
2012,2,56,PIT,Mike Adams,OT,22,FALSE,0,0,1,5,11,53,4.5,2.2
2012,2,58,TAM,Lavonte David,LB,22,FALSE,1,1,14,14,93,215,7.21,6.642857142857143
2012,2,59,PHI,Vinny Curry,DE,24,FALSE,0,0,1,11,22,134,6.15,2
2012,2,60,BAL,Kelechi Osemele,OT,23,FALSE,1,2,6,9,47,101,5.66,5.222222222222222
2012,2,61,SFO,LaMichael James,RB,22,FALSE,0,0,0,4,2,18,7.26,0.5
2012,2,63,NYG,Rueben Randle,WR,21,FALSE,0,0,2,4,21,64,5.76,5.25
2012,3,64,IND,Dwayne Allen,TE,22,FALSE,0,0,4,7,12,86,4.73,1.7142857142857142
2012,3,67,DEN,Ronnie Hillman,RB,20,FALSE,0,0,1,5,17,56,6.82,3.4
2012,3,68,HOU,DeVier Posey,WR,22,FALSE,0,0,0,3,2,26,8.77,0.6666666666666666
2012,3,69,BUF,T.J. Graham,WR,23,FALSE,0,0,1,4,7,47,5.64,1.75
2012,3,71,WAS,Josh LeRibeus,OG,23,FALSE,0,0,1,7,11,50,5.74,1.5714285714285714
2012,3,74,KAN,Donald Stephenson,OT,23,FALSE,0,0,1,6,18,80,9.38,3
2012,3,75,SEA,Russell Wilson,QB,23,FALSE,0,10,12,14,140,205,8.8,10
2012,3,76,HOU,Brandon Brooks,OG,23,FALSE,0,3,7,10,50,114,9.98,5
2012,3,77,NYJ,Demario Davis,LB,23,FALSE,1,2,13,14,104,227,8.99,7.428571428571429
2012,3,78,MIA,Michael Egnew,TE,22,FALSE,0,0,0,2,0,18,9.28,0
2012,3,81,DAL,Tyrone Crawford,DE,22,FALSE,0,0,5,9,34,112,7.39,3.7777777777777777
2012,3,82,TEN,Mike Martin,DT,22,FALSE,0,0,0,4,6,46,9.91,1.5
2012,3,83,CIN,Mohamed Sanu,WR,23,FALSE,0,0,5,10,41,136,6.47,4.1
2012,3,84,BAL,Bernard Pierce,RB,21,FALSE,0,0,0,4,10,52,8.37,2.5
2012,3,86,PIT,Sean Spence,LB,22,FALSE,0,0,1,6,13,53,4.25,2.1666666666666665
2012,3,87,CLE,John Hughes,DT,24,FALSE,0,0,0,6,10,66,5.75,1.6666666666666667
2012,3,88,PHI,Nick Foles,QB,23,FALSE,0,1,3,11,32,71,4.35,2.909090909090909
2012,3,90,NWE,Jake Bequette,DE,23,FALSE,0,0,0,2,0,8,8.99,0
2012,3,91,ATL,Lamar Holmes,OT,23,FALSE,0,0,1,3,10,21,4.99,3.3333333333333335
2012,3,92,IND,T.Y. Hilton,WR,22,FALSE,0,4,8,11,72,146,5.29,6.545454545454546
2012,3,93,CIN,Brandon Thompson,DT,22,FALSE,0,0,0,4,7,39,5.9,1.75
2012,3,95,OAK,Tony Bergstrom,OT,26,FALSE,0,0,0,9,12,86,6.55,1.3333333333333333
2012,4,96,STL,Chris Givens,WR,22,FALSE,0,0,2,4,12,60,7.42,3
2012,4,97,MIA,Lamar Miller,RB,21,FALSE,0,1,6,9,42,106,9.38,4.666666666666667
2012,4,98,BAL,Gino Gradkowski,OG,23,FALSE,0,0,1,7,11,60,7.01,1.5714285714285714
2012,4,99,HOU,Ben Jones,OC,23,FALSE,0,1,10,11,58,172,4.59,5.2727272727272725
2012,4,100,CLE,Travis Benjamin,WR,22,FALSE,0,0,2,10,25,111,6.52,2.5
2012,4,102,WAS,Kirk Cousins,QB,24,FALSE,0,4,9,14,102,174,4.07,7.285714285714286
2012,4,103,CAR,Frank Alexander,DE,22,FALSE,0,0,0,3,6,29,6.6,2
2012,4,104,CAR,Joe Adams,WR,22,FALSE,0,0,0,1,0,9,3.65,0
2012,4,105,BUF,Nigel Bradham,LB,23,FALSE,0,0,7,9,44,116,7.66,4.888888888888889
2012,4,106,SEA,Robert Turbin,RB,22,FALSE,0,0,0,8,16,82,7.98,2
2012,4,107,KAN,Devon Wylie,WR,24,FALSE,0,0,0,2,0,8,9,0
2012,4,109,PIT,Alameda Ta'amu,DT,22,FALSE,0,0,0,3,3,21,3.27,1
2012,4,110,SDG,Ladarius Green,TE,22,FALSE,0,0,2,5,11,53,8.26,2.2
2012,4,112,ARI,Bobby Massie,OT,23,FALSE,0,0,9,10,45,131,6.63,4.5
2012,4,113,DAL,Kyle Wilber,LB,23,FALSE,0,0,1,10,13,135,6.18,1.3
2012,4,114,SEA,Jaye Howard,DT,23,FALSE,0,0,2,5,17,45,8.71,3.4
2012,4,116,CIN,Orson Charles,TE,21,FALSE,0,0,0,7,2,49,6.86,0.2857142857142857
2012,4,118,MIN,Jarius Wright,WR,22,FALSE,0,0,1,8,24,111,7.08,3
2012,4,119,WAS,Keenan Robinson,LB,23,FALSE,0,0,2,6,17,58,7.33,2.8333333333333335
2012,4,120,CLE,James-Michael Johnson,LB,23,FALSE,0,0,2,4,11,48,7.25,2.75
2012,4,121,HOU,Keshawn Martin,WR,22,FALSE,0,0,1,5,7,58,7.77,1.4
2012,4,122,NOR,Nick Toon,WR,23,FALSE,0,0,0,4,3,17,9.17,0.75
2012,4,125,DET,Ronnell Lewis,LB,21,FALSE,0,0,0,1,1,8,6.39,1
2012,4,126,HOU,Jared Crick,DE,23,FALSE,0,0,3,5,28,79,3.78,5.6
2012,4,127,NYG,Adrien Robinson,TE,23,FALSE,0,0,0,3,0,19,9.07,0
2012,4,129,OAK,Miles Burris,LB,24,FALSE,0,0,2,3,14,38,9.89,4.666666666666667
2012,4,131,NYG,Brandon Mosley,OT,23,FALSE,0,0,0,3,2,22,7.84,0.6666666666666666
2012,4,134,MIN,Greg Childs,WR,22,FALSE,0,0,0,NA,0,NA,9.65,NA
2012,5,138,DET,Tahir Whitehead,LB,22,FALSE,0,0,7,10,41,142,7.68,4.1
2012,5,140,TAM,Najee Goode,LB,23,FALSE,0,0,0,8,10,90,8.01,1.25
2012,5,141,WAS,Adam Gettis,OG,23,FALSE,0,0,0,5,1,17,7.58,0.2
2012,5,142,JAX,Brandon Marshall,LB,22,FALSE,0,0,4,7,30,74,4.8,4.285714285714286
2012,5,145,TEN,Taylor Thompson,TE,22,FALSE,0,0,0,3,0,35,9.6,0
2012,5,147,BUF,Tank Carder,LB,23,FALSE,0,0,0,5,5,78,8.57,1
2012,5,149,SDG,Johnnie Troutman,OG,24,FALSE,0,0,2,3,14,29,2.5,4.666666666666667
2012,5,150,STL,Rokevious Watkins,OG,23,FALSE,0,0,0,2,1,4,3.03,0.5
2012,5,151,ARI,Senio Kelemete,OG,22,FALSE,0,0,1,10,25,97,2.69,2.5
2012,5,152,DAL,Danny Coale,WR,24,FALSE,0,0,0,NA,0,NA,6.69,NA
2012,5,153,PHI,Dennis Kelly,OT,22,FALSE,0,0,1,12,29,131,7.38,2.4166666666666665
2012,5,154,SEA,Korey Toomer,LB,23,FALSE,0,0,0,7,11,53,9.85,1.5714285714285714
2012,5,158,OAK,Jack Crawford,DE,24,FALSE,0,0,3,9,18,109,7.65,2
2012,5,159,PIT,Chris Rainey,RB,24,FALSE,0,0,0,2,1,18,7.67,0.5
2012,5,160,CLE,Ryan Miller,OG,23,FALSE,0,0,0,1,1,8,7.94,1
2012,5,163,GNB,Terrell Manning,LB,22,FALSE,0,0,0,3,0,10,3.46,0
2012,5,165,SFO,Darius Fleming,LB,23,FALSE,0,0,0,4,1,11,6.91,0.25
2012,5,166,CIN,Marvin Jones,WR,22,FALSE,0,0,8,12,53,151,8.86,4.416666666666667
2012,5,168,OAK,Juron Criner,WR,22,FALSE,0,0,0,2,1,13,4.73,0.5
2012,5,170,IND,Vick Ballard,RB,22,FALSE,0,0,1,2,5,17,4.94,2.5
2012,6,173,WAS,Alfred Morris,RB,23,FALSE,0,2,4,9,36,114,4.58,4
2012,6,178,BUF,Mark Asper,OG,26,FALSE,0,0,0,2,0,7,5.84,0
2012,6,179,NOR,Andrew Tiller,OG,23,FALSE,0,0,0,5,6,28,1.56,1.2
2012,6,182,KAN,Cyrus Gray,RB,22,FALSE,0,0,0,3,1,35,5.35,0.3333333333333333
2012,6,183,MIA,B.J. Cunningham,WR,23,FALSE,0,0,0,2,0,2,3.24,0
2012,6,185,ARI,Ryan Lindley,QB,23,FALSE,0,0,0,4,-4,10,4.84,-1
2012,6,186,DAL,James Hanna,TE,23,FALSE,0,0,4,6,3,78,9.92,0.5
2012,6,188,DEN,Danny Trevathan,LB,22,FALSE,0,0,7,10,47,117,1.54,4.7
2012,6,191,CIN,Dan Herron,RB,23,FALSE,0,0,0,4,5,35,6.35,1.25
2012,6,193,WAS,Tom Compton,OT,23,FALSE,0,0,2,11,22,124,8.54,2
2012,6,194,PHI,Marvin McNutt,WR,23,FALSE,0,0,0,2,0,5,7.75,0
2012,6,198,BAL,Tommy Streeter,WR,22,FALSE,0,0,0,3,0,2,8.68,0
2012,6,200,PHI,Brandon Washington,OG,24,FALSE,0,0,0,2,0,1,4.16,0
2012,6,201,NYG,Matt McCants,OT,23,FALSE,0,0,0,5,3,30,1.13,0.6
2012,6,202,NYJ,Terrance Ganaway,RB,23,FALSE,0,0,0,1,0,3,6.07,0
2012,6,204,CLE,Emmanuel Acho,LB,21,FALSE,0,0,0,3,2,20,8.42,0.6666666666666666
2012,6,206,IND,LaVon Brazill,WR,23,FALSE,0,0,0,2,3,25,5.03,1.5
2012,7,210,MIN,Audie Cole,LB,23,FALSE,0,0,0,5,7,57,5.83,1.4
2012,7,211,TEN,Scott Solomon,DE,23,FALSE,0,0,0,4,2,24,8.04,0.5
2012,7,212,TAM,Michael Smith,RB,24,FALSE,0,0,0,1,0,1,8.1,0
2012,7,214,IND,Tim Fugger,DE,23,FALSE,0,0,0,NA,0,NA,9.08,NA
2012,7,215,MIA,Kheeston Randall,DT,23,FALSE,0,0,0,1,1,12,6.82,1
2012,7,219,MIN,Trevor Guyton,DE,NA,FALSE,0,0,0,NA,0,NA,3.16,NA
2012,7,221,ARI,Nate Potter,OT,24,FALSE,0,0,0,2,3,21,5.9,1.5
2012,7,222,DAL,Caleb McSurdy,LB,22,FALSE,0,0,0,NA,0,NA,2.1,NA
2012,7,223,DET,Travis Lewis,LB,24,FALSE,0,0,0,4,4,42,5.6,1
2012,7,227,MIA,Rishard Matthews,WR,22,FALSE,0,0,4,7,22,87,6.28,3.142857142857143
2012,7,228,JAX,Jeris Pendleton,DT,28,FALSE,0,0,0,2,0,5,7.25,0
2012,7,229,PHI,Bryce Brown,RB,21,FALSE,0,0,0,4,9,42,9.07,2.25
2012,7,230,OAK,Nathan Stupar,LB,24,FALSE,0,0,1,8,9,82,6.02,1.125
2012,7,231,PIT,Toney Clemons,WR,23,FALSE,0,0,0,1,0,4,9.1,0
2012,7,232,SEA,Greg Scruggs,DE,22,FALSE,0,0,0,5,1,18,8.94,0.2
2012,7,235,NWE,Jeremy Ebert,WR,23,FALSE,0,0,0,2,0,5,7.84,0
2012,7,236,BAL,DeAngelo Tyson,DT,23,FALSE,0,0,0,3,6,34,7.97,2
2012,7,237,SFO,Cam Johnson,DE,22,FALSE,0,0,1,5,5,28,6.82,1
2012,7,238,KAN,Junior Hemingway,WR,23,FALSE,0,0,0,3,2,31,9.72,0.6666666666666666
2012,7,239,NYG,Markus Kuhn,DT,26,FALSE,0,0,0,4,6,39,9.98,1.5
2012,7,240,PIT,David Paulson,TE,23,FALSE,0,0,0,2,1,32,2.4,0.5
2012,7,243,GNB,B.J. Coleman,QB,23,FALSE,0,0,0,NA,0,NA,5.56,NA
2012,7,244,NYJ,Jordan White,WR,24,FALSE,0,0,0,1,0,3,4.89,0
2012,7,249,ATL,Travian Robertson,DT,23,FALSE,0,0,0,3,1,13,2.36,0.3333333333333333
2012,7,250,SDG,Edwin Baker,RB,21,FALSE,0,0,0,3,1,6,2.97,0.3333333333333333
2012,7,251,BUF,John Potter,PK,22,FALSE,0,0,0,2,0,9,5.32,0
2012,7,252,STL,Daryl Richardson,RB,22,FALSE,0,0,0,5,7,27,7.61,1.4
2012,7,253,IND,Chandler Harnish,QB,24,FALSE,0,0,0,NA,0,NA,8.54,NA
2013,1,1,KAN,Eric Fisher,OT,22,FALSE,0,2,8,9,62,132,9.82,6.888888888888889
2013,1,2,JAX,Luke Joeckel,OT,21,FALSE,0,0,3,5,21,50,7.49,4.2
2013,1,4,PHI,Lane Johnson,OT,23,FALSE,2,6,12,13,89,168,9.96,6.846153846153846
2013,1,5,DET,Ezekiel Ansah,DE,24,FALSE,0,1,5,8,39,93,9.79,4.875
2013,1,6,CLE,Barkevious Mingo,LB,22,FALSE,0,0,2,8,24,126,9.82,3
2013,1,7,ARI,Jonathan Cooper,OG,23,FALSE,0,0,2,6,16,46,7.7,2.6666666666666665
2013,1,8,STL,Tavon Austin,WR,23,FALSE,0,0,4,9,26,113,6.45,2.888888888888889
2013,1,10,TEN,Chance Warmack,OG,21,FALSE,0,0,3,6,22,68,2.16,3.6666666666666665
2013,1,11,SDG,D.J. Fluker,OT,22,FALSE,0,0,7,8,43,108,3.12,5.375
2013,1,13,NYJ,Sheldon Richardson,DT,22,FALSE,0,1,8,9,61,138,8.85,6.777777777777778
2013,1,14,CAR,Star Lotulelei,DT,23,FALSE,0,0,7,9,48,119,3.69,5.333333333333333
2013,1,16,BUF,EJ Manuel,QB,23,FALSE,0,0,1,5,10,30,9.7,2
2013,1,17,PIT,Jarvis Jones,LB,23,FALSE,0,0,1,4,17,50,2.58,4.25
2013,1,20,CHI,Kyle Long,OG,24,FALSE,0,3,6,7,40,77,9.84,5.714285714285714
2013,1,21,CIN,Tyler Eifert,TE,22,FALSE,0,1,2,8,19,74,9.09,2.375
2013,1,23,MIN,Sharrif Floyd,DT,21,FALSE,0,0,2,4,13,44,8.19,3.25
2013,1,24,IND,Bjoern Werner,DE,23,FALSE,0,0,1,3,10,38,5.66,3.3333333333333335
2013,1,26,GNB,Datone Jones,DE,23,FALSE,0,0,0,8,10,68,8.55,1.25
2013,1,27,HOU,DeAndre Hopkins,WR,21,FALSE,3,5,10,13,84,195,4.94,6.461538461538462
2013,1,28,DEN,Sylvester Williams,DT,24,FALSE,0,0,4,8,29,102,4.86,3.625
2013,1,29,MIN,Cordarrelle Patterson,WR,22,FALSE,4,4,4,12,42,183,7.68,3.5
2013,1,30,STL,Alec Ogletree,LB,21,FALSE,0,0,7,9,52,111,7.24,5.777777777777778
2013,1,31,DAL,Travis Frederick,OC,22,FALSE,1,5,6,7,60,96,2.6,8.571428571428571
2013,2,34,TEN,Justin Hunter,WR,22,FALSE,0,0,1,6,9,60,8.68,1.5
2013,2,35,PHI,Zach Ertz,TE,22,FALSE,0,3,9,13,57,181,6.38,4.384615384615385
2013,2,37,CIN,Giovani Bernard,RB,21,FALSE,0,0,2,10,42,135,7.4,4.2
2013,2,38,SDG,Manti Te'o,LB,22,FALSE,0,0,4,8,20,62,4.94,2.5
2013,2,39,NYJ,Geno Smith,QB,22,FALSE,0,2,6,13,57,109,9.48,4.384615384615385
2013,2,41,BUF,Robert Woods,WR,21,FALSE,0,0,10,12,59,171,3.55,4.916666666666667
2013,2,42,OAK,Menelik Watson,OT,24,FALSE,0,0,2,5,9,34,2.33,1.8
2013,2,44,CAR,Kawann Short,DT,24,FALSE,0,2,5,8,41,99,4.98,5.125
2013,2,45,ARI,Kevin Minter,LB,22,FALSE,0,0,3,9,27,123,3.79,3
2013,2,46,BUF,Kiko Alonso,LB,23,FALSE,0,0,4,7,33,86,7.84,4.714285714285714
2013,2,47,DAL,Gavin Escobar,TE,22,FALSE,0,0,0,5,2,64,6.22,0.4
2013,2,48,PIT,Le'Veon Bell,RB,21,FALSE,2,3,5,9,61,96,8.88,6.777777777777778
2013,2,49,NYG,Johnathan Hankins,DT,21,FALSE,0,0,10,12,50,169,2.8,4.166666666666667
2013,2,52,NWE,Jamie Collins,LB,23,FALSE,0,1,7,10,58,125,9.33,5.8
2013,2,53,CIN,Margus Hunt,DE,26,FALSE,0,0,1,9,18,114,9.93,2
2013,2,55,SFO,Vance McDonald,TE,23,FALSE,0,0,6,8,14,101,8.08,1.75
2013,2,56,BAL,Arthur Brown,LB,20,FALSE,0,0,0,4,3,48,7,0.75
2013,2,58,DEN,Montee Ball,RB,22,FALSE,0,0,0,2,7,21,3.86,3.5
2013,2,59,NWE,Aaron Dobson,WR,22,FALSE,0,0,1,3,6,24,8.52,2
2013,2,61,GNB,Eddie Lacy,RB,23,FALSE,0,1,3,5,36,60,4.58,7.2
2013,2,62,SEA,Christine Michael,RB,22,FALSE,0,0,1,6,9,38,9.79,1.5
2013,3,63,KAN,Travis Kelce,TE,23,FALSE,4,11,12,13,94,192,9.29,7.230769230769231
2013,3,65,DET,Larry Warford,OG,22,FALSE,0,3,7,7,52,101,2.11,7.428571428571429
2013,3,66,OAK,Sio Moore,LB,23,FALSE,0,0,2,4,14,46,8.48,3.5
2013,3,67,PHI,Bennie Logan,DT,23,FALSE,0,0,5,6,28,89,4.78,4.666666666666667
2013,3,72,NYJ,Brian Winters,OG,22,FALSE,0,0,7,9,31,107,8.06,3.4444444444444446
2013,3,73,TAM,Mike Glennon,QB,23,FALSE,0,0,1,9,9,40,2.78,1
2013,3,74,DAL,Terrance Williams,WR,23,FALSE,0,0,4,6,27,83,4.76,4.5
2013,3,75,NOR,Terron Armstead,OT,22,FALSE,0,5,10,12,67,135,9.58,5.583333333333333
2013,3,78,BUF,Marquise Goodwin,WR,22,FALSE,0,0,3,11,24,114,9.27,2.1818181818181817
2013,3,79,PIT,Markus Wheaton,WR,22,FALSE,0,0,2,6,13,59,8.38,2.1666666666666665
2013,3,81,NYG,Damontre Moore,DE,20,FALSE,0,0,0,8,5,66,5.51,0.625
2013,3,82,NOR,John Jenkins,DT,24,FALSE,0,0,4,13,32,167,3.24,2.4615384615384617
2013,3,85,WAS,Jordan Reed,TE,23,FALSE,0,1,3,8,25,75,3.76,3.125
2013,3,86,IND,Hugh Thornton,OG,22,FALSE,0,0,3,3,16,37,9.6,5.333333333333333
2013,3,87,SEA,Jordan Hill,DT,22,FALSE,0,0,0,4,6,31,3,1.5
2013,3,88,SFO,Corey Lemonier,DE,21,FALSE,0,0,0,4,4,51,9.05,1
2013,3,92,STL,Stedman Bailey,WR,22,FALSE,0,0,0,3,7,38,5.64,2.3333333333333335
2013,3,94,BAL,Brandon Williams,DT,24,FALSE,0,1,8,10,52,128,1.79,5.2
2013,3,95,HOU,Sam Montgomery,DE,23,FALSE,0,0,0,NA,0,NA,6.31,NA
2013,3,96,KAN,Knile Davis,RB,21,FALSE,0,0,0,4,10,57,9.45,2.5
2013,3,97,TEN,Zaviar Gooden,LB,23,FALSE,0,0,0,4,4,32,9.78,1
2013,4,98,PHI,Matt Barkley,QB,22,FALSE,0,0,1,11,5,20,3.67,0.45454545454545453
2013,4,99,KAN,Nico Johnson,LB,23,FALSE,0,0,0,3,3,18,4.08,1
2013,4,100,TAM,Akeem Spence,DT,21,FALSE,0,0,4,10,27,117,6.17,2.7
2013,4,101,JAX,Ace Sanders,WR,21,FALSE,0,0,0,2,3,27,1.89,1.5
2013,4,102,NWE,Josh Boyce,WR,22,FALSE,0,0,0,2,1,10,9.6,0.5
2013,4,103,ARI,Alex Okafor,DE,22,FALSE,0,0,5,9,29,106,5.29,3.2222222222222223
2013,4,104,MIA,Jelani Jenkins,LB,21,FALSE,0,0,3,5,15,60,8.12,3
2013,4,106,MIA,Dion Sims,TE,22,FALSE,0,0,2,6,8,78,7.76,1.3333333333333333
2013,4,107,TEN,Brian Schwenke,OC,22,FALSE,0,0,2,6,14,60,9.36,2.3333333333333335
2013,4,108,CAR,Edmund Kugbila,OG,22,FALSE,0,0,0,NA,0,NA,6.33,NA
2013,4,109,GNB,David Bakhtiari,OT,21,FALSE,2,3,9,11,84,131,6.72,7.636363636363637
2013,4,110,NYG,Ryan Nassib,QB,23,FALSE,0,0,0,3,0,5,1.52,0
2013,4,112,OAK,Tyler Wilson,QB,24,FALSE,0,0,0,NA,0,NA,3.95,NA
2013,4,115,PIT,Landry Jones,QB,24,FALSE,0,0,0,5,4,18,5.29,0.8
2013,4,116,ARI,Earl Watford,OG,23,FALSE,0,0,1,7,15,71,7.35,2.142857142857143
2013,4,117,CHI,Khaseem Greene,LB,24,FALSE,0,0,0,2,3,25,4.39,1.5
2013,4,118,CIN,Sean Porter,LB,22,FALSE,0,0,0,4,0,3,5.76,0
2013,4,120,MIN,Gerald Hodges,LB,22,FALSE,0,0,1,6,18,81,5.88,3
2013,4,121,IND,Khaled Holmes,OC,23,FALSE,0,0,0,3,4,17,5.16,1.3333333333333333
2013,4,123,SEA,Chris Harper,WR,23,FALSE,0,0,0,1,0,4,7.16,0
2013,4,125,GNB,Johnathan Franklin,RB,23,FALSE,0,0,0,1,1,11,6.06,1
2013,4,126,TAM,William Gholston,DE,22,FALSE,0,0,7,12,39,186,3.99,3.25
2013,4,127,ATL,Malliciah Goodman,DE,23,FALSE,0,0,1,4,5,37,6.13,1.25
2013,4,128,SFO,Quinton Patton,WR,23,FALSE,0,0,1,4,6,40,5.64,1.5
2013,4,132,DET,Devin Taylor,DE,23,FALSE,0,0,1,5,12,63,9.63,2.4
2013,4,133,ATL,Levine Toilolo,TE,22,FALSE,0,0,5,8,8,124,5.54,1
2013,5,135,JAX,Denard Robinson,WR,22,FALSE,0,0,1,4,8,55,7.02,2
2013,5,137,SEA,Jesse Williams,DT,22,FALSE,0,0,0,NA,0,NA,7.85,NA
2013,5,139,IND,Montori Hughes,DT,23,FALSE,0,0,0,4,2,25,2.93,0.5
2013,5,140,ARI,Stepfan Taylor,RB,22,FALSE,0,0,0,4,3,61,0.47,0.75
2013,5,141,NYJ,Oday Aboushi,OT,22,FALSE,0,0,3,10,21,85,1.47,2.1
2013,5,142,TEN,Lavar Edwards,DE,23,FALSE,0,0,0,5,1,25,7.98,0.2
2013,5,144,NOR,Kenny Stills,WR,21,FALSE,0,0,5,9,35,130,7.13,3.888888888888889
2013,5,147,TAM,Steven Means,DE,22,FALSE,0,0,2,10,14,65,9.09,1.4
2013,5,148,CAR,A.J. Klein,LB,22,FALSE,0,0,5,11,37,146,7.5,3.3636363636363638
2013,5,151,DAL,Joseph Randle,RB,21,FALSE,0,0,0,3,7,35,6.27,2.3333333333333335
2013,5,153,ATL,Stansly Maponga,DE,22,FALSE,0,0,0,3,2,26,5.41,0.6666666666666666
2013,5,156,CIN,Tanner Hawkinson,OT,23,FALSE,0,0,0,2,0,4,8.32,0
2013,5,158,SEA,Luke Willson,TE,23,FALSE,0,0,2,8,12,102,9.9,1.5
2013,5,160,STL,Zac Stacy,RB,22,FALSE,0,0,1,3,11,35,8.16,3.6666666666666665
2013,5,161,DEN,Tavarres King,WR,23,FALSE,0,0,0,5,2,17,6.31,0.4
2013,5,162,WAS,Brandon Jenkins,DE,23,FALSE,0,0,0,1,0,5,0.92,0
2013,5,163,CHI,Jordan Mills,OT,22,FALSE,0,0,5,9,37,100,3.8,4.111111111111111
2013,5,164,MIA,Mike Gillislee,RB,22,FALSE,0,0,0,6,11,36,3.91,1.8333333333333333
2013,5,168,BAL,Ricky Wagner,OT,23,FALSE,0,0,6,8,41,118,5.24,5.125
2013,6,170,KAN,Eric Kush,OC,23,FALSE,0,0,0,8,10,50,9.89,1.25
2013,6,171,DET,Corey Fuller,WR,23,FALSE,0,0,0,3,3,28,5.83,1
2013,6,172,OAK,Nick Kasa,TE,22,FALSE,0,0,0,1,0,16,8.38,0
2013,6,174,ARI,Ryan Swope,WR,22,FALSE,0,0,0,NA,0,NA,9.54,NA
2013,6,177,BUF,Dustin Hopkins,PK,22,FALSE,0,0,1,12,22,140,8.4,1.8333333333333333
2013,6,178,NYJ,William Campbell,OG,22,FALSE,0,0,0,NA,0,NA,9.15,NA
2013,6,179,SDG,Tourek Williams,DE,22,FALSE,0,0,0,4,5,44,2.55,1.25
2013,6,180,SFO,Nick Moody,LB,23,FALSE,0,0,0,4,2,24,5.92,0.5
2013,6,181,OAK,Latavius Murray,RB,23,FALSE,0,1,3,11,44,151,9.83,4
2013,6,182,CAR,Kenjon Barner,RB,24,FALSE,0,0,0,9,4,76,6.33,0.4444444444444444
2013,6,183,NOR,Rufus Johnson,DE,23,FALSE,0,0,0,3,0,1,8.78,0
2013,6,184,OAK,Mychal Rivera,TE,22,FALSE,0,0,1,4,10,61,3.9,2.5
2013,6,185,DAL,DeVonte Holloman,LB,22,FALSE,0,0,0,1,1,9,4.92,1
2013,6,186,PIT,Justin Brown,WR,22,FALSE,0,0,0,2,1,8,9.35,0.5
2013,6,186,PIT,Justin Brown,WR,22,FALSE,0,0,0,2,1,8,4.63,0.5
2013,6,187,ARI,Andre Ellington,RB,24,FALSE,0,0,1,5,18,65,5.7,3.6
2013,6,189,TAM,Mike James,RB,22,FALSE,0,0,0,4,2,23,7.7,0.5
2013,6,190,CIN,Rex Burkhead,RB,23,FALSE,0,0,0,10,21,115,7.43,2.1
2013,6,193,GNB,Nate Palmer,LB,23,FALSE,0,0,1,5,9,48,9.04,1.8
2013,6,194,SEA,Spencer Ware,RB,21,FALSE,0,0,1,7,17,43,6.3,2.4285714285714284
2013,6,195,HOU,Alan Bonner,WR,22,FALSE,0,0,0,NA,0,NA,2.7,NA
2013,6,196,MIN,Jeff Baca,OG,23,FALSE,0,0,0,1,0,4,9.11,0
2013,6,197,CIN,Cobi Hamilton,WR,22,FALSE,0,0,1,5,2,14,2.44,0.4
2013,6,198,HOU,Chris Jones,DT,23,FALSE,0,0,0,4,14,41,8.42,3.5
2013,6,198,HOU,Chris Jones,DT,23,FALSE,0,0,0,4,14,41,4.57,3.5
2013,6,199,DET,Theo Riddick,RB,22,FALSE,0,0,1,8,24,88,3.31,3
2013,6,201,HOU,Ryan Griffin,TE,23,FALSE,0,0,5,10,14,134,7.49,1.4
2013,6,204,KAN,Braden Wilson,FB,23,FALSE,0,0,0,NA,0,NA,7.39,NA
2013,6,206,PIT,Vince Williams,LB,23,FALSE,0,0,5,8,35,121,1.69,4.375
2013,7,207,KAN,Mike Catapano,DE,23,FALSE,0,0,0,4,3,29,9.81,0.75
2013,7,209,OAK,Brice Butler,WR,23,FALSE,0,0,0,6,9,69,9.79,1.5
2013,7,211,DET,Michael Williams,TE,22,FALSE,0,0,1,3,0,15,0.38,0
2013,7,212,PHI,Joe Kruger,DE,21,FALSE,0,0,0,NA,0,NA,8.14,NA
2013,7,214,MIN,Travis Bond,OG,22,FALSE,0,0,0,1,0,2,4.28,0
2013,7,217,CLE,Armonty Bryant,DE,23,FALSE,0,0,0,4,5,36,3.45,1.25
2013,7,219,ARI,D.C. Jefferson,TE,24,FALSE,0,0,0,1,0,4,3.47,0
2013,7,220,SEA,Ryan Seymour,OG,23,FALSE,0,0,0,4,2,12,9.82,0.5
2013,7,221,SDG,Brad Sorensen,QB,25,FALSE,0,0,0,NA,0,NA,5.1,NA
2013,7,222,BUF,Chris Gragg,TE,23,FALSE,0,0,0,3,1,32,8.02,0.3333333333333333
2013,7,224,GNB,Kevin Dorsey,WR,23,FALSE,0,0,0,2,0,3,7.66,0
2013,7,225,NYG,Eric Herman,OG,23,FALSE,0,0,0,NA,0,NA,6.04,NA
2013,7,226,NWE,Michael Buchanan,DE,22,FALSE,0,0,0,2,2,18,8.15,1
2013,7,227,CLE,Garrett Gilkey,OT,23,FALSE,0,0,0,2,2,22,8.44,1
2013,7,228,WAS,Jawan Jamison,RB,21,FALSE,0,0,0,NA,0,NA,0.24,NA
2013,7,229,MIN,Everett Dawkins,DT,23,FALSE,0,0,0,1,0,1,4.26,0
2013,7,230,IND,Kerwynn Williams,RB,22,FALSE,0,0,0,5,6,40,4.71,1.2
2013,7,232,GNB,Sam Barrington,LB,22,FALSE,0,0,1,4,4,29,4.13,1
2013,7,233,OAK,David Bass,DE,22,FALSE,0,0,0,5,9,64,5.04,1.8
2013,7,235,NWE,Steve Beauharnais,LB,23,FALSE,0,0,0,2,0,5,6.1,0
2013,7,236,CHI,Marquess Wilson,WR,20,FALSE,0,0,0,4,6,31,7.05,1.5
2013,7,237,SFO,B.J. Daniels,QB,24,FALSE,0,0,0,3,0,8,8.7,0
2013,7,238,BAL,Aaron Mellette,WR,23,FALSE,0,0,0,NA,0,NA,5.03,NA
2013,7,239,PHI,David King,DE,23,FALSE,0,0,0,5,1,17,9.28,0.2
2013,7,241,SEA,Jared Smith,DT,23,FALSE,0,0,0,NA,0,NA,9.13,NA
2013,7,242,SEA,Michael Bowie,OT,21,FALSE,0,0,0,1,4,9,3.46,4
2013,7,245,DET,Brandon Hepburn,LB,23,FALSE,0,0,0,NA,0,NA,5.79,NA
2013,7,251,CIN,T.J. Johnson,OC,23,FALSE,0,0,0,5,5,45,4.09,1
2013,7,253,NYG,Michael Cox,RB,24,FALSE,0,0,0,2,0,18,9.92,0
2013,7,254,IND,Justice Cunningham,TE,22,FALSE,0,0,0,3,0,3,4.14,0
2014,1,1,HOU,Jadeveon Clowney,DE,21,FALSE,0,3,10,12,63,153,9.7,5.25
2014,1,2,STL,Greg Robinson,OT,21,FALSE,0,0,5,6,24,83,9.3,4
2014,1,3,JAX,Blake Bortles,QB,22,FALSE,0,0,5,6,44,78,7.67,7.333333333333333
2014,1,4,BUF,Sammy Watkins,WR,21,FALSE,0,0,6,9,43,111,8.45,4.777777777777778
2014,1,6,ATL,Jake Matthews,OT,22,FALSE,0,1,12,12,75,196,9.49,6.25
2014,1,7,TAM,Mike Evans,WR,21,FALSE,0,6,11,12,80,176,7,6.666666666666667
2014,1,9,MIN,Anthony Barr,LB,22,FALSE,0,4,7,10,56,116,8.63,5.6
2014,1,10,DET,Eric Ebron,TE,21,FALSE,0,1,4,8,29,106,7.71,3.625
2014,1,11,TEN,Taylor Lewan,OT,23,FALSE,0,3,7,9,48,105,10,5.333333333333333
2014,1,13,STL,Aaron Donald,DT,23,FALSE,8,10,10,10,123,154,9.66,12.3
2014,1,15,PIT,Ryan Shazier,LB,22,FALSE,0,2,3,4,27,46,9.88,6.75
2014,1,16,DAL,Zack Martin,OG,23,FALSE,7,9,11,11,103,162,9.08,9.363636363636363
2014,1,17,BAL,C.J. Mosley,LB,22,FALSE,0,5,8,11,81,133,6.38,7.363636363636363
2014,1,19,MIA,Ja'Wuan James,OT,22,FALSE,0,0,4,9,27,66,7.29,3
2014,1,20,NOR,Brandin Cooks,WR,20,FALSE,0,0,10,12,73,173,9.14,6.083333333333333
2014,1,22,CLE,Johnny Manziel,QB,21,FALSE,0,0,0,2,4,14,8.34,2
2014,1,28,CAR,Kelvin Benjamin,WR,23,FALSE,0,0,4,5,22,61,3.49,4.4
2014,1,32,MIN,Teddy Bridgewater,QB,21,FALSE,0,1,4,12,49,83,7.16,4.083333333333333
2014,2,33,HOU,Xavier Su'a-Filo,OG,23,FALSE,0,0,3,8,24,83,8.43,3
2014,2,35,CLE,Joel Bitonio,OG,22,FALSE,2,7,11,12,75,178,9.72,6.25
2014,2,36,OAK,Derek Carr,QB,23,FALSE,0,4,11,11,93,169,8.52,8.454545454545455
2014,2,39,JAX,Marqise Lee,WR,22,FALSE,0,0,2,6,17,59,7.11,2.8333333333333335
2014,2,40,DET,Kyle Van Noy,LB,23,FALSE,0,1,8,12,62,173,7.5,5.166666666666667
2014,2,42,PHI,Jordan Matthews,WR,22,FALSE,0,0,3,11,23,81,9.38,2.090909090909091
2014,2,44,BUF,Cyrus Kouandjio,OT,21,FALSE,0,0,0,5,6,30,3.02,1.2
2014,2,45,SEA,Paul Richardson,WR,22,FALSE,0,0,3,6,14,64,7.63,2.3333333333333335
2014,2,48,BAL,Timmy Jernigan,DT,21,FALSE,0,0,4,7,25,76,4.53,3.5714285714285716
2014,2,49,NYJ,Jace Amaro,TE,22,FALSE,0,0,0,3,4,17,8.8,1.3333333333333333
2014,2,50,SDG,Jeremiah Attaochu,LB,21,FALSE,0,0,1,9,15,82,8.33,1.6666666666666667
2014,2,51,CHI,Ego Ferguson,DT,22,FALSE,0,0,0,2,2,20,4.75,1
2014,2,52,ARI,Troy Niklas,TE,21,FALSE,0,0,1,4,1,41,7.04,0.25
2014,2,53,GNB,Davante Adams,WR,21,FALSE,3,6,11,12,92,178,6.54,7.666666666666667
2014,2,54,TEN,Bishop Sankey,RB,21,FALSE,0,0,1,2,6,29,9.72,3
2014,2,55,CIN,Jeremy Hill,RB,21,FALSE,0,0,3,5,21,55,2.29,4.2
2014,2,56,DEN,Cody Latimer,WR,21,FALSE,0,0,1,6,6,66,9.93,1
2014,2,57,SFO,Carlos Hyde,RB,23,FALSE,0,0,4,8,32,102,4.23,4
2014,2,60,CAR,Kony Ealy,DE,22,FALSE,0,0,0,5,12,65,5.99,2.4
2014,2,61,JAX,Allen Robinson,WR,21,FALSE,0,1,8,11,48,139,8.86,4.363636363636363
2014,2,62,NWE,Jimmy Garoppolo,QB,22,FALSE,0,0,3,12,47,85,4.99,3.9166666666666665
2014,2,63,MIA,Jarvis Landry,WR,21,FALSE,0,5,8,9,56,132,0.27,6.222222222222222
2014,2,64,SEA,Justin Britt,OT,23,FALSE,0,0,7,9,41,99,6.69,4.555555555555555
2014,3,65,HOU,C.J. Fiedorowicz,TE,22,FALSE,0,0,2,4,6,51,8.95,1.5
2014,3,67,MIA,Billy Turner,OT,22,FALSE,0,0,5,10,35,105,7.16,3.5
2014,3,69,TAM,Charles Sims,RB,23,FALSE,0,0,0,4,13,47,8.58,3.25
2014,3,70,SFO,Marcus Martin,OC,20,FALSE,0,0,2,7,11,29,4.92,1.5714285714285714
2014,3,71,CLE,Christian Kirksey,LB,22,FALSE,0,0,5,9,40,114,7.4,4.444444444444445
2014,3,72,MIN,Scott Crichton,DE,22,FALSE,0,0,0,2,2,21,6.42,1
2014,3,73,BUF,Preston Brown,LB,21,FALSE,0,0,6,6,34,81,5.2,5.666666666666667
2014,3,74,NYG,Jay Bromley,DT,22,FALSE,0,0,0,5,5,57,7.2,1
2014,3,75,STL,Tre Mason,RB,21,FALSE,0,0,1,2,8,25,8.94,4
2014,3,76,DET,Travis Swanson,OC,23,FALSE,0,0,4,5,23,65,3.95,4.6
2014,3,77,SFO,Chris Borland,LB,23,FALSE,0,0,1,1,6,14,4.67,6
2014,3,81,OAK,Gabe Jackson,OG,23,FALSE,0,0,9,10,47,136,4.98,4.7
2014,3,82,CHI,Will Sutton,DT,22,FALSE,0,0,2,3,8,36,0.75,2.6666666666666665
2014,3,84,ARI,Kareem Martin,DE,22,FALSE,0,0,2,7,12,78,9.84,1.7142857142857142
2014,3,85,GNB,Khyri Thornton,DT,24,FALSE,0,0,0,4,3,23,6.38,0.75
2014,3,86,PHI,Josh Huff,WR,22,FALSE,0,0,0,3,6,37,6.61,2
2014,3,88,CIN,Will Clarke,DE,23,FALSE,0,0,0,5,6,53,6.76,1.2
2014,3,89,SDG,Chris Watt,OG,24,FALSE,0,0,0,2,5,17,4.67,2.5
2014,3,90,IND,Donte Moncrief,WR,21,FALSE,0,0,3,7,18,83,9.46,2.5714285714285716
2014,3,91,ARI,John Brown,WR,24,FALSE,0,0,5,9,36,103,6.46,4
2014,3,91,ARI,John Brown,WR,24,FALSE,0,0,5,9,36,103,8.22,4
2014,3,92,CAR,Trai Turner,OG,21,FALSE,0,5,9,9,51,126,6.78,5.666666666666667
2014,3,93,JAX,Brandon Linder,OG,22,FALSE,0,0,6,8,31,88,6.24,3.875
2014,3,94,CLE,Terrance West,RB,23,FALSE,0,0,2,4,11,43,3.91,2.75
2014,3,96,MIN,Jerick McKinnon,RB,22,FALSE,0,0,1,10,32,116,9.78,3.2
2014,3,97,PIT,Dri Archer,WR,23,FALSE,0,0,0,2,0,20,8.98,0
2014,3,98,GNB,Richard Rodgers,TE,22,FALSE,0,0,2,9,14,98,4.57,1.5555555555555556
2014,3,99,BAL,Crockett Gillmore,TE,22,FALSE,0,0,1,3,4,32,5.75,1.3333333333333333
2014,3,100,SFO,Brandon Thomas,OG,23,FALSE,0,0,0,NA,0,NA,6.26,NA
2014,4,103,ATL,Devonta Freeman,RB,22,FALSE,0,2,4,8,49,98,2.34,6.125
2014,4,104,NYJ,Jalen Saunders,WR,21,FALSE,0,0,0,1,0,9,3.96,0
2014,4,105,NWE,Bryan Stork,OC,23,FALSE,0,0,1,2,11,21,2.91,5.5
2014,4,106,SFO,Bruce Ellington,WR,23,FALSE,0,0,0,5,7,44,9.22,1.4
2014,4,107,OAK,Justin Ellis,DT,23,FALSE,0,0,3,9,25,117,1.27,2.7777777777777777
2014,4,108,SEA,Cassius Marsh,DE,22,FALSE,0,0,0,8,13,96,3.9,1.625
2014,4,112,TEN,DaQuan Jones,DT,22,FALSE,0,0,10,12,60,167,2.48,5
2014,4,113,NYG,Andre Williams,RB,22,FALSE,0,0,0,4,7,41,9.25,1.75
2014,4,115,NYJ,Shaquelle Evans,WR,23,FALSE,0,0,0,NA,0,NA,6.52,NA
2014,4,117,CHI,Ka'Deem Carey,RB,21,FALSE,0,0,0,3,3,37,2.91,1
2014,4,118,PIT,Martavis Bryant,WR,22,FALSE,0,0,1,5,19,44,9.45,3.8
2014,4,119,DAL,Anthony Hitchens,LB,22,FALSE,0,0,7,8,41,119,5.08,5.125
2014,4,121,GNB,Carl Bradford,LB,22,FALSE,0,0,0,3,0,6,7.02,0
2014,4,123,SEA,Kevin Norwood,WR,24,FALSE,0,0,0,2,1,10,5.91,0.5
2014,4,124,KAN,De'Anthony Thomas,RB,21,FALSE,0,0,0,6,7,69,3.7,1.1666666666666667
2014,4,126,NOR,Khairi Fortt,LB,22,FALSE,0,0,0,1,0,3,8.57,0
2014,4,130,NWE,James White,RB,22,FALSE,0,0,0,8,37,95,4.94,4.625
2014,4,132,SEA,Kevin Pierre-Louis,LB,22,FALSE,0,0,1,9,15,95,9.76,1.6666666666666667
2014,4,135,HOU,Tom Savage,QB,24,FALSE,0,0,1,4,3,13,3.23,0.75
2014,4,136,DET,Larry Webster,DE,24,FALSE,0,0,0,3,0,1,8.99,0
2014,4,136,DET,Larry Webster,DE,24,FALSE,0,0,0,3,0,1,4.63,0
2014,4,137,NYJ,Dakota Dozier,OG,23,FALSE,0,0,1,8,13,76,1.52,1.625
2014,4,138,BAL,Lorenzo Taliaferro,RB,22,FALSE,0,0,0,3,3,19,7.83,1
2014,4,139,ATL,Prince Shembo,LB,22,FALSE,0,0,0,1,2,16,8.74,2
2014,4,140,NWE,Cameron Fleming,OT,22,FALSE,0,0,2,11,30,118,2.94,2.727272727272727
2014,5,141,PHI,Taylor Hart,DE,23,FALSE,0,0,0,3,1,15,4.9,0.3333333333333333
2014,5,142,WAS,Ryan Grant,WR,23,FALSE,0,0,1,6,10,80,5.09,1.6666666666666667
2014,5,143,TAM,Kadeem Edwards,OG,23,FALSE,0,0,0,NA,0,NA,5.26,NA
2014,5,144,JAX,Telvin Smith,LB,23,FALSE,0,1,5,5,42,76,6.4,8.4
2014,5,145,MIN,David Yankey,OG,22,FALSE,0,0,0,3,0,6,4.92,0
2014,5,146,DAL,Devin Street,WR,23,FALSE,0,0,0,3,1,36,8.96,0.3333333333333333
2014,5,149,TAM,Kevin Pamphile,OT,23,FALSE,0,0,2,5,16,56,8.81,3.2
2014,5,150,SFO,Aaron Lynch,DE,21,FALSE,0,0,1,7,14,81,5.96,2
2014,5,151,TEN,Avery Williamson,LB,22,FALSE,0,0,5,8,38,96,8.41,4.75
2014,5,153,BUF,Cyril Richardson,OG,23,FALSE,0,0,0,1,2,12,4.99,2
2014,5,154,NYJ,Jeremiah George,LB,22,FALSE,0,0,0,4,3,37,1.34,0.75
2014,5,155,MIA,Arthur Lynch,TE,24,FALSE,0,0,0,NA,0,NA,6.82,NA
2014,5,156,DEN,Lamin Barrow,LB,23,FALSE,0,0,0,2,2,32,7.34,1
2014,5,158,DET,Caraun Reid,DT,22,FALSE,0,0,1,8,9,55,6.8,1.125
2014,5,160,ARI,Ed Stinson,DE,24,FALSE,0,0,0,4,5,33,1.61,1.25
2014,5,161,GNB,Corey Linsley,OC,23,FALSE,1,1,9,10,64,132,9.19,6.4
2014,5,165,SDG,Ryan Carrethers,DT,23,FALSE,0,0,0,3,3,24,1.33,1
2014,5,166,IND,Jonathan Newsome,LB,23,FALSE,0,0,0,2,4,30,6.02,2
2014,5,168,ATL,Marquis Spruill,LB,23,FALSE,0,0,0,NA,0,NA,5.83,NA
2014,5,169,NOR,Ronald Powell,LB,23,FALSE,0,0,0,1,1,14,8.3,1
2014,5,171,MIA,Jordan Tripp,LB,23,FALSE,0,0,0,4,3,37,9.21,0.75
2014,5,175,BAL,John Urschel,OG,23,FALSE,0,0,0,3,7,40,7.7,2.3333333333333335
2014,5,176,GNB,Jared Abbrederis,WR,23,FALSE,0,0,0,4,1,22,4.66,0.25
2014,6,179,NWE,Jon Halapio,OG,23,FALSE,0,0,2,6,10,27,3.26,1.6666666666666667
2014,6,181,HOU,Alfred Blue,RB,23,FALSE,0,0,1,5,18,73,5.04,3.6
2014,6,183,CHI,David Fales,QB,23,FALSE,0,0,0,6,1,5,1.14,0.16666666666666666
2014,6,185,TAM,Robert Herron,WR,22,FALSE,0,0,0,1,0,8,6.7,0
2014,6,186,WAS,Lache Seastrunk,RB,23,FALSE,0,0,0,NA,0,NA,7.21,NA
2014,6,189,DET,T.J. Jones,WR,22,FALSE,0,0,0,6,7,45,6.44,1.1666666666666667
2014,6,190,MIA,Matt Hazel,WR,22,FALSE,0,0,0,4,0,9,6.97,0
2014,6,192,PIT,Jordan Zumwalt,LB,22,FALSE,0,0,0,NA,0,NA,7.09,NA
2014,6,193,KAN,Zach Fulton,OG,22,FALSE,0,0,6,7,39,107,5.74,5.571428571428571
2014,6,194,BAL,Keith Wenning,QB,23,FALSE,0,0,0,NA,0,NA,3.53,NA
2014,6,196,ARI,Walt Powell,WR,22,FALSE,0,0,0,3,1,15,2.93,0.3333333333333333
2014,6,198,NWE,Zach Moore,DE,24,FALSE,0,0,0,5,3,26,7.99,0.6
2014,6,201,SDG,Marion Grice,RB,23,FALSE,0,0,0,1,0,10,2.71,0
2014,6,203,IND,Andrew Jackson,LB,22,FALSE,0,0,0,1,1,13,4.97,1
2014,6,204,CAR,Tyler Gaffney,RB,23,FALSE,0,0,0,NA,0,NA,9.28,NA
2014,6,205,JAX,Luke Bowanko,OC,23,FALSE,0,0,1,5,9,47,5.76,1.8
2014,6,209,NYJ,Quincy Enunwa,WR,22,FALSE,0,0,2,6,13,41,9.85,2.1666666666666665
2014,6,211,HOU,Jay Prosch,FB,22,FALSE,0,0,2,4,0,63,5.52,0
2014,6,212,CIN,Marquis Flowers,LB,22,FALSE,0,0,0,5,7,53,9.16,1.4
2014,6,213,NYJ,Tajh Boyd,QB,23,FALSE,0,0,0,NA,0,NA,4.79,NA
2014,6,214,STL,Garrett Gilbert,QB,23,FALSE,0,0,0,8,2,8,6.31,0.25
2014,6,215,PIT,Daniel McCullers,DT,22,FALSE,0,0,0,7,6,76,1.32,0.8571428571428571
2014,7,217,WAS,Ted Bolser,TE,23,FALSE,0,0,0,NA,0,NA,6.3,NA
2014,7,218,BAL,Michael Campanaro,WR,23,FALSE,0,0,0,4,4,24,9.03,1
2014,7,220,MIN,Shamar Stephen,DT,23,FALSE,0,0,4,8,32,115,3.84,4
2014,7,221,BUF,Randell Johnson,LB,23,FALSE,0,0,0,3,2,16,9.06,0.6666666666666666
2014,7,222,JAX,Storm Johnson,RB,22,FALSE,0,0,0,1,0,6,4.44,0
2014,7,223,MIN,Brandon Watts,LB,23,FALSE,0,0,0,2,1,9,9.05,0.5
2014,7,224,PHI,Beau Allen,DT,22,FALSE,0,0,1,6,13,90,9.06,2.1666666666666665
2014,7,231,DAL,Ben Gardner,DE,24,FALSE,0,0,0,NA,0,NA,8.44,NA
2014,7,233,NYJ,Trevor Reilly,LB,26,FALSE,0,0,0,4,4,37,8.31,1
2014,7,234,MIA,Terrence Fede,DE,22,FALSE,0,0,0,4,5,51,8.97,1.25
2014,7,235,OAK,Shelby Harris,DE,23,FALSE,0,0,5,12,41,146,4.64,3.4166666666666665
2014,7,236,GNB,Jeff Janis,WR,23,FALSE,0,0,0,4,2,51,9.93,0.5
2014,7,238,DAL,Will Smith,LB,22,FALSE,0,0,0,NA,0,NA,6,NA
2014,7,239,CIN,James Wright,WR,22,FALSE,0,0,0,3,2,24,8.28,0.6666666666666666
2014,7,240,SDG,Tevin Reese,WR,23,FALSE,0,0,0,NA,0,NA,8.99,NA
2014,7,242,DEN,Corey Nelson,LB,22,FALSE,0,0,0,6,8,61,5.45,1.3333333333333333
2014,7,244,NWE,Jeremy Gallon,WR,24,FALSE,0,0,0,NA,0,NA,5.49,NA
2014,7,249,STL,Michael Sam,DE,24,FALSE,0,0,0,NA,0,NA,0.78,NA
2014,7,251,DAL,Ken Bishop,DT,23,FALSE,0,0,0,2,0,5,1.63,0
2014,7,253,ATL,Yawin Smallwood,LB,22,FALSE,0,0,0,NA,0,NA,3.5,NA
2014,7,255,ATL,Tyler Starr,LB,23,FALSE,0,0,0,2,0,1,6.62,0
2015,1,1,TAM,Jameis Winston,QB,21,FALSE,0,1,5,11,63,108,4.25,5.7272727272727275
2015,1,2,TEN,Marcus Mariota,QB,21,FALSE,0,0,5,11,60,104,9.94,5.454545454545454
2015,1,4,OAK,Amari Cooper,WR,21,FALSE,0,5,9,10,66,154,8.57,6.6
2015,1,7,CHI,Kevin White,WR,23,FALSE,0,0,0,8,3,30,9.72,0.375
2015,1,9,NYG,Ereck Flowers,OT,21,FALSE,0,0,7,7,35,105,5.92,5
2015,1,11,MIN,Trae Waynes,CB,23,FALSE,0,0,3,7,18,79,8.38,2.5714285714285716
2015,1,12,CLE,Danny Shelton,DT,22,FALSE,0,0,5,8,33,101,2.23,4.125
2015,1,13,NOR,Andrus Peat,OT,21,FALSE,0,3,7,11,53,132,8.54,4.818181818181818
2015,1,14,MIA,DeVante Parker,WR,22,FALSE,0,0,6,9,36,119,9.75,4
2015,1,15,SDG,Melvin Gordon,RB,22,FALSE,0,2,7,9,51,112,8.74,5.666666666666667
2015,1,16,HOU,Kevin Johnson,CB,23,FALSE,0,0,0,6,11,64,9.16,1.8333333333333333
2015,1,18,KAN,Marcus Peters,CB,22,FALSE,2,3,7,9,63,116,7.21,7
2015,1,19,CLE,Cameron Erving,OC,23,FALSE,0,0,3,9,28,98,9.29,3.111111111111111
2015,1,20,PHI,Nelson Agholor,WR,22,FALSE,0,0,7,10,36,149,7.38,3.6
2015,1,23,DEN,Shane Ray,DE,22,FALSE,0,0,1,4,12,49,5.23,3
2015,1,24,ARI,D.J. Humphries,OT,21,FALSE,0,1,7,11,45,108,7.73,4.090909090909091
2015,1,25,CAR,Shaq Thompson,LB,21,FALSE,0,0,8,11,43,135,5.75,3.909090909090909
2015,1,26,BAL,Breshad Perriman,WR,21,FALSE,0,0,1,8,15,80,9.95,1.875
2015,1,27,DAL,Byron Jones,CB,22,FALSE,0,1,7,7,38,109,10,5.428571428571429
2015,1,28,DET,Laken Tomlinson,OG,23,FALSE,0,1,10,11,55,173,4.53,5
2015,1,29,IND,Phillip Dorsett,WR,22,FALSE,0,0,0,9,16,94,8.47,1.7777777777777777
2015,1,30,GNB,Damarious Randall,S,23,FALSE,0,0,5,6,21,75,8.43,3.5
2015,1,31,NOR,Stephone Anthony,LB,23,FALSE,0,0,1,5,10,62,9.91,2
2015,1,32,NWE,Malcom Brown,DT,21,FALSE,0,0,6,7,43,106,5.99,6.142857142857143
2015,2,33,NYG,Landon Collins,S,21,FALSE,1,3,6,8,42,100,6.49,5.25
2015,2,34,TAM,Donovan Smith,OT,22,FALSE,0,0,9,9,57,136,8.08,6.333333333333333
2015,2,35,OAK,Mario Edwards,DT,21,FALSE,0,0,2,11,25,141,9.1,2.272727272727273
2015,2,36,JAX,T.J. Yeldon,RB,21,FALSE,0,0,2,6,20,60,7.05,3.3333333333333335
2015,2,37,NYJ,Devin Smith,WR,23,FALSE,0,0,0,7,2,22,8.61,0.2857142857142857
2015,2,38,WAS,Preston Smith,DE,22,FALSE,0,0,8,11,55,176,9.8,5
2015,2,39,CHI,Eddie Goldman,DT,21,FALSE,0,0,4,11,36,111,2.01,3.272727272727273
2015,2,40,TEN,Dorial Green-Beckham,WR,22,FALSE,0,0,0,2,7,31,6.3,3.5
2015,2,41,CAR,Devin Funchess,WR,21,FALSE,0,0,2,5,20,62,5.26,4
2015,2,42,ATL,Jalen Collins,CB,22,FALSE,0,0,0,2,4,24,8.29,2
2015,2,43,HOU,Benardrick McKinney,LB,22,FALSE,0,1,5,7,44,91,8.78,6.285714285714286
2015,2,45,MIN,Eric Kendricks,LB,23,FALSE,1,1,10,11,64,150,8.4,5.818181818181818
2015,2,46,SFO,Jaquiski Tartt,S,23,FALSE,0,0,4,7,21,80,6.31,3
2015,2,47,PHI,Eric Rowe,CB,22,FALSE,0,0,2,9,21,103,9.96,2.3333333333333335
2015,2,48,SDG,Denzel Perryman,LB,22,FALSE,0,1,8,11,45,129,3.5,4.090909090909091
2015,2,50,BUF,Ronald Darby,CB,21,FALSE,0,0,8,10,34,118,9.1,3.4
2015,2,51,CLE,Nate Orchard,DE,22,FALSE,0,0,1,7,8,48,5.9,1.1428571428571428
2015,2,52,MIA,Jordan Phillips,DT,22,FALSE,0,0,5,11,32,140,6.02,2.909090909090909
2015,2,53,CIN,Jake Fisher,OT,22,FALSE,0,0,0,4,9,48,9.72,2.25
2015,2,54,DET,Ameer Abdullah,RB,22,FALSE,0,0,2,11,22,154,8.66,2
2015,2,55,BAL,Maxx Williams,TE,21,FALSE,0,0,2,8,8,83,4.18,1
2015,2,56,PIT,Senquez Golson,CB,22,FALSE,0,0,0,NA,0,NA,4.38,NA
2015,2,57,STL,Rob Havenstein,OT,23,FALSE,0,0,10,11,58,148,2.35,5.2727272727272725
2015,2,58,ARI,Markus Golden,DE,24,FALSE,0,0,4,9,33,127,1.99,3.6666666666666665
2015,2,59,DEN,Ty Sambrailo,OT,23,FALSE,0,0,0,7,14,71,5.88,2
2015,2,62,GNB,Quinten Rollins,CB,23,FALSE,0,0,0,3,7,33,4.71,2.3333333333333335
2015,2,63,SEA,Frank Clark,DE,22,FALSE,0,3,6,9,49,128,8.15,5.444444444444445
2015,2,64,NWE,Jordan Richards,S,22,FALSE,0,0,1,7,10,86,2.54,1.4285714285714286
2015,3,65,IND,D'Joun Smith,CB,22,FALSE,0,0,0,2,0,5,7.1,0
2015,3,68,OAK,Clive Walford,TE,23,FALSE,0,0,1,5,7,52,4.17,1.4
2015,3,69,SEA,Tyler Lockett,WR,22,FALSE,1,1,10,11,68,178,7.71,6.181818181818182
2015,3,70,HOU,Jaelen Strong,WR,21,FALSE,0,0,0,3,2,20,9.14,0.6666666666666666
2015,3,71,CHI,Hroniss Grasu,OC,24,FALSE,0,0,1,9,8,33,7.83,0.8888888888888888
2015,3,72,STL,Jamon Brown,OT,22,FALSE,0,0,3,6,21,62,8.73,3.5
2015,3,73,ATL,Tevin Coleman,RB,22,FALSE,0,0,2,8,33,94,9.72,4.125
2015,3,74,NYG,Owamagbe Odighizuwa,DE,23,FALSE,0,0,0,2,1,18,9.71,0.5
2015,3,75,NOR,Garrett Grayson,QB,24,FALSE,0,0,0,NA,0,NA,8.38,NA
2015,3,76,KAN,Chris Conley,WR,22,FALSE,0,0,3,10,23,132,9.68,2.3
2015,3,77,CLE,Duke Johnson,RB,21,FALSE,0,0,0,8,28,97,6.98,3.5
2015,3,78,NOR,P.J. Williams,CB,22,FALSE,0,0,2,8,19,89,7.27,2.375
2015,3,80,DET,Alex Carter,CB,20,FALSE,0,0,0,4,0,2,8.17,0
2015,3,81,BUF,John Miller,OG,22,FALSE,0,0,5,8,31,87,3.74,3.875
2015,3,82,NYJ,Lorenzo Mauldin,LB,22,FALSE,0,0,0,2,4,26,3.59,2
2015,3,83,SDG,Craig Mager,CB,23,FALSE,0,0,0,4,4,24,9.81,1
2015,3,84,PHI,Jordan Hicks,LB,23,FALSE,0,0,9,10,53,134,9.35,5.3
2015,3,85,CIN,Tyler Kroft,TE,22,FALSE,0,0,2,9,9,100,6.82,1
2015,3,86,ARI,David Johnson,RB,23,FALSE,1,1,3,8,42,92,9.84,5.25
2015,3,87,PIT,Sammie Coates,WR,22,FALSE,0,0,0,4,4,44,9.86,1
2015,3,88,MIN,Danielle Hunter,DE,20,FALSE,0,5,7,11,83,153,9.88,7.545454545454546
2015,3,89,STL,Sean Mannion,QB,23,FALSE,0,0,0,7,2,14,3.18,0.2857142857142857
2015,3,90,BAL,Carl Davis,DT,23,FALSE,0,0,1,10,13,78,8.7,1.3
2015,3,91,DAL,Chaz Green,OT,23,FALSE,0,0,0,7,7,39,7.16,1
2015,3,92,DEN,Jeff Heuerman,TE,22,FALSE,0,0,3,5,5,51,9.17,1
2015,3,93,IND,Henry Anderson,DE,24,FALSE,0,0,4,8,21,89,6.15,2.625
2015,3,94,GNB,Ty Montgomery,WR,22,FALSE,0,0,1,9,17,92,7.75,1.8888888888888888
2015,3,95,WAS,Matt Jones,RB,22,FALSE,0,0,0,3,9,25,5.23,3
2015,3,96,CLE,Xavier Cooper,DT,23,FALSE,0,0,0,3,4,40,9.54,1.3333333333333333
2015,3,98,KAN,Steven Nelson,CB,22,FALSE,0,0,7,9,36,130,7.03,4
2015,3,99,CIN,Paul Dawson,LB,22,FALSE,0,0,0,3,1,16,1.29,0.3333333333333333
2015,4,100,TEN,Angelo Blackson,DT,22,FALSE,0,0,1,10,23,129,7.75,2.3
2015,4,101,NWE,Trey Flowers,DE,22,FALSE,0,0,4,8,34,79,5.67,4.25
2015,4,103,NYJ,Bryce Petty,QB,24,FALSE,0,0,0,3,4,10,9.1,1.3333333333333333
2015,4,104,JAX,James Sample,S,23,FALSE,0,0,0,1,1,4,6.23,1
2015,4,105,WAS,Jamison Crowder,WR,22,FALSE,0,0,4,10,33,123,1.31,3.3
2015,4,106,CHI,Jeremy Langford,RB,23,FALSE,0,0,0,4,7,29,7.52,1.75
2015,4,107,ATL,Justin Hardy,WR,23,FALSE,0,0,0,5,8,73,4.87,1.6
2015,4,108,TEN,Jalston Fowler,FB,25,FALSE,0,0,1,3,0,42,2.9,0
2015,4,109,IND,Clayton Geathers,S,23,FALSE,0,0,3,5,13,56,8.25,2.6
2015,4,110,MIN,T.J. Clemmings,OT,23,FALSE,0,0,2,4,15,41,8.33,3.75
2015,4,111,NWE,Tre' Jackson,OG,22,FALSE,0,0,1,1,6,13,1.14,6
2015,4,112,WAS,Arie Kouandjio,OG,23,FALSE,0,0,0,3,4,16,2.38,1.3333333333333333
2015,4,113,DET,Gabe Wright,DT,23,FALSE,0,0,0,4,1,15,5.46,0.25
2015,4,114,MIA,Jamil Douglas,OG,23,FALSE,0,0,0,7,7,50,6.17,1
2015,4,115,CLE,Ibraheim Campbell,S,23,FALSE,0,0,1,7,6,60,7.38,0.8571428571428571
2015,4,116,ARI,Rodney Gunter,DT,23,FALSE,0,0,3,5,18,77,7.48,3.6
2015,4,117,SFO,Blake Bell,TE,24,FALSE,0,0,1,9,5,117,6.27,0.5555555555555556
2015,4,118,KAN,Ramik Wilson,LB,23,FALSE,0,0,1,5,14,46,4.02,2.8
2015,4,119,STL,Andrew Donnal,OT,23,FALSE,0,0,0,5,4,31,3.98,0.8
2015,4,120,CIN,Josh Shaw,CB,23,FALSE,0,0,0,4,7,55,9.68,1.75
2015,4,121,PIT,Doran Grant,CB,22,FALSE,0,0,0,1,0,3,6.28,0
2015,4,122,BAL,Za'Darius Smith,DE,22,FALSE,0,3,4,11,57,145,3.73,5.181818181818182
2015,4,123,CLE,Vince Mayle,WR,24,FALSE,0,0,0,3,0,23,4.63,0
2015,4,124,TAM,Kwon Alexander,LB,21,FALSE,0,1,6,10,43,109,8.44,4.3
2015,4,125,BAL,Javorius Allen,RB,24,FALSE,0,0,0,5,14,64,8.02,2.8
2015,4,126,SFO,Mike Davis,RB,22,FALSE,0,0,2,8,20,87,6.09,2.5
2015,4,127,DAL,Damien Wilson,LB,22,FALSE,0,0,5,8,31,127,6.93,3.875
2015,4,128,OAK,Jon Feliciano,OG,23,FALSE,0,0,2,9,26,113,3.23,2.888888888888889
2015,4,129,GNB,Jake Ryan,LB,23,FALSE,0,0,2,5,14,45,8.54,2.8
2015,4,133,DEN,Max Garcia,OC,23,FALSE,0,0,3,9,26,122,5.67,2.888888888888889
2015,4,134,SEA,Mark Glowinski,OG,23,FALSE,0,0,6,10,41,129,9.42,4.1
2015,4,136,BAL,Tray Walker,CB,23,FALSE,0,0,0,1,0,8,8.43,0
2015,5,137,ATL,Grady Jarrett,DT,22,FALSE,0,2,8,11,57,166,8.85,5.181818181818182
2015,5,138,TEN,David Cobb,RB,22,FALSE,0,0,0,1,1,7,4.55,1
2015,5,139,JAX,Rashad Greene,WR,22,FALSE,0,0,0,4,2,25,5.37,0.5
2015,5,140,OAK,Ben Heeney,LB,23,FALSE,0,0,0,3,3,24,7.86,1
2015,5,141,WAS,Martrell Spaight,LB,22,FALSE,0,0,0,4,6,37,2.75,1.5
2015,5,142,CHI,Adrian Amos,S,22,FALSE,0,0,8,10,38,143,8.63,3.8
2015,5,144,NYG,Mykkele Thompson,S,22,FALSE,0,0,0,2,0,1,8.46,0
2015,5,145,MIA,Bobby McCain,CB,22,FALSE,0,0,6,10,28,134,8.47,2.8
2015,5,146,MIN,Stefon Diggs,WR,21,FALSE,1,4,11,11,90,161,5.66,8.181818181818182
2015,5,147,GNB,Brett Hundley,QB,22,FALSE,0,0,1,5,5,18,9.9,1
2015,5,149,MIA,Jay Ajayi,RB,22,FALSE,0,1,2,5,19,45,8.63,3.8
2015,5,150,MIA,Cedric Thompson,S,22,FALSE,0,0,0,NA,0,NA,9.07,NA
2015,5,151,IND,David Parry,DT,23,FALSE,0,0,2,4,13,36,4.2,3.25
2015,5,152,NYJ,Jarvis Harrison,OG,23,FALSE,0,0,0,NA,0,NA,9.51,NA
2015,5,154,NOR,Tyeler Davison,DT,22,FALSE,0,0,6,8,31,111,6.9,3.875
2015,5,155,BUF,Karlos Williams,RB,22,FALSE,0,0,0,1,4,11,6.41,4
2015,5,156,MIA,Tony Lippett,WR,23,FALSE,0,0,1,4,6,28,3.99,1.5
2015,5,157,CIN,C.J. Uzomah,TE,22,FALSE,0,0,4,10,14,113,8.61,1.4
2015,5,158,ARI,Shaquille Riddick,DE,22,FALSE,0,0,0,NA,0,NA,9.55,NA
2015,5,160,PIT,Jesse James,TE,21,FALSE,0,0,4,8,12,104,7.08,1.5
2015,5,161,OAK,Neiron Ball,LB,23,FALSE,0,0,0,1,1,6,8.45,1
2015,5,162,TAM,Kenny Bell,WR,23,FALSE,0,0,0,NA,0,NA,9.2,NA
2015,5,163,DAL,Ryan Russell,DE,23,FALSE,0,0,0,3,4,23,8.76,1.3333333333333333
2015,5,164,DEN,Lorenzo Doss,CB,21,FALSE,0,0,0,4,0,16,2.72,0
2015,5,167,NOR,Damian Swann,CB,22,FALSE,0,0,0,1,1,7,5.01,1
2015,5,168,DET,Michael Burton,FB,23,FALSE,0,0,1,10,1,147,6.51,0.1
2015,5,169,CAR,David Mayo,LB,22,FALSE,0,0,1,9,18,132,6.38,2
2015,5,170,SEA,Tye Smith,CB,22,FALSE,0,0,0,7,3,45,7.24,0.42857142857142855
2015,5,171,BAL,Nick Boyle,TE,22,FALSE,0,0,4,8,9,90,3.65,1.125
2015,5,172,KAN,D.J. Alexander,LB,23,FALSE,0,1,0,5,7,61,8.82,1.4
2015,5,173,KAN,James O'Shaughnessy,TE,23,FALSE,0,0,3,7,7,80,7.6,1
2015,5,174,CAR,Cameron Artis-Payne,RB,25,FALSE,0,0,0,4,5,32,6,1.25
2015,5,175,HOU,Keith Mumphery,WR,23,FALSE,0,0,0,2,2,27,4.36,1
2015,5,176,BAL,Robert Myers,OG,23,FALSE,0,0,0,NA,0,NA,3.94,NA
2015,6,177,TEN,Deiontrez Mount,LB,22,FALSE,0,0,0,3,1,12,9.18,0.3333333333333333
2015,6,178,NWE,Matthew Wells,LB,24,FALSE,0,0,0,NA,0,NA,7.72,NA
2015,6,179,OAK,Max Valles,LB,21,FALSE,0,0,0,NA,0,NA,6.76,NA
2015,6,180,JAX,Michael Bennett,DT,22,FALSE,0,0,0,4,1,16,8.04,0.25
2015,6,181,WAS,Kyshoen Jarrett,S,22,FALSE,0,0,0,1,3,16,3.22,3
2015,6,182,WAS,Tevin Mitchel,CB,23,FALSE,0,0,0,NA,0,NA,7.07,NA
2015,6,183,CHI,Tayo Fabuluje,OT,24,FALSE,0,0,0,1,0,4,3.14,0
2015,6,184,TAM,Kaelin Clay,WR,23,FALSE,0,0,0,4,3,22,2.18,0.75
2015,6,185,MIN,Tyrus Thompson,OT,23,FALSE,0,0,0,NA,0,NA,4.32,NA
2015,6,186,NYG,Geremy Davis,WR,23,FALSE,0,0,0,5,0,36,9.66,0
2015,6,187,WAS,Evan Spencer,WR,22,FALSE,0,0,0,1,0,1,8.37,0
2015,6,188,BUF,Tony Steward,LB,22,FALSE,0,0,0,1,1,7,8.27,1
2015,6,189,CLE,Charles Gaines,CB,22,FALSE,0,0,0,1,1,6,5.3,1
2015,6,192,SDG,Darius Philon,DT,21,FALSE,0,0,0,7,14,65,4.92,2
2015,6,193,MIN,B.J. Dubose,DE,23,FALSE,0,0,0,NA,0,NA,3.85,NA
2015,6,194,BUF,Nick O'Leary,TE,23,FALSE,0,0,2,5,6,59,1.65,1.2
2015,6,196,PHI,Randall Evans,CB,23,FALSE,0,0,0,1,0,1,6.38,0
2015,6,197,CIN,Derron Smith,S,23,FALSE,0,0,0,3,3,38,4.83,1
2015,6,199,PIT,Leterrius Walton,DT,23,FALSE,0,0,0,4,4,36,4,1
2015,6,201,STL,Bud Sasser,WR,NA,FALSE,0,0,0,NA,0,NA,7.45,NA
2015,6,202,NWE,A.J. Derby,TE,23,FALSE,0,0,0,4,3,25,6.02,0.75
2015,6,203,DEN,Darius Kilgo,DT,23,FALSE,0,0,0,4,3,29,3.94,0.75
2015,6,205,IND,Josh Robinson,RB,23,FALSE,0,0,0,1,0,5,1.1,0
2015,6,206,GNB,Aaron Ripkowski,FB,22,FALSE,0,0,0,3,2,47,6.8,0.6666666666666666
2015,6,207,IND,Amarlo Herrera,LB,23,FALSE,0,0,0,1,0,3,2.79,0
2015,6,208,TEN,Andy Gallik,OC,23,FALSE,0,0,1,1,4,12,3,4
2015,6,209,SEA,Obum Gwacham,DE,24,FALSE,0,0,0,3,1,15,8.85,0.3333333333333333
2015,6,211,HOU,Reshard Cliett,LB,23,FALSE,0,0,0,NA,0,NA,7.86,NA
2015,6,212,PIT,Anthony Chickillo,DE,22,FALSE,0,0,1,6,10,76,8.59,1.6666666666666667
2015,6,213,GNB,Kennard Backman,TE,22,FALSE,0,0,0,1,0,7,5.97,0
2015,6,214,SEA,Kristjan Sokoli,DT,23,FALSE,0,0,0,1,0,1,10,0
2015,6,215,STL,Cody Wichmann,OG,23,FALSE,0,0,2,2,6,24,9.4,3
2015,6,216,HOU,Christian Covington,DT,21,FALSE,0,0,1,8,20,102,8.99,2.5
2015,6,217,KAN,Rakeem Nunez-Roches,DT,22,FALSE,0,0,4,11,31,142,8.42,2.8181818181818183
2015,7,219,CLE,Hayes Pullard,LB,23,FALSE,0,0,1,4,9,46,3.46,2.25
2015,7,220,JAX,Neal Sterling,WR,23,FALSE,0,0,0,4,2,35,6.62,0.5
2015,7,221,OAK,Andre Debose,WR,NA,FALSE,0,0,0,NA,0,NA,8.13,NA
2015,7,222,WAS,Austin Reiter,OC,23,FALSE,0,0,2,7,20,65,9.5,2.857142857142857
2015,7,223,NYJ,Deon Simon,DT,25,FALSE,0,0,0,2,2,16,6.79,1
2015,7,224,STL,Bryce Hager,LB,23,FALSE,0,0,0,6,7,79,7.62,1.1666666666666667
2015,7,225,ATL,Jake Rodgers,OT,23,FALSE,0,0,0,6,1,19,6.91,0.16666666666666666
2015,7,226,NYG,Bobby Hart,OG,21,FALSE,0,0,4,11,30,108,1.61,2.727272727272727
2015,7,228,MIN,Austin Shepherd,OT,23,FALSE,0,0,0,1,1,14,1.7,1
2015,7,229,JAX,Ben Koyack,TE,22,FALSE,0,0,0,5,1,48,4.65,0.2
2015,7,230,NOR,Marcus Murphy,RB,23,FALSE,0,0,0,4,2,28,0.24,0.5
2015,7,231,TAM,Joey Iosefa,FB,24,FALSE,0,0,0,1,0,2,3.24,0
2015,7,232,MIN,Edmond Robinson,LB,23,FALSE,0,0,0,7,3,38,8.21,0.42857142857142855
2015,7,234,BUF,Dezmin Lewis,WR,22,FALSE,0,0,0,2,0,2,4.77,0
2015,7,235,HOU,Kenny Hilliard,RB,23,FALSE,0,0,0,NA,0,NA,0.91,NA
2015,7,238,CIN,Mario Alford,WR,23,FALSE,0,0,0,2,0,4,5.4,0
2015,7,239,PIT,Gerod Holliman,S,21,FALSE,0,0,0,NA,0,NA,2.38,NA
2015,7,240,DET,Corey Robinson,OT,23,FALSE,0,0,0,4,7,28,6.72,1.75
2015,7,242,OAK,Dexter McDonald,CB,23,FALSE,0,0,0,3,2,27,8.64,0.6666666666666666
2015,7,243,DAL,Laurence Gibson,OT,24,FALSE,0,0,0,NA,0,NA,9.56,NA
2015,7,245,TEN,Tre McBride,WR,22,FALSE,0,0,0,3,1,17,9.56,0.3333333333333333
2015,7,246,DAL,Geoff Swaim,TE,21,FALSE,0,0,3,10,6,108,7.62,0.6
2015,7,247,NWE,Darryl Roberts,CB,24,FALSE,0,0,1,7,13,73,9.94,1.8571428571428572
2015,7,253,NWE,Xzavier Dickson,LB,22,FALSE,0,0,0,NA,0,NA,2.48,NA
2015,7,256,ARI,Gerald Christian,TE,24,FALSE,0,0,0,2,0,3,0.59,0
2016,1,1,LAR,Jared Goff,QB,21,FALSE,0,5,9,10,106,151,6.09,10.6
2016,1,2,PHI,Carson Wentz,QB,23,FALSE,0,1,6,10,63,103,9.63,6.3
2016,1,3,SDG,Joey Bosa,DE,21,FALSE,0,5,7,10,62,122,8.9,6.2
2016,1,4,DAL,Ezekiel Elliott,RB,21,FALSE,1,3,7,9,68,135,8.65,7.555555555555555
2016,1,5,JAX,Jalen Ramsey,CB,21,FALSE,3,8,10,10,84,152,9.82,8.4
2016,1,6,BAL,Ronnie Stanley,OT,22,FALSE,1,2,8,10,64,120,5.99,6.4
2016,1,8,TEN,Jack Conklin,OT,22,FALSE,2,0,6,10,55,114,9.24,5.5
2016,1,9,CHI,Leonard Floyd,LB,23,FALSE,0,0,10,10,63,153,9.81,6.3
2016,1,10,NYG,Eli Apple,CB,21,FALSE,0,0,5,10,28,104,9,2.8
2016,1,11,TAM,Vernon Hargreaves III,CB,21,FALSE,0,0,4,6,18,69,9.26,3
2016,1,12,NOR,Sheldon Rankins,DT,22,FALSE,0,0,6,10,41,133,8.5,4.1
2016,1,15,CLE,Corey Coleman,WR,22,FALSE,0,0,2,3,6,27,9.66,2
2016,1,16,DET,Taylor Decker,OT,23,FALSE,0,1,9,10,59,140,7.18,5.9
2016,1,17,ATL,Keanu Neal,S,21,FALSE,0,1,3,8,25,89,6.11,3.125
2016,1,18,IND,Ryan Kelly,OC,23,FALSE,0,4,9,10,56,129,9.54,5.6
2016,1,19,BUF,Shaq Lawson,DE,22,FALSE,0,0,1,9,24,110,9.09,2.6666666666666665
2016,1,20,NYJ,Darron Lee,LB,21,FALSE,0,0,3,5,19,58,8.54,3.8
2016,1,21,HOU,Will Fuller,WR,22,FALSE,0,0,5,6,24,55,7.17,4
2016,1,22,WAS,Josh Doctson,WR,23,FALSE,0,0,2,4,9,34,9.41,2.25
2016,1,23,MIN,Laquon Treadwell,WR,21,FALSE,0,0,2,10,8,93,3.33,0.8
2016,1,25,PIT,Artie Burns,CB,21,FALSE,0,0,1,9,17,90,5,1.8888888888888888
2016,1,26,DEN,Paxton Lynch,QB,22,FALSE,0,0,0,2,2,5,8.97,1
2016,1,27,GNB,Kenny Clark,DT,20,FALSE,0,3,9,10,63,157,7.54,6.3
2016,1,28,SFO,Joshua Garnett,OG,22,FALSE,0,0,1,5,5,25,7.68,1
2016,1,29,ARI,Robert Nkemdiche,DT,21,FALSE,0,0,0,6,6,38,9.82,1
2016,1,30,CAR,Vernon Butler,DT,22,FALSE,0,0,2,7,13,77,3.57,1.8571428571428572
2016,2,32,CLE,Emmanuel Ogbah,DE,22,FALSE,0,0,6,10,43,136,9.34,4.3
2016,2,33,TEN,Kevin Dodd,DE,24,FALSE,0,0,0,2,2,18,5.59,1
2016,2,35,SDG,Hunter Henry,TE,21,FALSE,0,0,8,10,37,136,6.32,3.7
2016,2,37,KAN,Chris Jones,DT,22,FALSE,3,7,10,10,96,155,8.42,9.6
2016,2,37,KAN,Chris Jones,DT,22,FALSE,3,7,10,10,96,155,4.57,9.6
2016,2,38,MIA,Xavien Howard,CB,23,FALSE,1,4,7,10,58,104,4.27,5.8
2016,2,39,TAM,Noah Spence,DE,22,FALSE,0,0,0,6,5,43,8.2,0.8333333333333334
2016,2,40,NYG,Sterling Shepard,WR,23,FALSE,0,0,5,10,32,117,7.62,3.2
2016,2,41,BUF,Reggie Ragland,LB,22,FALSE,0,0,3,7,22,79,4,3.142857142857143
2016,2,42,BAL,Kamalei Correa,DE,22,FALSE,0,0,1,5,11,63,7.13,2.2
2016,2,43,TEN,Austin Johnson,DT,22,FALSE,0,0,3,10,29,145,1.94,2.9
2016,2,44,OAK,Jihad Ward,DE,22,FALSE,0,0,4,10,25,136,2.26,2.5
2016,2,45,TEN,Derrick Henry,RB,22,FALSE,1,5,7,10,85,153,8.77,8.5
2016,2,46,DET,A'Shawn Robinson,DT,21,FALSE,0,0,7,10,40,143,3.43,4
2016,2,47,NOR,Michael Thomas,WR,23,FALSE,2,3,4,8,60,83,9.11,7.5
2016,2,48,GNB,Jason Spriggs,OT,22,FALSE,0,0,0,6,9,59,9.78,1.5
2016,2,49,SEA,Jarran Reed,DT,23,FALSE,0,0,8,10,48,152,3.9,4.8
2016,2,51,NYJ,Christian Hackenberg,QB,21,FALSE,0,0,0,NA,0,NA,8.26,NA
2016,2,52,ATL,Deion Jones,LB,21,FALSE,0,1,5,10,43,128,6.24,4.3
2016,2,53,WAS,Su'a Cravens,LB,21,FALSE,0,0,0,3,5,16,4.71,1.6666666666666667
2016,2,55,CIN,Tyler Boyd,WR,21,FALSE,0,0,5,9,48,136,4.27,5.333333333333333
2016,2,56,CHI,Cody Whitehair,OG,24,FALSE,0,1,8,9,43,136,7.99,4.777777777777778
2016,2,57,IND,T.J. Green,S,21,FALSE,0,0,0,6,6,41,8.94,1
2016,2,60,NWE,Cyrus Jones,CB,22,FALSE,0,0,0,4,4,31,6.62,1
2016,2,61,NOR,Vonn Bell,S,21,FALSE,0,0,7,9,37,139,3.68,4.111111111111111
2016,2,62,CAR,James Bradberry,CB,23,FALSE,0,1,8,8,46,125,9.16,5.75
2016,3,64,TEN,Kevin Byard,S,23,FALSE,3,3,9,10,66,164,7.91,6.6
2016,3,65,CLE,Carl Nassib,DE,23,FALSE,0,0,1,7,20,99,7.8,2.857142857142857
2016,3,67,DAL,Maliek Collins,DT,21,FALSE,0,0,10,10,51,148,7.78,5.1
2016,3,69,JAX,Yannick Ngakoue,DE,21,FALSE,0,1,8,9,50,134,5.87,5.555555555555555
2016,3,70,BAL,Bronson Kaufusi,DE,25,FALSE,0,0,0,4,2,9,8.02,0.5
2016,3,71,NYG,Darian Thompson,S,22,FALSE,0,0,1,6,12,63,1.64,2
2016,3,72,CHI,Jonathan Bullard,DT,22,FALSE,0,0,3,10,28,131,9.15,2.8
2016,3,73,MIA,Kenyan Drake,RB,22,FALSE,0,0,2,8,33,104,6.98,4.125
2016,3,75,OAK,Shilique Calhoun,DE,24,FALSE,0,0,0,5,5,51,8.26,1
2016,3,77,CAR,Daryl Worley,CB,21,FALSE,0,0,4,9,22,99,5.45,2.4444444444444446
2016,3,78,NWE,Joe Thuney,OG,23,FALSE,3,4,10,10,84,163,9.85,8.4
2016,3,79,PHI,Isaac Seumalo,OG,22,FALSE,0,1,7,10,39,125,7.82,3.9
2016,3,80,BUF,Adolphus Washington,DT,21,FALSE,0,0,2,3,9,35,1.7,3
2016,3,81,ATL,Austin Hooper,TE,21,FALSE,0,2,5,10,33,155,8.15,3.3
2016,3,82,IND,Le'Raven Clark,OT,23,FALSE,0,0,0,7,12,64,8.08,1.7142857142857142
2016,3,83,NYJ,Jordan Jenkins,LB,22,FALSE,0,0,5,6,29,83,7.38,4.833333333333333
2016,3,85,HOU,Braxton Miller,WR,23,FALSE,0,0,1,2,2,21,8.59,1
2016,3,86,MIA,Leonte Carroo,WR,22,FALSE,0,0,0,3,2,37,6.96,0.6666666666666666
2016,3,87,CIN,Nick Vigil,LB,23,FALSE,0,0,4,9,27,113,7.41,3
2016,3,88,GNB,Kyler Fackrell,LB,24,FALSE,0,0,1,6,16,86,7.03,2.6666666666666665
2016,3,89,PIT,Javon Hargrave,DT,23,FALSE,0,2,9,10,59,146,8.33,5.9
2016,3,90,SEA,C.J. Prosise,RB,22,FALSE,0,0,0,5,5,35,8.07,1
2016,3,91,NWE,Jacoby Brissett,QB,23,FALSE,0,0,4,10,42,101,4.53,4.2
2016,3,92,ARI,Brandon Williams,CB,23,FALSE,0,0,0,5,4,51,8.11,0.8
2016,3,92,ARI,Brandon Williams,CB,23,FALSE,0,0,0,5,4,51,0.51,0.8
2016,3,93,CLE,Cody Kessler,QB,23,FALSE,0,0,1,3,5,17,4.09,1.6666666666666667
2016,3,94,SEA,Nick Vannett,TE,23,FALSE,0,0,3,10,7,121,5.68,0.7
2016,3,96,NWE,Vincent Valentine,DT,22,FALSE,0,0,0,3,2,16,5.2,0.6666666666666666
2016,3,97,SEA,Rees Odhiambo,OG,23,FALSE,0,0,0,3,4,16,4.19,1.3333333333333333
2016,3,98,DEN,Justin Simmons,S,22,FALSE,0,2,8,9,60,134,9.38,6.666666666666667
2016,4,99,CLE,Joe Schobert,LB,22,FALSE,0,1,5,7,37,99,5.88,5.285714285714286
2016,4,100,OAK,Connor Cook,QB,23,FALSE,0,0,0,1,0,1,7.52,0
2016,4,101,DAL,Charles Tapper,DE,23,FALSE,0,0,0,2,0,2,9.29,0
2016,4,102,SDG,Joshua Perry,LB,22,FALSE,0,0,0,2,1,17,8.34,0.5
2016,4,103,JAX,Sheldon Day,DT,22,FALSE,0,0,0,10,9,95,6.06,0.9
2016,4,104,BAL,Tavon Young,CB,22,FALSE,0,0,1,6,14,50,5.54,2.3333333333333335
2016,4,105,KAN,Parker Ehinger,OG,23,FALSE,0,0,0,6,4,10,7.57,0.6666666666666666
2016,4,106,KAN,Eric Murray,CB,22,FALSE,0,0,5,10,25,136,8.86,2.5
2016,4,107,BAL,Chris Moore,WR,23,FALSE,0,0,0,10,14,125,7.96,1.4
2016,4,108,TAM,Ryan Smith,CB,23,FALSE,0,0,0,7,8,78,7.68,1.1428571428571428
2016,4,108,TAM,Ryan Smith,CB,23,FALSE,0,0,0,7,8,78,5.11,1.1428571428571428
2016,4,111,DET,Miles Killebrew,S,23,FALSE,1,2,0,10,18,151,8.2,1.8
2016,4,112,NWE,Malcolm Mitchell,WR,24,FALSE,0,0,0,1,4,14,8.08,4
2016,4,113,CHI,Nick Kwiatkoski,LB,23,FALSE,0,0,1,7,20,89,7.28,2.857142857142857
2016,4,114,CLE,Ricardo Louis,WR,22,FALSE,0,0,1,2,3,32,9.23,1.5
2016,4,116,IND,Hassan Ridgeway,DT,21,FALSE,0,0,0,8,13,80,7.18,1.625
2016,4,117,LAR,Pharoh Cooper,WR,21,FALSE,1,1,0,7,6,75,2.06,0.8571428571428571
2016,4,118,NYJ,Juston Burris,CB,23,FALSE,0,0,2,7,14,80,7.16,2
2016,4,119,HOU,Tyler Ervin,RB,22,FALSE,0,0,0,5,2,43,7.7,0.4
2016,4,120,NOR,David Onyemata,DT,23,FALSE,0,0,7,10,48,154,9.49,4.8
2016,4,121,MIN,Willie Beavers,OT,22,FALSE,0,0,0,1,0,2,4.78,0
2016,4,122,CIN,Andrew Billings,DT,21,FALSE,0,0,6,10,33,109,5.15,3.3
2016,4,123,PIT,Jerald Hawkins,OT,22,FALSE,0,0,0,5,2,19,2.39,0.4
2016,4,124,CHI,Deon Bush,S,23,FALSE,0,0,0,9,8,103,5.09,0.8888888888888888
2016,4,125,IND,Antonio Morrison,LB,21,FALSE,0,0,2,3,13,47,0.2,4.333333333333333
2016,4,126,KAN,Demarcus Robinson,WR,21,FALSE,0,0,3,10,27,161,5.86,2.7
2016,4,127,CHI,Deiondre' Hall,CB,22,FALSE,0,0,0,3,2,23,4.72,0.6666666666666666
2016,4,128,ARI,Evan Boehm,OC,23,FALSE,0,0,1,4,12,55,3.13,3
2016,4,129,CLE,Derrick Kindred,S,22,FALSE,0,0,1,3,8,42,7.62,2.6666666666666665
2016,4,130,BAL,Alex Lewis,OT,24,FALSE,0,0,2,5,14,44,7.25,2.8
2016,4,131,GNB,Blake Martinez,LB,22,FALSE,0,0,5,8,38,85,6.42,4.75
2016,4,132,BAL,Willie Henry,DT,22,FALSE,0,0,0,5,4,18,8.57,0.8
2016,4,133,SFO,Rashard Robinson,CB,21,FALSE,0,0,0,6,9,49,2.05,1.5
2016,4,134,BAL,Kenneth Dixon,RB,22,FALSE,0,0,0,3,5,18,6.86,1.6666666666666667
2016,4,135,DAL,Dak Prescott,QB,23,FALSE,0,4,9,10,104,139,8.22,10.4
2016,4,137,GNB,Dean Lowry,DE,22,FALSE,0,0,6,9,38,132,8.62,4.222222222222222
2016,4,139,BUF,Cardale Jones,QB,23,FALSE,0,0,0,1,0,1,9.61,0
2016,5,140,TEN,Tajae Sharpe,WR,21,FALSE,0,0,3,6,12,66,5.3,2
2016,5,141,CAR,Zack Sanchez,CB,22,FALSE,0,0,0,1,1,5,5.17,1
2016,5,142,SFO,Ronald Blair,DE,23,FALSE,0,0,0,6,7,55,2.05,1.1666666666666667
2016,5,143,OAK,DeAndre Washington,RB,23,FALSE,0,0,0,5,12,59,7.31,2.4
2016,5,144,DEN,Connor McGovern,OG,23,FALSE,0,0,5,9,29,109,9.87,3.2222222222222223
2016,5,145,SFO,John Theus,OT,22,FALSE,0,0,0,1,1,4,6.49,1
2016,5,146,BAL,Matt Judon,DE,24,FALSE,0,4,7,10,63,145,6.98,6.3
2016,5,147,SEA,Quinton Jefferson,DT,23,FALSE,0,0,4,10,29,116,8.06,2.9
2016,5,148,TAM,Caleb Benenoch,OT,22,FALSE,0,0,1,6,12,36,5.81,2
2016,5,149,NYG,Paul Perkins,RB,21,FALSE,0,0,0,4,5,29,5.39,1.25
2016,5,150,CHI,Jordan Howard,RB,21,FALSE,0,1,3,7,27,73,5.41,3.857142857142857
2016,5,150,CHI,Jordan Howard,RB,21,FALSE,0,1,3,7,27,73,2.53,3.857142857142857
2016,5,151,DET,Joe Dahl,OG,23,FALSE,0,0,1,5,11,44,8.69,2.2
2016,5,153,PHI,Wendell Smallwood,RB,22,FALSE,0,0,1,6,10,56,7.09,1.6666666666666667
2016,5,154,CLE,Jordan Payton,WR,23,FALSE,0,0,0,1,0,4,6.84,0
2016,5,155,IND,Joe Haeg,OT,23,FALSE,0,0,2,7,22,80,9.32,3.142857142857143
2016,5,156,BUF,Jonathan Williams,RB,22,FALSE,0,0,0,8,5,47,6.4,0.625
2016,5,158,NYJ,Brandon Shell,OT,24,FALSE,0,0,5,7,29,83,9.38,4.142857142857143
2016,5,159,HOU,K.J. Dillon,S,22,FALSE,0,0,0,1,0,5,3.58,0
2016,5,160,MIN,Kentrell Brothers,LB,23,FALSE,0,0,0,4,4,51,2.94,1
2016,5,161,CIN,Christian Westerman,OG,23,FALSE,0,0,0,3,2,16,6.69,0.6666666666666666
2016,5,162,KAN,Kevin Hogan,QB,23,FALSE,0,0,0,6,2,9,8.55,0.3333333333333333
2016,5,163,GNB,Trevor Davis,WR,23,FALSE,0,0,0,4,2,43,9.14,0.5
2016,5,164,PHI,Halapoulivaati Vaitai,OT,23,FALSE,0,0,3,8,25,86,6.39,3.125
2016,5,165,KAN,Tyreek Hill,WR,22,FALSE,5,8,8,10,98,145,9.39,9.8
2016,5,167,ARI,Marqui Christian,S,21,FALSE,0,0,0,6,6,73,6.2,1
2016,5,168,CLE,Spencer Drango,OG,23,FALSE,0,0,2,2,8,32,7.25,4
2016,5,169,DET,Antwione Williams,LB,23,FALSE,0,0,0,1,2,14,4.94,2
2016,5,170,ARI,Cole Toner,OT,22,FALSE,0,0,0,6,2,14,5.03,0.3333333333333333
2016,5,171,SEA,Alex Collins,RB,22,FALSE,0,0,2,6,17,50,2.96,2.8333333333333335
2016,5,172,CLE,Rashard Higgins,WR,21,FALSE,0,0,0,7,13,85,1.65,1.8571428571428572
2016,5,174,SFO,Fahn Cooper,OT,23,FALSE,0,0,0,NA,0,NA,3.66,NA
2016,5,175,SDG,Jatavis Brown,LB,22,FALSE,0,0,2,4,14,56,8.43,3.5
2016,6,176,DEN,Andy Janovich,FB,23,FALSE,0,0,1,6,2,77,8.11,0.3333333333333333
2016,6,177,LAR,Temarrick Hemingway,TE,23,FALSE,0,0,0,6,0,23,6.98,0
2016,6,178,KAN,D.J. White,CB,22,FALSE,0,0,0,4,1,14,5.03,0.25
2016,6,180,MIN,Moritz Boehringer,WR,22,FALSE,0,0,0,NA,0,NA,9.98,NA
2016,6,182,BAL,Keenan Reynolds,RB,22,FALSE,0,0,0,3,0,2,4.55,0
2016,6,183,TAM,Devante Bond,LB,23,FALSE,0,0,1,5,4,34,7.54,0.8
2016,6,184,NYG,Jerell Adams,TE,23,FALSE,0,0,0,4,2,30,8.36,0.5
2016,6,186,MIA,Jakeem Grant,WR,23,FALSE,0,1,0,6,14,81,6.39,2.3333333333333335
2016,6,187,WAS,Nate Sudfeld,QB,22,FALSE,0,0,0,7,1,6,3.27,0.14285714285714285
2016,6,188,MIN,David Morgan,TE,23,FALSE,0,0,0,3,1,38,5.3,0.3333333333333333
2016,6,189,DAL,Anthony Brown,CB,22,FALSE,0,0,4,8,23,96,7.9,2.875
2016,6,190,LAR,Josh Forrest,LB,24,FALSE,0,0,0,2,2,12,3.37,1
2016,6,191,DET,Jake Rudock,QB,23,FALSE,0,0,0,2,0,3,4.86,0
2016,6,192,BUF,Kolby Listenbee,WR,22,FALSE,0,0,0,NA,0,NA,7.91,NA
2016,6,193,TEN,Sebastian Tretola,OG,24,FALSE,0,0,0,1,0,1,1.53,0
2016,6,194,OAK,Cory James,LB,23,FALSE,0,0,1,2,7,26,6.86,3.5
2016,6,196,PHI,Blake Countess,CB,23,FALSE,0,0,0,6,3,45,7.94,0.5
2016,6,198,SDG,Derek Watt,FB,23,FALSE,0,0,0,7,1,110,7.65,0.14285714285714285
2016,6,199,CIN,Cody Core,WR,22,FALSE,0,0,0,4,3,51,7.38,0.75
2016,6,201,JAX,Brandon Allen,QB,24,FALSE,0,0,0,10,5,19,4.61,0.5
2016,6,203,KAN,Dadi Nicolas,DE,23,FALSE,0,0,0,1,1,11,5.69,1
2016,6,204,MIA,Jordan Lucas,S,23,FALSE,0,0,0,6,4,50,9.4,0.6666666666666666
2016,6,205,ARI,Harlan Miller,CB,22,FALSE,0,0,0,3,2,9,0.9,0.6666666666666666
2016,6,206,LAR,Mike Thomas,WR,22,FALSE,0,0,0,7,2,76,7.66,0.2857142857142857
2016,6,206,LAR,Mike Thomas,WR,22,FALSE,0,0,0,7,2,76,8.2,0.2857142857142857
2016,6,207,SFO,Jeff Driskel,QB,23,FALSE,0,0,0,9,7,25,9.52,0.7777777777777778
2016,6,209,BAL,Maurice Canady,CB,22,FALSE,0,0,0,6,3,40,8.13,0.5
2016,6,211,SFO,Kelvin Taylor,RB,22,FALSE,0,0,0,NA,0,NA,2.66,NA
2016,6,212,DAL,Kavon Frazier,S,22,FALSE,0,0,0,6,4,60,7.81,0.6666666666666666
2016,6,213,SFO,Aaron Burbridge,WR,22,FALSE,0,0,0,1,1,16,2.78,1
2016,6,214,NWE,Elandon Roberts,LB,22,FALSE,0,0,8,10,52,157,7.39,5.2
2016,6,216,DAL,Darius Jackson,RB,22,FALSE,0,0,0,3,0,4,9.85,0
2016,6,217,DAL,Rico Gathers,TE,22,FALSE,0,0,0,3,0,15,7.08,0
2016,6,218,BUF,Kevon Seymour,CB,22,FALSE,0,0,0,9,6,67,8.12,0.6666666666666666
2016,6,219,DEN,Will Parks,S,22,FALSE,0,0,0,7,11,90,3.15,1.5714285714285714
2016,6,220,PIT,Travis Feeney,LB,23,FALSE,0,0,0,NA,0,NA,9.28,NA
2016,7,222,TEN,Aaron Wallace,LB,23,FALSE,0,0,0,3,1,13,9.41,0.3333333333333333
2016,7,223,MIA,Brandon Doughty,QB,24,FALSE,0,0,0,NA,0,NA,0.51,NA
2016,7,224,SDG,Donavon Clark,OG,23,FALSE,0,0,0,NA,0,NA,7.78,NA
2016,7,225,NWE,Devin Lucien,WR,23,FALSE,0,0,0,NA,0,NA,6.68,NA
2016,7,226,JAX,Jonathan Woodard,DE,22,FALSE,0,0,0,3,1,6,8.87,0.3333333333333333
2016,7,227,MIN,Stephen Weatherly,LB,22,FALSE,0,0,1,6,12,73,8.96,2
2016,7,229,PIT,Demarcus Ayers,WR,22,FALSE,0,0,0,1,0,2,0.89,0
2016,7,230,CHI,Daniel Braverman,WR,22,FALSE,0,0,0,1,0,3,2.56,0
2016,7,231,MIA,Thomas Duarte,TE,21,FALSE,0,0,0,1,0,1,6.23,0
2016,7,232,WAS,Steven Daniels,LB,23,FALSE,0,0,0,NA,0,NA,1.11,NA
2016,7,234,OAK,Vadal Alexander,OG,22,FALSE,0,0,0,2,6,24,1.99,3
2016,7,236,DET,Dwayne Washington,RB,22,FALSE,0,0,0,8,4,96,9.82,0.5
2016,7,237,NOR,Daniel Lasco,RB,23,FALSE,0,0,0,2,0,10,9.61,0
2016,7,238,ATL,Devin Fuller,WR,22,FALSE,0,0,0,NA,0,NA,8.34,NA
2016,7,239,IND,Trevor Bates,LB,23,FALSE,0,0,0,3,1,10,7.46,0.3333333333333333
2016,7,240,PHI,Alex McCalister,DE,22,FALSE,0,0,0,NA,0,NA,9.31,NA
2016,7,241,NYJ,Charone Peake,WR,23,FALSE,0,0,0,3,1,31,5.76,0.3333333333333333
2016,7,242,WAS,Keith Marshall,RB,22,FALSE,0,0,0,NA,0,NA,9.35,NA
2016,7,243,SEA,Kenny Lawler,WR,22,FALSE,0,0,0,NA,0,NA,2.09,NA
2016,7,244,MIN,Jayron Kearse,S,22,FALSE,0,0,4,8,18,119,4.88,2.25
2016,7,245,CIN,Clayton Fejedelem,S,23,FALSE,0,0,0,7,8,107,7.36,1.1428571428571428
2016,7,246,PIT,Tyler Matakevich,LB,23,FALSE,0,0,0,9,9,140,2.27,1
2016,7,247,SEA,Zac Brooks,RB,23,FALSE,0,0,0,NA,0,NA,7.94,NA
2016,7,248,IND,Austin Blythe,OC,24,FALSE,0,0,4,7,33,92,5.77,4.714285714285714
2016,7,249,SFO,Prince Charles Iworah,CB,23,FALSE,0,0,0,1,0,1,8.2,0
2016,7,251,PHI,Joe Walker,LB,23,FALSE,0,0,1,6,8,66,9.33,1.3333333333333333
2016,7,252,CAR,Beau Sandland,TE,23,FALSE,0,0,0,NA,0,NA,8.73,NA
2016,7,253,TEN,Kalan Reed,CB,22,FALSE,0,0,0,2,0,7,7.7,0
2017,1,1,CLE,Myles Garrett,DE,21,FALSE,5,7,9,9,104,134,9.99,11.555555555555555
2017,1,2,CHI,Mitchell Trubisky,QB,23,FALSE,0,1,4,9,40,82,8.51,4.444444444444445
2017,1,3,SFO,Solomon Thomas,DE,21,FALSE,0,0,2,9,21,131,9.71,2.3333333333333335
2017,1,4,JAX,Leonard Fournette,RB,22,FALSE,0,0,5,7,38,81,8.04,5.428571428571429
2017,1,6,NYJ,Jamal Adams,S,21,FALSE,1,3,6,9,47,102,7.1,5.222222222222222
2017,1,7,LAC,Mike Williams,WR,22,FALSE,0,0,4,8,38,106,8.66,4.75
2017,1,7,LAC,Mike Williams,WR,22,FALSE,0,0,4,8,38,106,7.24,4.75
2017,1,7,LAC,Mike Williams,WR,22,FALSE,0,0,4,8,38,106,6.52,4.75
2017,1,7,LAC,Mike Williams,WR,22,FALSE,0,0,4,8,38,106,3.89,4.75
2017,1,8,CAR,Christian McCaffrey,RB,21,FALSE,3,4,6,9,86,112,8.52,9.555555555555555
2017,1,9,CIN,John Ross,WR,21,FALSE,0,0,1,8,7,38,9.5,0.875
2017,1,10,KAN,Patrick Mahomes,QB,21,FALSE,2,6,8,9,115,126,8.22,12.777777777777779
2017,1,11,NOR,Marshon Lattimore,CB,21,FALSE,0,4,7,9,43,108,9.99,4.777777777777778
2017,1,12,HOU,Deshaun Watson,QB,21,FALSE,0,3,4,8,58,73,9.24,7.25
2017,1,14,PHI,Derek Barnett,DE,21,FALSE,0,0,3,9,27,112,5.19,3
2017,1,16,BAL,Marlon Humphrey,CB,21,FALSE,2,4,8,9,62,131,9.54,6.888888888888889
2017,1,18,TEN,Adoree' Jackson,CB,21,FALSE,0,0,7,9,30,111,8.77,3.3333333333333335
2017,1,19,TAM,O.J. Howard,TE,22,FALSE,0,0,4,6,13,72,9.77,2.1666666666666665
2017,1,20,DEN,Garett Bolles,OT,25,FALSE,1,1,8,9,56,133,9.46,6.222222222222222
2017,1,21,DET,Jarrad Davis,LB,22,FALSE,0,0,3,6,22,68,9.07,3.6666666666666665
2017,1,23,NYG,Evan Engram,TE,23,FALSE,0,2,8,9,37,124,9.11,4.111111111111111
2017,1,24,OAK,Gareon Conley,CB,22,FALSE,0,0,1,3,9,31,9.23,3
2017,1,25,CLE,Jabrill Peppers,S,21,FALSE,0,0,5,9,32,113,9.14,3.5555555555555554
2017,1,27,BUF,Tre'Davious White,CB,22,FALSE,1,2,6,9,53,109,6.46,5.888888888888889
2017,1,28,DAL,Taco Charlton,DE,22,FALSE,0,0,0,6,9,60,8.17,1.5
2017,1,29,CLE,David Njoku,TE,21,FALSE,0,1,6,9,27,118,9.32,3
2017,1,30,PIT,T.J. Watt,LB,22,FALSE,4,8,9,9,96,135,9.92,10.666666666666666
2017,2,33,GNB,Kevin King,CB,22,FALSE,0,0,3,8,16,66,9.94,2
2017,2,34,JAX,Cam Robinson,OT,21,FALSE,0,0,7,9,43,117,7.98,4.777777777777778
2017,2,36,ARI,Budda Baker,S,21,FALSE,2,8,8,9,63,138,6.37,7
2017,2,37,BUF,Zay Jones,WR,22,FALSE,0,0,3,9,25,123,9.71,2.7777777777777777
2017,2,39,NYJ,Marcus Maye,S,24,FALSE,0,0,5,9,29,93,6.03,3.2222222222222223
2017,2,40,CAR,Curtis Samuel,WR,21,FALSE,0,0,5,9,30,111,7.45,3.3333333333333335
2017,2,41,MIN,Dalvin Cook,RB,22,FALSE,0,4,5,8,52,90,4.65,6.5
2017,2,42,NOR,Marcus Williams,S,20,FALSE,0,0,8,9,32,111,8.16,3.5555555555555554
2017,2,43,PHI,Sidney Jones,CB,21,FALSE,0,0,2,7,12,60,5.72,1.7142857142857142
2017,2,44,LAR,Gerald Everett,TE,23,FALSE,0,0,3,8,22,124,8.98,2.75
2017,2,45,CHI,Adam Shaheen,TE,22,FALSE,0,0,1,5,4,55,8.67,0.8
2017,2,46,IND,Quincy Wilson,CB,21,FALSE,0,0,0,6,4,33,7.35,0.6666666666666666
2017,2,47,BAL,Tyus Bowser,LB,22,FALSE,0,0,1,8,21,98,9.74,2.625
2017,2,48,CIN,Joe Mixon,RB,21,FALSE,0,2,6,8,56,111,9.46,7
2017,2,49,WAS,Ryan Anderson,LB,23,FALSE,0,0,0,6,6,57,2.01,1
2017,2,50,TAM,Justin Evans,S,22,FALSE,0,0,2,7,10,43,7.14,1.4285714285714286
2017,2,53,DET,Teez Tabor,CB,21,FALSE,0,0,0,7,5,39,4.12,0.7142857142857143
2017,2,55,NYG,Dalvin Tomlinson,DT,23,FALSE,0,0,9,9,50,142,4.62,5.555555555555555
2017,2,56,OAK,Obi Melifonwu,S,23,FALSE,0,0,0,2,1,7,9.89,0.5
2017,2,57,HOU,Zach Cunningham,LB,22,FALSE,0,0,5,9,36,106,8.67,4
2017,2,58,SEA,Ethan Pocic,OC,22,FALSE,0,0,5,9,32,114,7.79,3.5555555555555554
2017,2,59,KAN,Tanoh Kpassagnon,DE,23,FALSE,0,0,2,9,21,108,7.38,2.3333333333333335
2017,2,60,DAL,Chidobe Awuzie,CB,22,FALSE,0,0,5,9,28,108,9.64,3.111111111111111
2017,2,61,GNB,Josh Jones,S,22,FALSE,0,0,1,6,11,70,9.3,1.8333333333333333
2017,3,65,CLE,Larry Ogunjobi,DT,23,FALSE,0,0,7,9,44,134,8.46,4.888888888888889
2017,3,66,SFO,Ahkello Witherspoon,CB,22,FALSE,0,0,3,9,22,96,9.88,2.4444444444444446
2017,3,67,NOR,Alvin Kamara,RB,22,FALSE,0,5,7,9,79,126,8.08,8.777777777777779
2017,3,68,JAX,Dawuane Smoot,DE,22,FALSE,0,0,0,9,17,127,6.5,1.8888888888888888
2017,3,69,LAR,Cooper Kupp,WR,24,FALSE,1,1,7,9,63,120,5,7
2017,3,70,MIN,Pat Elflein,OC,23,FALSE,0,0,3,6,26,65,2.21,4.333333333333333
2017,3,71,LAC,Dan Feeney,OG,23,FALSE,0,0,5,9,35,132,7.73,3.888888888888889
2017,3,72,TEN,Taywan Taylor,WR,22,FALSE,0,0,0,4,6,35,8.7,1.5
2017,3,73,CIN,Jordan Willis,LB,22,FALSE,0,0,0,6,8,69,0.06,1.3333333333333333
2017,3,75,ATL,Duke Riley,LB,23,FALSE,0,0,2,8,19,124,8.55,2.375
2017,3,76,NOR,Alex Anzalone,LB,22,FALSE,0,0,5,9,34,111,8.03,3.7777777777777777
2017,3,77,CAR,Daeshon Hall,DE,22,FALSE,0,0,0,3,1,13,9.22,0.3333333333333333
2017,3,80,IND,Tarell Basham,DE,23,FALSE,0,0,1,6,13,82,8.2,2.1666666666666665
2017,3,81,WAS,Fabian Moreau,CB,23,FALSE,0,0,4,9,21,124,9.98,2.3333333333333335
2017,3,82,DEN,Carlos Henderson,WR,22,FALSE,0,0,0,NA,0,NA,5.75,NA
2017,3,83,NWE,Derek Rivers,DE,23,FALSE,0,0,0,5,4,24,9.67,0.8
2017,3,84,TAM,Chris Godwin,WR,21,FALSE,0,1,6,9,53,120,9.66,5.888888888888889
2017,3,85,NWE,Antonio Garcia,OT,23,FALSE,0,0,0,NA,0,NA,7.28,NA
2017,3,86,KAN,Kareem Hunt,RB,22,FALSE,0,1,3,9,52,121,5.15,5.777777777777778
2017,3,87,NYG,Davis Webb,QB,22,FALSE,0,0,0,6,1,2,9.39,0.16666666666666666
2017,3,88,OAK,Eddie Vanderdoes,DT,22,FALSE,0,0,1,3,5,19,9.26,1.6666666666666667
2017,3,89,HOU,D'Onta Foreman,RB,21,FALSE,0,0,1,8,17,63,7.82,2.125
2017,3,91,LAR,John Johnson,S,21,FALSE,0,0,5,8,29,105,7.93,3.625
2017,3,92,DAL,Jourdan Lewis,CB,22,FALSE,0,0,3,9,26,127,5.02,2.888888888888889
2017,3,93,GNB,Montravius Adams,DT,22,FALSE,0,0,1,8,15,96,7.89,1.875
2017,3,96,DET,Kenny Golladay,WR,23,FALSE,0,1,4,6,27,73,8.94,4.5
2017,3,97,MIA,Cordrea Tankersley,CB,23,FALSE,0,0,1,4,4,19,6.86,1
2017,3,98,ARI,Chad Williams,WR,22,FALSE,0,0,1,3,1,17,9.01,0.3333333333333333
2017,3,99,PHI,Rasul Douglas,CB,22,FALSE,0,0,4,9,31,135,6.93,3.4444444444444446
2017,3,100,TEN,Jonnu Smith,TE,22,FALSE,0,1,5,9,29,141,8.29,3.2222222222222223
2017,3,101,DEN,Brendan Langley,CB,22,FALSE,0,0,0,2,1,16,8.78,0.5
2017,3,102,SEA,Nazair Jones,DT,22,FALSE,0,0,0,2,3,20,3.75,1.5
2017,3,104,SFO,C.J. Beathard,QB,23,FALSE,0,0,0,7,9,32,7.67,1.2857142857142858
2017,3,105,PIT,James Conner,RB,22,FALSE,0,2,6,9,49,110,4.33,5.444444444444445
2017,3,106,SEA,Amara Darboh,WR,23,FALSE,0,0,0,1,1,16,9.6,1
2017,4,108,GNB,Vince Biegel,LB,24,FALSE,0,0,1,5,5,43,8.81,1
2017,4,109,MIN,Jaleel Johnson,DT,23,FALSE,0,0,1,7,16,86,1.87,2.2857142857142856
2017,4,110,JAX,Dede Westbrook,WR,23,FALSE,0,0,1,5,14,55,4.84,2.8
2017,4,111,SEA,Tedric Thompson,S,22,FALSE,0,0,2,5,9,38,3.38,1.8
2017,4,113,LAC,Rayshawn Jenkins,S,23,FALSE,0,0,6,9,32,139,9.42,3.5555555555555554
2017,4,114,WAS,Samaje Perine,RB,21,FALSE,0,0,1,9,26,125,4.94,2.888888888888889
2017,4,115,ARI,Dorian Johnson,OG,22,FALSE,0,0,0,NA,0,NA,5.82,NA
2017,4,117,LAR,Josh Reynolds,WR,22,FALSE,0,0,3,9,26,121,9.1,2.888888888888889
2017,4,119,CHI,Tarik Cohen,RB,22,FALSE,1,1,2,4,21,51,3.92,5.25
2017,4,120,MIN,Ben Gedeon,LB,22,FALSE,0,0,1,3,15,39,8.47,5
2017,4,121,SFO,Joe Williams,RB,24,FALSE,0,0,0,NA,0,NA,7.78,NA
2017,4,122,BAL,Nico Siragusa,OG,23,FALSE,0,0,0,NA,0,NA,9.28,NA
2017,4,123,WAS,Montae Nicholson,S,21,FALSE,0,0,1,3,10,35,9.73,3.3333333333333335
2017,4,124,DET,Jalen Reeves-Maybin,LB,22,FALSE,0,1,1,9,17,117,5.5,1.8888888888888888
2017,4,125,LAR,Samson Ebukam,LB,22,FALSE,0,0,6,9,38,127,9.8,4.222222222222222
2017,4,126,CLE,Howard Wilson,CB,21,FALSE,0,0,0,NA,0,NA,6.17,NA
2017,4,127,DET,Michael Roberts,TE,23,FALSE,0,0,0,2,1,23,5.23,0.5
2017,4,128,CIN,Josh Malone,WR,21,FALSE,0,0,1,4,1,26,7.03,0.25
2017,4,129,OAK,David Sharpe,OT,21,FALSE,0,0,0,9,4,46,2.79,0.4444444444444444
2017,4,132,PHI,Donnel Pumphrey,RB,22,FALSE,0,0,0,NA,0,NA,4.01,NA
2017,4,133,DAL,Ryan Switzer,WR,22,FALSE,0,0,0,3,3,41,4.83,1
2017,4,134,GNB,Jamaal Williams,RB,22,FALSE,0,0,3,8,33,117,4.55,4.125
2017,4,137,IND,Zach Banner,OT,23,FALSE,0,0,0,5,2,30,1.42,0.4
2017,4,138,CIN,Ryan Glasgow,DT,23,FALSE,0,0,0,4,3,26,4.18,0.75
2017,4,139,KAN,Jehu Chesson,WR,23,FALSE,0,0,0,2,0,24,7.94,0
2017,4,140,NYG,Wayne Gallman,RB,22,FALSE,0,0,1,5,12,61,6.28,2.4
2017,4,141,NYJ,Chad Hansen,WR,22,FALSE,0,0,0,4,3,20,7.39,0.75
2017,4,142,HOU,Carlos Watkins,DT,23,FALSE,0,0,1,9,20,90,5.69,2.2222222222222223
2017,4,143,IND,Marlon Mack,RB,21,FALSE,0,0,2,6,20,55,8.78,3.3333333333333335
2017,4,144,IND,Grover Stewart,DT,23,FALSE,0,0,7,9,42,141,7.79,4.666666666666667
2017,5,146,SFO,George Kittle,TE,23,FALSE,2,7,8,9,60,124,9.52,6.666666666666667
2017,5,147,CHI,Jordan Morgan,OG,23,FALSE,0,0,0,NA,0,NA,3.14,NA
2017,5,148,JAX,Blair Brown,LB,23,FALSE,0,0,0,2,3,28,8.99,1.5
2017,5,149,ATL,Damontae Kazee,CB,24,FALSE,0,0,4,9,22,111,3.32,2.4444444444444446
2017,5,150,NYJ,Jordan Leggett,TE,22,FALSE,0,0,0,2,1,15,7.9,0.5
2017,5,151,LAC,Desmond King,S,22,FALSE,1,0,4,8,27,108,6.6,3.375
2017,5,152,CAR,Corn Elder,CB,22,FALSE,0,0,0,5,2,35,1.97,0.4
2017,5,154,WAS,Jeremy Sprinkle,TE,23,FALSE,0,0,2,5,2,76,5.66,0.4
2017,5,155,TEN,Jayon Brown,LB,22,FALSE,0,0,3,6,26,74,3.96,4.333333333333333
2017,5,156,ATL,Brian Hill,RB,21,FALSE,0,0,0,5,9,48,7.4,1.8
2017,5,158,IND,Nate Hairston,CB,23,FALSE,0,0,1,6,9,61,5.35,1.5
2017,5,160,CLE,Roderick Johnson,OT,21,FALSE,0,0,0,4,5,29,7.36,1.25
2017,5,161,IND,Anthony Walker,LB,22,FALSE,0,0,5,9,36,101,6.74,4
2017,5,163,BUF,Matt Milano,LB,23,FALSE,1,1,5,9,57,106,6.95,6.333333333333333
2017,5,164,MIA,Isaac Asiata,OG,24,FALSE,0,0,0,2,0,2,5.44,0
2017,5,165,DET,Jamal Agnew,CB,22,FALSE,1,1,0,9,19,93,8.1,2.111111111111111
2017,5,166,PHI,Shelton Gibson,WR,23,FALSE,0,0,0,3,0,20,3.98,0
2017,5,167,NYG,Avery Moss,DE,22,FALSE,0,0,1,3,4,22,6.34,1.3333333333333333
2017,5,168,OAK,Marquel Lee,LB,21,FALSE,0,0,1,5,9,45,7.29,1.8
2017,5,170,MIN,Rodney Adams,WR,22,FALSE,0,0,0,5,0,1,6.02,0
2017,5,171,BUF,Nathan Peterman,QB,23,FALSE,0,0,0,7,3,15,6.88,0.42857142857142855
2017,5,174,ATL,Eric Saubert,TE,23,FALSE,0,0,0,9,2,112,7.7,0.2222222222222222
2017,5,175,GNB,DeAngelo Yancey,WR,22,FALSE,0,0,0,NA,0,NA,9.08,NA
2017,5,177,SFO,Trent Taylor,WR,23,FALSE,0,0,0,8,7,80,4,0.875
2017,5,178,MIA,Davon Godchaux,DT,22,FALSE,0,0,7,9,49,137,2.52,5.444444444444445
2017,5,179,ARI,T.J. Logan,RB,23,FALSE,0,0,0,3,0,22,7.56,0
2017,5,180,MIN,Danny Isidora,OG,23,FALSE,0,0,0,5,4,31,6.58,0.8
2017,5,182,GNB,Aaron Jones,RB,22,FALSE,0,1,8,9,67,126,9.21,7.444444444444445
2017,5,183,KAN,Ukeme Eligwe,LB,23,FALSE,0,0,0,2,2,24,8.42,1
2017,6,185,CLE,Caleb Brantley,DT,23,FALSE,0,0,0,3,2,20,4.79,0.6666666666666666
2017,6,189,LAR,Tanzel Smart,DT,22,FALSE,0,0,0,7,4,41,2.13,0.5714285714285714
2017,6,190,LAC,Sam Tevi,OT,22,FALSE,0,0,3,4,23,58,5.78,5.75
2017,6,191,DAL,Xavier Woods,S,22,FALSE,0,0,8,9,38,134,7.61,4.222222222222222
2017,6,193,CIN,Jordan Evans,LB,22,FALSE,0,0,0,5,9,65,9.47,1.8
2017,6,194,MIA,Vincent Taylor,DT,23,FALSE,0,0,0,5,5,40,6.52,1
2017,6,195,BUF,Tanner Vallejo,LB,22,FALSE,0,0,0,6,7,82,6.3,1.1666666666666667
2017,6,198,SFO,D.J. Jones,DT,22,FALSE,0,0,7,9,45,125,6.76,5
2017,6,199,WAS,Chase Roullier,OC,24,FALSE,0,0,4,6,24,69,3.28,4
2017,6,200,NYG,Adam Bisnowaty,OT,23,FALSE,0,0,0,1,0,1,4.46,0
2017,6,201,MIN,Bucky Hodges,TE,22,FALSE,0,0,0,NA,0,NA,9.76,NA
2017,6,203,DEN,De'Angelo Henderson,RB,24,FALSE,0,0,0,2,0,8,5.66,0
2017,6,204,NYJ,Derrick Jones,CB,22,FALSE,0,0,0,2,0,4,6.96,0
2017,6,206,LAR,Sam Rogers,FB,22,FALSE,0,0,0,NA,0,NA,2.13,NA
2017,6,208,ARI,Rudy Ford,S,22,FALSE,0,0,1,7,11,86,9.23,1.5714285714285714
2017,6,209,WAS,Robert Davis,WR,22,FALSE,0,0,0,3,0,7,9.79,0
2017,6,210,SEA,Justin Senior,OT,23,FALSE,0,0,0,NA,0,NA,0.64,NA
2017,6,213,PIT,Colin Holba,LS,23,FALSE,0,0,0,4,0,19,9.38,0
2017,6,214,PHI,Elijah Qualls,DT,22,FALSE,0,0,0,1,1,6,7.55,1
2017,6,216,DAL,Marquez White,CB,22,FALSE,0,0,0,NA,0,NA,3.76,NA
2017,6,217,TEN,Corey Levin,OG,23,FALSE,0,0,0,9,7,88,8.37,0.7777777777777778
2017,7,219,MIN,Stacy Coley,WR,23,FALSE,0,0,0,2,0,7,4.46,0
2017,7,221,OAK,Shalom Luani,S,23,FALSE,0,0,0,3,2,31,4.79,0.6666666666666666
2017,7,222,JAX,Jalen Myrick,CB,22,FALSE,0,0,0,1,0,5,8.64,0
2017,7,226,SEA,David Moore,WR,22,FALSE,0,0,2,9,15,78,8.99,1.6666666666666667
2017,7,228,DAL,Joey Ivie,DT,22,FALSE,0,0,0,3,0,8,4.12,0
2017,7,231,OAK,Jylan Ware,OT,23,FALSE,0,0,0,1,0,1,9.57,0
2017,7,232,MIN,Elijah Lee,LB,21,FALSE,0,0,0,6,8,74,7.6,1.3333333333333333
2017,7,234,LAR,Ejuan Price,DE,24,FALSE,0,0,0,1,0,1,5.42,0
2017,7,236,TEN,Brad Seaton,OT,23,FALSE,0,0,0,NA,0,NA,4.98,NA
2017,7,237,MIA,Isaiah Ford,WR,21,FALSE,0,0,0,5,5,32,5.05,1
2017,7,238,GNB,Devante Mays,RB,23,FALSE,0,0,0,1,0,8,7.66,0
2017,7,239,DAL,Noah Brown,WR,21,FALSE,0,0,2,9,19,91,6.88,2.111111111111111
2017,7,240,JAX,Marquez Williams,FB,23,FALSE,0,0,0,1,0,1,4.24,0
2017,7,241,TEN,Khalfani Muhammad,RB,22,FALSE,0,0,0,NA,0,NA,7.52,NA
2017,7,242,OAK,Elijah Hood,RB,21,FALSE,0,0,0,1,0,1,5.69,0
2017,7,243,HOU,Kyle Fuller,OC,23,FALSE,0,0,0,6,7,51,5.15,1.1666666666666667
2017,7,244,OAK,Treyvon Hester,DT,24,FALSE,0,0,0,3,3,41,7.16,1
2017,7,245,MIN,Jack Tocho,CB,21,FALSE,0,0,0,NA,0,NA,7.91,NA
2017,7,246,DAL,Jordan Carrell,DT,23,FALSE,0,0,0,NA,0,NA,6.49,NA
2017,7,247,GNB,Malachi Dupre,WR,21,FALSE,0,0,0,2,0,1,7.2,0
2017,7,249,SEA,Chris Carson,RB,22,FALSE,0,0,3,5,29,49,7.91,5.8
2017,7,250,DET,Pat O'Connor,DE,23,FALSE,0,0,0,9,6,88,7.37,0.6666666666666666
2017,7,251,CIN,Mason Schreck,TE,23,FALSE,0,0,0,6,0,26,7.87,0
2018,1,1,CLE,Baker Mayfield,QB,23,FALSE,0,2,7,8,80,123,4.71,10
2018,1,2,NYG,Saquon Barkley,RB,21,FALSE,1,3,7,8,65,106,9.97,8.125
2018,1,3,NYJ,Sam Darnold,QB,21,FALSE,0,2,6,8,49,100,5.61,6.125
2018,1,4,CLE,Denzel Ward,CB,21,FALSE,0,5,8,8,49,110,9.69,6.125
2018,1,5,DEN,Bradley Chubb,DE,22,FALSE,0,2,4,8,41,90,9.51,5.125
2018,1,6,IND,Quenton Nelson,OG,22,FALSE,3,8,8,8,79,129,9.68,9.875
2018,1,7,BUF,Josh Allen,QB,22,FALSE,0,4,8,8,111,128,9.67,13.875
2018,1,8,CHI,Roquan Smith,LB,21,FALSE,3,4,8,8,84,125,8.58,10.5
2018,1,10,ARI,Josh Rosen,QB,21,FALSE,0,0,1,4,3,24,6.88,0.75
2018,1,11,MIA,Minkah Fitzpatrick,S,21,FALSE,3,5,7,8,61,120,8.49,7.625
2018,1,12,TAM,Vita Vea,DT,23,FALSE,0,2,6,8,51,112,9.52,6.375
2018,1,14,NOR,Marcus Davenport,DE,22,FALSE,0,0,2,8,22,77,9.67,2.75
2018,1,15,OAK,Kolton Miller,OT,23,FALSE,0,0,7,8,42,113,9.99,5.25
2018,1,16,BUF,Tremaine Edmunds,LB,20,FALSE,0,2,8,8,62,119,9.74,7.75
2018,1,17,LAC,Derwin James,S,22,FALSE,1,5,6,8,46,98,9.34,5.75
2018,1,18,GNB,Jaire Alexander,CB,21,FALSE,0,2,5,8,34,80,9.53,4.25
2018,1,19,DAL,Leighton Vander Esch,LB,21,FALSE,0,1,5,6,35,71,9.98,5.833333333333333
2018,1,20,DET,Frank Ragnow,OC,22,FALSE,0,4,6,7,51,96,9.93,7.285714285714286
2018,1,22,TEN,Rashaan Evans,LB,22,FALSE,0,0,4,7,32,87,5.14,4.571428571428571
2018,1,24,CAR,D.J. Moore,WR,21,FALSE,0,0,8,8,61,131,9.65,7.625
2018,1,25,BAL,Hayden Hurst,TE,25,FALSE,0,0,1,7,17,88,7.57,2.4285714285714284
2018,1,26,ATL,Calvin Ridley,WR,23,FALSE,0,0,4,8,41,90,5.12,5.125
2018,1,27,SEA,Rashaad Penny,RB,22,FALSE,0,0,0,6,13,45,7.26,2.1666666666666665
2018,1,28,PIT,Terrell Edmunds,S,21,FALSE,0,0,5,8,27,102,9.89,3.375
2018,1,29,JAX,Taven Bryan,DT,22,FALSE,0,0,4,8,22,118,9.91,2.75
2018,1,30,MIN,Mike Hughes,CB,21,FALSE,0,0,2,8,17,99,7.74,2.125
2018,1,31,NWE,Sony Michel,RB,23,FALSE,0,0,2,5,21,65,8.95,4.2
2018,2,34,NYG,Will Hernandez,OG,23,FALSE,0,0,5,8,38,104,8.83,4.75
2018,2,35,CLE,Nick Chubb,RB,22,FALSE,0,4,6,8,49,100,9.15,6.125
2018,2,40,DEN,Courtland Sutton,WR,22,FALSE,0,2,6,8,45,115,9.81,5.625
2018,2,42,MIA,Mike Gesicki,TE,22,FALSE,0,0,2,8,28,128,9.97,3.5
2018,2,43,DET,Kerryon Johnson,RB,21,FALSE,0,0,1,4,11,35,7.09,2.75
2018,2,47,ARI,Christian Kirk,WR,21,FALSE,0,0,7,8,42,106,6.23,5.25
2018,2,48,LAC,Uchenna Nwosu,LB,21,FALSE,0,0,3,8,29,107,8.57,3.625
2018,2,49,PHI,Dallas Goedert,TE,23,FALSE,0,0,8,8,38,108,9.5,4.75
2018,2,51,CHI,Anthony Miller,WR,23,FALSE,0,0,2,7,12,52,9.27,1.7142857142857142
2018,2,51,CHI,Anthony Miller,WR,23,FALSE,0,0,2,7,12,52,7.25,1.7142857142857142
2018,2,53,TAM,M.J. Stewart,CB,22,FALSE,0,0,0,8,9,99,6.21,1.125
2018,2,54,CIN,Jessie Bates III,S,21,FALSE,0,1,8,8,55,130,7.2,6.875
2018,2,55,CAR,Donte Jackson,CB,22,FALSE,0,0,8,8,34,112,7.03,4.25
2018,2,56,NWE,Duke Dawson,CB,21,FALSE,0,0,0,3,3,26,6.44,1
2018,2,57,OAK,P.J. Hall,DT,23,FALSE,0,0,2,3,11,40,8.76,3.6666666666666665
2018,2,59,WAS,Derrius Guice,RB,21,FALSE,0,0,0,2,2,5,7.37,1
2018,2,60,PIT,James Washington,WR,22,FALSE,0,0,2,5,11,62,5.55,2.2
2018,2,62,MIN,Brian O'Neill,OT,22,FALSE,0,2,8,8,56,124,9.6,7
2018,2,63,TAM,Carlton Davis,CB,21,FALSE,0,0,7,8,34,106,6.36,4.25
2018,2,64,IND,Tyquan Lewis,DE,23,FALSE,0,0,0,8,13,88,9.53,1.625
2018,3,65,OAK,Brandon Parker,OT,22,FALSE,0,0,2,6,15,59,6.6,2.5
2018,3,67,CLE,Chad Thomas,DE,22,FALSE,0,0,0,2,5,20,4.55,2.5
2018,3,68,HOU,Justin Reid,S,21,FALSE,0,0,8,8,34,121,9.63,4.25
2018,3,69,NYG,B.J. Hill,DT,23,FALSE,0,0,6,8,37,129,8.74,4.625
2018,3,70,SFO,Fred Warner,LB,21,FALSE,4,4,7,8,82,121,9.67,10.25
2018,3,71,DEN,Royce Freeman,RB,22,FALSE,0,0,0,6,13,79,8.26,2.1666666666666665
2018,3,72,NYJ,Nathan Shepherd,DT,24,FALSE,0,0,2,8,25,122,9.19,3.125
2018,3,73,MIA,Jerome Baker,LB,21,FALSE,0,0,6,8,39,121,9.25,4.875
2018,3,74,WAS,Geron Christian,OT,21,FALSE,0,0,1,7,12,63,2.67,1.7142857142857142
2018,3,75,KAN,Derrick Nnadi,DT,22,FALSE,0,0,6,8,38,130,1.21,4.75
2018,3,76,PIT,Mason Rudolph,QB,23,FALSE,0,0,1,8,10,34,4.06,1.25
2018,3,77,CIN,Sam Hubbard,DE,23,FALSE,0,0,6,7,40,104,7.4,5.714285714285714
2018,3,78,CIN,Malik Jefferson,LB,21,FALSE,0,0,0,6,3,38,9.77,0.5
2018,3,81,DAL,Michael Gallup,WR,22,FALSE,0,0,5,6,30,86,5.87,5
2018,3,82,DET,Tracy Walker,S,23,FALSE,0,0,2,6,13,79,6.89,2.1666666666666665
2018,3,84,LAC,Justin Jones,DT,22,FALSE,0,0,5,7,30,88,5.92,4.285714285714286
2018,3,85,CAR,Rashaan Gaulden,CB,23,FALSE,0,0,0,3,1,27,2.25,0.3333333333333333
2018,3,86,BAL,Mark Andrews,TE,23,FALSE,1,3,4,8,51,121,7.28,6.375
2018,3,87,OAK,Arden Key,DE,22,FALSE,0,0,4,8,24,116,6.4,3
2018,3,88,GNB,Oren Burks,LB,23,FALSE,0,0,1,8,16,125,9.72,2
2018,3,89,LAR,Joseph Noteboom,OT,23,FALSE,0,0,0,8,18,81,8.48,2.25
2018,3,90,ATL,Deadrin Senat,DT,24,FALSE,0,0,0,6,4,37,3.79,0.6666666666666666
2018,3,91,NOR,Tre'Quan Smith,WR,22,FALSE,0,0,3,6,15,67,6.85,2.5
2018,3,92,PIT,Chukwuma Okorafor,OT,21,FALSE,0,0,3,8,26,92,4.1,3.25
2018,3,93,JAX,Ronnie Harrison,S,21,FALSE,0,0,3,8,21,94,7.49,2.625
2018,3,95,SFO,Tarvarius Moore,S,22,FALSE,0,0,1,7,8,72,9.24,1.1428571428571428
2018,3,96,BUF,Harrison Phillips,DT,22,FALSE,0,0,4,8,35,113,8.1,4.375
2018,3,97,ARI,Mason Cole,OC,22,FALSE,0,0,4,6,25,94,6.32,4.166666666666667
2018,3,98,HOU,Jordan Akins,TE,26,FALSE,0,0,1,7,16,107,6.91,2.2857142857142856
2018,3,99,DEN,Isaac Yiadom,CB,22,FALSE,0,0,2,8,16,118,6.12,2
2018,3,100,KAN,Dorian O'Daniel,LB,24,FALSE,0,0,0,4,5,58,7.42,1.25
2018,4,101,CAR,Ian Thomas,TE,22,FALSE,0,0,3,8,8,114,9.31,1
2018,4,102,MIN,Jalyn Holmes,DE,22,FALSE,0,0,0,8,8,65,6.81,1
2018,4,103,HOU,Keke Coutee,WR,21,FALSE,0,0,0,5,7,33,5.64,1.4
2018,4,104,IND,Nyheim Hines,RB,21,FALSE,0,0,0,8,25,85,5.68,3.125
2018,4,105,CLE,Antonio Callaway,WR,21,FALSE,0,0,1,3,5,25,6.2,1.6666666666666667
2018,4,106,DEN,Josey Jewell,LB,23,FALSE,0,0,5,7,32,90,5.67,4.571428571428571
2018,4,107,NYJ,Chris Herndon,TE,22,FALSE,0,0,2,4,6,49,4.96,1.5
2018,4,108,NYG,Kyle Lauletta,QB,23,FALSE,0,0,0,1,0,2,8.35,0
2018,4,109,WAS,Troy Apke,S,23,FALSE,0,0,1,5,6,52,9.94,1.2
2018,4,110,OAK,Nick Nelson,CB,21,FALSE,0,0,0,2,1,12,8.27,0.5
2018,4,111,LAR,Brian Allen,OC,22,FALSE,0,0,2,6,16,50,4.05,2.6666666666666665
2018,4,112,CIN,Mark Walton,RB,21,FALSE,0,0,0,2,3,21,4.55,1.5
2018,4,113,DEN,DaeSean Hamilton,WR,23,FALSE,0,0,0,3,6,46,8.09,2
2018,4,115,CHI,Joel Iyiegbuniwe,LB,22,FALSE,0,0,0,5,5,65,7.76,1
2018,4,117,TAM,Jordan Whitehead,S,21,FALSE,0,0,7,7,32,105,5.15,4.571428571428571
2018,4,118,BAL,Anthony Averett,CB,23,FALSE,0,0,1,5,11,51,5.88,2.2
2018,4,119,LAC,Kyzir White,S,22,FALSE,0,0,4,8,31,93,7.57,3.875
2018,4,120,SEA,Will Dissly,TE,22,FALSE,0,0,5,8,16,96,3.78,2
2018,4,121,BUF,Taron Johnson,CB,22,FALSE,0,0,6,8,36,113,6.28,4.5
2018,4,122,BAL,Kenny Young,LB,23,FALSE,0,0,1,5,18,63,7.49,3.6
2018,4,123,MIA,Durham Smythe,TE,23,FALSE,0,0,5,8,10,129,6.19,1.25
2018,4,125,PHI,Avonte Maddox,CB,22,FALSE,0,0,1,8,17,95,8.87,2.125
2018,4,126,ATL,Ito Smith,RB,22,FALSE,0,0,0,4,6,36,6.26,1.5
2018,4,129,JAX,Will Richardson,OT,22,FALSE,0,0,0,4,4,44,5.91,1
2018,4,130,PHI,Josh Sweat,DE,21,FALSE,0,1,5,8,37,121,9.7,4.625
2018,4,131,MIA,Kalen Ballage,RB,22,FALSE,0,0,1,4,6,52,9.12,1.5
2018,4,132,BAL,Jaleel Scott,WR,23,FALSE,0,0,0,3,0,4,7.6,0
2018,4,133,GNB,J'Mon Moore,WR,23,FALSE,0,0,0,1,0,12,8.43,0
2018,4,134,ARI,Chase Edmonds,RB,22,FALSE,0,0,1,8,21,86,7.89,2.625
2018,4,135,LAR,John Franklin-Myers,DE,21,FALSE,0,0,5,8,38,114,8.31,4.75
2018,4,137,DAL,Dalton Schultz,TE,22,FALSE,0,0,4,8,30,124,7.09,3.75
2018,5,139,NYG,R.J. McIntosh,DT,22,FALSE,0,0,0,2,1,18,3.37,0.5
2018,5,141,SEA,Shaquem Griffin,LB,23,FALSE,0,0,0,3,4,46,8.32,1.3333333333333333
2018,5,142,SFO,D.J. Reed,CB,21,FALSE,0,0,6,8,27,112,6.58,3.375
2018,5,143,NWE,Ja'Whaun Bentley,LB,22,FALSE,0,0,4,7,36,83,6.2,5.142857142857143
2018,5,144,TAM,Justin Watson,WR,22,FALSE,0,0,0,8,11,93,9.61,1.375
2018,5,145,CHI,Bilal Nichols,DT,21,FALSE,0,0,5,8,37,104,9.73,4.625
2018,5,146,SEA,Tre Flowers,S,23,FALSE,0,0,2,8,19,98,8.55,2.375
2018,5,147,LAR,Micah Kiser,LB,23,FALSE,0,0,0,4,8,36,8.43,2
2018,5,148,PIT,Marcus Allen,S,22,FALSE,0,0,0,5,6,48,8.21,1.2
2018,5,151,CIN,Davontae Harris,CB,23,FALSE,0,0,0,5,5,42,7.76,1
2018,5,152,TEN,Dane Cruikshank,CB,23,FALSE,0,0,0,7,4,56,9.71,0.5714285714285714
2018,5,154,BUF,Siran Neal,CB,24,FALSE,0,0,0,8,7,131,7.22,0.875
2018,5,155,LAC,Scott Quessenberry,OC,23,FALSE,0,0,2,5,13,79,9.15,2.6
2018,5,157,MIN,Tyler Conklin,TE,23,FALSE,0,0,4,8,20,127,7.68,2.5
2018,5,159,IND,Daurice Fountain,WR,22,FALSE,0,0,0,4,0,8,7.98,0
2018,5,160,LAR,Ogbonnia Okoronkwo,DE,23,FALSE,0,0,0,8,12,81,8.72,1.5
2018,5,161,CAR,Jermaine Carter Jr.,LB,23,FALSE,0,0,2,5,15,72,4.58,3
2018,5,162,BAL,Jordan Lasley,WR,21,FALSE,0,0,0,NA,0,NA,4.47,NA
2018,5,163,WAS,Tim Settle,DT,21,FALSE,0,0,1,8,20,124,0.89,2.5
2018,5,164,NOR,Natrell Jamerson,S,22,FALSE,0,0,0,3,1,21,8.23,0.3333333333333333
2018,5,165,PIT,Jaylen Samuels,TE,22,FALSE,0,0,0,4,7,45,7.91,1.75
2018,5,166,BUF,Wyatt Teller,OG,23,FALSE,0,3,7,8,39,109,8.8,4.875
2018,5,168,SEA,Jamarco Jones,OT,22,FALSE,0,0,0,7,7,38,0.51,1
2018,5,169,IND,Jordan Wilkins,RB,24,FALSE,0,0,0,5,8,54,7.74,1.6
2018,5,170,CIN,Darius Phillips,CB,23,FALSE,0,0,1,5,7,56,3.57,1.4
2018,5,171,DAL,Mike White,QB,23,FALSE,0,0,0,7,5,15,2.2,0.7142857142857143
2018,5,174,GNB,Marquez Valdes-Scantling,WR,23,FALSE,0,0,5,8,29,116,9.26,3.625
2018,6,175,CLE,Damion Ratley,WR,23,FALSE,0,0,0,3,4,31,9.02,1.3333333333333333
2018,6,176,LAR,John Kelly,RB,21,FALSE,0,0,0,7,1,15,4.43,0.14285714285714285
2018,6,178,NWE,Christian Sam,LB,22,FALSE,0,0,0,NA,0,NA,7.53,NA
2018,6,179,NYJ,Parry Nickerson,CB,23,FALSE,0,0,0,8,2,35,5.78,0.25
2018,6,180,NYJ,Folorunso Fatukasi,DT,23,FALSE,0,0,4,8,27,90,8.55,3.375
2018,6,181,CHI,Kylie Fitts,DE,23,FALSE,0,0,0,4,1,28,9.59,0.25
2018,6,182,ARI,Christian Campbell,CB,22,FALSE,0,0,0,NA,0,NA,9.47,NA
2018,6,183,DEN,Sam Jones,OG,22,FALSE,0,0,0,1,0,5,4.88,0
2018,6,185,IND,Deon Cain,WR,22,FALSE,0,0,0,3,1,15,6.47,0.3333333333333333
2018,6,186,SEA,Jacob Martin,LB,22,FALSE,0,0,2,8,17,119,8.31,2.125
2018,6,187,BUF,Ray-Ray McCloud,WR,21,FALSE,0,0,1,8,14,100,3.71,1.75
2018,6,188,CLE,Simeon Thomas,CB,24,FALSE,0,0,0,2,1,12,7.26,0.5
2018,6,189,NOR,Kamrin Moore,CB,21,FALSE,0,0,0,1,0,2,5.46,0
2018,6,190,BAL,DeShon Elliott,S,21,FALSE,0,0,4,8,25,77,5.19,3.125
2018,6,191,LAC,Dylan Cantrell,WR,24,FALSE,0,0,0,NA,0,NA,9.86,NA
2018,6,193,DAL,Chris Covington,LB,22,FALSE,0,0,0,2,0,8,7.41,0
2018,6,194,ATL,Russell Gage,WR,22,FALSE,0,0,0,8,20,75,8,2.5
2018,6,198,KAN,Kahlil McKenzie,DT,21,FALSE,0,0,0,4,1,12,6,0.25
2018,6,201,NOR,Boston Scott,RB,23,FALSE,0,0,0,6,11,75,8.85,1.8333333333333333
2018,6,202,TAM,Jack Cichy,LB,23,FALSE,0,0,0,3,0,16,7.84,0
2018,6,203,JAX,Tanner Lee,QB,23,FALSE,0,0,0,NA,0,NA,6.29,NA
2018,6,204,NYJ,Trenton Cannon,RB,24,FALSE,0,0,0,5,2,48,9.07,0.4
2018,6,205,LAR,Trevon Young,DE,23,FALSE,0,0,0,1,0,2,8.78,0
2018,6,207,GNB,Equanimeous St. Brown,WR,21,FALSE,0,0,2,7,8,62,9.85,1.1428571428571428
2018,6,209,MIA,Cornell Armstrong,CB,22,FALSE,0,0,0,8,3,42,9.13,0.375
2018,6,210,NWE,Braxton Berrios,WR,22,FALSE,1,0,0,8,11,91,5.68,1.375
2018,6,211,HOU,Jordan Thomas,TE,22,FALSE,0,0,1,3,2,27,3.91,0.6666666666666666
2018,6,212,BAL,Greg Senat,OT,23,FALSE,0,0,0,3,1,10,5.85,0.3333333333333333
2018,6,213,MIN,Colby Gossett,OG,23,FALSE,0,0,0,5,4,36,7.42,0.8
2018,6,215,BAL,Bradley Bozeman,OC,23,FALSE,0,0,7,8,41,129,1.19,5.125
2018,6,216,OAK,Azeem Victor,LB,22,FALSE,0,0,0,NA,0,NA,6.15,NA
2018,6,217,DEN,Keishawn Bierria,LB,23,FALSE,0,0,0,2,1,21,4.32,0.5
2018,6,218,MIN,Ade Aruna,DE,24,FALSE,0,0,0,NA,0,NA,8.61,NA
2018,7,219,NWE,Danny Etling,QB,24,FALSE,0,0,0,NA,0,NA,8.31,NA
2018,7,220,SEA,Alex McGough,QB,22,FALSE,0,0,0,NA,0,NA,7.85,NA
2018,7,221,IND,Matthew Adams,LB,22,FALSE,0,0,1,7,14,98,7.2,2
2018,7,222,HOU,Jermaine Kelly,CB,23,FALSE,0,0,0,NA,0,NA,7.75,NA
2018,7,223,SFO,Jullian Taylor,DT,23,FALSE,0,0,0,2,1,12,9.87,0.5
2018,7,224,CHI,Javon Wims,WR,23,FALSE,0,0,0,5,1,34,5.44,0.2
2018,7,226,DEN,David Williams,RB,24,FALSE,0,0,0,1,0,6,4.76,0
2018,7,227,MIA,Quentin Poling,LB,24,FALSE,0,0,0,2,0,1,9.65,0
2018,7,228,OAK,Marcell Ateman,WR,23,FALSE,0,0,0,4,2,19,5.18,0.5
2018,7,231,LAR,Travin Howard,LB,22,FALSE,0,0,0,5,3,29,8.03,0.6
2018,7,233,PHI,Jordan Mailata,OT,21,FALSE,0,0,6,8,41,90,8.61,5.125
2018,7,234,CAR,Andre Smith,LB,21,FALSE,0,0,0,6,6,62,5.71,1
2018,7,235,IND,Zaire Franklin,LB,22,FALSE,0,1,5,8,40,132,9.64,5
2018,7,236,DAL,Bo Scarbrough,RB,23,FALSE,0,0,0,3,2,7,9.25,0.6666666666666666
2018,7,238,BAL,Zach Sieler,DE,23,FALSE,0,0,4,8,38,108,7.37,4.75
2018,7,239,GNB,Hunter Bradley,LS,24,FALSE,0,0,0,5,3,58,9.03,0.6
2018,7,240,SFO,Richie James,WR,23,FALSE,0,0,1,6,13,66,5.99,2.1666666666666665
2018,7,241,WAS,Greg Stroman,CB,22,FALSE,0,0,0,7,4,33,3.89,0.5714285714285714
2018,7,242,CAR,Kendrick Norton,DT,21,FALSE,0,0,0,NA,0,NA,4.27,NA
2018,7,243,NWE,Keion Crossen,CB,22,FALSE,0,0,0,8,6,76,8.37,0.75
2018,7,244,LAR,Justin Lawler,DE,23,FALSE,0,0,0,4,1,19,2.42,0.25
2018,7,246,PIT,Joshua Frazier,DT,22,FALSE,0,0,0,NA,0,NA,1.75,NA
2018,7,248,GNB,Kendall Donnerson,LB,22,FALSE,0,0,0,NA,0,NA,9.89,NA
2018,7,249,CIN,Logan Woodside,QB,23,FALSE,0,0,0,6,0,13,6.03,0
2018,7,250,NWE,Ryan Izzo,TE,22,FALSE,0,0,1,4,3,19,4.5,0.75
2018,7,251,LAC,Justin Jackson,RB,22,FALSE,0,0,0,5,12,59,8.84,2.4
2018,7,253,CIN,Auden Tate,WR,21,FALSE,0,0,1,4,5,35,1.82,1.25
2018,7,254,ARI,Korey Cunningham,OT,23,FALSE,0,0,0,5,4,31,9.87,0.8
2018,7,255,BUF,Austin Proehl,WR,22,FALSE,0,0,0,NA,0,NA,3.62,NA
2018,7,256,WAS,Trey Quinn,WR,22,FALSE,0,0,0,3,2,16,7.01,0.6666666666666666
2019,1,2,SFO,Nick Bosa,DE,21,FALSE,1,5,5,7,58,85,9.44,8.285714285714286
2019,1,3,NYJ,Quinnen Williams,DT,21,FALSE,1,4,6,7,57,105,9.84,8.142857142857142
2019,1,5,TAM,Devin White,LB,21,FALSE,0,1,6,7,51,100,9.32,7.285714285714286
2019,1,6,NYG,Daniel Jones,QB,22,FALSE,0,0,6,7,52,83,8.12,7.428571428571429
2019,1,8,DET,T.J. Hockenson,TE,22,FALSE,0,2,4,7,33,97,9.19,4.714285714285714
2019,1,9,BUF,Ed Oliver,DT,21,FALSE,0,0,5,7,43,95,9.88,6.142857142857143
2019,1,13,MIA,Christian Wilkins,DT,23,FALSE,0,0,5,6,35,86,8.55,5.833333333333333
2019,1,14,ATL,Chris Lindstrom,OG,22,FALSE,0,4,6,7,49,105,9.85,7
2019,1,15,WAS,Dwayne Haskins,QB,22,FALSE,0,0,0,2,4,16,3.47,2
2019,1,16,CAR,Brian Burns,DE,21,FALSE,0,3,6,7,53,114,9.9,7.571428571428571
2019,1,17,NYG,Dexter Lawrence,DT,21,FALSE,0,3,6,7,55,109,9.86,7.857142857142857
2019,1,18,MIN,Garrett Bradbury,OC,24,FALSE,0,0,7,7,41,105,9.96,5.857142857142857
2019,1,20,DEN,Noah Fant,TE,21,FALSE,0,0,5,7,26,110,9.89,3.7142857142857144
2019,1,21,GNB,Darnell Savage Jr.,S,22,FALSE,0,0,6,7,24,97,8.37,3.4285714285714284
2019,1,22,PHI,Andre Dillard,OT,23,FALSE,0,0,1,6,12,69,9.81,2
2019,1,24,OAK,Josh Jacobs,RB,21,FALSE,1,3,7,7,57,105,5.65,8.142857142857142
2019,1,26,WAS,Montez Sweat,DE,23,FALSE,0,1,6,7,48,109,9.9,6.857142857142857
2019,1,27,OAK,Johnathan Abram,S,22,FALSE,0,0,2,6,13,55,7.02,2.1666666666666665
2019,1,28,LAC,Jerry Tillery,DT,22,FALSE,0,0,2,7,26,113,9.72,3.7142857142857144
2019,1,29,SEA,L.J. Collier,DE,23,FALSE,0,0,2,7,16,67,3.21,2.2857142857142856
2019,1,30,NYG,Deandre Baker,CB,22,FALSE,0,0,1,3,6,26,4.53,2
2019,1,31,ATL,Kaleb McGary,OT,24,FALSE,0,0,6,6,39,93,9.83,6.5
2019,1,32,NWE,N'Keal Harry,WR,21,FALSE,0,0,1,5,7,49,8.44,1.4
2019,2,33,ARI,Byron Murphy,CB,21,FALSE,0,1,6,7,40,104,6.41,5.714285714285714
2019,2,34,IND,Rock Ya-Sin,CB,23,FALSE,0,0,1,7,17,96,6.16,2.4285714285714284
2019,2,36,SFO,Deebo Samuel,WR,23,FALSE,1,1,6,7,52,97,7.91,7.428571428571429
2019,2,37,CAR,Greg Little,OT,21,FALSE,0,0,0,4,8,31,3.58,2
2019,2,40,OAK,Trayvon Mullen,CB,21,FALSE,0,0,2,4,11,46,7.46,2.75
2019,2,42,DEN,Drew Lock,QB,22,FALSE,0,0,1,7,14,41,9.37,2
2019,2,43,DET,Jahlani Tavai,LB,22,FALSE,0,0,4,7,34,107,4.12,4.857142857142857
2019,2,44,GNB,Elgton Jenkins,OC,23,FALSE,0,2,6,7,48,96,9.32,6.857142857142857
2019,2,46,CLE,Greedy Williams,CB,21,FALSE,0,0,1,4,8,39,8.5,2
2019,2,47,SEA,Marquise Blair,S,22,FALSE,0,0,0,6,2,26,8.32,0.3333333333333333
2019,2,48,NOR,Erik McCoy,OC,22,FALSE,0,2,5,7,35,88,8.96,5
2019,2,51,TEN,A.J. Brown,WR,22,FALSE,0,3,7,7,73,105,8.59,10.428571428571429
2019,2,52,CIN,Drew Sample,TE,23,FALSE,0,0,4,7,7,95,8.99,1
2019,2,53,PHI,Miles Sanders,RB,22,FALSE,0,1,4,7,34,88,9.48,4.857142857142857
2019,2,55,HOU,Max Scharping,OT,23,FALSE,0,0,3,6,18,81,8.82,3
2019,2,56,KAN,Mecole Hardman,WR,21,FALSE,0,1,0,7,23,82,8.3,3.2857142857142856
2019,2,58,DAL,Trysten Hill,DT,21,FALSE,0,0,0,6,5,34,9.53,0.8333333333333334
2019,2,59,IND,Parris Campbell,WR,22,FALSE,0,0,1,7,9,50,9.76,1.2857142857142858
2019,2,60,LAC,Nasir Adderley,S,22,FALSE,0,0,3,4,13,50,7.17,3.25
2019,2,61,LAR,Taylor Rapp,S,21,FALSE,0,0,4,7,25,93,5.62,3.5714285714285716
2019,2,62,ARI,Andy Isabella,WR,22,FALSE,0,0,0,5,4,43,7.26,0.8
2019,2,63,KAN,Juan Thornhill,S,23,FALSE,0,0,5,7,24,97,9.75,3.4285714285714284
2019,3,65,ARI,Zach Allen,DE,22,FALSE,1,1,6,7,52,95,5.14,7.428571428571429
2019,3,66,PIT,Diontae Johnson,WR,23,FALSE,0,1,5,6,35,89,4.18,5.833333333333333
2019,3,67,SFO,Jalen Hurd,WR,23,FALSE,0,0,0,NA,0,NA,8.21,NA
2019,3,69,JAX,Josh Oliver,TE,22,FALSE,0,0,3,7,7,82,8.16,1
2019,3,70,LAR,Darrell Henderson,RB,22,FALSE,0,0,1,5,15,54,7.68,3
2019,3,71,DEN,Dre'Mont Jones,DT,22,FALSE,0,0,5,7,33,108,6.13,4.714285714285714
2019,3,72,CIN,Germaine Pratt,LB,23,FALSE,0,0,7,7,45,112,8.5,6.428571428571429
2019,3,73,CHI,David Montgomery,RB,22,FALSE,0,0,5,7,49,105,5.15,7
2019,3,74,BUF,Devin Singletary,RB,22,FALSE,0,0,5,7,39,110,1.65,5.571428571428571
2019,3,75,GNB,Jace Sternberger,TE,23,FALSE,0,0,0,2,1,18,5.17,0.5
2019,3,76,WAS,Terry McLaurin,WR,23,FALSE,0,2,7,7,51,107,9.56,7.285714285714286
2019,3,77,NWE,Chase Winovich,DE,24,FALSE,0,0,0,5,11,56,8.63,2.2
2019,3,79,LAR,David Long,CB,21,FALSE,0,0,0,7,7,80,9.19,1
2019,3,80,CLE,Sione Takitaki,LB,24,FALSE,0,0,1,7,19,86,9.07,2.7142857142857144
2019,3,81,DET,Will Harris,S,23,FALSE,0,0,4,7,18,103,9.65,2.5714285714285716
2019,3,82,TEN,Nate Davis,OG,22,FALSE,0,0,5,6,27,71,6.17,4.5
2019,3,83,PIT,Justin Layne,CB,21,FALSE,0,0,0,4,3,52,8.95,0.75
2019,3,84,KAN,Khalen Saunders,DT,23,FALSE,0,0,1,7,17,77,7.59,2.4285714285714284
2019,3,85,BAL,Jaylon Ferguson,DE,23,FALSE,0,0,1,3,8,38,5.44,2.6666666666666665
2019,3,86,HOU,Kahale Warring,TE,22,FALSE,0,0,0,3,0,9,9.4,0
2019,3,87,NWE,Damien Harris,RB,22,FALSE,0,0,3,5,16,44,6.36,3.2
2019,3,88,SEA,Cody Barton,LB,22,FALSE,0,0,4,7,28,112,9.29,4
2019,3,89,IND,Bobby Okereke,LB,23,FALSE,0,0,7,7,39,110,8.4,5.571428571428571
2019,3,90,DAL,Connor McGovern,OG,21,FALSE,0,1,4,7,37,94,9.87,5.285714285714286
2019,3,91,LAC,Trey Pipkins,OT,23,FALSE,0,0,3,7,33,97,8.85,4.714285714285714
2019,3,93,BAL,Miles Boykin,WR,22,FALSE,0,0,2,5,6,73,9.94,1.2
2019,3,94,TAM,Jamel Dean,CB,22,FALSE,0,0,5,7,27,96,9.93,3.857142857142857
2019,3,95,NYG,Oshane Ximines,DE,22,FALSE,0,0,0,6,8,50,7,1.3333333333333333
2019,3,96,BUF,Dawson Knox,TE,22,FALSE,0,1,7,7,25,102,9.25,3.5714285714285716
2019,3,99,TAM,Mike Edwards,S,23,FALSE,0,0,1,7,16,89,7.48,2.2857142857142856
2019,3,100,CAR,Will Grier,QB,24,FALSE,0,0,0,1,1,2,7.19,1
2019,3,102,MIN,Alexander Mattison,RB,21,FALSE,0,0,1,6,21,89,6.81,3.5
2019,4,103,ARI,Hakeem Butler,WR,23,FALSE,0,0,0,2,0,2,9.47,0
2019,4,104,CIN,Ryan Finley,QB,24,FALSE,0,0,0,2,2,8,7.82,1
2019,4,106,OAK,Maxx Crosby,DE,22,FALSE,0,5,7,7,61,110,9.65,8.714285714285714
2019,4,107,TAM,Anthony Nelson,DE,22,FALSE,0,0,0,7,17,107,9.49,2.4285714285714284
2019,4,108,NYG,Julian Love,CB,21,FALSE,0,1,3,7,27,106,7.05,3.857142857142857
2019,4,109,IND,Khari Willis,S,23,FALSE,0,0,1,3,12,39,6.39,4
2019,4,111,ATL,Kendall Sheffield,CB,23,FALSE,0,0,0,7,6,51,9.72,0.8571428571428571
2019,4,113,BAL,Justice Hill,RB,21,FALSE,0,0,0,7,17,84,9.33,2.4285714285714284
2019,4,114,MIN,Dru Samia,OG,22,FALSE,0,0,0,2,2,15,7.7,1
2019,4,115,CAR,Christian Miller,LB,23,FALSE,0,0,0,1,1,7,6.83,1
2019,4,116,TEN,Amani Hooker,S,21,FALSE,0,0,5,7,24,96,9.1,3.4285714285714284
2019,4,118,NWE,Hjalte Froholdt,OG,23,FALSE,0,0,3,7,24,82,9.08,3.4285714285714284
2019,4,119,CLE,Sheldrick Redwine,S,22,FALSE,0,0,0,5,4,34,8.61,0.8
2019,4,121,NYJ,Trevon Wesco,TE,23,FALSE,0,0,1,5,0,69,5.88,0
2019,4,123,BAL,Ben Powers,OG,22,FALSE,0,0,5,7,27,89,4.71,3.857142857142857
2019,4,124,SEA,Phil Haynes,OG,23,FALSE,0,0,0,5,6,31,9.27,1.2
2019,4,125,CIN,Renell Wren,DT,23,FALSE,0,0,0,4,2,13,9.73,0.5
2019,4,126,CHI,Riley Ridley,WR,23,FALSE,0,0,0,2,1,10,4.53,0.5
2019,4,127,BAL,Iman Marshall,CB,22,FALSE,0,0,0,1,0,3,5.22,0
2019,4,128,DAL,Tony Pollard,RB,22,FALSE,0,1,3,7,45,112,7.17,6.428571428571429
2019,4,129,OAK,Isaiah Johnson,CB,23,FALSE,0,0,0,2,1,19,9.74,0.5
2019,4,130,LAC,Drue Tranquill,LB,24,FALSE,0,0,3,7,32,96,9.87,4.571428571428571
2019,4,131,WAS,Wes Martin,OG,23,FALSE,0,0,0,4,5,38,7.85,1.25
2019,4,133,NWE,Jarrett Stidham,QB,23,FALSE,0,0,0,7,6,20,5.43,0.8571428571428571
2019,4,134,LAR,Greg Gaines,DT,23,FALSE,0,0,2,7,19,108,6.26,2.7142857142857144
2019,4,135,ATL,John Cominsky,DE,23,FALSE,0,0,1,5,10,57,9.43,2
2019,4,136,CIN,Michael Jordan,OG,21,FALSE,0,0,4,7,18,78,8,2.5714285714285716
2019,4,137,OAK,Foster Moreau,TE,22,FALSE,0,0,6,7,13,104,9.47,1.8571428571428572
2019,4,138,PHI,Shareef Miller,DE,22,FALSE,0,0,0,1,0,1,6.15,0
2019,5,140,JAX,Ryquell Armstead,RB,22,FALSE,0,0,0,3,2,18,7.71,0.6666666666666666
2019,5,141,PIT,Zach Gentry,TE,22,FALSE,0,0,2,5,2,41,2.51,0.4
2019,5,142,SEA,Ben Burr-Kirven,LB,21,FALSE,0,0,0,2,2,32,8.95,1
2019,5,143,NYG,Ryan Connelly,LB,23,FALSE,0,0,0,5,4,32,7.81,0.8
2019,5,144,IND,Marvell Tell III,S,23,FALSE,0,0,0,1,1,13,9.29,1
2019,5,146,DET,Amani Oruwariye,CB,23,FALSE,0,0,2,7,12,62,8.52,1.7142857142857142
2019,5,147,BUF,Vosean Joseph,LB,21,FALSE,0,0,0,NA,0,NA,0.2,NA
2019,5,148,SFO,Dre Greenlaw,LB,22,FALSE,0,0,4,7,31,72,4.96,4.428571428571429
2019,5,149,OAK,Hunter Renfrow,WR,23,FALSE,0,1,0,7,22,79,2.91,3.142857142857143
2019,5,150,GNB,Kingsley Keke,DT,22,FALSE,0,0,1,3,9,41,7.98,3
2019,5,152,ATL,Qadree Ollison,RB,22,FALSE,0,0,0,5,1,24,4.43,0.2
2019,5,153,WAS,Ross Pierschbacher,OG,24,FALSE,0,0,0,4,0,11,4.94,0
2019,5,154,CAR,Jordan Scarlett,RB,23,FALSE,0,0,0,3,0,10,4.71,0
2019,5,155,CLE,Mack Wilson,LB,21,FALSE,0,0,3,7,25,101,5.24,3.5714285714285716
2019,5,156,DEN,Justin Hollins,LB,23,FALSE,0,0,0,5,8,67,9.68,1.6
2019,5,157,NYJ,Blake Cashman,LB,23,FALSE,0,0,3,7,25,71,9.51,3.5714285714285716
2019,5,158,DAL,Michael Jackson,CB,22,FALSE,0,0,3,7,18,72,8.8,2.5714285714285716
2019,5,159,NWE,Byron Cowart,DT,23,FALSE,0,0,1,6,14,51,6.42,2.3333333333333335
2019,5,160,BAL,Daylon Mack,DT,22,FALSE,0,0,0,1,0,1,4.15,0
2019,5,161,HOU,Charles Omenihu,DE,22,FALSE,0,0,0,7,12,95,6.19,1.7142857142857142
2019,5,162,MIN,Cameron Smith,LB,22,FALSE,0,0,0,1,0,5,8.34,0
2019,5,165,DAL,Joe Jackson,DE,22,FALSE,0,0,0,3,1,20,2.48,0.3333333333333333
2019,5,166,LAC,Easton Stick,QB,23,FALSE,0,0,0,5,4,6,9.46,0.8
2019,5,169,LAR,David Edwards,OT,22,FALSE,0,0,4,7,36,103,4.71,5.142857142857143
2019,5,171,NYG,Darius Slayton,WR,22,FALSE,0,0,6,7,32,106,8.91,4.571428571428571
2019,5,172,ATL,Jordan Miller,CB,22,FALSE,0,0,0,3,1,12,5.18,0.3333333333333333
2019,5,173,WAS,Cole Holcomb,LB,23,FALSE,0,0,3,7,26,72,9.64,3.7142857142857144
2019,6,174,ARI,KeeSean Johnson,WR,22,FALSE,0,0,0,3,4,18,3.18,1.3333333333333333
2019,6,176,SFO,Kaden Smith,TE,22,FALSE,0,0,1,3,3,33,3.82,1
2019,6,177,NOR,Saquan Hampton,S,23,FALSE,0,0,0,2,0,6,9.11,0
2019,6,179,ARI,Lamont Gaillard,OC,23,FALSE,0,0,0,2,2,13,4.81,1
2019,6,180,NYG,Corey Ballentine,CB,23,FALSE,0,0,0,7,5,75,9.35,0.7142857142857143
2019,6,182,CIN,Trayveon Williams,RB,21,FALSE,0,0,0,7,4,75,4.6,0.5714285714285714
2019,6,183,SFO,Justin Skule,OT,22,FALSE,0,0,2,7,16,82,7.12,2.2857142857142856
2019,6,184,DET,Travis Fulgham,WR,23,FALSE,0,0,1,3,4,17,8.01,1.3333333333333333
2019,6,186,DET,Ty Johnson,RB,21,FALSE,0,0,0,7,18,106,9.74,2.5714285714285716
2019,6,187,DEN,Juwann Winfree,WR,23,FALSE,0,0,0,5,1,23,7.14,0.2
2019,6,190,MIN,Armon Watts,DT,23,FALSE,0,0,1,6,12,77,3.72,2
2019,6,191,MIN,Marcus Epps,S,23,FALSE,0,0,2,7,18,94,8.51,2.5714285714285716
2019,6,192,PIT,Isaiah Buggs,DT,23,FALSE,0,0,1,5,11,56,1.91,2.2
2019,6,194,GNB,Dexter Williams,RB,22,FALSE,0,0,0,2,0,7,8.13,0
2019,6,195,HOU,Xavier Crawford,CB,23,FALSE,0,0,0,4,1,27,4.68,0.25
2019,6,196,NYJ,Blessuan Austin,CB,23,FALSE,0,0,1,3,6,29,6.56,2
2019,6,197,BAL,Trace McSorley,QB,24,FALSE,0,0,0,4,1,9,8.29,0.25
2019,6,198,SFO,Tim Harris,CB,24,FALSE,0,0,0,3,0,3,8.9,0
2019,6,200,LAC,Emeke Egbule,LB,22,FALSE,0,0,0,3,2,32,7.27,0.6666666666666666
2019,6,201,KAN,Rashad Fenton,CB,22,FALSE,0,0,0,4,7,49,4.42,1.75
2019,6,202,MIA,Isaiah Prince,OT,22,FALSE,0,0,0,6,4,22,7.6,0.6666666666666666
2019,6,203,ATL,Marcus Green,WR,23,FALSE,0,0,0,NA,0,NA,7.22,NA
2019,6,204,SEA,Travis Homer,RB,21,FALSE,0,0,0,7,8,85,8.34,1.1428571428571428
2019,6,205,CHI,Duke Shelley,CB,22,FALSE,0,0,0,6,6,53,3.14,1
2019,6,206,WAS,Kelvin Harmon,WR,22,FALSE,0,0,1,1,3,16,4.88,3
2019,6,208,TAM,Scott Miller,WR,22,FALSE,0,0,1,7,11,93,7.76,1.5714285714285714
2019,6,208,TAM,Scott Miller,WR,22,FALSE,0,0,1,7,11,93,1.46,1.5714285714285714
2019,6,209,SEA,Demarcus Christmas,DT,24,FALSE,0,0,0,NA,0,NA,3.31,NA
2019,6,210,CIN,Deshaun Davis,LB,23,FALSE,0,0,0,NA,0,NA,2.63,NA
2019,6,212,CAR,Dennis Daley,OT,23,FALSE,0,0,2,5,14,54,3.89,2.8
2019,6,213,DAL,Donovan Wilson,S,24,FALSE,0,0,5,7,23,98,6.98,3.2857142857142856
2019,6,214,KAN,Darwin Thompson,RB,22,FALSE,0,0,0,2,2,26,7.99,1
2019,7,217,MIN,Kris Boyd,CB,22,FALSE,0,0,0,6,6,81,9.13,1
2019,7,218,DAL,Mike Weber,RB,22,FALSE,0,0,0,NA,0,NA,7.01,NA
2019,7,219,PIT,Derwin Gray,OT,24,FALSE,0,0,0,2,0,5,3.04,0
2019,7,223,CIN,Jordan Brown,CB,23,FALSE,0,0,0,NA,0,NA,8.11,NA
2019,7,224,DET,Isaac Nauta,TE,22,FALSE,0,0,0,2,0,13,1.56,0
2019,7,225,BUF,Darryl Johnson,DE,22,FALSE,0,0,0,4,4,38,6.74,1
2019,7,226,GNB,Ty Summers,LB,23,FALSE,0,0,0,7,6,89,9.71,0.8571428571428571
2019,7,227,WAS,Jimmy Moreland,CB,24,FALSE,0,0,0,3,5,37,6.16,1.6666666666666667
2019,7,228,BUF,Tommy Sweeney,TE,24,FALSE,0,0,0,4,1,24,5.9,0.25
2019,7,234,MIA,Myles Gaskin,RB,22,FALSE,0,0,1,7,13,47,5.93,1.8571428571428572
2019,7,235,JAX,Dontavius Russell,DT,23,FALSE,0,0,0,1,0,3,3.34,0
2019,7,236,SEA,John Ursua,WR,25,FALSE,0,0,0,1,0,3,6.44,0
2019,7,237,CAR,Terry Godwin,WR,22,FALSE,0,0,0,2,0,3,5.26,0
2019,7,238,CHI,Stephen Denmark,CB,23,FALSE,0,0,0,NA,0,NA,9.35,NA
2019,7,239,MIN,Dillon Mitchell,WR,22,FALSE,0,0,0,NA,0,NA,7.96,NA
2019,7,240,IND,Jackson Barton,OT,24,FALSE,0,0,0,6,1,13,8.25,0.16666666666666666
2019,7,241,DAL,Jalen Jelks,DE,23,FALSE,0,0,0,NA,0,NA,4.82,NA
2019,7,242,LAC,Cortez Broughton,DT,23,FALSE,0,0,0,3,1,12,8.13,0.3333333333333333
2019,7,243,LAR,Nick Scott,S,24,FALSE,0,0,3,7,17,108,9.23,2.4285714285714284
2019,7,244,NOR,Kaden Elliss,LB,24,FALSE,0,0,4,7,29,99,8.54,4.142857142857143
2019,7,245,NYG,Chris Slayton,DT,23,FALSE,0,0,0,NA,0,NA,7.56,NA
2019,7,248,ARI,Joshua Miles,OT,23,FALSE,0,0,0,6,2,18,5.36,0.3333333333333333
2019,7,250,MIN,Austin Cutting,LS,22,FALSE,0,0,0,2,2,25,6.06,1
2019,7,251,LAR,Dakota Allen,LB,23,FALSE,0,0,0,4,2,38,6.02,0.5
2019,7,252,NWE,Ken Webster,CB,23,FALSE,0,0,0,2,3,17,9.82,1.5
2019,7,253,WAS,Jordan Brailford,DE,23,FALSE,0,0,0,2,1,5,8.5,0.5
2019,7,254,ARI,Caleb Wilson,TE,23,FALSE,0,0,0,2,0,5,5.71,0
2020,1,3,DET,Jeff Okudah,CB,21,FALSE,0,0,2,6,11,50,8.96,1.8333333333333333
2020,1,4,NYG,Andrew Thomas,OT,21,FALSE,0,0,6,6,33,74,8.09,5.5
2020,1,6,LAC,Justin Herbert,QB,22,FALSE,0,2,6,6,74,95,9.7,12.333333333333334
2020,1,7,CAR,Derrick Brown,DT,22,FALSE,0,1,5,6,35,84,5.88,5.833333333333333
2020,1,8,ARI,Isaiah Simmons,LB,22,FALSE,0,0,2,6,20,89,9.97,3.3333333333333335
2020,1,9,JAX,C.J. Henderson,CB,21,FALSE,0,0,2,6,13,53,9.97,2.1666666666666665
2020,1,11,NYJ,Mekhi Becton,OT,21,FALSE,0,0,4,6,21,61,9.85,3.5
2020,1,12,LVR,Henry Ruggs III,WR,21,FALSE,0,0,1,2,8,20,9.54,4
2020,1,13,TAM,Tristan Wirfs,OT,21,FALSE,2,5,6,6,64,91,9.74,10.666666666666666
2020,1,15,DEN,Jerry Jeudy,WR,21,FALSE,0,1,5,6,31,91,6.76,5.166666666666667
2020,1,17,DAL,CeeDee Lamb,WR,21,FALSE,1,5,6,6,65,95,7.44,10.833333333333334
2020,1,18,MIA,Austin Jackson,OT,21,FALSE,0,0,4,6,24,62,9.49,4
2020,1,21,PHI,Jalen Reagor,WR,21,FALSE,0,0,2,5,10,64,6.03,2
2020,1,22,MIN,Justin Jefferson,WR,21,FALSE,2,4,6,6,65,94,9.69,10.833333333333334
2020,1,23,LAC,Kenneth Murray,LB,21,FALSE,0,0,5,6,32,90,9.89,5.333333333333333
2020,1,25,SFO,Brandon Aiyuk,WR,22,FALSE,0,0,5,5,39,69,8.47,7.8
2020,1,26,GNB,Jordan Love,QB,21,FALSE,0,0,3,6,42,57,8.43,7
2020,1,28,BAL,Patrick Queen,LB,21,FALSE,0,2,6,6,54,101,7.98,9
2020,1,29,TEN,Isaiah Wilson,OT,21,FALSE,0,0,0,1,0,1,7.23,0
2020,1,30,MIA,Noah Igbinoghene,CB,20,FALSE,0,0,1,6,7,69,8.04,1.1666666666666667
2020,1,31,MIN,Jeff Gladney,CB,23,FALSE,0,0,1,1,5,16,6.13,5
2020,1,32,KAN,Clyde Edwards-Helaire,RB,21,FALSE,0,0,1,6,18,52,5.41,3
2020,2,33,CIN,Tee Higgins,WR,21,FALSE,0,1,5,6,43,85,4.12,7.166666666666667
2020,2,34,IND,Michael Pittman Jr.,WR,22,FALSE,0,0,6,6,44,95,8.27,7.333333333333333
2020,2,35,DET,D'Andre Swift,RB,21,FALSE,0,1,3,6,44,89,7.55,7.333333333333333
2020,2,36,NYG,Xavier McKinney,S,22,FALSE,1,1,5,6,39,82,5.82,6.5
2020,2,37,NWE,Kyle Dugger,S,24,FALSE,0,0,5,6,28,90,9.54,4.666666666666667
2020,2,39,MIA,Robert Hunt,OG,24,FALSE,0,1,5,6,30,79,5.3,5
2020,2,40,HOU,Ross Blacklock,DT,22,FALSE,0,0,0,4,4,44,7.87,1
2020,2,41,IND,Jonathan Taylor,RB,21,FALSE,1,3,5,6,58,84,9.53,9.666666666666666
2020,2,42,JAX,Laviska Shenault Jr.,WR,21,FALSE,0,0,1,5,13,63,6.97,2.6
2020,2,43,CHI,Cole Kmet,TE,21,FALSE,0,0,6,6,25,100,8.92,4.166666666666667
2020,2,45,TAM,Antoine Winfield Jr.,S,22,FALSE,1,2,6,6,44,85,7.81,7.333333333333333
2020,2,49,PIT,Chase Claypool,WR,22,FALSE,0,0,1,4,19,58,9.98,4.75
2020,2,50,CHI,Jaylon Johnson,CB,21,FALSE,0,2,5,6,30,77,7.77,5
2020,2,52,LAR,Cam Akers,RB,21,FALSE,0,0,1,6,13,59,8.79,2.1666666666666665
2020,2,53,PHI,Jalen Hurts,QB,22,FALSE,0,3,5,6,79,93,9.52,13.166666666666666
2020,2,54,BUF,A.J. Epenesa,DE,21,FALSE,0,0,1,6,18,91,4.05,3
2020,2,56,MIA,Raekwon Davis,DT,23,FALSE,0,0,3,5,23,80,6.04,4.6
2020,2,58,MIN,Ezra Cleveland,OT,22,FALSE,0,0,5,6,33,93,9.93,5.5
2020,2,59,NYJ,Denzel Mims,WR,22,FALSE,0,0,1,3,5,30,9.77,1.6666666666666667
2020,2,61,TEN,Kristian Fulton,CB,22,FALSE,0,0,4,6,18,65,7.97,3
2020,2,63,KAN,Willie Gay Jr.,LB,22,FALSE,0,0,5,6,27,89,9.7,4.5
2020,2,64,CAR,Jeremy Chinn,S,22,FALSE,0,0,5,6,41,86,10,6.833333333333333
2020,3,65,CIN,Logan Wilson,LB,24,FALSE,0,0,4,6,32,83,8.83,5.333333333333333
2020,3,69,SEA,Damien Lewis,OG,23,FALSE,0,0,6,6,35,93,7.97,5.833333333333333
2020,3,71,BAL,Nnamdi Madubuike,DT,22,FALSE,0,2,4,6,38,78,9.32,6.333333333333333
2020,3,72,ARI,Josh Jones,OT,23,FALSE,0,0,2,6,17,90,7.78,2.8333333333333335
2020,3,73,JAX,DaVon Hamilton,DT,23,FALSE,0,0,3,6,25,86,7.21,4.166666666666667
2020,3,74,NOR,Zack Baun,LB,23,FALSE,1,2,2,6,39,94,7.85,6.5
2020,3,75,DET,Jonah Jackson,OG,23,FALSE,0,1,5,6,32,78,6.49,5.333333333333333
2020,3,76,TAM,Ke'Shawn Vaughn,RB,23,FALSE,0,0,0,5,2,46,5.17,0.4
2020,3,77,DEN,Michael Ojemudia,CB,22,FALSE,0,0,0,3,4,22,9.16,1.3333333333333333
2020,3,78,ATL,Matt Hennessy,OC,22,FALSE,0,0,1,6,11,64,8.9,1.8333333333333333
2020,3,79,NYJ,Jabari Zuniga,DE,23,FALSE,0,0,0,3,1,12,9.74,0.3333333333333333
2020,3,82,DAL,Neville Gallimore,DT,23,FALSE,0,0,1,6,14,83,7.1,2.3333333333333335
2020,3,83,DEN,Lloyd Cushenberry III,OC,22,FALSE,0,0,5,6,26,80,7.39,4.333333333333333
2020,3,84,LAR,Terrell Lewis,LB,22,FALSE,0,0,0,3,5,30,2.98,1.6666666666666667
2020,3,86,BUF,Zack Moss,RB,22,FALSE,0,0,1,5,18,61,2.8,3.6
2020,3,88,CLE,Jordan Elliott,DT,22,FALSE,0,0,4,6,27,97,7.41,4.5
2020,3,89,MIN,Cameron Dantzler,CB,22,FALSE,0,0,2,4,10,37,3.03,2.5
2020,3,91,NWE,Devin Asiasi,TE,23,FALSE,0,0,0,3,0,22,6.08,0
2020,3,92,BAL,Devin Duvernay,WR,22,FALSE,1,2,1,6,12,89,7.86,2
2020,3,93,TEN,Darrynton Evans,RB,22,FALSE,0,0,0,5,3,24,9.11,0.6
2020,3,95,DEN,McTelvin Agim,DT,22,FALSE,0,0,0,4,2,18,8.55,0.5
2020,3,97,CLE,Jacob Phillips,LB,21,FALSE,0,0,0,3,5,20,8.2,1.6666666666666667
2020,3,98,BAL,Malik Harrison,LB,22,FALSE,0,0,1,6,19,87,9.43,3.1666666666666665
2020,3,100,LVR,Tanner Muse,S,24,FALSE,0,0,0,5,2,36,9.96,0.4
2020,3,101,NWE,Dalton Keene,TE,21,FALSE,0,0,0,4,0,7,9.33,0
2020,3,103,PHI,Davion Taylor,LB,22,FALSE,0,0,0,2,3,21,8.53,1.5
2020,3,104,LAR,Terrell Burgess,S,21,FALSE,0,0,0,6,4,59,8.1,0.6666666666666666
2020,3,105,NOR,Adam Trautman,TE,23,FALSE,0,0,4,6,11,94,8.74,1.8333333333333333
2020,3,106,BAL,Tyre Phillips,OT,23,FALSE,0,0,1,5,11,47,2.17,2.2
2020,4,109,LVR,John Simpson,OG,23,FALSE,0,0,4,6,28,86,8.51,4.666666666666667
2020,4,110,NYG,Darnay Holmes,CB,22,FALSE,0,0,0,6,8,83,3.65,1.3333333333333333
2020,4,112,LAC,Joshua Kelley,RB,22,FALSE,0,0,0,5,9,57,7.59,1.8
2020,4,113,CAR,Troy Pride Jr.,CB,22,FALSE,0,0,0,5,3,17,7.16,0.6
2020,4,114,ARI,Leki Fotu,DT,22,FALSE,0,0,2,6,11,66,6.57,1.8333333333333333
2020,4,115,CLE,Harrison Bryant,TE,22,FALSE,0,0,3,6,7,90,4.63,1.1666666666666667
2020,4,117,MIN,D.J. Wonnum,DE,22,FALSE,0,0,3,6,26,86,8.04,4.333333333333333
2020,4,119,ATL,Mykal Walker,LB,23,FALSE,0,0,2,6,16,88,8.15,2.6666666666666665
2020,4,120,NYJ,La'Mical Perine,RB,22,FALSE,0,0,0,4,3,17,5.25,0.75
2020,4,121,DET,Logan Stenberg,OG,23,FALSE,0,0,0,3,3,25,6.17,1
2020,4,122,IND,Jacob Eason,QB,22,FALSE,0,0,0,3,0,2,3.44,0
2020,4,123,DAL,Reggie Robinson II,CB,23,FALSE,0,0,0,1,0,5,9.64,0
2020,4,125,NYJ,James Morgan,QB,23,FALSE,0,0,0,NA,0,NA,3.85,NA
2020,4,126,HOU,Charlie Heck,OT,23,FALSE,0,0,1,6,15,67,7.62,2.5
2020,4,127,PHI,K'Von Wallace,S,23,FALSE,0,0,0,6,9,74,9.42,1.5
2020,4,129,NYJ,Cameron Clark,OT,22,FALSE,0,0,0,NA,0,NA,4.26,NA
2020,4,130,MIN,James Lynch,DT,21,FALSE,0,0,0,6,6,71,8.49,1
2020,4,131,ARI,Rashard Lawrence,DT,22,FALSE,0,0,0,3,6,25,6.18,2
2020,4,133,SEA,Colby Parkinson,TE,21,FALSE,0,0,2,6,11,86,6.15,1.8333333333333333
2020,4,136,LAR,Brycen Hopkins,TE,23,FALSE,0,0,0,4,2,39,8.17,0.5
2020,4,137,JAX,Josiah Scott,CB,21,FALSE,0,0,0,4,3,39,8.04,0.75
2020,4,138,KAN,L'Jarius Sneed,S,23,FALSE,0,0,3,6,22,69,9.45,3.6666666666666665
2020,4,140,JAX,Shaquille Quarterman,LB,22,FALSE,0,0,0,5,5,74,4.77,1
2020,4,141,HOU,John Reid,CB,24,FALSE,0,0,0,3,2,27,8.41,0.6666666666666666
2020,4,142,WAS,Antonio Gandy-Golden,WR,22,FALSE,0,0,0,2,0,10,6.13,0
2020,5,148,SEA,Alton Robinson,DE,22,FALSE,0,0,0,2,4,30,8.94,2
2020,5,149,IND,Danny Pinter,OG,24,FALSE,0,0,0,6,7,77,9.61,1.1666666666666667
2020,5,150,NYG,Shane Lemieux,OG,23,FALSE,0,0,1,5,5,25,6.61,1
2020,5,151,LAC,Joe Reed,WR,22,FALSE,0,0,0,1,0,11,9.35,0
2020,5,153,SFO,Colton McKivitz,OT,24,FALSE,0,0,3,6,24,79,4.31,4
2020,5,155,CHI,Trevis Gipson,DE,23,FALSE,0,0,1,6,11,66,8.79,1.8333333333333333
2020,5,156,WAS,Keith Ismael,OC,22,FALSE,0,0,0,4,3,31,7.14,0.75
2020,5,157,JAX,Daniel Thomas,S,22,FALSE,0,0,0,6,5,83,8.42,0.8333333333333334
2020,5,160,CLE,Nick Harris,OC,21,FALSE,0,0,0,5,5,45,6.83,1
2020,5,162,WAS,Khaleke Hudson,LB,22,FALSE,0,0,0,5,7,75,7.57,1.4
2020,5,163,CHI,Kindle Vildor,CB,22,FALSE,0,0,2,6,10,80,7.61,1.6666666666666667
2020,5,164,MIA,Curtis Weaver,DE,22,FALSE,0,0,0,2,0,1,7.64,0
2020,5,166,DET,Quintez Cephus,WR,22,FALSE,0,0,0,3,5,22,4.5,1.6666666666666667
2020,5,167,BUF,Jake Fromm,QB,22,FALSE,0,0,0,2,1,3,1.95,0.5
2020,5,168,PHI,John Hightower,WR,24,FALSE,0,0,0,2,1,14,8.02,0.5
2020,5,169,MIN,Harrison Hand,CB,21,FALSE,0,0,0,3,2,27,8.24,0.6666666666666666
2020,5,171,HOU,Isaiah Coulter,WR,21,FALSE,0,0,0,2,0,4,6.68,0
2020,5,172,DET,Jason Huntley,RB,22,FALSE,0,0,0,2,0,6,8.08,0
2020,5,173,CHI,Darnell Mooney,WR,22,FALSE,0,0,5,6,33,91,7.04,5.5
2020,5,174,TEN,Larrell Murchison,DT,23,FALSE,0,0,0,6,7,60,7.11,1.1666666666666667
2020,5,176,MIN,K.J. Osborn,WR,23,FALSE,0,0,2,5,13,67,8,2.6
2020,5,178,DEN,Justin Strnad,LB,24,FALSE,0,0,0,6,14,83,3.83,2.3333333333333335
2020,5,179,DAL,Bradlee Anae,DE,22,FALSE,0,0,0,2,1,11,4.95,0.5
2020,6,180,CIN,Hakeem Adeniji,OT,22,FALSE,0,0,0,6,10,55,7.8,1.6666666666666667
2020,6,185,MIA,Blake Ferguson,LS,23,FALSE,0,0,0,5,4,72,7.13,0.8
2020,6,186,LAC,Alohi Gilman,S,22,FALSE,0,0,3,6,18,85,3.81,3
2020,6,187,CLE,Donovan Peoples-Jones,WR,21,FALSE,0,0,1,4,18,58,9.63,4.5
2020,6,189,JAX,Jake Luton,QB,24,FALSE,0,0,0,1,2,3,2,2
2020,6,190,SFO,Charlie Woerner,TE,22,FALSE,0,0,1,6,0,98,6.92,0
2020,6,193,IND,Robert Windsor,DT,23,FALSE,0,0,0,1,0,2,8.68,0
2020,6,194,TAM,Khalil Davis,DT,24,FALSE,0,0,0,5,3,30,9.81,0.6
2020,6,195,NWE,Justin Herron,OT,24,FALSE,0,0,0,4,7,35,3.96,1.75
2020,6,196,PHI,Shaun Bradley,LB,23,FALSE,0,0,0,3,3,45,7.73,1
2020,6,198,PIT,Antoine Brooks Jr.,S,22,FALSE,0,0,0,2,1,12,6.26,0.5
2020,6,199,LAR,Jordan Fuller,S,22,FALSE,0,0,3,6,18,63,5.5,3
2020,6,200,PHI,Quez Watkins,WR,22,FALSE,0,0,1,4,13,49,7.4,3.25
2020,6,201,BAL,James Proche,WR,23,FALSE,0,0,0,6,4,71,4.04,0.6666666666666666
2020,6,202,ARI,Evan Weaver,LB,22,FALSE,0,0,0,NA,0,NA,6.25,NA
2020,6,203,MIN,Blake Brandel,OT,23,FALSE,0,0,2,6,15,73,7.15,2.5
2020,6,205,MIN,Josh Metellus,S,22,FALSE,0,0,2,6,20,96,7.77,3.3333333333333335
2020,6,206,JAX,Tyler Davis,TE,23,FALSE,0,0,0,3,0,39,7.88,0
2020,6,207,BUF,Isaiah Hodgins,WR,21,FALSE,0,0,1,6,6,38,7.56,1
2020,6,212,IND,Dezmon Patmon,WR,22,FALSE,0,0,0,3,0,10,8.46,0
2020,6,214,SEA,Freddie Swain,WR,22,FALSE,0,0,0,3,5,37,8.29,1.6666666666666667
2020,7,216,WAS,Kamren Curl,S,21,FALSE,0,0,6,6,29,93,7.43,4.833333333333333
2020,7,217,SFO,Jauan Jennings,WR,23,FALSE,0,0,1,6,21,75,2.7,3.5
2020,7,218,NYG,Carter Coughlin,LB,23,FALSE,0,0,0,5,5,56,9.8,1
2020,7,219,BAL,Geno Stone,S,21,FALSE,0,0,3,6,22,85,3.72,3.6666666666666665
2020,7,220,LAC,K.J. Hill,WR,22,FALSE,0,0,0,2,1,21,3.89,0.5
2020,7,221,CAR,Stantley Thomas-Oliver,CB,22,FALSE,0,0,0,5,2,26,8.24,0.4
2020,7,222,ARI,Eno Benjamin,RB,21,FALSE,0,0,0,3,4,24,5.76,1.3333333333333333
2020,7,223,JAX,Chris Claybrooks,CB,23,FALSE,0,0,0,3,5,46,7.42,1.6666666666666667
2020,7,224,TEN,Cole McDonald,QB,22,FALSE,0,0,0,NA,0,NA,8.99,NA
2020,7,225,MIN,Kenny Willekes,DE,23,FALSE,0,0,0,2,1,6,7.26,0.5
2020,7,229,WAS,James Smith-Williams,DE,23,FALSE,0,0,1,5,15,65,9.03,3
2020,7,232,PIT,Carlos Davis,DT,24,FALSE,0,0,0,3,1,12,8.64,0.3333333333333333
2020,7,239,BUF,Dane Jackson,CB,23,FALSE,0,0,1,6,12,64,4.4,2
2020,7,241,TAM,Chapelle Russell,LB,23,FALSE,0,0,0,2,2,27,6.78,1
2020,7,242,GNB,Jonathan Garvin,DE,21,FALSE,0,0,0,3,3,38,8.98,1
2020,7,245,TAM,Raymond Calais,RB,22,FALSE,0,0,0,1,0,4,7.6,0
2020,7,251,SEA,Stephen Sullivan,TE,23,FALSE,0,0,0,5,1,30,7.45,0.2
2020,7,252,DEN,Tyrie Cleveland,WR,22,FALSE,0,0,0,3,0,23,9.65,0
2020,7,253,MIN,Kyle Hinton,OG,22,FALSE,0,0,0,6,3,52,9.45,0.5
