season,round,pick,team,pfr_player_name,hof,position,college,age,to,allpro,probowls,seasons_started,w_av,games,seasons_played
1987,1,1,TAM,Vinny Testaverde,FALSE,QB,Miami (FL),23,2007,0,2,15,97,233,20
1987,1,2,IND,Cornelius Bennett,FALSE,LB,Alabama,22,2000,1,5,14,91,206,13
1987,1,3,HOU,Alonzo Highsmith,FALSE,RB,Miami (FL),22,1992,0,0,2,12,65,5
1987,1,4,GNB,Brent Fullwood,FALSE,RB,Auburn,23,1990,0,1,2,14,46,3
1987,1,5,CLE,Mike Junkin,FALSE,LB,Duke,22,1989,0,0,0,3,20,2
1987,1,6,STL,Kelly Stouffer,FALSE,QB,Colorado St.,23,1992,0,0,0,2,22,5
1987,1,7,DET,Reggie Rogers,FALSE,DE,Washington,23,1992,0,0,0,1,15,5
1987,1,8,BUF,Shane Conlan,FALSE,LB,Penn St.,23,1995,0,3,8,61,120,8
1987,1,9,PHI,Jerome Brown,FALSE,DT,Miami (FL),22,1991,2,2,5,51,76,4
1987,1,10,PIT,Rod Woodson,TRUE,DB,Purdue,22,2003,6,11,15,142,238,16
1987,1,11,NOR,Shawn Knight,FALSE,DE,BYU,23,1989,0,0,0,3,31,2
1987,1,12,DAL,Danny Noonan,FALSE,DT,Nebraska,22,1992,0,0,2,20,73,5
1987,1,13,ATL,Chris Miller,FALSE,QB,Oregon,22,1999,0,1,7,51,98,12
1987,1,14,MIN,D.J. Dozier,FALSE,RB,Penn St.,21,1991,0,0,0,8,43,4
1987,1,15,RAI,John Clay,FALSE,OT,Missouri,23,1988,0,0,1,5,12,1
1987,1,16,MIA,John Bosa,FALSE,DE,Boston Col.,23,1989,0,0,1,10,31,2
1987,1,17,CIN,Jason Buck,FALSE,DE,BYU,24,1993,0,0,1,18,97,6
1987,1,18,SEA,Tony Woods,FALSE,DE,Pittsburgh,21,1996,0,0,9,51,147,9
1987,1,19,KAN,Paul Palmer,FALSE,RB,Temple,22,1989,0,0,2,14,41,2
1987,1,20,HOU,Haywood Jeffires,FALSE,WR,North Carolina St.,22,1996,1,3,6,50,132,9
1987,1,21,NYJ,Roger Vick,FALSE,RB,Texas A&M,23,1990,0,0,3,12,58,3
1987,1,22,SFO,Harris Barton,FALSE,OT,North Carolina,23,1996,2,1,10,79,138,9
1987,1,23,NWE,Bruce Armstrong,FALSE,OT,Louisville,21,2000,0,6,14,82,212,13
1987,1,24,SDG,Rod Bernstine,FALSE,RB,Texas A&M,22,1995,0,0,3,31,84,8
1987,1,25,SFO,Terrence Flagler,FALSE,RB,Clemson,22,1991,0,0,0,6,41,4
1987,1,26,CHI,Jim Harbaugh,FALSE,QB,Michigan,23,2000,0,1,10,79,177,13
1987,1,27,DEN,Ricky Nattiel,FALSE,WR,Florida,21,1992,0,0,1,19,70,5
1987,1,28,NYG,Mark Ingram,FALSE,WR,Michigan St.,22,1996,0,0,6,36,128,9
1987,2,29,BUF,Nate Odomes,FALSE,DB,Wisconsin,22,1996,0,2,7,46,115,9
1987,2,30,WAS,Brian Davis,FALSE,DB,Nebraska,24,1994,0,0,1,15,87,7
1987,2,31,ATL,Kenny Flowers,FALSE,RB,Clemson,23,1989,0,0,0,1,16,2
1987,2,32,CLE,Gregg Rakoczy,FALSE,OC,Miami (FL),22,1992,0,0,3,21,81,5
1987,2,33,BUF,Roland Mitchell,FALSE,DB,Texas Tech,23,1994,0,0,1,16,89,7
1987,2,34,STL,Tim McDonald,FALSE,DB,USC,22,1999,0,6,12,75,191,12
1987,2,35,KAN,Christian Okoye,FALSE,RB,Azusa Pacific,26,1992,1,2,6,34,79,5
1987,2,36,TAM,Ricky Reynolds,FALSE,DB,Washington St.,22,1996,0,0,10,48,147,9
1987,2,37,SFO,Jeff Bregel,FALSE,OG,USC,23,1989,0,0,0,4,21,2
1987,2,38,PIT,Delton Hall,FALSE,DB,Clemson,22,1992,0,0,1,11,76,5
1987,2,39,DAL,Ron Francis,FALSE,DB,Baylor,23,1990,0,0,1,11,54,3
1987,2,40,NOR,Lonzell Hill,FALSE,WR,Washington,21,1990,0,0,2,17,55,3
1987,2,41,GNB,Johnny Holland,FALSE,LB,Texas A&M,22,1993,0,0,7,46,103,6
1987,2,42,NYJ,Alex Gordon,FALSE,LB,Cincinnati,22,1993,0,0,3,20,96,6
1987,2,43,MIA,Rick Graf,FALSE,LB,Wisconsin,23,1993,0,0,1,14,73,6
1987,2,44,MIN,Ray Berry,FALSE,LB,Baylor,23,1993,0,0,2,18,89,6
1987,2,45,SEA,David Wyman,FALSE,LB,Stanford,23,1995,0,0,5,37,92,8
1987,2,46,HOU,Walter Johnson,FALSE,LB,Louisiana Tech,23,1989,0,0,0,3,41,2
1987,2,47,RAM,Donald Evans,FALSE,DE,Winston-Salem St.,23,1995,0,0,5,41,90,8
1987,2,48,WAS,Wally Kleine,FALSE,OT,Notre Dame,NA,NA,0,0,0,NA,NA,NA
1987,2,49,CIN,Eric Thomas,FALSE,DB,Tulane,22,1995,0,1,5,35,111,8
1987,2,50,TAM,Winston Moss,FALSE,LB,Miami (FL),21,1997,0,0,10,55,169,10
1987,2,51,TAM,Don Smith,FALSE,RB,Mississippi St.,23,1990,0,0,0,6,37,3
1987,2,52,RAI,Bruce Wilkerson,FALSE,OT,Tennessee,23,1997,0,0,5,41,147,10
1987,2,53,SDG,Lou Brock,FALSE,DB,USC,23,1988,0,0,0,0,4,1
1987,2,54,CHI,Ron Morris,FALSE,WR,SMU,22,1992,0,0,3,18,66,5
1987,2,55,NYG,Adrian White,FALSE,DB,Florida,23,1993,0,0,0,7,70,6
1987,2,56,MIA,Scott Schwedes,FALSE,WR,Syracuse,22,1990,0,0,0,5,46,3
1987,3,57,TAM,Mark Carrier,FALSE,WR,Nicholls St.,21,1998,0,1,10,61,177,11
1987,3,58,IND,Chris Gambol,FALSE,OG,Iowa,22,1990,0,0,1,6,34,3
1987,3,59,SDG,Karl Wilson,FALSE,DE,LSU,22,1995,0,0,1,14,103,8
1987,3,60,BUF,David Brandon,FALSE,LB,Memphis,22,1997,0,0,1,22,123,10
1987,3,61,GNB,Dave Croston,FALSE,OT,Iowa,23,1988,0,0,0,1,16,1
1987,3,62,STL,Robert Awalt,FALSE,TE,San Diego St.,23,1993,0,0,3,13,95,6
1987,3,63,DET,Jerry Ball,FALSE,DT,SMU,22,1999,1,3,10,66,191,12
1987,3,64,HOU,Cody Carlson,FALSE,QB,Baylor,23,1994,0,0,0,14,45,7
1987,3,65,PHI,Ben Tamburello,FALSE,OG,Auburn,22,1990,0,0,0,9,50,3
1987,3,66,PIT,Charles Lockett,FALSE,WR,Long Beach St.,21,1988,0,0,0,4,27,1
1987,3,67,NOR,Michael Adams,FALSE,DB,Arkansas St.,23,1989,0,0,0,3,15,2
1987,3,68,DAL,Jeff Zimmerman,FALSE,OG,Florida,24,1990,0,0,0,2,34,3
1987,3,69,GNB,Scott Stephen,FALSE,LB,Arizona St.,23,1992,0,0,2,22,88,5
1987,3,70,STL,Colin Scotts,FALSE,DT,Hawaii,24,1987,0,0,0,2,7,0
1987,3,71,GNB,Frankie Neal,FALSE,WR,Fort Hays St.,21,1987,0,0,0,4,12,0
1987,3,72,MIN,Henry Thomas,FALSE,DT,LSU,22,2000,0,2,13,82,213,13
1987,3,73,KAN,Todd Howard,FALSE,LB,Texas A&M,22,1988,0,0,0,1,19,1
1987,3,74,RAM,Cliff Hicks,FALSE,DB,Oregon,23,1995,0,0,0,8,98,8
1987,3,75,NYJ,Onzy Elam,FALSE,LB,Tennessee St.,22,1989,0,0,0,0,10,2
1987,3,76,CIN,Len Bell,FALSE,DB,Indiana,23,1987,0,0,0,0,1,0
1987,3,77,CIN,Skip McClendon,FALSE,DE,Arizona St.,23,1993,0,0,3,20,92,6
1987,3,78,BUF,Jamie Mueller,FALSE,RB,Benedictine,22,1990,0,0,2,8,57,3
1987,3,79,NWE,Bob Perryman,FALSE,RB,Michigan,22,1992,0,0,3,13,68,5
1987,3,80,CLE,Tim Manoa,FALSE,RB,Penn St.,22,1991,0,0,1,9,53,4
1987,3,81,RAI,Steve Smith,FALSE,RB,Penn St.,23,1995,0,0,6,21,128,8
1987,3,82,CLE,Jeff Jaeger,FALSE,PK,Washington,22,1999,1,1,0,26,165,12
1987,3,83,NYG,Stephen Baker,FALSE,WR,Fresno St.,23,1992,0,0,5,24,90,5
1987,3,86,DEN,Michael Brooks,FALSE,LB,LSU,23,1996,0,1,7,58,138,9
1987,4,84,TAM,Don Graham,FALSE,LB,Penn St.,23,1989,0,0,0,1,13,2
1987,4,85,IND,Randy Dixon,FALSE,OG,Pittsburgh,22,1995,0,0,8,39,118,8
1987,4,87,TAM,Ron Hall,FALSE,TE,Hawaii,23,1995,0,0,7,18,119,8
1987,4,88,SDG,Mark Vlasic,FALSE,QB,Iowa,23,1991,0,0,0,3,15,4
1987,4,89,GNB,Lorenzo Freeman,FALSE,DT,Pittsburgh,23,1991,0,0,0,6,62,4
1987,4,90,STL,Rod Saddler,FALSE,DT,Texas A&M,21,1991,0,0,3,21,65,4
1987,4,91,RAM,Doug Bartlett,FALSE,DT,Northern Illinois,24,1988,0,0,0,1,10,1
1987,4,92,DET,Garland Rivers,FALSE,DB,Michigan,22,1987,0,0,0,0,2,0
1987,4,93,PHI,Byron Evans,FALSE,LB,Arizona,23,1994,0,0,6,45,113,7
1987,4,94,PIT,Thomas Everett,FALSE,DB,Baylor,22,1995,0,1,9,42,128,8
1987,4,95,DAL,Kelvin Martin,FALSE,WR,Boston Col.,22,1996,0,0,4,39,139,9
1987,4,96,NOR,Steve Trapilo,FALSE,OG,Boston Col.,22,1992,0,0,3,27,57,5
1987,4,97,ATL,Ralph Van Dyke,FALSE,OT,Southern Illinois,23,1987,0,0,0,2,2,0
1987,4,98,NWE,Rich Gannon,FALSE,QB,Delaware,21,2004,2,4,8,97,157,17
1987,4,99,MIA,Troy Stradford,FALSE,RB,Boston Col.,22,1992,0,0,0,23,66,5
1987,4,100,MIN,Najee Mustafaa,FALSE,DB,Georgia Tech,23,1995,0,0,4,27,97,8
1987,4,101,CHI,Sean Smith,FALSE,DE,Grambling St.,22,1989,0,0,0,4,26,2
1987,4,102,NWE,Derrick Beasley,FALSE,DB,Winston-Salem St.,NA,NA,0,0,0,NA,NA,NA
1987,4,103,CIN,Jim Riggs,FALSE,TE,Clemson,23,1993,0,0,0,3,82,6
1987,4,104,SEA,Mark Moore,FALSE,DB,Oklahoma St.,23,1987,0,0,0,0,5,0
1987,4,105,HOU,Mark Dusbabek,FALSE,LB,Minnesota,23,1991,0,0,1,7,31,4
1987,4,106,TAM,Bruce Hill,FALSE,WR,Arizona St.,23,1991,0,0,3,22,57,4
1987,4,107,NWE,Tim Jordan,FALSE,LB,Wisconsin,23,1989,0,0,0,8,30,2
1987,4,108,RAM,Larry Kelm,FALSE,LB,Texas A&M,22,1993,0,0,3,21,88,6
1987,4,109,BUF,Leon Seals,FALSE,DE,Jackson St.,23,1992,0,0,2,23,82,5
1987,4,110,RAI,Steve Beuerlein,FALSE,QB,Notre Dame,22,2003,0,1,4,69,147,16
1987,4,111,DEN,Marc Munford,FALSE,LB,Nebraska,22,1990,0,0,1,11,48,3
1987,4,112,NYG,Odessa Turner,FALSE,WR,Northwestern St. (LA),22,1993,0,0,1,15,67,6
1987,5,113,NWE,Danny Villa,FALSE,OT,Arizona St.,22,1998,0,0,6,32,157,11
1987,5,114,IND,Roy Banks,FALSE,WR,Eastern Illinois,21,1988,0,0,0,0,15,1
1987,5,115,SDG,Nelson Jones,FALSE,DB,North Carolina St.,NA,NA,0,0,0,NA,NA,NA
1987,5,116,NWE,Tom Gibson,FALSE,DE,Northern Arizona,23,1991,0,0,0,5,33,4
1987,5,117,WAS,Timmy Smith,FALSE,RB,Texas Tech,23,1990,0,0,1,4,22,3
1987,5,118,STL,George Swarn,FALSE,RB,Miami (OH),23,1987,0,0,0,0,1,0
1987,5,119,SEA,Tommie Agee,FALSE,RB,Auburn,23,1994,0,0,1,6,100,7
1987,5,120,CHI,Steve Bryan,FALSE,DE,Oklahoma,23,1988,0,0,0,3,12,1
1987,5,121,PHI,David Alexander,FALSE,OC,Tulsa,23,1996,0,0,7,47,131,9
1987,5,122,PIT,Hardy Nickerson,FALSE,LB,California,22,2002,2,5,14,97,225,15
1987,5,123,NOR,Milton Mack,FALSE,DB,Alcorn St.,23,1994,0,0,1,17,111,7
1987,5,124,DAL,Everett Gay,FALSE,WR,Texas,22,1988,0,0,0,2,16,1
1987,5,125,ATL,Mark Mraz,FALSE,DE,Utah St.,22,1989,0,0,0,2,22,2
1987,5,126,STL,John Bruno,FALSE,P,Penn St.,22,1987,0,0,0,0,3,0
1987,5,127,STL,Ilia Jarostchuk,FALSE,LB,New Hampshire,23,1990,0,0,0,4,46,3
1987,5,128,KAN,Kitrick Taylor,FALSE,WR,Washington St.,23,1993,0,0,0,5,47,6
1987,5,129,NYJ,Kirby Jackson,FALSE,DB,Mississippi St.,22,1992,0,0,4,19,70,5
1987,5,130,CIN,Marc Logan,FALSE,RB,Kentucky,22,1997,0,0,3,22,139,10
1987,5,131,SEA,Ruben Rodriguez,FALSE,P,Arizona,22,1992,0,0,0,7,53,5
1987,5,132,MIA,Chris Conlin,FALSE,OG,Penn St.,22,1991,0,0,0,2,27,4
1987,5,133,HOU,Spencer Tillman,FALSE,RB,Oklahoma,23,1994,0,0,0,1,115,7
1987,5,134,SFO,Paul Jokisch,FALSE,WR,Michigan,NA,NA,0,0,0,NA,NA,NA
1987,5,135,TAM,Henry Rolling,FALSE,LB,Nevada,21,1994,0,0,3,25,88,7
1987,5,136,RAM,Scott Mersereau,FALSE,DT,Southern Connecticut St.,22,1993,0,0,6,37,102,6
1987,5,137,TAM,Tony Mayes,FALSE,DB,Kentucky,23,1987,0,0,0,1,3,0
1987,5,138,CHI,Will Johnson,FALSE,LB,La-Monroe,22,1987,0,0,0,1,11,0
1987,5,139,CIN,Greg Horne,FALSE,P,Arkansas,22,1988,0,0,0,4,25,1
1987,5,140,NYG,Paul O'Connor,FALSE,OG,Miami (FL),24,1987,0,0,0,1,2,0
1987,6,141,PIT,Tim Johnson,FALSE,DT,Penn St.,22,1996,0,0,7,45,146,9
1987,6,142,IND,Freddie Robinson,FALSE,DB,Alabama,23,1988,0,0,2,10,22,1
1987,6,143,TAM,Steve Bartalo,FALSE,RB,Colorado St.,23,1987,0,0,0,0,9,0
1987,6,144,WAS,Steve Gage,FALSE,DB,Tulsa,23,1988,0,0,0,2,20,1
1987,6,145,GNB,Willie Marshall,FALSE,WR,Temple,NA,NA,0,0,0,NA,NA,NA
1987,6,146,STL,Mark Garalczyk,FALSE,DT,Western Michigan,23,1988,0,0,0,2,24,1
1987,6,147,HOU,Al Smith,FALSE,LB,Utah St.,22,1996,1,2,8,54,125,9
1987,6,148,DET,Danny Lockett,FALSE,LB,Arizona,23,1988,0,0,0,2,29,1
1987,6,149,PHI,Ron Moten,FALSE,LB,Florida,NA,NA,0,0,0,NA,NA,NA
1987,6,150,PIT,Greg Lloyd,FALSE,LB,Fort Valley St.,22,1998,3,5,9,88,147,11
1987,6,151,DAL,Joe Onosai,FALSE,OG,Hawaii,NA,NA,0,0,0,NA,NA,NA
1987,6,152,NOR,Thomas Henley,FALSE,WR,Stanford,22,1987,0,0,0,0,1,0
1987,6,153,ATL,Paul Kiser,FALSE,OG,Wake Forest,23,1987,0,0,0,0,1,0
1987,6,154,CHI,John Adickes,FALSE,OC,Baylor,23,1989,0,0,0,2,23,2
1987,6,155,MIA,Lance Sellers,FALSE,LB,Boise St.,24,1987,0,0,0,1,3,0
1987,6,156,MIN,Greg Richardson,FALSE,WR,Alabama,22,1988,0,0,0,0,4,1
1987,6,157,CIN,Sonny Gordon,FALSE,DB,Ohio St.,22,1987,0,0,0,0,7,0
1987,6,158,PHI,Chris Pike,FALSE,DT,Tulsa,23,1991,0,0,1,7,32,4
1987,6,159,HOU,Toby Caston,FALSE,LB,LSU,22,1993,0,0,0,6,90,6
1987,6,160,NYG,Tim Richardson,FALSE,RB,Pacific,NA,NA,0,0,0,NA,NA,NA
1987,6,161,NYJ,Tracy Martin,FALSE,WR,North Dakota,22,1987,0,0,0,0,12,0
1987,6,162,SFO,Bob White,FALSE,LB,Penn St.,NA,NA,0,0,0,NA,NA,NA
1987,6,163,NWE,Gene Taylor,FALSE,WR,Fresno St.,24,1991,0,0,0,0,13,4
1987,6,164,WAS,Ed Simmons,FALSE,OT,Eastern Washington,23,1997,0,0,7,43,142,10
1987,6,165,CLE,Stephen Braggs,FALSE,DB,Texas,22,1993,0,0,0,8,83,6
1987,6,166,RAM,Jon Embree,FALSE,TE,Colorado,21,1988,0,0,0,0,13,1
1987,6,167,DEN,Warren Marshall,FALSE,RB,James Madison,23,1987,0,0,0,0,1,0
1987,6,168,NYG,Doug Riesenberg,FALSE,OT,California,22,1996,0,0,9,56,145,9
1987,7,169,TAM,Curt Jarvis,FALSE,DT,Alabama,22,1990,0,0,3,14,38,3
1987,7,170,IND,Mark Bellini,FALSE,WR,BYU,23,1988,0,0,0,2,25,1
1987,7,171,BUF,Kerry Porter,FALSE,RB,Washington St.,22,1990,0,0,0,0,35,3
1987,7,172,GNB,Tony Leiker,FALSE,DE,Stanford,22,1987,0,0,0,1,1,0
1987,7,173,SDG,Jamie Holland,FALSE,WR,Ohio St.,23,1992,0,0,1,9,80,5
1987,7,174,STL,Tim Peoples,FALSE,DB,Washington,NA,NA,0,0,0,NA,NA,NA
1987,7,175,DET,Dan Saleaumua,FALSE,DT,Arizona St.,22,1998,0,1,8,64,177,11
1987,7,176,HOU,Robert Banks,FALSE,DE,Notre Dame,23,1990,0,0,2,13,44,3
1987,7,177,PHI,Brian Williams,FALSE,OT,Central Michigan,NA,NA,0,0,0,NA,NA,NA
1987,7,178,PIT,Chris Kelley,FALSE,TE,Akron,22,1987,0,0,0,0,2,0
1987,7,179,NOR,Gene Atkins,FALSE,DB,Florida A&M,22,1996,0,0,7,48,143,9
1987,7,180,DAL,Kevin Sweeney,FALSE,QB,Fresno St.,23,1988,0,0,0,2,6,1
1987,7,181,ATL,Michael Reid,FALSE,LB,Wisconsin,23,1992,0,0,0,7,67,5
1987,7,182,MIA,Tom Brown,FALSE,RB,Pittsburgh,22,1989,0,0,1,1,10,2
1987,7,183,RAI,Bo Jackson,FALSE,RB,Auburn,24,1990,0,1,3,22,38,3
1987,7,184,SEA,Roland Barbay,FALSE,DT,LSU,22,1987,0,0,0,0,5,0
1987,7,185,SEA,Derek Tennell,FALSE,TE,UCLA,23,1993,0,0,0,3,75,6
1987,7,186,KAN,Doug Hudson,FALSE,QB,Nicholls St.,22,1987,0,0,0,0,1,0
1987,7,187,NYJ,Gerald Nichols,FALSE,DT,Florida St.,23,1993,0,0,0,10,85,6
1987,7,188,CIN,Chris Thatcher,FALSE,OG,Lafayette,NA,NA,0,0,0,NA,NA,NA
1987,7,189,SFO,Steve DeLine,FALSE,PK,Colorado St.,26,1989,0,0,0,2,8,2
1987,7,190,TAM,Harry Swayne,FALSE,OT,Rutgers,22,2001,0,0,7,54,186,14
1987,7,191,GNB,Bill Smith,FALSE,P,Mississippi,NA,NA,0,0,0,NA,NA,NA
1987,7,192,WAS,Johnny Thomas,FALSE,DB,Baylor,23,1996,0,0,0,5,94,9
1987,7,193,CHI,Archie Harris,FALSE,OT,William & Mary,22,1987,0,0,0,0,3,0
1987,7,194,DEN,Wilbur Strozier,FALSE,TE,Georgia,22,1988,0,0,0,0,18,1
1987,7,195,STL,William Harris,FALSE,TE,Bishop,22,1990,0,0,0,1,30,3
1987,8,196,NYJ,Eddie Hunter,FALSE,RB,Virginia Tech,22,1987,0,0,0,2,6,0
1987,8,197,TAM,Stan Mataele,FALSE,DT,Arizona,24,1987,0,0,0,0,2,0
1987,8,198,GNB,Jeff Drost,FALSE,DT,Iowa,23,1987,0,0,0,0,2,0
1987,8,199,SDG,Joe MacEsker,FALSE,OT,Texas-El Paso,NA,NA,0,0,0,NA,NA,NA
1987,8,200,IND,Chuckie Miller,FALSE,DB,UCLA,22,1988,0,0,0,1,3,1
1987,8,201,STL,Steve Alvord,FALSE,DT,Washington,22,1988,0,0,2,7,27,1
1987,8,202,HOU,Michel James,FALSE,WR,Washington St.,NA,NA,0,0,0,NA,NA,NA
1987,8,203,DET,Dennis Gibson,FALSE,LB,Iowa St.,23,1995,0,0,8,43,121,8
1987,8,204,SDG,Ron Brown,FALSE,LB,USC,23,1988,0,0,0,2,19,1
1987,8,205,PIT,Charles Buchanan,FALSE,DE,Tennessee St.,22,1988,0,0,0,1,9,1
1987,8,206,DAL,Kevin Gogan,FALSE,OG,Washington,22,2000,0,3,11,73,213,13
1987,8,207,NOR,Toi Cook,FALSE,DB,Stanford,22,1997,0,0,5,37,150,10
1987,8,208,ATL,Curtis Taliaferro,FALSE,LB,Virginia Tech,NA,NA,0,0,0,NA,NA,NA
1987,8,209,BUF,Bruce Mesner,FALSE,DT,Maryland,23,1987,0,0,0,1,11,0
1987,8,210,MIA,Joel Williams,FALSE,TE,Notre Dame,22,1987,0,0,0,0,3,0
1987,8,211,MIN,Rick Fenney,FALSE,RB,Washington,22,1991,0,0,0,15,63,4
1987,8,212,MIA,Mark Dennis,FALSE,OT,Illinois,22,1996,0,0,3,36,125,9
1987,8,213,RAM,Michael Stewart,FALSE,DB,Fresno St.,22,1996,0,0,7,34,144,9
1987,8,214,NYJ,Mike Rice,FALSE,P,Montana,NA,NA,0,0,0,NA,NA,NA
1987,8,215,CIN,Solomon Wilcots,FALSE,DB,Colorado,22,1992,0,0,2,13,92,5
1987,8,216,SEA,Sammy Garza,FALSE,QB,Texas-El Paso,22,1987,0,0,0,1,2,0
1987,8,217,SFO,David Grayson,FALSE,LB,Fresno St.,23,1991,0,0,3,20,54,4
1987,8,218,KAN,Michael Clemons,FALSE,RB,William & Mary,22,1987,0,0,0,0,8,0
1987,8,219,WAS,Clarence Vaughn,FALSE,DB,Northern Illinois,23,1991,0,0,0,5,48,4
1987,8,220,CLE,Steve Bullitt,FALSE,LB,Texas A&M,NA,NA,0,0,0,NA,NA,NA
1987,8,221,CHI,Paul Migliazzo,FALSE,LB,Oklahoma,23,1987,0,0,0,0,3,0
1987,8,222,DEN,Dan Morgan,FALSE,OG,Penn St.,23,1987,0,0,0,1,2,0
1987,8,223,NYG,Rod Jones,FALSE,TE,Washington,23,1989,0,0,0,1,9,2
1987,9,224,TAM,Joe Armentrout,FALSE,RB,Wisconsin,NA,NA,0,0,0,NA,NA,NA
1987,9,225,NYG,Stan Parker,FALSE,OG,Nebraska,NA,NA,0,0,0,NA,NA,NA
1987,9,226,SDG,Thomas Wilcher,FALSE,RB,Michigan,NA,NA,0,0,0,NA,NA,NA
1987,9,227,BUF,Keith McKeller,FALSE,TE,Jacksonville St.,23,1993,0,0,4,16,80,6
1987,9,228,GNB,Gregg Harris,FALSE,OG,Wake Forest,NA,NA,0,0,0,NA,NA,NA
1987,9,229,STL,Wayne Davis,FALSE,LB,Alabama,23,1988,0,0,0,2,28,1
1987,9,230,DET,Rick Calhoun,FALSE,RB,Cal State-Fullerton,24,1987,0,0,0,1,3,0
1987,9,231,HOU,Wes Neighbors,FALSE,OC,Alabama,NA,NA,0,0,0,NA,NA,NA
1987,9,232,PHI,Ken Lambiotte,FALSE,QB,William & Mary,NA,NA,0,0,0,NA,NA,NA
1987,9,233,PIT,Joey Clinkscales,FALSE,WR,Tennessee,23,1988,0,0,0,2,14,1
1987,9,234,NOR,Scott Leach,FALSE,LB,Ohio St.,23,1987,0,0,0,2,3,0
1987,9,235,DAL,Alvin Blount,FALSE,RB,Maryland,22,1987,0,0,0,1,2,0
1987,9,236,ATL,Terrence Anthony,FALSE,DB,Iowa St.,22,1987,0,0,0,0,1,0
1987,9,237,MIA,Tim Pidgeon,FALSE,LB,Syracuse,22,1987,0,0,0,2,3,0
1987,9,238,RAI,Scott Eccles,FALSE,TE,Eastern New Mexico,24,1987,0,0,0,0,1,0
1987,9,239,MIN,Leonard Jones,FALSE,DB,Texas Tech,22,1987,0,0,0,1,2,0
1987,9,240,RAM,Tracy Ham,FALSE,RB,Georgia Southern,NA,NA,0,0,0,NA,NA,NA
1987,9,241,NYJ,Ron McLean,FALSE,DT,Cal State-Fullerton,24,1988,0,0,0,0,9,1
1987,9,242,CIN,Craig Raddatz,FALSE,LB,Wisconsin,NA,NA,0,0,0,NA,NA,NA
1987,9,243,SEA,M.L. Johnson,FALSE,LB,Hawaii,23,1989,0,0,1,7,37,2
1987,9,244,KAN,Randy Watts,FALSE,DE,Catawba,24,1987,0,0,0,1,5,0
1987,9,245,SFO,Jonathan Shelley,FALSE,DB,Mississippi,23,1987,0,0,0,0,1,0
1987,9,246,TAM,Greg Davis,FALSE,PK,The Citadel,21,1998,0,0,0,19,169,11
1987,9,247,IND,Bob Ontko,FALSE,LB,Penn St.,23,1987,0,0,0,2,3,0
1987,9,248,WAS,Alfred Jenkins,FALSE,RB,Arizona,NA,NA,0,0,0,NA,NA,NA
1987,9,249,CHI,Lakei Heimuli,FALSE,RB,BYU,22,1987,0,0,0,1,3,0
1987,9,250,DEN,Bruce Plummer,FALSE,DB,Mississippi St.,23,1991,0,0,0,5,52,4
1987,9,251,NYG,Dana Wright,FALSE,RB,Findlay,24,1987,0,0,0,1,5,0
1987,10,252,TAM,Mike Simmonds,FALSE,OG,Indiana St.,23,1989,0,0,0,2,5,2
1987,10,253,IND,Chris Goode,FALSE,DB,Alabama,23,1993,0,0,5,27,96,6
1987,10,254,RAI,Rob Harrison,FALSE,DB,Sacramento St.,24,1987,0,0,0,1,2,0
1987,10,255,GNB,Don Majkowski,FALSE,QB,Virginia,23,1996,0,1,4,39,90,9
1987,10,256,SDG,Anthony Anderson,FALSE,DB,Grambling St.,22,1987,0,0,0,0,3,0
1987,10,257,STL,Charles Wright,FALSE,DB,Tulsa,23,1988,0,0,0,0,8,1
1987,10,258,HOU,Curtis Duncan,FALSE,WR,Northwestern,22,1993,0,1,4,33,102,6
1987,10,259,DET,Ray Brown,FALSE,WR,South Carolina,22,1987,0,0,0,0,1,0
1987,10,260,PHI,Paul Carberry,FALSE,DT,Oregon St.,NA,NA,0,0,0,NA,NA,NA
1987,10,261,PIT,Merril Hoge,FALSE,RB,Idaho St.,22,1994,0,0,6,38,114,7
1987,10,262,DAL,Dale Jones,FALSE,LB,Tennessee,24,1987,0,0,0,2,3,0
1987,10,263,NOR,Robert Clark,FALSE,WR,North Carolina Central,22,1992,0,0,3,26,67,5
1987,10,264,ATL,Jerry Reese,FALSE,TE,Illinois,NA,NA,0,0,0,NA,NA,NA
1987,10,265,RAI,John Gesek,FALSE,OG,Sacramento St.,24,1995,0,0,6,39,123,8
1987,10,266,MIA,Bobby Taylor,FALSE,DB,Wisconsin,NA,NA,0,0,0,NA,NA,NA
1987,10,267,MIN,Bob Riley,FALSE,OT,Indiana,23,1987,0,0,0,2,3,0
1987,10,268,NYJ,Sid Lewis,FALSE,DB,Penn St.,23,1987,0,0,0,0,2,0
1987,10,269,CIN,David McCluskey,FALSE,RB,Georgia,23,1987,0,0,0,1,3,0
1987,10,270,SEA,Louis Clark,FALSE,WR,Mississippi St.,23,1992,0,0,1,6,55,5
1987,10,271,KAN,James Evans,FALSE,RB,Southern,24,1987,0,0,0,0,2,0
1987,10,272,RAM,David Smith,FALSE,LB,Northern Arizona,NA,NA,0,0,0,NA,NA,NA
1987,10,273,RAI,Jim Ellis,FALSE,LB,Boise St.,23,1987,0,0,0,1,3,0
1987,10,274,WAS,Ted Wilson,FALSE,WR,Central Florida,23,1987,0,0,0,1,3,0
1987,10,275,SFO,John Paye,FALSE,QB,Stanford,NA,NA,0,0,0,NA,NA,NA
1987,10,276,CLE,Frank Winters,FALSE,OC,Western Illinois,23,2002,0,1,10,66,231,15
1987,10,277,CHI,Dick Chapura,FALSE,DT,Missouri,23,1990,0,0,0,4,43,3
1987,10,278,DEN,Rafe Wilkinson,FALSE,LB,Richmond,NA,NA,0,0,0,NA,NA,NA
1987,10,279,NYG,Chuck Faucette,FALSE,LB,Maryland,23,1988,0,0,1,5,10,1
1987,11,280,TAM,Reggie Taylor,FALSE,RB,Cincinnati,NA,NA,0,0,0,NA,NA,NA
1987,11,281,IND,Jim Reynosa,FALSE,DE,Arizona St.,NA,NA,0,0,0,NA,NA,NA
1987,11,282,GNB,Patrick Scott,FALSE,WR,Grambling St.,22,1988,0,0,0,3,24,1
1987,11,283,BUF,Howard Ballard,FALSE,OT,Alabama A&M,23,1998,0,2,10,68,170,11
1987,11,284,SDG,Joe Goebel,FALSE,OC,UCLA,23,1987,0,0,0,0,2,0
1987,11,285,STL,Todd Peat,FALSE,OG,Northern Illinois,23,1993,0,0,2,19,79,6
1987,11,286,DET,Brian Siverling,FALSE,TE,Penn St.,NA,NA,0,0,0,NA,NA,NA
1987,11,287,HOU,John Davis,FALSE,OG,Georgia Tech,22,1994,0,0,4,31,104,7
1987,11,288,RAI,Chris McLemore,FALSE,RB,Arizona,23,1988,0,0,0,1,12,1
1987,11,289,PIT,Paul Oswald,FALSE,OC,Kansas,23,1988,0,0,0,0,6,1
1987,11,290,NOR,Arthur Wells,FALSE,TE,Grambling St.,24,1987,0,0,0,0,2,0
1987,11,291,DAL,Jeff Ward,FALSE,PK,Texas,NA,NA,0,0,0,NA,NA,NA
1987,11,292,ATL,Elbert Shelley,FALSE,DB,Arkansas St.,22,1996,0,4,0,12,119,9
1987,11,293,MIA,Terence Mann,FALSE,DT,SMU,NA,NA,0,0,0,NA,NA,NA
1987,11,294,RAI,Mario Perry,FALSE,TE,Mississippi,23,1987,0,0,0,0,3,0
1987,11,295,MIN,Brent Pease,FALSE,QB,Montana,22,1988,0,0,0,2,20,1
1987,11,296,CIN,Jim Warne,FALSE,OT,Arizona St.,22,1987,0,0,0,2,3,0
1987,11,297,SEA,Darryl Oliver,FALSE,RB,Miami (FL),23,1987,0,0,0,0,2,0
1987,11,298,KAN,Craig Richardson,FALSE,WR,Eastern Washington,NA,NA,0,0,0,NA,NA,NA
1987,11,299,DEN,Steve Roberts,FALSE,DE,Washington,NA,NA,0,0,0,NA,NA,NA
1987,11,300,NYJ,Kirk Timmer,FALSE,LB,Montana St.,23,1987,0,0,0,0,1,0
1987,11,301,SFO,Calvin Nicholas,FALSE,WR,Grambling St.,23,1988,0,0,0,0,7,1
1987,11,302,NWE,Carlos Reveiz,FALSE,PK,Tennessee,NA,NA,0,0,0,NA,NA,NA
1987,11,303,CLE,Larry Brewton,FALSE,DB,Temple,NA,NA,0,0,0,NA,NA,NA
1987,11,304,WAS,Laron Brown,FALSE,WR,Texas,23,1987,0,0,0,0,3,0
1987,11,305,CHI,Tim Jessie,FALSE,RB,Auburn,24,1987,0,0,0,0,3,0
1987,11,306,DEN,Tommy Neal,FALSE,RB,Maryland,NA,NA,0,0,0,NA,NA,NA
1987,11,307,NYG,Dave Walter,FALSE,QB,Michigan Tech,22,1987,0,0,0,1,3,0
1987,12,308,TAM,Scott Cooper,FALSE,DT,Nebraska-Kearney,NA,NA,0,0,0,NA,NA,NA
1987,12,309,IND,David Adams,FALSE,RB,Arizona,23,1987,0,0,0,0,3,0
1987,12,310,SDG,Marcus Greenwood,FALSE,RB,UCLA,NA,NA,0,0,0,NA,NA,NA
1987,12,311,BUF,Joe McGrail,FALSE,DT,Delaware,23,1987,0,0,0,0,2,0
1987,12,312,SEA,Wes Dove,FALSE,DE,Syracuse,23,1987,0,0,0,0,2,0
1987,12,313,TAM,Mike Shula,FALSE,QB,Alabama,NA,NA,0,0,0,NA,NA,NA
1987,12,314,HOU,Ira Valentine,FALSE,RB,Texas A&M,24,1987,0,0,0,0,7,0
1987,12,315,DET,Gary Lee,FALSE,WR,Georgia Tech,22,1988,0,0,0,5,26,1
1987,12,316,PHI,Bobby Morse,FALSE,RB,Michigan St.,21,1991,0,0,0,1,38,4
1987,12,317,PIT,Theo Young,FALSE,TE,Arkansas,22,1987,0,0,0,0,12,0
1987,12,318,DAL,Scott Armstrong,FALSE,LB,Florida,NA,NA,0,0,0,NA,NA,NA
1987,12,319,NOR,Tyrone Sorrells,FALSE,OG,Georgia Tech,NA,NA,0,0,0,NA,NA,NA
1987,12,320,ATL,Larry Emery,FALSE,RB,Wisconsin,23,1987,0,0,0,0,5,0
1987,12,321,NYG,Bill Berthusen,FALSE,DT,Iowa St.,23,1987,0,0,0,2,4,0
1987,12,322,MIA,Jim Karsatos,FALSE,QB,Ohio St.,NA,NA,0,0,0,NA,NA,NA
1987,12,323,MIN,Keith Williams,FALSE,DT,Florida,NA,NA,0,0,0,NA,NA,NA
1987,12,324,SEA,Tony Burse,FALSE,RB,Middle Tenn. St.,22,1987,0,0,0,0,12,0
1987,12,325,KAN,Bruce Holmes,FALSE,LB,Minnesota,21,1993,0,0,0,1,4,6
1987,12,326,RAM,Alonzo Williams,FALSE,RB,Colorado Mesa,24,1987,0,0,0,0,3,0
1987,12,327,NYJ,Bill Ransdell,FALSE,QB,Kentucky,NA,NA,0,0,0,NA,NA,NA
1987,12,328,CIN,John Holifield,FALSE,RB,West Virginia,23,1989,0,0,0,0,3,2
1987,12,329,NYG,Chad Stark,FALSE,RB,North Dakota St.,22,1987,0,0,0,0,2,0
1987,12,330,NWE,Elgin Davis,FALSE,RB,Central Florida,21,1988,0,0,0,0,9,1
1987,12,331,WAS,Ray Hitchcock,FALSE,OC,Minnesota,22,1987,0,0,0,0,5,0
1987,12,332,RAM,Fred Stokes,FALSE,DE,Georgia Southern,23,1996,0,0,4,33,131,9
1987,12,333,CHI,Eric Jeffries,FALSE,DB,Texas,23,1987,0,0,0,0,1,0
1987,12,334,DEN,Tyrone Braxton,FALSE,DB,North Dakota St.,22,1999,0,1,8,56,181,12
1987,12,335,GNB,Norman Jefferson,FALSE,DB,LSU,23,1988,0,0,0,1,14,1
1988,1,1,ATL,Aundray Bruce,FALSE,LB,Auburn,22,1998,0,0,2,24,151,10
1988,1,2,KAN,Neil Smith,FALSE,DE,Nebraska,22,2000,1,6,11,96,191,12
1988,1,3,DET,Bennie Blades,FALSE,DB,Miami (FL),22,1997,0,1,9,46,136,9
1988,1,4,TAM,Paul Gruber,FALSE,OT,Wisconsin,23,1999,0,0,12,60,183,11
1988,1,5,CIN,Rickey Dixon,FALSE,DB,Oklahoma,21,1993,0,0,2,13,82,5
1988,1,6,RAI,Tim Brown,TRUE,WR,Notre Dame,22,2004,0,9,13,105,255,16
1988,1,7,GNB,Sterling Sharpe,TRUE,WR,South Carolina,23,1994,3,5,7,70,112,6
1988,1,8,NYJ,Dave Cadigan,FALSE,OG,USC,23,1994,0,0,5,28,82,6
1988,1,9,RAI,Terry McDaniel,FALSE,DB,Tennessee,23,1998,0,5,9,70,152,10
1988,1,10,NYG,Eric Moore,FALSE,OG,Indiana,23,1995,0,0,5,35,84,7
1988,1,11,DAL,Michael Irvin,TRUE,WR,Miami (FL),22,1999,1,5,10,104,159,11
1988,1,12,PHO,Ken Harvey,FALSE,LB,California,23,1998,0,4,9,65,164,10
1988,1,13,PHI,Keith Jackson,FALSE,TE,Oklahoma,23,1996,3,5,7,43,129,8
1988,1,14,RAM,Gaston Green,FALSE,RB,UCLA,22,1992,0,1,2,16,58,4
1988,1,15,SDG,Anthony Miller,FALSE,WR,Tennessee,23,1997,0,5,10,74,155,9
1988,1,16,MIA,Eric Kumerow,FALSE,DE,Ohio St.,23,1990,0,0,0,4,42,2
1988,1,17,NWE,John Stephens,FALSE,RB,Northwestern St. (LA),22,1993,0,1,4,23,88,5
1988,1,18,PIT,Aaron Jones,FALSE,DE,Eastern Kentucky,21,1996,0,0,2,18,112,8
1988,1,19,MIN,Randall McDaniel,TRUE,OG,Arizona St.,23,2001,7,12,14,129,222,13
1988,1,20,RAM,Aaron Cox,FALSE,WR,Arizona St.,23,1993,0,0,1,15,82,5
1988,1,21,CLE,Clifford Charlton,FALSE,LB,Florida,23,1989,0,0,0,2,31,1
1988,1,22,HOU,Lorenzo White,FALSE,RB,Michigan St.,22,1995,0,1,3,43,107,7
1988,1,23,CHI,Brad Muster,FALSE,RB,Stanford,23,1994,0,0,5,31,95,6
1988,1,24,NOR,Craig Heyward,FALSE,RB,Pittsburgh,21,1998,0,1,6,38,149,10
1988,1,25,RAI,Scott Davis,FALSE,DT,Illinois,23,1994,0,0,3,23,75,6
1988,1,26,DEN,Ted Gregory,FALSE,DT,Syracuse,23,1988,0,0,0,0,3,0
1988,1,27,CHI,Wendell Davis,FALSE,WR,LSU,22,1993,0,0,3,28,81,5
1988,2,28,ATL,Marcus Cotton,FALSE,LB,USC,22,1991,0,0,0,5,44,3
1988,2,29,DET,Chris Spielman,FALSE,LB,Ohio St.,22,1997,1,4,10,74,148,9
1988,2,30,PHI,Eric Allen,TRUE,DB,Arizona St.,22,2001,1,6,14,96,217,13
1988,2,31,CIN,Ickey Woods,FALSE,RB,UNLV,22,1991,0,0,1,19,37,3
1988,2,32,DET,Pat Carter,FALSE,TE,Florida St.,22,1997,0,0,6,9,154,9
1988,2,33,SFO,Danny Stubbs,FALSE,DE,Miami (FL),23,1998,0,0,3,30,134,10
1988,2,34,GNB,Shawn Patterson,FALSE,DE,Arizona St.,24,1993,0,0,0,10,48,5
1988,2,35,RAM,Anthony Newman,FALSE,DB,Oregon,22,1999,0,0,7,40,178,11
1988,2,36,NYG,Jumbo Elliott,FALSE,OT,Michigan,23,2002,0,1,10,62,197,14
1988,2,37,NYJ,Terry Williams,FALSE,DB,Bethune-Cookman,22,1989,0,0,0,0,11,1
1988,2,38,PHO,Tony Jeffery,FALSE,RB,TCU,24,1988,0,0,0,0,3,0
1988,2,39,SFO,Pierce Holt,FALSE,DE,Angelo State (TX),26,1995,0,1,7,45,109,7
1988,2,40,BUF,Thurman Thomas,TRUE,RB,Oklahoma St.,22,2000,2,5,10,110,182,12
1988,2,41,DAL,Ken Norton Jr.,FALSE,LB,UCLA,21,2000,1,3,12,81,191,12
1988,2,42,MIA,Jarvis Williams,FALSE,DB,Florida,23,1994,0,0,7,36,104,6
1988,2,43,NWE,Vincent Brown,FALSE,LB,Miss. Valley St.,23,1995,0,0,7,52,123,7
1988,2,44,PIT,Dermontti Dawson,TRUE,OC,Kentucky,23,2000,6,7,11,96,184,12
1988,2,45,DEN,Gerald Perry,FALSE,OT,Southern,23,1995,0,0,6,36,97,7
1988,2,46,RAM,Flipper Anderson,FALSE,WR,UCLA,23,1997,0,0,6,42,114,9
1988,2,47,RAM,Fred Strickland,FALSE,LB,Purdue,22,1999,0,0,8,46,161,11
1988,2,48,HOU,Quintin Jones,FALSE,DB,Pittsburgh,22,1990,0,0,0,0,5,2
1988,2,49,SEA,Brian Blades,FALSE,WR,Miami (FL),23,1998,0,1,9,60,156,10
1988,2,50,CLE,Michael Dean Perry,FALSE,DT,Clemson,23,1997,2,6,9,83,148,9
1988,2,51,CHI,Dante Jones,FALSE,LB,Oklahoma,23,1995,0,0,2,22,92,7
1988,2,52,NOR,Brett Perriman,FALSE,WR,Miami (FL),22,1997,0,0,7,59,153,9
1988,2,53,TAM,Lars Tate,FALSE,RB,Georgia,22,1990,0,0,2,8,33,2
1988,2,54,MIN,Brad Edwards,FALSE,DB,South Carolina,22,1996,0,0,3,29,122,8
1988,2,55,WAS,Chip Lohmiller,FALSE,PK,Minnesota,22,1996,0,1,0,19,135,8
1988,3,56,ATL,Alex Higdon,FALSE,TE,Ohio St.,21,1988,0,0,0,0,3,0
1988,3,57,CIN,Kevin Walker,FALSE,LB,Maryland,22,1992,0,0,1,9,44,4
1988,3,58,DET,Ray Roundtree,FALSE,WR,Penn St.,22,1988,0,0,0,0,4,0
1988,3,59,KAN,Kevin Porter,FALSE,DB,Auburn,22,1992,0,0,3,21,78,4
1988,3,60,SDG,Quinn Early,FALSE,WR,Iowa,23,1999,0,0,8,46,179,11
1988,3,61,GNB,Keith Woodside,FALSE,RB,Texas A&M,24,1991,0,0,4,16,64,3
1988,3,62,NYG,Sheldon White,FALSE,DB,Miami (OH),23,1993,0,0,0,8,72,5
1988,3,63,NYJ,Erik McMillan,FALSE,DB,Missouri,23,1993,0,2,3,30,86,5
1988,3,64,PHI,Matt Patchan,FALSE,OT,Miami (FL),NA,NA,0,0,0,NA,NA,NA
1988,3,65,BUF,Bernard Ford,FALSE,WR,Central Florida,22,1990,0,0,0,1,24,2
1988,3,66,WAS,Mike Oliphant,FALSE,RB,Puget Sound,25,1991,0,0,0,2,26,3
1988,3,67,DAL,Mark Hutson,FALSE,OG,Oklahoma,NA,NA,0,0,0,NA,NA,NA
1988,3,68,PHO,Tom Tupa,FALSE,QB,Ohio St.,22,2004,1,1,1,29,220,16
1988,3,69,NWE,Tom Rehder,FALSE,OT,Notre Dame,23,1990,0,0,0,3,40,2
1988,3,70,PIT,Chuck Lanza,FALSE,OC,Notre Dame,23,1989,0,0,0,2,27,1
1988,3,71,MIN,Al Noga,FALSE,DE,Hawaii,22,1994,0,0,4,29,93,6
1988,3,72,HOU,Greg Montgomery,FALSE,P,Michigan St.,23,1997,1,1,0,19,142,9
1988,3,73,MIA,Ferrell Edmunds,FALSE,TE,Maryland,23,1994,0,2,4,15,89,6
1988,3,74,NYJ,James Hasty,FALSE,DB,Washington St.,23,2001,0,2,13,81,206,13
1988,3,75,SEA,Tommy Kane,FALSE,WR,Syracuse,24,1992,0,0,3,17,57,4
1988,3,76,IND,Chris Chandler,FALSE,QB,Washington,22,2004,0,2,9,77,180,16
1988,3,77,CLE,Van Waiters,FALSE,LB,Indiana,23,1992,0,0,1,13,80,4
1988,3,78,CHI,Ralph Jarvis,FALSE,DE,Temple,23,1990,0,0,0,1,8,2
1988,3,79,DEN,Kevin Guidry,FALSE,DB,LSU,24,1989,0,0,0,1,17,1
1988,3,80,SFO,Bill Romanowski,FALSE,LB,Boston Col.,22,2003,0,2,13,83,243,15
1988,3,81,NOR,Tony Stephens,FALSE,DT,Clemson,NA,NA,0,0,0,NA,NA,NA
1988,3,82,RAM,Mike Piel,FALSE,DE,Illinois,22,1992,0,0,1,11,50,4
1988,4,83,TAM,Robert Goff,FALSE,DE,Auburn,22,1996,0,0,3,25,122,8
1988,4,84,CIN,David Grant,FALSE,DE,West Virginia,22,1993,0,0,2,11,70,5
1988,4,85,DET,William White,FALSE,DB,Ohio St.,22,1998,0,0,8,46,170,10
1988,4,86,TAM,John Bruhin,FALSE,OG,Tennessee,23,1991,0,0,1,10,49,3
1988,4,87,NWE,Tim Goad,FALSE,DT,North Carolina,22,1996,0,0,8,48,141,8
1988,4,88,GNB,Rollin Putzier,FALSE,DT,Oregon,22,1989,0,0,0,1,16,1
1988,4,89,GNB,Chuck Cecil,FALSE,DB,Arizona,23,1995,0,1,4,32,95,7
1988,4,90,RAI,Tim Rother,FALSE,DT,Nebraska,22,1990,0,0,0,1,20,2
1988,4,91,SDG,Joe Campbell,FALSE,DE,New Mexico St.,21,1989,0,0,0,2,25,1
1988,4,92,NYG,Ricky Shaw,FALSE,LB,Oklahoma St.,23,1990,0,0,0,4,37,2
1988,4,93,SDG,Stacy Searels,FALSE,OT,Auburn,NA,NA,0,0,0,NA,NA,NA
1988,4,94,DAL,Dave Widell,FALSE,OC,Boston Col.,23,1998,0,0,6,42,156,10
1988,4,95,PHO,Michael Brim,FALSE,DB,Virginia Union,22,1995,0,0,4,28,94,7
1988,4,96,KAN,J.R. Ambrose,FALSE,WR,Mississippi,NA,NA,0,0,0,NA,NA,NA
1988,4,97,NWE,Sammy Martin,FALSE,WR,LSU,23,1991,0,0,0,3,48,3
1988,4,98,SDG,David Richards,FALSE,OG,UCLA,22,1996,0,0,8,49,135,8
1988,4,99,MIA,Greg Johnson,FALSE,OT,Oklahoma,23,1988,0,0,0,0,1,0
1988,4,100,NWE,Teddy Garcia,FALSE,PK,La-Monroe,24,1990,0,0,0,0,28,2
1988,4,101,SEA,Kevin Harmon,FALSE,RB,Iowa,21,1989,0,0,0,0,9,1
1988,4,102,SFO,Barry Helton,FALSE,P,Colorado,23,1991,0,0,0,5,50,3
1988,4,103,CLE,Anthony Blaylock,FALSE,DB,Winston-Salem St.,23,1993,0,0,2,14,71,5
1988,4,104,IND,Michael Ball,FALSE,DB,Southern,24,1993,0,0,2,13,84,5
1988,4,105,CHI,James Thornton,FALSE,TE,Cal State-Fullerton,23,1995,0,0,4,12,96,7
1988,4,106,NOR,Lydell Carr,FALSE,RB,Oklahoma,23,1989,0,0,0,0,5,1
1988,4,107,TAM,Monte Robbins,FALSE,P,Michigan,NA,NA,0,0,0,NA,NA,NA
1988,4,108,MIN,Todd Kalis,FALSE,OG,Arizona St.,23,1995,0,0,5,29,103,7
1988,4,109,WAS,Jamie Morris,FALSE,RB,Michigan,23,1990,0,0,0,5,33,2
1988,5,110,ATL,Charles Dimry,FALSE,DB,UNLV,22,1999,0,0,6,40,183,11
1988,5,111,DET,Eric Andolsek,FALSE,OG,LSU,22,1991,0,0,3,23,61,3
1988,5,112,NOR,Greg Scales,FALSE,TE,Wake Forest,22,1991,0,0,0,2,44,3
1988,5,113,TAM,William Howard,FALSE,RB,Tennessee,24,1989,0,0,2,7,31,1
1988,5,114,CIN,Herb Wester,FALSE,OT,Iowa,NA,NA,0,0,0,NA,NA,NA
1988,5,115,NWE,Troy Wolkow,FALSE,OG,Minnesota,NA,NA,0,0,0,NA,NA,NA
1988,5,116,GNB,Darrell Reed,FALSE,LB,Oklahoma,NA,NA,0,0,0,NA,NA,NA
1988,5,117,RAM,Robert Delpino,FALSE,RB,Missouri,22,1993,0,0,1,25,88,5
1988,5,118,NYG,Jon Carter,FALSE,DT,Pittsburgh,23,1989,0,0,0,1,13,1
1988,5,119,NYJ,Mike Withycombe,FALSE,OG,Fresno St.,23,1992,0,0,0,4,30,4
1988,5,120,PHO,Chris Gaines,FALSE,LB,Vanderbilt,23,1988,0,0,0,0,4,0
1988,5,121,PIT,Darin Jordan,FALSE,LB,Northeastern,23,1994,0,0,0,9,59,6
1988,5,122,PHI,Eric Everett,FALSE,DB,Texas Tech,22,1992,0,0,0,8,75,4
1988,5,123,BUF,Ezekial Gadson,FALSE,DB,Pittsburgh,NA,NA,0,0,0,NA,NA,NA
1988,5,124,MIN,Darrell Fullington,FALSE,DB,Miami (FL),24,1992,0,0,2,14,79,4
1988,5,125,HOU,Cris Dishman,FALSE,DB,Purdue,23,2000,1,2,11,78,199,12
1988,5,126,MIA,Rodney Thomas,FALSE,DB,BYU,22,1991,0,0,0,4,46,3
1988,5,127,WAS,Carl Mims,FALSE,DB,Sam Houston St.,NA,NA,0,0,0,NA,NA,NA
1988,5,128,PIT,Jerry Reese,FALSE,DE,Kentucky,24,1988,0,0,0,1,15,0
1988,5,129,IND,John Baylor,FALSE,DB,Southern Miss,23,1993,0,0,2,17,74,5
1988,5,130,HOU,Chris Verhulst,FALSE,TE,Cal State-Chico,22,1990,0,0,0,0,28,2
1988,5,131,RAI,Dennis Price,FALSE,DB,UCLA,23,1992,0,0,0,3,31,4
1988,5,132,PHO,Tony Jordan,FALSE,RB,Kansas St.,23,1989,0,0,1,2,22,1
1988,5,133,CHI,Troy Johnson,FALSE,LB,Oklahoma,23,1992,0,0,0,7,64,4
1988,5,134,NOR,Keith Taylor,FALSE,DB,Illinois,23,1996,0,0,3,22,103,8
1988,5,135,BUF,Kirk Roach,FALSE,PK,Western Carolina,NA,NA,0,0,0,NA,NA,NA
1988,5,136,DEN,Corris Ervin,FALSE,DB,Central Florida,NA,NA,0,0,0,NA,NA,NA
1988,5,137,RAM,James Washington,FALSE,DB,UCLA,23,1995,0,0,5,32,114,7
1988,6,138,ATL,George Thomas,FALSE,WR,UNLV,24,1992,0,0,1,7,51,4
1988,6,139,KAN,James Saxon,FALSE,FB,San Jose St.,22,1995,0,0,0,8,111,7
1988,6,140,ATL,Houston Hoover,FALSE,OG,Jackson St.,23,1994,0,0,6,35,98,6
1988,6,141,CIN,Paul Jetton,FALSE,OG,Texas,23,1992,0,0,0,6,30,4
1988,6,142,DET,Carl Painter,FALSE,RB,Hampton,24,1989,0,0,0,1,27,1
1988,6,143,RAI,Erwin Grabisna,FALSE,LB,Case Western Reserve,NA,NA,0,0,0,NA,NA,NA
1988,6,144,GNB,Nate Hill,FALSE,DE,Auburn,22,1988,0,0,0,0,4,0
1988,6,145,NYG,David Houle,FALSE,OG,Michigan St.,NA,NA,0,0,0,NA,NA,NA
1988,6,146,NYJ,Paul Frase,FALSE,DE,Syracuse,23,1998,0,0,2,24,139,10
1988,6,147,RAM,Keith Jones,FALSE,RB,Nebraska,22,1989,0,0,0,2,16,1
1988,6,148,PHO,Jon Phillips,FALSE,OG,Oklahoma,NA,NA,0,0,0,NA,NA,NA
1988,6,149,PHI,Don McPherson,FALSE,QB,Syracuse,NA,NA,0,0,0,NA,NA,NA
1988,6,150,BUF,Dan Murray,FALSE,LB,East Stroudsburg,21,1990,0,0,0,0,4,2
1988,6,151,DAL,Scott Secules,FALSE,QB,Virginia,23,1993,0,0,0,5,57,5
1988,6,152,SDG,Cedric Figaro,FALSE,LB,Notre Dame,22,1996,0,0,1,16,98,8
1988,6,153,MIA,Melvin Bratton,FALSE,RB,Miami (FL),NA,NA,0,0,0,NA,NA,NA
1988,6,154,NWE,Steve Johnson,FALSE,TE,Virginia Tech,23,1988,0,0,0,0,14,0
1988,6,155,PIT,Warren Williams,FALSE,RB,Miami (FL),23,1993,0,0,1,9,71,5
1988,6,156,MIA,George Cooper,FALSE,RB,Ohio St.,NA,NA,0,0,0,NA,NA,NA
1988,6,157,HOU,Kurt Crain,FALSE,LB,Auburn,NA,NA,0,0,0,NA,NA,NA
1988,6,158,SEA,Roy Hart,FALSE,DT,South Carolina,23,1991,0,0,0,2,17,3
1988,6,159,WAS,Stan Humphries,FALSE,QB,La-Monroe,23,1997,0,0,6,50,88,9
1988,6,160,PHI,Rob Sterling,FALSE,DB,Maine,NA,NA,0,0,0,NA,NA,NA
1988,6,161,CHI,Lemuel Stinson,FALSE,DB,Texas Tech,22,1992,0,0,3,21,69,4
1988,6,162,NOR,Bob Sims,FALSE,OG,Florida,NA,NA,0,0,0,NA,NA,NA
1988,6,163,TAM,Shawn Lee,FALSE,DT,North Alabama,21,1998,0,0,6,41,148,10
1988,6,164,MIN,Derrick White,FALSE,DB,Oklahoma,NA,NA,0,0,0,NA,NA,NA
1988,6,165,RAM,Jeff Knapton,FALSE,DT,Wyoming,NA,NA,0,0,0,NA,NA,NA
1988,7,166,ATL,Michael Haynes,FALSE,WR,Northern Arizona,22,1997,0,0,8,49,147,9
1988,7,167,TAM,Kerry Goode,FALSE,RB,Alabama,23,1989,0,0,0,2,15,1
1988,7,168,CIN,Rich Romer,FALSE,LB,Union (NY),22,1989,0,0,0,0,9,1
1988,7,169,DET,Jeff James,FALSE,WR,Stanford,NA,NA,0,0,0,NA,NA,NA
1988,7,170,KAN,Troy Stedman,FALSE,LB,Washburn,23,1988,0,0,0,0,5,0
1988,7,171,RAI,Derrick Crudup,FALSE,DB,Oklahoma,23,1991,0,0,0,1,20,3
1988,7,172,NYJ,Gary Patton,FALSE,RB,Eastern Michigan,NA,NA,0,0,0,NA,NA,NA
1988,7,173,GNB,Gary Richard,FALSE,DB,Pittsburgh,22,1988,0,0,0,1,10,0
1988,7,174,DEN,Pat Kelly,FALSE,TE,Syracuse,22,1991,0,0,0,0,41,3
1988,7,175,NYG,Mike Perez,FALSE,QB,San Jose St.,NA,NA,0,0,0,NA,NA,NA
1988,7,176,PHI,Todd White,FALSE,WR,Cal State-Fullerton,NA,NA,0,0,0,NA,NA,NA
1988,7,177,BUF,Tim Borcky,FALSE,OT,Memphis,NA,NA,0,0,0,NA,NA,NA
1988,7,178,DAL,Owen Hooven,FALSE,OT,Oregon St.,NA,NA,0,0,0,NA,NA,NA
1988,7,179,PHO,Ernie Jones,FALSE,WR,Indiana,23,1993,0,0,3,26,83,5
1988,7,180,MIA,Kerwin Bell,FALSE,QB,Florida,23,1996,0,0,0,0,1,8
1988,7,181,NWE,Darryl Usher,FALSE,WR,Illinois,23,1989,0,0,0,0,13,1
1988,7,182,PIT,Marc Zeno,FALSE,WR,Tulane,NA,NA,0,0,0,NA,NA,NA
1988,7,183,MIN,Brad Beckman,FALSE,TE,Nebraska-Omaha,23,1989,0,0,0,1,24,1
1988,7,184,BUF,Bo Wright,FALSE,RB,Alabama,NA,NA,0,0,0,NA,NA,NA
1988,7,185,SEA,Ray Jackson,FALSE,DB,Ohio St.,NA,NA,0,0,0,NA,NA,NA
1988,7,186,NYG,Danta Whitaker,FALSE,TE,Miss. Valley St.,24,1993,0,0,0,1,27,5
1988,7,187,HOU,Tracey Eaton,FALSE,DB,Portland St.,23,1993,0,0,0,4,60,5
1988,7,188,CLE,Thane Gash,FALSE,DB,East Tennessee St.,23,1992,0,0,2,14,64,4
1988,7,189,CHI,Caesar Rentie,FALSE,OT,Oklahoma,23,1988,0,0,0,0,5,0
1988,7,190,NOR,Brian Forde,FALSE,LB,Washington St.,24,1991,0,0,0,7,64,3
1988,7,191,SFO,Kevin Bryant,FALSE,LB,Delaware St.,NA,NA,0,0,0,NA,NA,NA
1988,7,192,DEN,Garry Frank,FALSE,OG,Mississippi St.,NA,NA,0,0,0,NA,NA,NA
1988,7,193,WAS,Harold Hicks,FALSE,DB,San Diego St.,NA,NA,0,0,0,NA,NA,NA
1988,8,194,ATL,Phillip Brown,FALSE,LB,Alabama,NA,NA,0,0,0,NA,NA,NA
1988,8,195,CIN,Curtis Maxey,FALSE,DE,Grambling St.,23,1989,0,0,0,0,5,1
1988,8,196,DET,Gary Hadd,FALSE,DT,Minnesota,22,1989,0,0,0,2,15,1
1988,8,197,KAN,Alfredo Roberts,FALSE,TE,Miami (FL),23,1992,0,0,2,5,80,4
1988,8,198,TAM,Anthony Simpson,FALSE,RB,East Carolina,NA,NA,0,0,0,NA,NA,NA
1988,8,199,RAI,Mike Alexander,FALSE,WR,Penn St.,23,1991,0,0,0,3,19,3
1988,8,200,GNB,Patrick Collins,FALSE,RB,Oklahoma,22,1988,0,0,0,0,5,0
1988,8,201,RAM,Darryl Franklin,FALSE,WR,Washington,NA,NA,0,0,0,NA,NA,NA
1988,8,202,NYG,Sammy Lilly,FALSE,DB,Georgia Tech,23,1992,0,0,0,2,50,4
1988,8,203,NYJ,Keith Neubert,FALSE,TE,Nebraska,23,1989,0,0,1,2,17,1
1988,8,204,BUF,John Hagy,FALSE,DB,Texas,22,1990,0,0,1,5,28,2
1988,8,205,DAL,Mark Higgs,FALSE,RB,Kentucky,22,1995,0,0,3,22,90,7
1988,8,206,PHO,Tim Moore,FALSE,LB,Michigan St.,NA,NA,0,0,0,NA,NA,NA
1988,8,207,PHI,David Smith,FALSE,RB,Western Kentucky,NA,NA,0,0,0,NA,NA,NA
1988,8,208,CHI,David Tate,FALSE,DB,Colorado,23,1997,0,0,2,25,142,9
1988,8,209,PIT,Mark Nichols,FALSE,DT,Michigan St.,NA,NA,0,0,0,NA,NA,NA
1988,8,210,MIN,Joe Cain,FALSE,LB,Oregon Tech,23,1997,0,0,4,37,131,9
1988,8,211,PIT,Mike Hinnant,FALSE,TE,Temple,21,1992,0,0,0,0,36,4
1988,8,212,MIA,Harry Galbreath,FALSE,OG,Tennessee,23,1996,0,0,9,60,141,8
1988,8,213,BUF,Jeff Wright,FALSE,DT,Central Missouri St.,25,1994,0,0,5,30,98,6
1988,8,214,HOU,David Viaene,FALSE,OC,Minnesota-Duluth,23,1992,0,0,0,4,21,4
1988,8,215,SEA,Robert Tyler,FALSE,TE,South Carolina St.,22,1989,0,0,1,1,9,1
1988,8,216,CLE,J.J. Birden,FALSE,WR,Oregon,23,1996,0,0,5,30,93,8
1988,8,217,CHI,Harvey Reed,FALSE,RB,Howard,NA,NA,0,0,0,NA,NA,NA
1988,8,218,NOR,Glenn Derby,FALSE,OT,Wisconsin,24,1990,0,0,0,0,7,2
1988,8,219,SFO,Larry Clarkson,FALSE,OT,Montana,NA,NA,0,0,0,NA,NA,NA
1988,8,220,MIA,Louis Cheek,FALSE,OT,Texas A&M,23,1991,0,0,1,8,45,3
1988,8,221,WAS,Darryl McGill,FALSE,RB,Wake Forest,NA,NA,0,0,0,NA,NA,NA
1988,9,222,ATL,James Primus,FALSE,RB,UCLA,24,1989,0,0,0,1,21,1
1988,9,223,DET,Kip Corrington,FALSE,DB,Texas A&M,23,1990,0,0,0,3,32,2
1988,9,224,KAN,Azizuddin Abdur-Ra'oof,FALSE,WR,Maryland,NA,NA,0,0,0,NA,NA,NA
1988,9,225,TAM,Reuben Davis,FALSE,DE,North Carolina,23,1996,0,0,8,48,139,8
1988,9,226,CIN,Brandy Wells,FALSE,DB,Notre Dame,NA,NA,0,0,0,NA,NA,NA
1988,9,227,RAI,Reggie Ware,FALSE,RB,Auburn,NA,NA,0,0,0,NA,NA,NA
1988,9,228,GNB,Neal Wilkinson,FALSE,TE,James Madison,NA,NA,0,0,0,NA,NA,NA
1988,9,229,RAI,Scott Tabor,FALSE,P,California,NA,NA,0,0,0,NA,NA,NA
1988,9,230,NYJ,Ralph Tamm,FALSE,OG,West Chester,22,1999,0,0,2,22,121,11
1988,9,231,RAM,Pat Foster,FALSE,DT,Montana,NA,NA,0,0,0,NA,NA,NA
1988,9,232,DAL,Brian Bedford,FALSE,WR,California,NA,NA,0,0,0,NA,NA,NA
1988,9,233,PHO,Scott Dill,FALSE,OT,Memphis,22,1997,0,0,3,23,110,9
1988,9,234,DET,Todd Irvin,FALSE,OT,Mississippi,NA,NA,0,0,0,NA,NA,NA
1988,9,235,BUF,Carlton Bailey,FALSE,LB,North Carolina,23,1997,0,0,6,43,142,9
1988,9,236,PIT,Gordie Lockbaum,FALSE,RB,Holy Cross,NA,NA,0,0,0,NA,NA,NA
1988,9,237,MIN,Paul McGowan,FALSE,LB,Florida St.,NA,NA,0,0,0,NA,NA,NA
1988,9,238,SDG,Joey Howard,FALSE,OT,Tennessee,22,1989,0,0,0,1,9,1
1988,9,239,MIA,Jeff Cross,FALSE,DE,Missouri,22,1995,0,1,7,50,125,7
1988,9,240,NWE,Neil Galbraith,FALSE,DB,Central Oklahoma,NA,NA,0,0,0,NA,NA,NA
1988,9,241,HOU,David Spradlin,FALSE,LB,TCU,NA,NA,0,0,0,NA,NA,NA
1988,9,242,SEA,Deatrich Wise,FALSE,DT,Jackson St.,NA,NA,0,0,0,NA,NA,NA
1988,9,243,IND,Jeff Herrod,FALSE,LB,Mississippi,22,1998,0,0,8,46,153,10
1988,9,244,CLE,Danny Copeland,FALSE,DB,Eastern Kentucky,22,1993,0,0,3,19,73,5
1988,9,245,CHI,Rogie Magee,FALSE,WR,LSU,NA,NA,0,0,0,NA,NA,NA
1988,9,246,NOR,Clarence Nunn,FALSE,DB,San Diego St.,NA,NA,0,0,0,NA,NA,NA
1988,9,247,SFO,Brian Bonner,FALSE,LB,Minnesota,22,1989,0,0,0,0,6,1
1988,9,248,DEN,Mel Farr,FALSE,RB,UCLA,22,1989,0,0,0,0,1,1
1988,9,249,WAS,Blake Peterson,FALSE,LB,Colorado Mesa,NA,NA,0,0,0,NA,NA,NA
1988,10,250,ATL,Stan Clayton,FALSE,OG,Penn St.,23,1990,0,0,1,6,26,2
1988,10,251,KAN,Kenny Gamble,FALSE,RB,Colgate,23,1990,0,0,0,0,19,2
1988,10,252,PIT,John Jackson,FALSE,OT,Eastern Kentucky,23,2001,0,0,11,58,203,13
1988,10,253,CIN,Ellis Dillahunt,FALSE,DB,East Carolina,23,1988,0,0,0,0,8,0
1988,10,254,DET,Paco Craig,FALSE,WR,UCLA,23,1988,0,0,0,0,8,0
1988,10,255,RAI,Newt Harrell,FALSE,OT,West Texas A&M,NA,NA,0,0,0,NA,NA,NA
1988,10,256,GNB,Bud Keyes,FALSE,QB,Wisconsin,NA,NA,0,0,0,NA,NA,NA
1988,10,257,NYJ,John Booty,FALSE,DB,TCU,22,1995,0,0,2,21,102,7
1988,10,258,RAM,R.C. Mullin,FALSE,OT,Louisiana,NA,NA,0,0,0,NA,NA,NA
1988,10,259,NYG,Eric Hickerson,FALSE,DB,Indiana,NA,NA,0,0,0,NA,NA,NA
1988,10,260,PHO,Andy Schillinger,FALSE,WR,Miami (OH),23,1988,0,0,0,0,3,0
1988,10,261,PHI,Joe Schuster,FALSE,DT,Iowa,NA,NA,0,0,0,NA,NA,NA
1988,10,262,BUF,Martin Mayhew,FALSE,DB,Florida St.,22,1996,0,0,7,40,118,8
1988,10,263,DAL,Billy Owens,FALSE,DB,Pittsburgh,22,1988,0,0,0,1,16,0
1988,10,264,MIN,Brian Habib,FALSE,OG,Washington,23,1999,0,0,8,61,174,11
1988,10,265,NYG,Steve Wilkes,FALSE,TE,Appalachian St.,NA,NA,0,0,0,NA,NA,NA
1988,10,266,MIA,Artis Jackson,FALSE,DT,Texas Tech,NA,NA,0,0,0,NA,NA,NA
1988,10,267,NWE,Rodney Lossow,FALSE,OC,Wisconsin,NA,NA,0,0,0,NA,NA,NA
1988,10,268,DEN,Channing Williams,FALSE,RB,Arizona St.,NA,NA,0,0,0,NA,NA,NA
1988,10,269,SEA,Derwin Jones,FALSE,DE,Miami (FL),NA,NA,0,0,0,NA,NA,NA
1988,10,270,IND,O'Brien Alston,FALSE,LB,Maryland,22,1989,0,0,1,7,19,1
1988,10,271,HOU,Marco Johnson,FALSE,WR,Hawaii,NA,NA,0,0,0,NA,NA,NA
1988,10,272,CLE,Brian Washington,FALSE,DB,Nebraska,22,1996,0,0,8,47,124,8
1988,10,273,CHI,Joel Porter,FALSE,OG,Baylor,NA,NA,0,0,0,NA,NA,NA
1988,10,274,NOR,Todd Santos,FALSE,QB,San Diego St.,NA,NA,0,0,0,NA,NA,NA
1988,10,275,SFO,Tim Foley,FALSE,PK,Georgia Southern,NA,NA,0,0,0,NA,NA,NA
1988,10,276,NOR,Vincent Fizer,FALSE,LB,Southern,NA,NA,0,0,0,NA,NA,NA
1988,10,277,WAS,Henry Brown,FALSE,OT,Ohio St.,NA,NA,0,0,0,NA,NA,NA
1988,11,278,ATL,James Milling,FALSE,WR,Maryland,23,1992,0,0,0,1,24,4
1988,11,279,TAM,Frank Pillow,FALSE,WR,Tennessee St.,23,1990,0,0,0,3,34,2
1988,11,280,CIN,Paul Hickert,FALSE,PK,Murray St.,NA,NA,0,0,0,NA,NA,NA
1988,11,281,DET,Danny McCoin,FALSE,QB,Cincinnati,NA,NA,0,0,0,NA,NA,NA
1988,11,282,KAN,Danny McManus,FALSE,QB,Florida St.,NA,NA,0,0,0,NA,NA,NA
1988,11,283,RAI,David Weber,FALSE,QB,,NA,NA,0,0,0,NA,NA,NA
1988,11,284,SEA,Rick McLeod,FALSE,OT,Washington,NA,NA,0,0,0,NA,NA,NA
1988,11,285,SDG,Ed Miller,FALSE,OC,Pittsburgh,NA,NA,0,0,0,NA,NA,NA
1988,11,286,NYG,Greg Harris,FALSE,WR,Troy,NA,NA,0,0,0,NA,NA,NA
1988,11,287,NYJ,John Galvin,FALSE,LB,Boston Col.,23,1991,0,0,0,4,52,3
1988,11,288,PHI,Izel Jenkins,FALSE,DB,North Carolina St.,24,1993,0,0,1,13,86,5
1988,11,289,BUF,Pete Curkendall,FALSE,DT,Penn St.,NA,NA,0,0,0,NA,NA,NA
1988,11,290,DAL,Chad Hennings,FALSE,DT,Air Force,22,2000,0,0,4,34,119,12
1988,11,291,PHO,Keith McCoy,FALSE,DB,Fresno St.,NA,NA,0,0,0,NA,NA,NA
1988,11,292,MIA,Tom Kelleher,FALSE,RB,Holy Cross,NA,NA,0,0,0,NA,NA,NA
1988,11,293,SDG,George Hinkle,FALSE,DE,Arizona,23,1993,0,0,2,13,68,5
1988,11,294,NWE,Marvin Allen,FALSE,RB,Tulane,22,1991,0,0,0,1,37,3
1988,11,295,PIT,Bobby Dawson,FALSE,DB,Illinois,NA,NA,0,0,0,NA,NA,NA
1988,11,296,MIN,Norman Floyd,FALSE,DB,South Carolina,NA,NA,0,0,0,NA,NA,NA
1988,11,297,IND,Donnie Dee,FALSE,TE,Tulsa,23,1989,0,0,0,0,17,1
1988,11,298,HOU,Jethro Franklin,FALSE,DE,Fresno St.,22,1989,0,0,0,1,7,1
1988,11,299,SEA,Dwayne Harper,FALSE,DB,South Carolina St.,22,1999,0,0,9,49,148,11
1988,11,300,CLE,Hendley Hawkins,FALSE,WR,Nebraska,NA,NA,0,0,0,NA,NA,NA
1988,11,301,CHI,Steve Forch,FALSE,LB,Nebraska,NA,NA,0,0,0,NA,NA,NA
1988,11,302,NOR,Gary Couch,FALSE,WR,Minnesota,NA,NA,0,0,0,NA,NA,NA
1988,11,303,SFO,Chet Brooks,FALSE,DB,Texas A&M,22,1990,0,0,2,13,33,2
1988,11,304,DEN,Richard Calvin,FALSE,RB,Washington St.,NA,NA,0,0,0,NA,NA,NA
1988,11,305,WAS,Curt Koch,FALSE,DE,Colorado,NA,NA,0,0,0,NA,NA,NA
1988,12,306,ATL,Carter Wiley,FALSE,DB,Virginia Tech,NA,NA,0,0,0,NA,NA,NA
1988,12,307,CIN,Carl Parker,FALSE,WR,Vanderbilt,23,1989,0,0,0,0,6,1
1988,12,308,IND,Aatron Kenney,FALSE,WR,Wisconsin–Stevens Point,NA,NA,0,0,0,NA,NA,NA
1988,12,309,BUF,John Driscoll,FALSE,OT,New Hampshire,NA,NA,0,0,0,NA,NA,NA
1988,12,310,TAM,Victor Jones,FALSE,LB,Virginia Tech,21,1994,0,0,1,11,93,6
1988,12,311,RAI,Greg Kunkel,FALSE,OG,Kentucky,NA,NA,0,0,0,NA,NA,NA
1988,12,312,GNB,Scott Bolton,FALSE,WR,Auburn,23,1988,0,0,0,0,4,0
1988,12,313,NYG,David Futrell,FALSE,DT,BYU,NA,NA,0,0,0,NA,NA,NA
1988,12,314,NYJ,Albert Goss,FALSE,DT,Jackson St.,NA,NA,0,0,0,NA,NA,NA
1988,12,315,WAS,Wayne Ross,FALSE,P,San Diego St.,NA,NA,0,0,0,NA,NA,NA
1988,12,316,BUF,Tom Erlandson,FALSE,LB,Washington,22,1988,0,0,0,0,4,0
1988,12,317,DAL,Ben Hummel,FALSE,LB,UCLA,NA,NA,0,0,0,NA,NA,NA
1988,12,318,PHO,Chris Carrier,FALSE,DB,LSU,NA,NA,0,0,0,NA,NA,NA
1988,12,319,PHI,Steve Kaufusi,FALSE,DE,BYU,24,1990,0,0,0,2,32,2
1988,12,320,MIA,Brian Kinchen,FALSE,TE,LSU,23,2003,0,0,4,15,193,15
1988,12,321,NWE,Dave Nugent,FALSE,DT,Boston Col.,NA,NA,0,0,0,NA,NA,NA
1988,12,322,PIT,James Earle,FALSE,LB,Clemson,NA,NA,0,0,0,NA,NA,NA
1988,12,323,NYG,Brendan McCormack,FALSE,DT,South Carolina,NA,NA,0,0,0,NA,NA,NA
1988,12,324,SDG,Wendell Phillips,FALSE,DB,North Alabama,NA,NA,0,0,0,NA,NA,NA
1988,12,325,HOU,John Brantley,FALSE,LB,Georgia,22,1992,0,0,0,2,20,4
1988,12,326,SEA,Dave Des Rochers,FALSE,OT,San Diego St.,NA,NA,0,0,0,NA,NA,NA
1988,12,327,IND,Tim Vesling,FALSE,PK,Syracuse,NA,NA,0,0,0,NA,NA,NA
1988,12,328,CLE,Steve Slayden,FALSE,QB,Duke,NA,NA,0,0,0,NA,NA,NA
1988,12,329,CHI,Greg Clark,FALSE,LB,Arizona St.,23,1992,0,0,0,6,70,4
1988,12,330,NOR,Paul Jurgensen,FALSE,DE,Georgia Tech,NA,NA,0,0,0,NA,NA,NA
1988,12,331,SFO,George Jr. Mira,FALSE,LB,Miami (FL),NA,NA,0,0,0,NA,NA,NA
1988,12,332,DEN,Johnny Carter,FALSE,DT,Grambling St.,NA,NA,0,0,0,NA,NA,NA
1988,12,333,RAM,Jeff Beathard,FALSE,WR,Southern Oregon,NA,NA,0,0,0,NA,NA,NA
1989,1,1,DAL,Troy Aikman,TRUE,QB,UCLA,22,2000,0,6,12,96,165,11
1989,1,2,GNB,Tony Mandarich,FALSE,OT,Michigan St.,22,1998,0,0,4,28,86,9
1989,1,3,DET,Barry Sanders,TRUE,RB,Oklahoma St.,21,1998,6,10,10,120,153,9
1989,1,4,KAN,Derrick Thomas,TRUE,LB,Alabama,22,1999,2,9,11,104,169,10
1989,1,5,ATL,Deion Sanders,TRUE,DB,Florida St.,22,2005,6,8,12,127,188,16
1989,1,6,TAM,Broderick Thomas,FALSE,LB,Nebraska,22,1997,0,0,6,40,144,8
1989,1,7,PIT,Tim Worley,FALSE,RB,Georgia,22,1994,0,0,2,13,48,5
1989,1,8,SDG,Burt Grossman,FALSE,DE,Pittsburgh,22,1994,0,0,5,35,86,5
1989,1,9,MIA,Sammie Smith,FALSE,RB,Florida St.,22,1992,0,0,2,13,44,3
1989,1,10,PHO,Eric Hill,FALSE,LB,LSU,22,1999,0,0,11,52,160,10
1989,1,11,CHI,Donnell Woolford,FALSE,DB,Clemson,23,1997,0,1,9,51,126,8
1989,1,12,CHI,Trace Armstrong,FALSE,DE,Florida,23,2003,0,1,9,61,211,14
1989,1,13,CLE,Eric Metcalf,FALSE,RB,Texas,21,2002,2,3,6,64,179,13
1989,1,14,NYJ,Jeff Lageman,FALSE,DE,Virginia,22,1998,0,0,7,44,122,9
1989,1,15,SEA,Andy Heck,FALSE,OT,Notre Dame,22,2000,0,0,11,60,185,11
1989,1,16,NWE,Hart Lee Dykes,FALSE,WR,Oklahoma St.,23,1990,0,0,1,9,26,1
1989,1,17,PHO,Joe Wolf,FALSE,OT,Boston Col.,22,1997,0,0,2,24,94,8
1989,1,18,NYG,Brian Williams,FALSE,OC,Minnesota,23,1999,0,0,4,27,129,10
1989,1,19,NOR,Wayne Martin,FALSE,DE,Arkansas,23,1999,0,1,10,68,171,10
1989,1,20,DEN,Steve Atwater,TRUE,DB,Arkansas,22,1999,2,8,11,81,167,10
1989,1,21,RAM,Bill Hawkins,FALSE,DE,Miami (FL),23,1992,0,0,1,6,42,3
1989,1,22,IND,Andre Rison,FALSE,WR,Michigan St.,22,2000,1,5,10,77,186,11
1989,1,23,HOU,David Williams,FALSE,OT,Florida,23,1997,0,0,8,44,128,8
1989,1,24,PIT,Tom Ricketts,FALSE,OG,Pittsburgh,23,1993,0,0,1,9,53,4
1989,1,25,MIA,Louis Oliver,FALSE,DB,Florida,23,1996,0,0,7,45,117,7
1989,1,26,RAM,Cleveland Gary,FALSE,RB,Miami (FL),23,1994,0,0,2,25,68,5
1989,1,27,ATL,Shawn Collins,FALSE,WR,Northern Arizona,22,1993,0,0,1,11,49,4
1989,1,28,SFO,Keith DeLong,FALSE,LB,Tennessee,22,1993,0,0,3,23,64,4
1989,2,29,DAL,Steve Wisniewski,FALSE,OG,Penn St.,22,2001,2,8,13,102,206,12
1989,2,30,DET,John Ford,FALSE,WR,Virginia,23,1989,0,0,0,1,7,0
1989,2,31,CLE,Lawyer Tillman,FALSE,WR,Auburn,23,1995,0,0,1,7,37,6
1989,2,32,KAN,Mike Elkins,FALSE,QB,Wake Forest,23,1989,0,0,0,0,1,0
1989,2,33,TAM,Danny Peebles,FALSE,WR,North Carolina St.,23,1991,0,0,0,2,30,2
1989,2,34,PIT,Carnell Lake,FALSE,DB,UCLA,22,2001,1,5,11,83,185,12
1989,2,35,CIN,Eric Ball,FALSE,RB,UCLA,23,1995,0,0,2,5,97,6
1989,2,36,CHI,John Roper,FALSE,LB,Texas A&M,23,1993,0,0,3,20,68,4
1989,2,37,SDG,Courtney Hall,FALSE,OC,Rice,21,1996,0,0,7,48,118,7
1989,2,38,ATL,Ralph Norwood,FALSE,OT,LSU,23,1989,0,0,0,1,11,0
1989,2,39,DAL,Daryl Johnston,FALSE,RB,Syracuse,23,1999,0,2,9,25,151,10
1989,2,40,PHO,Walter Reeves,FALSE,TE,Auburn,23,1996,0,0,4,3,98,7
1989,2,41,DEN,Doug Widell,FALSE,OG,Boston Col.,22,1997,0,0,9,51,139,8
1989,2,42,NYJ,Dennis Byrd,FALSE,DT,Tulsa,22,1992,0,0,2,19,57,3
1989,2,43,NWE,Eric Coleman,FALSE,DB,Wyoming,22,1990,0,0,0,1,15,1
1989,2,44,SEA,Joe Tofflemire,FALSE,OC,Arizona,24,1994,0,0,1,5,33,5
1989,2,45,RAM,Frank Stams,FALSE,LB,Notre Dame,24,1995,0,0,2,17,82,6
1989,2,46,NOR,Robert Massey,FALSE,DB,North Carolina Central,22,1997,0,1,5,34,133,8
1989,2,47,DEN,Warren Powers,FALSE,DE,Maryland,24,1992,0,0,2,15,51,3
1989,2,48,RAM,Brian Smith,FALSE,LB,Auburn,23,1990,0,0,0,2,19,1
1989,2,49,PHI,Jessie Small,FALSE,LB,Eastern Kentucky,22,1992,0,0,2,12,53,3
1989,2,50,HOU,Scott Kozak,FALSE,LB,Oregon,23,1993,0,0,0,5,80,4
1989,2,51,SDG,Billy Joe Tolliver,FALSE,QB,Texas Tech,23,1999,0,0,3,24,79,10
1989,2,52,MIN,David Braxton,FALSE,LB,Wake Forest,24,1994,0,0,0,5,71,5
1989,2,53,RAM,Darryl Henley,FALSE,DB,UCLA,22,1994,0,0,3,19,76,5
1989,2,54,CHI,Dave Zawatson,FALSE,OG,California,23,1991,0,0,0,1,22,2
1989,2,55,CIN,Freddie Childress,FALSE,OG,Arkansas,22,1992,0,0,0,4,31,3
1989,2,56,SFO,Wesley Walls,FALSE,TE,Mississippi,23,2003,0,5,9,43,196,14
1989,3,57,DAL,Mark Stepnoski,FALSE,OC,Pittsburgh,22,2001,0,5,12,80,194,12
1989,3,58,GNB,Matt Brock,FALSE,DE,Oregon,23,1996,0,0,6,41,108,7
1989,3,59,DET,Mike Utley,FALSE,OG,Washington St.,23,1991,0,0,1,9,32,2
1989,3,60,KAN,Naz Worthen,FALSE,WR,North Carolina St.,23,1990,0,0,0,1,19,1
1989,3,61,PIT,Derek Hill,FALSE,WR,Arizona,21,1990,0,0,2,8,32,1
1989,3,62,ATL,Keith Jones,FALSE,RB,Illinois,23,1992,0,0,3,10,50,3
1989,3,63,NWE,Marv Cook,FALSE,TE,Iowa,23,1995,1,2,6,13,112,6
1989,3,64,NYG,Bob Kratch,FALSE,OG,Iowa,23,1996,0,0,4,34,105,7
1989,3,65,CHI,Jerry Fontenot,FALSE,OC,Texas A&M,22,2004,0,0,11,68,239,15
1989,3,66,WAS,Tracy Rocker,FALSE,DT,Auburn,23,1990,0,0,1,10,24,1
1989,3,67,PHO,Mike Zandofsky,FALSE,OG,Washington,23,1997,0,0,4,35,116,8
1989,3,68,DAL,Rhondy Weston,FALSE,DE,Florida,23,1989,0,0,0,2,12,0
1989,3,69,DEN,Darrell Hamilton,FALSE,OT,North Carolina,24,1991,0,0,0,6,21,2
1989,3,70,NYJ,Joe Mott,FALSE,LB,Iowa,23,1993,0,0,1,7,34,4
1989,3,71,SEA,Elroy Harris,FALSE,RB,Eastern Kentucky,23,1989,0,0,0,0,14,0
1989,3,72,IND,Mitchell Benson,FALSE,DT,TCU,22,1991,0,0,0,3,41,2
1989,3,73,NWE,Chris Gannon,FALSE,DE,Louisiana,23,1993,0,0,0,5,40,4
1989,3,74,GNB,Anthony Dilweg,FALSE,QB,Duke,24,1990,0,0,0,4,10,1
1989,3,75,RAM,Kevin Robbins,FALSE,OT,Michigan St.,22,1993,0,0,0,2,8,4
1989,3,76,PHI,Robert Drummond,FALSE,RB,Syracuse,22,1991,0,0,0,4,36,2
1989,3,77,HOU,Bubba McDowell,FALSE,DB,Miami (FL),22,1995,0,0,5,36,102,6
1989,3,78,NYG,Greg Jackson,FALSE,DB,LSU,23,2000,0,0,9,52,168,11
1989,3,79,NOR,Kim Phillips,FALSE,DB,North Texas,22,1990,0,0,0,0,6,1
1989,3,80,MIN,John Hunter,FALSE,OT,BYU,24,1992,0,0,0,3,26,3
1989,3,81,PHI,Britt Hager,FALSE,LB,Texas,23,1997,0,0,0,17,121,8
1989,3,82,BUF,Don Beebe,FALSE,WR,Chadron St.,24,1997,0,0,4,33,116,8
1989,3,83,CIN,Erik Wilhelm,FALSE,QB,Oregon St.,23,1996,0,0,0,3,22,7
1989,3,84,SFO,Keith Henderson,FALSE,RB,Georgia,23,1992,0,0,0,12,37,3
1989,4,85,DAL,Tony Tolbert,FALSE,DE,Texas-El Paso,21,1997,0,1,7,57,144,8
1989,4,86,DET,Ray Crockett,FALSE,DB,Baylor,22,2002,0,0,11,60,214,13
1989,4,87,GNB,Jeff Graham,FALSE,QB,Long Beach St.,NA,NA,0,0,0,NA,NA,NA
1989,4,88,KAN,Stan Petry,FALSE,DB,TCU,23,1991,0,0,0,3,36,2
1989,4,89,CIN,Kerry Owens,FALSE,LB,Arkansas,NA,NA,0,0,0,NA,NA,NA
1989,4,90,TAM,Anthony Florence,FALSE,DB,Bethune-Cookman,22,1991,0,0,0,0,6,2
1989,4,91,PIT,Jerrol Williams,FALSE,LB,Purdue,22,1996,0,0,1,23,85,7
1989,4,92,MIA,David Holmes,FALSE,DB,Syracuse,NA,NA,0,0,0,NA,NA,NA
1989,4,93,NYG,Lewis Tillman,FALSE,RB,Jackson St.,23,1995,0,0,1,17,109,6
1989,4,94,PHO,Jim Wahler,FALSE,DT,UCLA,23,1993,0,0,3,18,62,4
1989,4,95,CHI,Markus Paul,FALSE,DB,Syracuse,23,1993,0,0,0,11,71,4
1989,4,96,NWE,Maurice Hurst,FALSE,DB,Southern,21,1995,0,0,7,39,105,6
1989,4,97,DEN,Jake McCullough,FALSE,DE,Clemson,24,1990,0,0,0,1,16,1
1989,4,98,NYJ,Ron Stallworth,FALSE,DE,Auburn,23,1990,0,0,1,10,32,1
1989,4,99,IND,Pat Tomberlin,FALSE,OG,Florida St.,23,1993,0,0,1,5,18,4
1989,4,100,NWE,Michael Timpson,FALSE,WR,Penn St.,22,1997,0,0,3,29,116,8
1989,4,101,SEA,Travis McNeal,FALSE,TE,Chattanooga,22,1993,0,0,1,6,76,4
1989,4,102,RAM,Jeff Carlson,FALSE,QB,Weber St.,23,1992,0,0,0,2,7,3
1989,4,103,SEA,James Henry,FALSE,DB,Southern Miss,NA,NA,0,0,0,NA,NA,NA
1989,4,104,HOU,Rod Harris,FALSE,WR,Texas A&M,22,1991,0,0,0,0,38,2
1989,4,105,NYG,Brad Henke,FALSE,DE,Arizona,23,1989,0,0,0,0,2,0
1989,4,106,NOR,Michael Mayes,FALSE,DB,LSU,23,1991,0,0,0,3,27,2
1989,4,107,CLE,Andrew Stewart,FALSE,DE,Cincinnati,23,1989,0,0,0,2,16,0
1989,4,108,MIN,Darryl Ingram,FALSE,TE,California,23,1993,0,0,0,0,36,4
1989,4,109,BUF,John Kolesar,FALSE,WR,Michigan,NA,NA,0,0,0,NA,NA,NA
1989,4,110,WAS,Erik Affholter,FALSE,WR,USC,23,1991,0,0,0,1,4,2
1989,4,111,CIN,Rob Woods,FALSE,OT,Arizona,23,1991,0,0,0,1,2,2
1989,4,112,SFO,Michael Barber,FALSE,WR,Marshall,22,1992,0,0,0,4,41,3
1989,5,113,DAL,Keith Jennings,FALSE,TE,Clemson,23,1997,0,0,5,7,92,8
1989,5,114,CLE,Kyle Kramer,FALSE,DB,Bowling Green,22,1989,0,0,0,1,14,0
1989,5,115,DET,Lawrence Pete,FALSE,DT,Nebraska,23,1993,0,0,1,11,61,4
1989,5,116,CLE,Vernon Joines,FALSE,WR,Maryland,24,1990,0,0,0,1,20,1
1989,5,117,TAM,Jamie Lawson,FALSE,RB,Nicholls St.,23,1990,0,0,0,0,12,1
1989,5,118,PIT,David Arnold,FALSE,DB,Michigan,22,1989,0,0,0,1,15,0
1989,5,119,DAL,Willis Crockett,FALSE,LB,Georgia Tech,23,1990,0,0,0,1,13,1
1989,5,120,SDG,Elliot Smith,FALSE,DB,Alcorn St.,22,1990,0,0,0,2,11,1
1989,5,121,MIA,Jeff Uhlenhake,FALSE,OC,Ohio St.,23,1997,0,0,8,49,119,8
1989,5,122,SFO,Johnnie Jackson,FALSE,DB,Houston,22,1992,0,0,0,10,54,3
1989,5,123,PHO,Richard Tardits,FALSE,LB,Georgia,24,1992,0,0,0,2,27,3
1989,5,124,GNB,Jeff Query,FALSE,WR,Millikin,22,1995,0,0,1,15,86,6
1989,5,125,DAL,Jeff Roth,FALSE,DT,Florida,NA,NA,0,0,0,NA,NA,NA
1989,5,126,NYJ,Tony Martin,FALSE,WR,Colorado Mesa,24,2001,0,1,6,66,177,12
1989,5,127,GNB,Vince Workman,FALSE,RB,Ohio St.,21,1996,0,0,2,22,106,7
1989,5,128,PHO,David Edeen,FALSE,DE,Wyoming,NA,NA,0,0,0,NA,NA,NA
1989,5,129,WAS,Tim Smiley,FALSE,DB,Arkansas St.,NA,NA,0,0,0,NA,NA,NA
1989,5,130,CHI,Mark Green,FALSE,RB,Notre Dame,22,1992,0,0,0,6,53,3
1989,5,131,HOU,Glenn Montgomery,FALSE,DT,Houston,22,1996,0,0,3,26,114,7
1989,5,132,NYG,Dave Meggett,FALSE,RB,Towson,23,1998,0,2,0,43,146,9
1989,5,133,NOR,Kevin Haverdink,FALSE,OT,Western Michigan,23,1991,0,0,1,14,41,2
1989,5,134,DEN,Darren Carrington,FALSE,DB,Northern Arizona,22,1996,0,0,3,22,112,7
1989,5,135,RAM,Alfred Jackson,FALSE,WR,San Diego St.,22,1996,0,0,0,5,45,7
1989,5,136,CHI,Greg Gilbert,FALSE,LB,Alabama,NA,NA,0,0,0,NA,NA,NA
1989,5,137,BUF,Michael Andrews,FALSE,DB,Alcorn St.,NA,NA,0,0,0,NA,NA,NA
1989,5,138,CIN,Natu Tuatagaloa,FALSE,DE,California,23,1995,0,0,1,15,76,6
1989,5,139,WAS,Lybrant Robinson,FALSE,DE,Delaware St.,25,1989,0,0,0,0,5,0
1989,6,140,RAI,Jeff Francis,FALSE,QB,Tennessee,23,1990,0,0,0,0,1,1
1989,6,141,DET,Rodney Peete,FALSE,QB,USC,23,2004,0,0,7,46,104,15
1989,6,142,GNB,Chris Jacke,FALSE,PK,Texas-El Paso,23,1999,1,0,0,24,147,10
1989,6,143,KAN,Robb Thomas,FALSE,WR,Oregon St.,23,1998,0,0,3,21,136,9
1989,6,144,PIT,Mark Stock,FALSE,WR,VMI,23,1996,0,0,0,1,25,7
1989,6,145,ATL,Troy Sadowski,FALSE,TE,Georgia,23,1998,0,0,0,0,100,9
1989,6,146,TAM,Chris Mohr,FALSE,P,Alabama,23,2004,0,0,0,19,239,15
1989,6,147,MIA,Wes Pritchett,FALSE,LB,Notre Dame,23,1991,0,0,0,0,3,2
1989,6,148,RAM,Thom Kaumeyer,FALSE,DB,Oregon,22,1990,0,0,0,1,8,1
1989,6,149,WAS,A.J. Johnson,FALSE,DB,Texas St.,22,1995,0,0,2,14,71,6
1989,6,150,PHO,Jay Taylor,FALSE,DB,San Jose St.,21,1994,0,0,1,11,79,5
1989,6,151,NYJ,Marvin Washington,FALSE,DE,Idaho,23,1999,0,0,6,44,155,10
1989,6,152,DEN,Anthony Stafford,FALSE,WR,Oklahoma,NA,NA,0,0,0,NA,NA,NA
1989,6,153,NYJ,Titus Dixon,FALSE,WR,Troy,23,1989,0,0,0,0,4,0
1989,6,154,TAM,Derrick Little,FALSE,LB,South Carolina,NA,NA,0,0,0,NA,NA,NA
1989,6,155,IND,Quintus McDonald,FALSE,LB,Penn St.,22,1991,0,0,0,6,40,2
1989,6,156,RAI,Doug Lloyd,FALSE,RB,North Dakota St.,24,1991,0,0,0,0,1,2
1989,6,157,HOU,Bo Orlando,FALSE,DB,West Virginia,23,1998,0,0,3,24,129,9
1989,6,158,NYG,Howard Cross,FALSE,TE,Alabama,22,2001,0,0,10,17,207,12
1989,6,159,NOR,Floyd Turner,FALSE,WR,Northwestern St. (LA),23,1998,0,0,3,34,114,9
1989,6,160,CLE,Gary Wilkerson,FALSE,DB,Penn St.,NA,NA,0,0,0,NA,NA,NA
1989,6,161,RAM,Mark Messner,FALSE,LB,Michigan,23,1989,0,0,0,0,4,0
1989,6,162,PHI,Heath Sherman,FALSE,RB,Texas A&M-Kingsville,22,1993,0,0,3,20,76,4
1989,6,163,MIN,Jeff Mickel,FALSE,OT,Eastern Washington,23,1990,0,0,0,0,1,1
1989,6,164,BUF,Sean Doctor,FALSE,RB,Marshall,NA,NA,0,0,0,NA,NA,NA
1989,6,165,NWE,Eric Mitchel,FALSE,RB,Oklahoma,NA,NA,0,0,0,NA,NA,NA
1989,6,166,CIN,Craig Taylor,FALSE,RB,West Virginia,23,1991,0,0,0,5,36,2
1989,6,167,SFO,Steve Hendrickson,FALSE,LB,California,23,1995,0,0,1,14,100,6
1989,7,168,DAL,Kevin Peterson,FALSE,LB,Northwestern,NA,NA,0,0,0,NA,NA,NA
1989,7,169,GNB,Mark Hall,FALSE,DE,Louisiana,24,1990,0,0,0,1,10,1
1989,7,170,DET,Jerry Woods,FALSE,DB,Northern Michigan,23,1990,0,0,0,1,18,1
1989,7,171,KAN,Ron Sancho,FALSE,LB,LSU,NA,NA,0,0,0,NA,NA,NA
1989,7,172,ATL,Undra Johnson,FALSE,RB,West Virginia,23,1989,0,0,0,0,6,0
1989,7,173,BUF,Brian Jordan,FALSE,DB,Richmond,22,1991,0,0,2,13,36,2
1989,7,174,PIT,D.J. Johnson,FALSE,DB,Kentucky,23,1996,0,0,6,32,117,7
1989,7,175,NYG,Dave Popp,FALSE,OT,Eastern Illinois,NA,NA,0,0,0,NA,NA,NA
1989,7,176,MIA,Jim Zdelar,FALSE,OT,Youngstown St.,NA,NA,0,0,0,NA,NA,NA
1989,7,177,PHO,Ricky Royal,FALSE,DB,Sam Houston St.,23,1990,0,0,0,0,1,1
1989,7,178,NWE,Eric Lindstrom,FALSE,LB,Boston Col.,NA,NA,0,0,0,NA,NA,NA
1989,7,179,WAS,Kevin Hendrix,FALSE,LB,South Carolina,NA,NA,0,0,0,NA,NA,NA
1989,7,180,DEN,Mel Bratton,FALSE,RB,Miami (FL),24,1990,0,0,0,4,32,1
1989,7,181,NYJ,Stevon Moore,FALSE,DB,Mississippi,22,1999,0,0,6,36,122,10
1989,7,182,IND,Ivy Joe Hunter,FALSE,RB,Kentucky,22,1991,0,0,1,1,45,2
1989,7,183,SDG,Marion Butts,FALSE,RB,Florida St.,23,1995,0,2,4,35,104,6
1989,7,184,SEA,Mike Nettles,FALSE,DB,Memphis,NA,NA,0,0,0,NA,NA,NA
1989,7,185,IND,Charles Washington,FALSE,DB,Cameron,22,1994,0,0,0,6,74,5
1989,7,186,NOR,David Griggs,FALSE,LB,Virginia,22,1994,0,0,4,30,78,5
1989,7,187,CLE,Mike Graybill,FALSE,OT,Boston Univ.,22,1989,0,0,0,0,6,0
1989,7,188,RAM,George Bethune,FALSE,LB,Alabama,22,1990,0,0,0,2,32,1
1989,7,189,CHI,Richard Brothers,FALSE,DB,Arkansas,NA,NA,0,0,0,NA,NA,NA
1989,7,190,HOU,Tracy Rogers,FALSE,LB,Fresno St.,22,1996,0,0,1,13,75,7
1989,7,191,MIN,Benji Roland,FALSE,DE,Auburn,22,1990,0,0,0,0,3,1
1989,7,192,CHI,Brent Snyder,FALSE,QB,Utah St.,NA,NA,0,0,0,NA,NA,NA
1989,7,193,BUF,Chris Hale,FALSE,DB,USC,23,1992,0,0,0,4,43,3
1989,7,194,CIN,Kendal Smith,FALSE,WR,Utah St.,23,1990,0,0,0,2,20,1
1989,7,195,SDG,Terrence Jones,FALSE,QB,Tulane,NA,NA,0,0,0,NA,NA,NA
1989,8,196,DAL,Charvez Foger,FALSE,RB,Nevada,NA,NA,0,0,0,NA,NA,NA
1989,8,197,DET,Chris Parker,FALSE,DT,West Virginia,NA,NA,0,0,0,NA,NA,NA
1989,8,198,GNB,Thomas King,FALSE,DB,Louisiana,NA,NA,0,0,0,NA,NA,NA
1989,8,199,KAN,Bryan Tobey,FALSE,RB,Grambling St.,NA,NA,0,0,0,NA,NA,NA
1989,8,200,TAM,Carl Bax,FALSE,OG,Missouri,23,1990,0,0,0,5,15,1
1989,8,201,PIT,Chris Asbeck,FALSE,DT,Cincinnati,NA,NA,0,0,0,NA,NA,NA
1989,8,202,ATL,Paul Singer,FALSE,QB,Western Illinois,NA,NA,0,0,0,NA,NA,NA
1989,8,203,MIA,Pete Stoyanovich,FALSE,PK,Indiana,22,2000,1,0,0,33,182,11
1989,8,204,SDG,Dana Brinson,FALSE,WR,Nebraska,24,1989,0,0,0,1,10,0
1989,8,205,RAI,Derrick Gainer,FALSE,RB,Florida A&M,23,1993,0,0,0,2,34,4
1989,8,206,GNB,Brian Shulman,FALSE,P,Auburn,NA,NA,0,0,0,NA,NA,NA
1989,8,207,PHO,John Burch,FALSE,RB,UT Martin,NA,NA,0,0,0,NA,NA,NA
1989,8,208,DEN,Paul Green,FALSE,TE,USC,22,1996,0,0,1,5,49,7
1989,8,209,NYJ,A.B. Brown,FALSE,RB,West Virginia,23,1992,0,0,0,0,33,3
1989,8,210,NWE,Rodney Rice,FALSE,DB,BYU,23,1990,0,0,0,3,26,1
1989,8,211,SEA,Martin Williams,FALSE,DE,Western Illinois,NA,NA,0,0,0,NA,NA,NA
1989,8,212,IND,Kurt Larson,FALSE,LB,Michigan St.,23,1991,0,0,0,4,42,2
1989,8,213,NOR,Fred Hadley,FALSE,WR,Mississippi St.,NA,NA,0,0,0,NA,NA,NA
1989,8,214,CLE,Rick Aeilts,FALSE,TE,SE Missouri St.,NA,NA,0,0,0,NA,NA,NA
1989,8,215,RAM,Warren Wheat,FALSE,OG,BYU,22,1991,0,0,1,3,16,2
1989,8,216,CHI,Tony Woods,FALSE,DT,Oklahoma,23,1989,0,0,0,2,15,0
1989,8,217,HOU,Alvoid Mays,FALSE,DB,West Virginia,23,1995,0,0,0,10,74,6
1989,8,218,NYG,Myron Guyton,FALSE,DB,Eastern Kentucky,22,1995,0,0,6,40,98,6
1989,8,219,MIN,Alex Stewart,FALSE,DE,Cal State-Fullerton,NA,NA,0,0,0,NA,NA,NA
1989,8,220,KAN,Todd McNair,FALSE,RB,Temple,23,1996,0,0,0,26,121,7
1989,8,221,CHI,Chris Dyko,FALSE,OT,Washington St.,23,1989,0,0,0,1,8,0
1989,8,222,CIN,Chris Chenault,FALSE,LB,Kentucky,NA,NA,0,0,0,NA,NA,NA
1989,8,223,NWE,Tony Zackery,FALSE,DB,Washington,22,1991,0,0,0,1,19,2
1989,9,224,DAL,Tim Jackson,FALSE,DB,Nebraska,23,1989,0,0,0,0,1,0
1989,9,225,GNB,Scott Kirby,FALSE,OT,Arizona St.,NA,NA,0,0,0,NA,NA,NA
1989,9,226,DET,Derek MacCready,FALSE,DE,Ohio St.,NA,NA,0,0,0,NA,NA,NA
1989,9,227,KAN,Jack Phillips,FALSE,DB,Alcorn St.,NA,NA,0,0,0,NA,NA,NA
1989,9,228,PIT,A.J. Jenkins,FALSE,LB,Cal State-Fullerton,23,1990,0,0,0,2,21,1
1989,9,229,ATL,Chris Dunn,FALSE,LB,Cal Poly-San Luis Obispo,NA,NA,0,0,0,NA,NA,NA
1989,9,230,TAM,Patrick Egu,FALSE,RB,Nevada,22,1989,0,0,0,0,7,0
1989,9,231,SDG,Pat Davis,FALSE,TE,Syracuse,NA,NA,0,0,0,NA,NA,NA
1989,9,232,MIA,Dana Batisite,FALSE,LB,Texas A&M,NA,NA,0,0,0,NA,NA,NA
1989,9,233,WAS,Charles Darrington,FALSE,TE,Kentucky,NA,NA,0,0,0,NA,NA,NA
1989,9,234,PHO,Kendall Trainor,FALSE,PK,Arkansas,NA,NA,0,0,0,NA,NA,NA
1989,9,235,RAI,Gary Gooden,FALSE,DB,Indiana,NA,NA,0,0,0,NA,NA,NA
1989,9,236,DEN,Monte Smith,FALSE,OG,North Dakota,22,1989,0,0,0,1,14,0
1989,9,237,NYJ,Pat Marlatt,FALSE,DT,West Virginia,NA,NA,0,0,0,NA,NA,NA
1989,9,238,SEA,David Franks,FALSE,OG,Connecticut,NA,NA,0,0,0,NA,NA,NA
1989,9,239,IND,William Mackall,FALSE,WR,UT Martin,NA,NA,0,0,0,NA,NA,NA
1989,9,240,NWE,Darron Norris,FALSE,RB,Texas,NA,NA,0,0,0,NA,NA,NA
1989,9,241,DEN,Wayne Williams,FALSE,RB,Florida,NA,NA,0,0,0,NA,NA,NA
1989,9,242,RAM,Vernon Kirk,FALSE,TE,Pittsburgh,NA,NA,0,0,0,NA,NA,NA
1989,9,243,CHI,LaSalle Harper,FALSE,LB,Arkansas,22,1989,0,0,0,0,4,0
1989,9,244,HOU,Bob Mrosko,FALSE,TE,Penn St.,23,1991,0,0,1,1,42,2
1989,9,245,NYG,A.J. Greene,FALSE,DB,Wake Forest,23,1991,0,0,0,0,2,2
1989,9,246,NOR,Jerry Leggett,FALSE,LB,Cal State-Fullerton,NA,NA,0,0,0,NA,NA,NA
1989,9,247,NWE,Curtis Wilson,FALSE,OC,Missouri,NA,NA,0,0,0,NA,NA,NA
1989,9,248,CHI,Byron Sanders,FALSE,RB,Northwestern,NA,NA,0,0,0,NA,NA,NA
1989,9,249,BUF,Pat Rabold,FALSE,DT,Wyoming,NA,NA,0,0,0,NA,NA,NA
1989,9,250,CIN,Richard Stephens,FALSE,OG,Tulsa,24,1995,0,0,0,3,29,6
1989,9,251,SFO,Rudy Harmon,FALSE,LB,LSU,NA,NA,0,0,0,NA,NA,NA
1989,10,252,DAL,Rod Carter,FALSE,LB,Miami (FL),NA,NA,0,0,0,NA,NA,NA
1989,10,253,DET,Jason Phillips,FALSE,WR,Houston,22,1993,0,0,1,5,58,4
1989,10,254,GNB,Ben Jessie,FALSE,DB,Texas St.,NA,NA,0,0,0,NA,NA,NA
1989,10,255,KAN,Rob McGovern,FALSE,LB,Holy Cross,22,1992,0,0,0,4,46,3
1989,10,256,CIN,Cornell Holloway,FALSE,DB,Pittsburgh,23,1992,0,0,0,2,32,3
1989,10,257,TAM,Ty Granger,FALSE,OT,Clemson,NA,NA,0,0,0,NA,NA,NA
1989,10,258,PIT,Jerry Olsavsky,FALSE,LB,Pittsburgh,22,1998,0,0,1,22,117,9
1989,10,259,MIA,Deval Glover,FALSE,WR,Syracuse,NA,NA,0,0,0,NA,NA,NA
1989,10,260,SDG,Ricky Andrews,FALSE,LB,Washington,23,1990,0,0,0,1,15,1
1989,10,261,PHO,Chris Becker,FALSE,P,TCU,NA,NA,0,0,0,NA,NA,NA
1989,10,262,RAI,Charles Jackson,FALSE,DT,Jackson St.,NA,NA,0,0,0,NA,NA,NA
1989,10,263,WAS,Mark Schlereth,FALSE,OG,Idaho,23,2000,0,2,8,66,156,11
1989,10,264,DEN,Anthony Butts,FALSE,DT,Mississippi St.,NA,NA,0,0,0,NA,NA,NA
1989,10,265,NYJ,Adam Bob,FALSE,LB,Texas A&M,21,1989,0,0,0,0,5,0
1989,10,266,IND,Jim Thompson,FALSE,OT,Auburn,NA,NA,0,0,0,NA,NA,NA
1989,10,267,NWE,Emanuel McNeil,FALSE,DT,UT Martin,22,1990,0,0,0,0,3,1
1989,10,268,SEA,Derrick Fenner,FALSE,RB,North Carolina,22,1997,0,0,7,30,120,8
1989,10,269,RAM,Mike Williams,FALSE,WR,Northeastern,22,1995,0,0,0,2,59,6
1989,10,270,CHI,Todd Millikan,FALSE,TE,Nebraska,NA,NA,0,0,0,NA,NA,NA
1989,10,271,HOU,Tracy Johnson,FALSE,RB,Clemson,22,1996,0,0,1,2,121,7
1989,10,272,NYG,Rodney Lowe,FALSE,DE,Mississippi,NA,NA,0,0,0,NA,NA,NA
1989,10,273,NOR,Joe Henderson,FALSE,RB,Iowa St.,NA,NA,0,0,0,NA,NA,NA
1989,10,274,CLE,John Buddenberg,FALSE,OT,Akron,NA,NA,0,0,0,NA,NA,NA
1989,10,275,MIA,Greg Ross,FALSE,DT,Memphis,NA,NA,0,0,0,NA,NA,NA
1989,10,276,BUF,Carlo Cheattom,FALSE,DB,Auburn,NA,NA,0,0,0,NA,NA,NA
1989,10,277,CHI,John Simpson,FALSE,WR,Baylor,NA,NA,0,0,0,NA,NA,NA
1989,10,278,CIN,Bob Jean,FALSE,QB,New Hampshire,NA,NA,0,0,0,NA,NA,NA
1989,10,279,SFO,Andy Sinclair,FALSE,OC,Stanford,NA,NA,0,0,0,NA,NA,NA
1989,11,280,DAL,Randy Shannon,FALSE,LB,Miami (FL),23,1990,0,0,0,2,17,1
1989,11,281,GNB,Cedric Stallworth,FALSE,DB,Georgia Tech,NA,NA,0,0,0,NA,NA,NA
1989,11,282,DET,Keith Karpinski,FALSE,LB,Penn St.,22,1989,0,0,0,1,16,0
1989,11,283,KAN,Marcus Turner,FALSE,DB,UCLA,23,1995,0,0,0,10,86,6
1989,11,284,TAM,Rod Mounts,FALSE,OG,Texas A&M-Kingsville,NA,NA,0,0,0,NA,NA,NA
1989,11,285,PIT,Brian Slater,FALSE,WR,Washington,NA,NA,0,0,0,NA,NA,NA
1989,11,286,ATL,Greg Paterra,FALSE,RB,Slippery Rock,22,1989,0,0,0,1,10,0
1989,11,287,SDG,Victor Floyd,FALSE,RB,Florida St.,23,1989,0,0,0,0,6,0
1989,11,288,MIA,Bert Weidner,FALSE,OG,Kent St.,23,1995,0,0,2,26,81,6
1989,11,289,SFO,Jim Bell,FALSE,RB,Boston Col.,NA,NA,0,0,0,NA,NA,NA
1989,11,290,TAM,Willie Griffin,FALSE,DE,Nebraska,NA,NA,0,0,0,NA,NA,NA
1989,11,291,PHO,Jeff Hunter,FALSE,DE,Albany State (GA),23,1994,0,0,0,5,43,5
1989,11,292,DEN,Richard Shelton,FALSE,DB,Liberty,23,1993,0,0,0,7,44,4
1989,11,293,NYJ,Artie Holmes,FALSE,DB,Washington St.,NA,NA,0,0,0,NA,NA,NA
1989,11,294,NWE,Tony Hinz,FALSE,RB,Harvard,NA,NA,0,0,0,NA,NA,NA
1989,11,295,SEA,Mike Baum,FALSE,DE,Northwestern,NA,NA,0,0,0,NA,NA,NA
1989,11,296,IND,Wayne Johnson,FALSE,QB,Georgia,NA,NA,0,0,0,NA,NA,NA
1989,11,297,CHI,Joe Nelms,FALSE,DT,California,NA,NA,0,0,0,NA,NA,NA
1989,11,298,HOU,Brian Smider,FALSE,OT,West Virginia,NA,NA,0,0,0,NA,NA,NA
1989,11,299,NYG,Jerome Rinehart,FALSE,LB,UT Martin,NA,NA,0,0,0,NA,NA,NA
1989,11,300,NOR,Calvin Nicholson,FALSE,DB,Oregon St.,22,1991,0,0,0,1,9,2
1989,11,301,CLE,Dan Plocki,FALSE,PK,Maryland,NA,NA,0,0,0,NA,NA,NA
1989,11,302,TAM,Herb Duncan,FALSE,WR,Northern Arizona,NA,NA,0,0,0,NA,NA,NA
1989,11,303,MIN,Brad Baxter,FALSE,RB,Alabama St.,22,1995,0,0,6,21,94,6
1989,11,304,CHI,George Streeter,FALSE,DB,Notre Dame,22,1990,0,0,0,0,8,1
1989,11,305,BUF,Richard Harvey,FALSE,LB,Tulane,22,2000,0,0,5,32,143,11
1989,11,306,CIN,Dana Wells,FALSE,DT,Arizona,23,1989,0,0,0,0,1,0
1989,11,307,SFO,Norm McGee,FALSE,WR,North Dakota,NA,NA,0,0,0,NA,NA,NA
1989,12,308,DAL,Scott Ankrom,FALSE,WR,TCU,23,1989,0,0,0,0,10,0
1989,12,309,DET,James Cribbs,FALSE,DE,Memphis,23,1989,0,0,0,0,7,0
1989,12,310,GNB,Stan Shiver,FALSE,DB,Florida St.,NA,NA,0,0,0,NA,NA,NA
1989,12,311,KAN,Bill Jones,FALSE,RB,Texas St.,22,1992,0,0,0,3,38,3
1989,12,312,PIT,Carlton Haselrig,FALSE,OG,Pittsburgh-Johnstown,23,1995,0,1,3,22,68,6
1989,12,313,ATL,Tony Bowick,FALSE,DT,Chattanooga,22,1989,0,0,0,1,12,0
1989,12,314,IND,William DuBose,FALSE,RB,South Carolina St.,NA,NA,0,0,0,NA,NA,NA
1989,12,315,MIA,J.B. Brown,FALSE,DB,Maryland,22,2000,0,0,7,37,166,11
1989,12,316,WAS,Jimmie Johnson,FALSE,TE,Howard,22,1998,0,0,1,5,118,9
1989,12,317,WAS,Joe Mickles,FALSE,RB,Mississippi,23,1990,0,0,0,0,10,1
1989,12,318,PHO,Todd Nelson,FALSE,OG,Wisconsin,NA,NA,0,0,0,NA,NA,NA
1989,12,319,SFO,Antonio Goss,FALSE,LB,North Carolina,23,1996,0,0,0,6,92,7
1989,12,320,DEN,John Javis,FALSE,WR,Howard,NA,NA,0,0,0,NA,NA,NA
1989,12,321,NYJ,Willie Snead,FALSE,WR,Florida,NA,NA,0,0,0,NA,NA,NA
1989,12,322,SEA,R.J. Kors,FALSE,DB,Long Beach St.,23,1993,0,0,0,3,37,4
1989,12,323,IND,Steve Taylor,FALSE,QB,Nebraska,NA,NA,0,0,0,NA,NA,NA
1989,12,324,NWE,Aaron Chubb,FALSE,LB,Georgia,NA,NA,0,0,0,NA,NA,NA
1989,12,325,HOU,Chuck Hartlieb,FALSE,QB,Iowa,NA,NA,0,0,0,NA,NA,NA
1989,12,326,NYG,Eric Smith,FALSE,LB,UCLA,NA,NA,0,0,0,NA,NA,NA
1989,12,327,NOR,Mike Cadore,FALSE,WR,Eastern Kentucky,NA,NA,0,0,0,NA,NA,NA
1989,12,328,CLE,Marlon Brown,FALSE,LB,Memphis,NA,NA,0,0,0,NA,NA,NA
1989,12,329,TAM,Terry Young,FALSE,DB,Georgia Southern,NA,NA,0,0,0,NA,NA,NA
1989,12,330,CHI,Freddy Weygand,FALSE,WR,Auburn,NA,NA,0,0,0,NA,NA,NA
1989,12,331,MIN,Shawn Woodson,FALSE,LB,James Madison,NA,NA,0,0,0,NA,NA,NA
1989,12,332,BUF,Derrell Marshall,FALSE,OT,USC,NA,NA,0,0,0,NA,NA,NA
1989,12,333,CHI,Anthony Phillips,FALSE,OG,Oklahoma,NA,NA,0,0,0,NA,NA,NA
1989,12,334,CIN,Scott Jones,FALSE,OT,Washington,23,1991,0,0,0,2,22,2
1989,12,335,MIN,Everett Ross,FALSE,WR,Ohio St.,NA,NA,0,0,0,NA,NA,NA
1990,1,1,IND,Jeff George,FALSE,QB,Illinois,22,2001,0,0,9,66,131,11
1990,1,2,NYJ,Blair Thomas,FALSE,RB,Penn St.,22,1995,0,0,3,20,64,5
1990,1,3,SEA,Cortez Kennedy,TRUE,DT,Miami (FL),22,2000,3,8,9,97,167,10
1990,1,4,TAM,Keith McCants,FALSE,DE,Alabama,22,1995,0,0,2,20,88,5
1990,1,5,SDG,Junior Seau,TRUE,LB,USC,21,2009,6,12,16,133,268,19
1990,1,6,CHI,Mark Carrier,FALSE,DB,USC,22,2000,0,3,11,66,168,10
1990,1,7,DET,Andre Ware,FALSE,QB,Houston,22,1993,0,0,0,5,14,3
1990,1,8,NWE,Chris Singleton,FALSE,LB,Arizona,23,1996,0,0,4,27,90,6
1990,1,9,MIA,Richmond Webb,FALSE,OT,Texas A&M,23,2002,2,7,12,102,184,12
1990,1,10,NWE,Ray Agnew,FALSE,DT,North Carolina St.,22,2000,0,0,7,42,157,10
1990,1,11,RAI,Anthony Smith,FALSE,DE,Arizona,23,1997,0,0,3,27,98,7
1990,1,12,CIN,James Francis,FALSE,LB,Baylor,22,1999,0,0,9,45,143,9
1990,1,13,KAN,Percy Snow,FALSE,LB,Michigan St.,22,1993,0,0,1,10,40,3
1990,1,14,NOR,Renaldo Turnbull,FALSE,DE,West Virginia,24,1997,1,1,3,39,120,7
1990,1,15,HOU,Lamar Lathon,FALSE,LB,Houston,22,1998,0,1,6,49,115,8
1990,1,16,BUF,James Williams,FALSE,DB,Fresno St.,23,1996,0,0,2,17,70,6
1990,1,17,DAL,Emmitt Smith,TRUE,RB,Florida,21,2004,4,8,14,129,226,14
1990,1,18,GNB,Tony Bennett,FALSE,DE,Mississippi,23,1997,0,0,5,42,108,7
1990,1,19,GNB,Darrell Thompson,FALSE,RB,Minnesota,22,1994,0,0,2,16,60,4
1990,1,20,ATL,Steve Broussard,FALSE,RB,Washington St.,23,1998,0,0,1,23,121,8
1990,1,21,PIT,Eric Green,FALSE,TE,Liberty,23,1999,0,2,6,32,120,9
1990,1,22,PHI,Ben Smith,FALSE,DB,Georgia,23,1996,0,0,3,17,57,6
1990,1,23,RAM,Bern Brostek,FALSE,OC,Washington,23,1997,0,0,6,34,105,7
1990,1,24,NYG,Rodney Hampton,FALSE,RB,Georgia,21,1997,0,2,6,54,104,7
1990,1,25,SFO,Dexter Carter,FALSE,RB,Florida St.,22,1996,0,0,1,18,100,6
1990,2,26,DAL,Alexander Wright,FALSE,WR,Auburn,23,1996,0,0,2,14,86,6
1990,2,27,ATL,Darion Conner,FALSE,LB,Jackson St.,22,1997,0,0,6,30,114,7
1990,2,28,NYJ,Reggie Rembert,FALSE,WR,West Virginia,23,1993,0,0,0,5,28,3
1990,2,29,SEA,Terry Wooden,FALSE,LB,Syracuse,23,1998,0,0,9,50,120,8
1990,2,30,TAM,Reggie Cobb,FALSE,RB,Tennessee,22,1996,0,0,5,28,92,6
1990,2,31,PHO,Anthony Thompson,FALSE,RB,Indiana,23,1992,0,0,0,6,37,2
1990,2,32,CHI,Fred Washington,FALSE,DT,TCU,23,1990,0,0,0,1,11,0
1990,2,33,CHI,Ron Cox,FALSE,LB,Fresno St.,22,1997,0,0,2,20,113,7
1990,2,34,SEA,Robert Blackmon,FALSE,DB,Baylor,23,1998,0,0,8,45,135,8
1990,2,35,DET,Dan Owens,FALSE,DE,USC,23,1999,0,0,5,35,145,9
1990,2,36,IND,Anthony Johnson,FALSE,RB,Notre Dame,22,2000,0,0,3,32,159,10
1990,2,37,RAI,Aaron Wallace,FALSE,LB,Texas A&M,23,1998,0,0,2,22,102,8
1990,2,38,CIN,Harold Green,FALSE,RB,South Carolina,22,1998,0,1,6,40,124,8
1990,2,39,MIA,Keith Sims,FALSE,OG,Iowa St.,23,2000,0,3,9,69,142,10
1990,2,40,KAN,Tim Grunhard,FALSE,OC,Notre Dame,22,2000,0,1,11,64,169,10
1990,2,41,HOU,Jeff Alm,FALSE,DT,Notre Dame,22,1993,0,0,1,5,44,3
1990,2,42,BUF,Carwell Gardner,FALSE,FB,Louisville,23,1997,0,0,0,7,101,7
1990,2,43,PIT,Kenny Davidson,FALSE,DE,LSU,23,1996,0,0,4,30,93,6
1990,2,44,NOR,Vince Buck,FALSE,DB,Central State (OH),22,1995,0,0,4,27,84,5
1990,2,45,CLE,Leroy Hoard,FALSE,RB,Michigan,22,1999,0,1,4,43,144,9
1990,2,46,WAS,Andre Collins,FALSE,LB,Penn St.,22,1999,0,0,5,42,144,9
1990,2,47,SFO,Dennis Brown,FALSE,DE,Washington,22,1996,0,0,3,26,110,6
1990,2,48,GNB,LeRoy Butler,TRUE,DB,Florida St.,22,2001,4,4,11,87,181,11
1990,2,49,RAM,Pat Terrell,FALSE,DB,Notre Dame,22,1998,0,0,4,31,139,8
1990,2,50,PHI,Mike Bellamy,FALSE,WR,Illinois,24,1990,0,0,0,0,6,0
1990,2,51,NYG,Mike Fox,FALSE,DE,West Virginia,23,1998,0,0,4,41,133,8
1990,2,52,DEN,Alton Montgomery,FALSE,DB,Houston,22,1995,0,0,0,6,68,5
1990,2,53,SFO,Eric Davis,FALSE,DB,Jacksonville St.,22,2002,1,2,9,67,188,12
1990,3,54,MIN,Mike Jones,FALSE,TE,Texas A&M,23,1992,0,0,0,0,31,2
1990,3,55,ATL,Oliver Barnett,FALSE,DE,Kentucky,24,1995,0,0,0,11,85,5
1990,3,56,NYJ,Tony Stargell,FALSE,DB,Tennessee St.,24,1997,0,0,1,16,94,7
1990,3,57,SDG,Jeff Mills,FALSE,LB,Nebraska,21,1993,0,0,0,6,46,3
1990,3,58,PHO,Ricky Proehl,FALSE,WR,Wake Forest,22,2006,0,0,6,56,244,16
1990,3,59,NWE,Tom Hodson,FALSE,QB,LSU,23,1995,0,0,0,4,36,5
1990,3,60,SDG,Leo Goeas,FALSE,OG,Hawaii,24,1997,0,0,5,33,111,7
1990,3,61,CHI,Tim Ryan,FALSE,DE,USC,22,1993,0,0,0,7,58,3
1990,3,62,DET,Marc Spindler,FALSE,DE,Pittsburgh,20,1998,0,0,4,27,107,8
1990,3,63,CHI,Peter Tom Willis,FALSE,QB,Florida St.,23,1993,0,0,0,4,21,3
1990,3,64,DAL,Jimmie Jones,FALSE,DT,Miami (FL),24,1997,0,0,3,33,121,7
1990,3,65,CIN,Bernard Clark,FALSE,LB,Miami (FL),23,1991,0,0,0,2,28,1
1990,3,66,MIA,Alfred Oglesby,FALSE,DT,Houston,23,1995,0,0,1,11,59,5
1990,3,67,SDG,Walter Wilson,FALSE,TE,East Carolina,23,1990,0,0,0,1,14,0
1990,3,68,SFO,Ron Lewis,FALSE,WR,Florida St.,22,1994,0,0,0,3,34,4
1990,3,69,BUF,Glenn Parker,FALSE,OG,Arizona,24,2001,0,0,9,57,174,11
1990,3,70,PIT,Neil O'Donnell,FALSE,QB,Maryland,24,2003,0,1,7,60,125,13
1990,3,71,NOR,Joel Smeenge,FALSE,DE,Western Michigan,22,2000,0,0,3,30,156,10
1990,3,72,HOU,Willis Peguese,FALSE,DE,Miami (FL),23,1993,0,0,0,4,35,3
1990,3,73,CLE,Anthony Pleasant,FALSE,DE,Tennessee St.,22,2003,0,0,11,59,202,13
1990,3,74,MIN,Marion Hobby,FALSE,DE,Tennessee,23,1992,0,0,0,5,42,2
1990,3,75,GNB,Bobby Houston,FALSE,LB,North Carolina St.,22,1998,0,0,5,34,109,8
1990,3,76,WAS,Mohammed Elewonibi,FALSE,OT,BYU,24,1995,0,0,1,9,26,5
1990,3,77,PHI,Fred Barnett,FALSE,WR,Arkansas St.,24,1997,0,1,6,44,96,7
1990,3,78,RAM,Latin Berry,FALSE,DB,Oregon,23,1992,0,0,0,2,32,2
1990,3,79,NYG,Greg Mark,FALSE,DE,Miami (FL),23,1990,0,0,0,0,6,0
1990,3,80,NWE,Greg McMurtry,FALSE,WR,Michigan,22,1994,0,0,2,10,67,4
1990,3,81,PIT,Craig Veasey,FALSE,DT,Houston,23,1995,0,0,0,7,69,5
1990,4,82,DEN,Jeroy Robinson,FALSE,LB,Texas A&M,22,1990,0,0,0,0,6,0
1990,4,83,IND,Stacey Simmons,FALSE,WR,Florida,22,1990,0,0,0,0,14,0
1990,4,84,NYJ,Troy Taylor,FALSE,QB,California,22,1991,0,0,0,0,7,1
1990,4,85,PHO,Travis Davis,FALSE,DT,Michigan St.,24,1991,0,0,1,3,18,1
1990,4,86,WAS,Cary Conklin,FALSE,QB,Washington,22,1995,0,0,0,1,7,5
1990,4,87,TAM,Jesse Anderson,FALSE,TE,Mississippi St.,24,1993,0,0,0,2,35,3
1990,4,88,CHI,Tony Moss,FALSE,WR,LSU,NA,NA,0,0,0,NA,NA,NA
1990,4,89,SEA,Chris Warren,FALSE,RB,Ferrum,22,2000,0,3,6,60,162,10
1990,4,90,DET,Rob Hinckley,FALSE,LB,Stanford,NA,NA,0,0,0,NA,NA,NA
1990,4,91,CIN,Mike Brennan,FALSE,OT,Notre Dame,23,1991,0,0,0,1,19,1
1990,4,92,SFO,Dean Caliguire,FALSE,OG,Pittsburgh,23,1991,0,0,0,1,9,1
1990,4,93,MIA,Scott Mitchell,FALSE,QB,Utah,22,2001,0,0,5,49,99,11
1990,4,94,IND,William Schultz,FALSE,OG,USC,23,1997,0,0,2,10,56,7
1990,4,95,RAI,Torin Dorn,FALSE,DB,North Carolina,22,1996,0,0,0,7,83,6
1990,4,96,KAN,Fred Jones,FALSE,WR,Grambling St.,23,1993,0,0,0,5,41,3
1990,4,97,PIT,Chris Calloway,FALSE,WR,Michigan,22,2000,0,0,6,42,158,10
1990,4,98,NOR,DeMond Winston,FALSE,LB,Vanderbilt,21,1994,0,0,0,3,50,4
1990,4,99,HOU,Eric Still,FALSE,OG,Tennessee,NA,NA,0,0,0,NA,NA,NA
1990,4,100,BUF,Eddie Fuller,FALSE,RB,LSU,22,1993,0,0,0,0,20,3
1990,4,101,CLE,Harlon Barnett,FALSE,DB,Michigan St.,23,1996,0,0,4,23,99,6
1990,4,102,GNB,Jackie Harris,FALSE,TE,La-Monroe,22,2001,0,0,8,33,167,11
1990,4,103,IND,Alan Grant,FALSE,DB,Stanford,23,1994,0,0,0,8,72,4
1990,4,104,MIN,Alonzo Hampton,FALSE,DB,Pittsburgh,23,1991,0,0,0,3,25,1
1990,4,105,DET,Chris Oldham,FALSE,DB,Oregon,21,2001,0,0,0,17,155,11
1990,4,106,IND,Rick Cunningham,FALSE,OT,Texas A&M,23,1998,0,0,2,19,80,8
1990,4,107,NYG,Dave Whitmore,FALSE,DB,S.F. Austin,23,1995,0,0,2,12,64,5
1990,4,108,TAM,Tony Mayberry,FALSE,OC,Wake Forest,22,1999,0,3,9,52,160,9
1990,4,109,WAS,Rico Labbe,FALSE,DB,Boston Col.,NA,NA,0,0,0,NA,NA,NA
1990,5,110,NWE,Junior Robinson,FALSE,DB,East Carolina,22,1992,0,0,0,2,26,2
1990,5,111,DEN,Jeff Davidson,FALSE,OG,Ohio St.,22,1992,0,0,2,14,44,2
1990,5,112,NYJ,Tony Savage,FALSE,DT,Washington St.,23,1992,0,0,0,0,5,2
1990,5,113,NWE,Jon Melander,FALSE,OG,Minnesota,23,1994,0,0,2,16,54,4
1990,5,114,TAM,Ian Beckles,FALSE,OG,Indiana,23,1998,0,0,9,37,126,8
1990,5,115,PHO,Larry Centers,FALSE,FB,S.F. Austin,22,2003,1,3,8,53,198,13
1990,5,116,MIN,Reggie Thornton,FALSE,WR,Bowling Green,22,1993,0,0,0,0,6,3
1990,5,117,CHI,Pat Chaffey,FALSE,RB,Oregon St.,23,1993,0,0,0,3,31,3
1990,5,118,DET,Jeff Campbell,FALSE,WR,Colorado,22,1994,0,0,1,6,68,4
1990,5,119,SEA,Eric Hayes,FALSE,DT,Florida St.,22,1993,0,0,0,4,24,3
1990,5,120,NWE,James Gray,FALSE,RB,Texas Tech,NA,NA,0,0,0,NA,NA,NA
1990,5,121,ATL,Reggie Redding,FALSE,OG,Cal State-Fullerton,21,1992,0,0,1,5,27,2
1990,5,122,CIN,Lynn James,FALSE,WR,Arizona St.,25,1991,0,0,0,1,25,1
1990,5,123,DAL,Stan Smagala,FALSE,DB,Notre Dame,22,1991,0,0,0,0,11,1
1990,5,124,KAN,Derrick Graham,FALSE,OG,Appalachian St.,23,1998,0,0,4,28,99,8
1990,5,125,NOR,Charles Arbuckle,FALSE,TE,UCLA,21,1995,0,0,0,2,42,5
1990,5,126,HOU,Richard Newbill,FALSE,LB,Miami (FL),22,1992,0,0,0,1,11,2
1990,5,127,KAN,Ken Hackemack,FALSE,OT,Texas,NA,NA,0,0,0,NA,NA,NA
1990,5,128,PIT,Barry Foster,FALSE,RB,Arkansas,21,1994,1,2,4,34,62,4
1990,5,129,CLE,Rob Burnett,FALSE,DE,Syracuse,23,2003,0,1,10,82,202,13
1990,5,130,WAS,Brian Mitchell,FALSE,RB,Louisiana,22,2003,1,1,0,39,223,13
1990,5,131,MIN,Cedric Smith,FALSE,FB,Florida,22,1997,0,0,1,1,72,7
1990,5,132,GNB,Charles Wilson,FALSE,WR,Memphis,22,1995,0,0,2,15,76,5
1990,5,133,PHI,Calvin Williams,FALSE,WR,Purdue,23,1996,0,0,6,33,100,6
1990,5,134,NYJ,Robert McWright,FALSE,DB,TCU,NA,NA,0,0,0,NA,NA,NA
1990,5,135,NYG,Craig Kupp,FALSE,QB,Pacific Lutheran,23,1991,0,0,0,0,1,1
1990,5,136,DEN,Le-Lo Lang,FALSE,DB,Washington,23,1993,0,0,0,6,54,3
1990,5,137,MIA,Leroy Holt,FALSE,RB,USC,NA,NA,0,0,0,NA,NA,NA
1990,6,138,SDG,John Friesz,FALSE,QB,Idaho,23,2000,0,0,1,26,69,10
1990,6,139,ATL,Mike Pringle,FALSE,RB,Cal State-Fullerton,22,1990,0,0,0,0,3,0
1990,6,140,NYJ,Terance Mathis,FALSE,WR,New Mexico,23,2002,0,1,8,65,206,12
1990,6,141,TAM,Derrick Douglas,FALSE,RB,Louisiana Tech,22,1991,0,0,0,0,2,1
1990,6,142,PHO,Tyrone Shavers,FALSE,WR,Lamar,22,1991,0,0,0,0,1,1
1990,6,143,SDG,Frank Cornish,FALSE,OC,UCLA,22,1995,0,0,1,13,69,5
1990,6,144,CHI,John Mangum,FALSE,DB,Alabama,23,1998,0,0,1,16,105,8
1990,6,145,SDG,David Pool,FALSE,DB,Carson-Newman,23,1994,0,0,1,9,43,4
1990,6,146,SEA,Ned Bolcar,FALSE,LB,Notre Dame,23,1991,0,0,0,2,13,1
1990,6,147,DET,Maurice Henry,FALSE,LB,Kansas St.,23,1990,0,0,0,1,7,0
1990,6,148,IND,Tony Walker,FALSE,LB,SE Missouri St.,22,1992,0,0,0,4,43,2
1990,6,149,RAI,Marcus Wilson,FALSE,RB,Virginia,22,1995,0,0,0,0,49,5
1990,6,150,CIN,Don Odegard,FALSE,DB,UNLV,23,1991,0,0,0,2,30,1
1990,6,151,MIA,Sean Vanhorse,FALSE,DB,Howard,22,1996,0,0,1,11,70,6
1990,6,152,KAN,Tom Sims,FALSE,DT,Pittsburgh,23,1994,0,0,0,6,47,4
1990,6,153,HOU,Tony Jones,FALSE,WR,Texas,24,1993,0,0,0,8,43,3
1990,6,154,BUF,John Nies,FALSE,P,Arizona,23,1990,0,0,0,0,4,0
1990,6,155,PIT,Ronald Heard,FALSE,WR,Bowling Green,NA,NA,0,0,0,NA,NA,NA
1990,6,156,NOR,Mike Buck,FALSE,QB,Maine,23,1995,0,0,0,2,12,5
1990,6,157,CLE,Randy Hilliard,FALSE,DB,Northwestern St. (LA),23,1998,0,0,1,15,120,8
1990,6,158,NOR,James Williams,FALSE,LB,Mississippi St.,21,1999,0,0,1,18,137,9
1990,6,159,GNB,Bryce Paup,FALSE,LB,Northern Iowa,22,2000,1,4,7,67,148,10
1990,6,160,WAS,Kent Wells,FALSE,DT,Nebraska,23,1990,0,0,0,1,6,0
1990,6,161,RAM,Tim Stallworth,FALSE,WR,Washington St.,24,1990,0,0,0,0,1,0
1990,6,162,PHI,Kevin Thompson,FALSE,DB,Oklahoma,NA,NA,0,0,0,NA,NA,NA
1990,6,163,SDG,Derrick Walker,FALSE,TE,Michigan,23,1999,0,0,6,16,129,9
1990,6,164,DEN,Ronnie Haliburton,FALSE,TE,LSU,22,1991,0,0,0,0,17,1
1990,6,165,SFO,Frank Pollack,FALSE,OT,Northern Arizona,22,1997,0,0,0,12,90,7
1990,7,166,BUF,Brent Griffith,FALSE,OG,Minnesota-Duluth,NA,NA,0,0,0,NA,NA,NA
1990,7,167,NYJ,Dwayne White,FALSE,OG,Alcorn St.,23,1996,0,0,6,38,105,6
1990,7,168,NYJ,Basil Proctor,FALSE,LB,West Virginia,NA,NA,0,0,0,NA,NA,NA
1990,7,169,PHO,Johnny Johnson,FALSE,RB,San Jose St.,22,1994,0,1,5,37,72,4
1990,7,170,BUF,Brent Collins,FALSE,LB,Carson-Newman,NA,NA,0,0,0,NA,NA,NA
1990,7,171,TAM,Donnie Gardner,FALSE,DE,Kentucky,22,1991,0,0,0,1,10,1
1990,7,172,SDG,Jeff Novak,FALSE,OG,Texas St.,23,1998,0,0,0,9,38,8
1990,7,173,RAI,Garry Lewis,FALSE,DB,Alcorn St.,23,1993,0,0,0,4,45,3
1990,7,174,DET,Tracy Hayworth,FALSE,LB,Tennessee,22,1995,0,0,2,15,72,5
1990,7,175,SEA,Bob Kula,FALSE,OT,Michigan St.,NA,NA,0,0,0,NA,NA,NA
1990,7,176,CHI,Bill Anderson,FALSE,OC,Iowa,NA,NA,0,0,0,NA,NA,NA
1990,7,177,CIN,Craig Ogletree,FALSE,LB,Auburn,22,1990,0,0,0,1,11,0
1990,7,178,CLE,Scott Galbraith,FALSE,TE,USC,23,1998,0,0,2,6,118,8
1990,7,179,IND,James Singletary,FALSE,LB,East Carolina,NA,NA,0,0,0,NA,NA,NA
1990,7,180,KAN,Dave Szott,FALSE,OG,Penn St.,22,2003,1,0,11,70,177,13
1990,7,181,BUF,Fred DeRiggi,FALSE,DT,Syracuse,23,1990,0,0,0,0,2,0
1990,7,182,PIT,Dan Grayson,FALSE,LB,Washington St.,NA,NA,0,0,0,NA,NA,NA
1990,7,183,NOR,Scott Hough,FALSE,OG,Maine,NA,NA,0,0,0,NA,NA,NA
1990,7,184,HOU,Andy Murray,FALSE,RB,Kentucky,NA,NA,0,0,0,NA,NA,NA
1990,7,185,SDG,Joe Staysniak,FALSE,OG,Ohio St.,23,1996,0,0,2,17,63,6
1990,7,186,GNB,Lester Archambeau,FALSE,DE,Stanford,23,2000,0,0,6,36,147,10
1990,7,187,SDG,Nate Lewis,FALSE,WR,Oregon Tech,23,1995,0,0,3,19,82,5
1990,7,188,MIN,John Levelis,FALSE,LB,C.W. Post,NA,NA,0,0,0,NA,NA,NA
1990,7,189,PHI,Terry Strouf,FALSE,OT,Wisconsin–LaCrosse,NA,NA,0,0,0,NA,NA,NA
1990,7,190,RAM,Kent Elmore,FALSE,P,Tennessee,NA,NA,0,0,0,NA,NA,NA
1990,7,191,NYG,Aaron Emanuel,FALSE,RB,USC,NA,NA,0,0,0,NA,NA,NA
1990,7,192,DEN,Shannon Sharpe,TRUE,TE,Savannah St.,22,2003,4,8,12,82,204,13
1990,7,193,SDG,Keith Collins,FALSE,DB,Appalachian St.,NA,NA,0,0,0,NA,NA,NA
1990,8,194,DET,Willie Green,FALSE,WR,Mississippi,24,1998,0,0,4,31,114,8
1990,8,195,ATL,Tory Epps,FALSE,DT,Memphis,23,1995,0,0,1,12,70,5
1990,8,196,NYJ,Roger Duffy,FALSE,OG,Penn St.,23,2001,0,0,5,38,176,11
1990,8,197,RAI,A.J. Jimerson,FALSE,LB,Norfolk St.,22,1991,0,0,0,1,17,1
1990,8,198,RAM,Ray Savage,FALSE,LB,Virginia,NA,NA,0,0,0,NA,NA,NA
1990,8,199,PHO,Mickey Washington,FALSE,DB,Texas A&M,22,1997,0,0,3,24,108,7
1990,8,200,CHI,James Rouse,FALSE,RB,Arkansas,23,1991,0,0,0,1,30,1
1990,8,201,SDG,J.J. Flannigan,FALSE,RB,Colorado,NA,NA,0,0,0,NA,NA,NA
1990,8,202,SEA,Bill Hitchcock,FALSE,OT,Purdue,25,1994,0,0,3,14,51,4
1990,8,203,DET,Roman Fortin,FALSE,OC,San Diego St.,23,2000,0,0,6,40,147,10
1990,8,204,CIN,Doug Wellsandt,FALSE,TE,Washington St.,23,1990,0,0,0,1,16,0
1990,8,205,MIA,Thomas Woods,FALSE,WR,Tennessee,NA,NA,0,0,0,NA,NA,NA
1990,8,206,IND,Ken Clark,FALSE,TE,Nebraska,24,1992,0,0,1,4,34,2
1990,8,207,NOR,Gerry Gdowski,FALSE,QB,Nebraska,NA,NA,0,0,0,NA,NA,NA
1990,8,208,BUF,Marvcus Patton,FALSE,LB,UCLA,23,2002,0,0,10,66,208,12
1990,8,209,PIT,Karl Dunbar,FALSE,DE,LSU,23,1995,0,0,0,1,21,5
1990,8,210,NOR,Derrick Carr,FALSE,DE,Bowling Green,NA,NA,0,0,0,NA,NA,NA
1990,8,211,HOU,Brett Tucker,FALSE,DB,Northern Illinois,NA,NA,0,0,0,NA,NA,NA
1990,8,212,CLE,Jock Jones,FALSE,LB,Virginia Tech,22,1993,0,0,0,5,46,3
1990,8,213,IND,Harvey Wilson,FALSE,DB,Southern,NA,NA,0,0,0,NA,NA,NA
1990,8,214,MIN,Craig Schlichting,FALSE,DE,Wyoming,NA,NA,0,0,0,NA,NA,NA
1990,8,215,GNB,Roger Brown,FALSE,DB,Virginia Tech,23,1992,0,0,0,3,37,2
1990,8,216,RAM,Elbert Crawford,FALSE,OG,Arkansas,24,1991,0,0,1,6,30,1
1990,8,217,PHI,Curt Dykes,FALSE,OT,Oregon,NA,NA,0,0,0,NA,NA,NA
1990,8,218,NYG,Barry Voorhees,FALSE,OT,Cal State-Northridge,NA,NA,0,0,0,NA,NA,NA
1990,8,219,DEN,Brad Leggett,FALSE,OC,USC,24,1991,0,0,0,1,4,1
1990,8,220,SFO,Dwight Pickens,FALSE,WR,Fresno St.,NA,NA,0,0,0,NA,NA,NA
1990,9,221,DAL,Kenneth Gant,FALSE,DB,Albany State (GA),23,1997,0,0,0,11,113,7
1990,9,222,ATL,Darrell Jordan,FALSE,LB,Northern Arizona,NA,NA,0,0,0,NA,NA,NA
1990,9,223,NYJ,Dale Dawkins,FALSE,WR,Miami (FL),23,1993,0,0,0,1,36,3
1990,9,224,TAM,Terry Cook,FALSE,DE,Fresno St.,NA,NA,0,0,0,NA,NA,NA
1990,9,225,PHO,David Bavaro,FALSE,LB,Syracuse,23,1994,0,0,0,6,42,4
1990,9,226,NWE,Shawn Bouwens,FALSE,OG,Nebraska Wesleyan,22,1995,0,0,3,21,73,5
1990,9,227,SDG,Chris Goetz,FALSE,OG,Pittsburgh,NA,NA,0,0,0,NA,NA,NA
1990,9,228,CHI,Johnny Bailey,FALSE,RB,Texas A&M-Kingsville,23,1995,0,1,0,18,81,5
1990,9,229,DET,Jack Linn,FALSE,OT,West Virginia,23,1993,0,0,0,4,11,3
1990,9,230,RAI,Leon Perry,FALSE,RB,Oklahoma,NA,NA,0,0,0,NA,NA,NA
1990,9,231,MIA,Phil Ross,FALSE,TE,Oregon St.,NA,NA,0,0,0,NA,NA,NA
1990,9,232,IND,Darvell Huffman,FALSE,WR,Boston Univ.,23,1991,0,0,0,0,3,1
1990,9,233,NOR,Broderick Graves,FALSE,RB,Winston-Salem St.,NA,NA,0,0,0,NA,NA,NA
1990,9,234,CIN,Mitchell Price,FALSE,DB,Tulane,23,1993,0,0,0,5,41,3
1990,9,235,KAN,Michael Owens,FALSE,RB,Syracuse,NA,NA,0,0,0,NA,NA,NA
1990,9,236,NOR,Lonnie Brockman,FALSE,LB,West Virginia,NA,NA,0,0,0,NA,NA,NA
1990,9,237,HOU,Pat Coleman,FALSE,WR,Mississippi,23,1994,0,0,0,4,52,4
1990,9,238,BUF,Clarkston Hines,FALSE,WR,Duke,NA,NA,0,0,0,NA,NA,NA
1990,9,239,PIT,Gary Jones,FALSE,DB,Texas A&M,22,1996,0,0,1,15,78,6
1990,9,240,CLE,Eugene Rowell,FALSE,WR,Southern Miss,22,1990,0,0,0,0,3,0
1990,9,241,MIN,Terry Allen,FALSE,RB,Clemson,22,2001,0,1,9,60,130,11
1990,9,242,GNB,Kirk Baumgartner,FALSE,QB,Wisconsin–Stevens Point,NA,NA,0,0,0,NA,NA,NA
1990,9,243,WAS,Tim Moxley,FALSE,OG,Ohio St.,NA,NA,0,0,0,NA,NA,NA
1990,9,244,PHI,Cecil Gray,FALSE,DE,North Carolina,22,1995,0,0,0,13,45,5
1990,9,245,RAM,Tony Lomack,FALSE,WR,Florida,22,1991,0,0,0,0,4,1
1990,9,246,NYG,Clint James,FALSE,DE,LSU,NA,NA,0,0,0,NA,NA,NA
1990,9,247,DEN,Todd Ellis,FALSE,QB,South Carolina,NA,NA,0,0,0,NA,NA,NA
1990,9,248,SFO,Odell Haggins,FALSE,DT,Florida St.,23,1991,0,0,0,0,5,1
1990,10,249,MIN,Pat Newman,FALSE,WR,Utah St.,21,1994,0,0,0,1,34,4
1990,10,250,ATL,Donnie Salum,FALSE,LB,Arizona,NA,NA,0,0,0,NA,NA,NA
1990,10,251,NYJ,Brad Quast,FALSE,LB,Iowa,NA,NA,0,0,0,NA,NA,NA
1990,10,252,PHO,Dave Elle,FALSE,TE,South Dakota,NA,NA,0,0,0,NA,NA,NA
1990,10,253,NWE,Anthony Landry,FALSE,RB,S.F. Austin,NA,NA,0,0,0,NA,NA,NA
1990,10,254,TAM,Mike Busch,FALSE,TE,Iowa St.,NA,NA,0,0,0,NA,NA,NA
1990,10,255,CHI,Terry Price,FALSE,DE,Texas A&M,22,1990,0,0,0,0,2,0
1990,10,256,SDG,Kenny Berry,FALSE,DB,Miami (FL),NA,NA,0,0,0,NA,NA,NA
1990,10,257,SEA,Robert Morris,FALSE,DE,Valdosta St.,NA,NA,0,0,0,NA,NA,NA
1990,10,258,DET,Bill Miller,FALSE,WR,Illinois St.,NA,NA,0,0,0,NA,NA,NA
1990,10,259,DEN,Jim Szymanski,FALSE,DE,Michigan St.,23,1991,0,0,0,2,7,1
1990,10,260,NOR,Gary Cooper,FALSE,WR,Clemson,NA,NA,0,0,0,NA,NA,NA
1990,10,261,CIN,Eric Crigler,FALSE,OT,Murray St.,NA,NA,0,0,0,NA,NA,NA
1990,10,262,WAS,D'Juan Francisco,FALSE,DB,Notre Dame,NA,NA,0,0,0,NA,NA,NA
1990,10,263,KAN,Craig Hudson,FALSE,TE,Wisconsin,NA,NA,0,0,0,NA,NA,NA
1990,10,264,HOU,Dee Thomas,FALSE,DB,Nicholls St.,22,1990,0,0,0,0,6,0
1990,10,265,BUF,Mike Lodish,FALSE,DT,UCLA,23,2000,0,0,1,23,166,10
1990,10,266,PIT,Eddie Miles,FALSE,LB,Minnesota,21,1990,0,0,0,0,1,0
1990,10,267,NOR,Ernest Spears,FALSE,DB,USC,22,1990,0,0,0,1,16,0
1990,10,268,CLE,Michael Wallace,FALSE,DB,Jackson St.,NA,NA,0,0,0,NA,NA,NA
1990,10,269,GNB,Jerome Martin,FALSE,DB,Western Kentucky,NA,NA,0,0,0,NA,NA,NA
1990,10,270,WAS,Thomas Rayam,FALSE,OG,Alabama,22,1993,0,0,1,6,20,3
1990,10,271,MIN,Donald Smith,FALSE,DB,Liberty,22,1991,0,0,0,0,3,1
1990,10,272,RAM,Steve Bates,FALSE,DE,James Madison,NA,NA,0,0,0,NA,NA,NA
1990,10,273,PHI,Orlando Adams,FALSE,DT,Jacksonville St.,NA,NA,0,0,0,NA,NA,NA
1990,10,274,NYG,Otis Moore,FALSE,DT,Clemson,NA,NA,0,0,0,NA,NA,NA
1990,10,275,DEN,Anthony Thompson,FALSE,LB,East Carolina,23,1990,0,0,0,1,10,0
1990,10,276,SFO,Martin Harrison,FALSE,DE,Washington,22,1999,0,0,0,10,81,9
1990,11,277,DAL,Dave Harper,FALSE,LB,Humboldt St.,24,1990,0,0,0,0,6,0
1990,11,278,ATL,Chris Ellison,FALSE,DB,Houston,NA,NA,0,0,0,NA,NA,NA
1990,11,279,NYJ,Derrick Kelson,FALSE,DB,Purdue,NA,NA,0,0,0,NA,NA,NA
1990,11,280,NWE,Sean Smith,FALSE,DE,Georgia Tech,23,1991,0,0,0,2,17,1
1990,11,281,TAM,Terry Anthony,FALSE,WR,Florida St.,22,1991,0,0,0,0,10,1
1990,11,282,PHO,Dempsey Norman,FALSE,WR,St. Francis (IL),NA,NA,0,0,0,NA,NA,NA
1990,11,283,SDG,Tommie Stowers,FALSE,TE,Missouri,23,1994,0,0,0,0,17,4
1990,11,284,CHI,Brent White,FALSE,DE,Michigan,NA,NA,0,0,0,NA,NA,NA
1990,11,285,DET,Reginald Warnsley,FALSE,RB,Southern Miss,NA,NA,0,0,0,NA,NA,NA
1990,11,286,SEA,Daryl Reed,FALSE,DB,Oregon,NA,NA,0,0,0,NA,NA,NA
1990,11,287,NOR,Webbie Burnett,FALSE,DT,Western Kentucky,NA,NA,0,0,0,NA,NA,NA
1990,11,288,CIN,Tim O'Connor,FALSE,OT,Virginia,NA,NA,0,0,0,NA,NA,NA
1990,11,289,SFO,Anthony Shelton,FALSE,DB,Tennessee St.,23,1991,0,0,0,3,25,1
1990,11,290,IND,Carnel Smith,FALSE,DE,Pittsburgh,NA,NA,0,0,0,NA,NA,NA
1990,11,291,KAN,Ernest Thompson,FALSE,RB,Georgia Southern,NA,NA,0,0,0,NA,NA,NA
1990,11,292,BUF,Al Edwards,FALSE,WR,Northwestern St. (LA),23,1992,0,0,0,4,37,2
1990,11,293,PIT,Justin Strzelczyk,FALSE,OT,Maine,22,1998,0,0,3,32,133,8
1990,11,294,PHI,John Hudson,FALSE,OG,Auburn,22,2000,0,0,0,7,139,10
1990,11,295,HOU,Joey Banes,FALSE,OT,Houston,23,1990,0,0,0,0,1,0
1990,11,296,CLE,Clemente Gordon,FALSE,QB,Grambling St.,NA,NA,0,0,0,NA,NA,NA
1990,11,297,WAS,Jon Leverenz,FALSE,LB,Minnesota,NA,NA,0,0,0,NA,NA,NA
1990,11,298,CHI,Roman Matusz,FALSE,OT,Pittsburgh,NA,NA,0,0,0,NA,NA,NA
1990,11,299,GNB,Harry Jackson,FALSE,RB,St. Cloud St.,NA,NA,0,0,0,NA,NA,NA
1990,11,300,PHI,Tyrone Watson,FALSE,WR,Tennessee St.,NA,NA,0,0,0,NA,NA,NA
1990,11,301,RAM,Bill Goldberg,FALSE,DT,Georgia,23,1994,0,0,0,0,14,4
1990,11,302,NYG,Tim Downing,FALSE,DE,Washington St.,NA,NA,0,0,0,NA,NA,NA
1990,11,303,RAI,Ron Lewis,FALSE,WR,Jackson St.,NA,NA,0,0,0,NA,NA,NA
1990,11,304,RAI,Myron Jones,FALSE,DB,Fresno St.,NA,NA,0,0,0,NA,NA,NA
1990,12,305,ATL,Shawn McCarthy,FALSE,P,Purdue,22,1992,0,0,0,3,29,2
1990,12,306,NYJ,Darrell Davis,FALSE,DE,TCU,24,1991,0,0,0,3,28,1
1990,12,307,TAM,Todd Hammel,FALSE,QB,S.F. Austin,NA,NA,0,0,0,NA,NA,NA
1990,12,308,PHO,Donnie Riley,FALSE,RB,Central Michigan,NA,NA,0,0,0,NA,NA,NA
1990,12,309,NWE,Ventson Donelson,FALSE,DB,Michigan St.,NA,NA,0,0,0,NA,NA,NA
1990,12,310,CHI,Anthony Cooney,FALSE,DB,Arkansas,NA,NA,0,0,0,NA,NA,NA
1990,12,311,IND,Gene Benhart,FALSE,QB,Western Illinois,NA,NA,0,0,0,NA,NA,NA
1990,12,312,SEA,John Gromos,FALSE,QB,Vanderbilt,NA,NA,0,0,0,NA,NA,NA
1990,12,313,DET,Robert Claiborne,FALSE,WR,San Diego St.,23,1993,0,0,0,0,14,3
1990,12,314,CIN,Andre Riley,FALSE,WR,Washington,NA,NA,0,0,0,NA,NA,NA
1990,12,315,MIA,Bobby Harden,FALSE,DB,Miami (FL),23,1993,0,0,0,4,29,3
1990,12,316,IND,Dean Brown,FALSE,OG,Notre Dame,NA,NA,0,0,0,NA,NA,NA
1990,12,317,RAI,Major Harris,FALSE,QB,West Virginia,NA,NA,0,0,0,NA,NA,NA
1990,12,318,KAN,Tony Jeffery,FALSE,WR,San Jose St.,NA,NA,0,0,0,NA,NA,NA
1990,12,319,PIT,Richard Bell,FALSE,RB,Nebraska,23,1990,0,0,0,2,16,0
1990,12,320,NOR,Chris Port,FALSE,OG,Duke,22,1995,0,0,3,25,69,5
1990,12,321,HOU,Reggie Slack,FALSE,QB,Auburn,NA,NA,0,0,0,NA,NA,NA
1990,12,322,NWE,Blaine Rose,FALSE,OG,Maryland,NA,NA,0,0,0,NA,NA,NA
1990,12,323,CLE,Kerry Simien,FALSE,WR,Texas A&M-Kingsville,NA,NA,0,0,0,NA,NA,NA
1990,12,324,MIN,Ron Goetz,FALSE,LB,Minnesota,NA,NA,0,0,0,NA,NA,NA
1990,12,325,GNB,Kirk Maggio,FALSE,P,UCLA,NA,NA,0,0,0,NA,NA,NA
1990,12,326,SDG,Elliott Searcy,FALSE,WR,Southern,NA,NA,0,0,0,NA,NA,NA
1990,12,327,PHI,Judd Garrett,FALSE,RB,Princeton,NA,NA,0,0,0,NA,NA,NA
1990,12,328,RAM,David Lang,FALSE,RB,Northern Arizona,22,1995,0,0,1,6,67,5
1990,12,329,NYG,Matt Stover,FALSE,PK,Louisiana Tech,22,2009,1,1,0,45,297,19
1990,12,330,PHO,Ken McMichel,FALSE,DB,Oklahoma,NA,NA,0,0,0,NA,NA,NA
1990,12,331,RAI,Demetrius Davis,FALSE,TE,Nevada,NA,NA,0,0,0,NA,NA,NA
1991,1,1,DAL,Russell Maryland,FALSE,DT,Miami (FL),22,2000,0,1,10,60,154,9
1991,1,2,CLE,Eric Turner,FALSE,DB,UCLA,22,1999,1,2,7,49,109,8
1991,1,3,ATL,Bruce Pickens,FALSE,DB,Nebraska,23,1995,0,0,0,4,48,4
1991,1,4,DEN,Mike Croel,FALSE,LB,Nebraska,22,1998,0,0,6,34,102,7
1991,1,5,RAM,Todd Lyght,FALSE,DB,Notre Dame,22,2002,0,1,11,60,175,11
1991,1,6,PHO,Eric Swann,FALSE,DT,Wake Technical CC,21,2000,0,2,6,44,126,9
1991,1,7,TAM,Charles McRae,FALSE,OT,Tennessee,22,1996,0,0,2,18,84,5
1991,1,8,PHI,Antone Davis,FALSE,OT,Tennessee,24,1997,0,0,6,35,97,6
1991,1,9,SDG,Stanley Richard,FALSE,DB,Texas,23,1998,0,0,8,40,124,7
1991,1,10,DET,Herman Moore,FALSE,WR,Virginia,21,2002,3,4,8,78,146,11
1991,1,11,NWE,Pat Harlow,FALSE,OT,USC,22,1998,0,0,6,34,105,7
1991,1,12,DAL,Alvin Harper,FALSE,WR,Tennessee,23,1999,0,0,4,37,102,8
1991,1,13,ATL,Mike Pritchard,FALSE,WR,Colorado,21,1999,0,0,6,43,127,8
1991,1,14,NWE,Leonard Russell,FALSE,RB,Arizona St.,21,1996,0,0,5,26,85,5
1991,1,15,PIT,Huey Richardson,FALSE,LB,Florida,23,1992,0,0,0,1,16,1
1991,1,16,SEA,Dan McGwire,FALSE,QB,San Diego St.,23,1995,0,0,0,2,13,4
1991,1,17,WAS,Bobby Wilson,FALSE,DT,Michigan St.,23,1994,0,0,2,12,42,3
1991,1,18,CIN,Alfred Williams,FALSE,DE,Colorado,22,1999,1,1,5,48,128,8
1991,1,19,GNB,Vinnie Clark,FALSE,DB,Ohio St.,22,1996,0,0,3,21,83,5
1991,1,20,DAL,Kelvin Pritchett,FALSE,DT,Mississippi,21,2004,0,0,4,34,208,13
1991,1,21,KAN,Harvey Williams,FALSE,RB,LSU,24,1998,0,0,2,35,110,7
1991,1,22,CHI,Stan Thomas,FALSE,OT,Texas,22,1994,0,0,0,7,56,3
1991,1,23,MIA,Randal Hill,FALSE,WR,Miami (FL),21,1997,0,0,3,27,103,6
1991,1,24,RAI,Todd Marinovich,FALSE,QB,USC,22,1992,0,0,0,3,8,1
1991,1,25,SFO,Ted Washington,FALSE,DT,Louisville,23,2007,1,4,13,89,236,16
1991,1,26,BUF,Henry Jones,FALSE,DB,Illinois,23,2002,1,1,8,55,158,11
1991,1,27,NYG,Jarrod Bunch,FALSE,FB,Michigan,23,1994,0,0,2,7,48,3
1991,2,28,HOU,Mike Dumas,FALSE,DB,Indiana,22,2000,0,0,4,20,102,9
1991,2,29,CLE,Ed King,FALSE,OG,Auburn,21,1997,0,0,3,21,57,6
1991,2,30,DEN,Reggie Johnson,FALSE,TE,Florida St.,23,1997,0,0,1,8,77,6
1991,2,31,RAM,Roman Phifer,FALSE,LB,UCLA,23,2005,0,0,12,64,212,14
1991,2,32,PHO,Mike Jones,FALSE,DE,North Carolina St.,22,1999,0,0,4,36,135,8
1991,2,33,ATL,Brett Favre,TRUE,QB,Southern Miss,21,2010,3,11,19,158,302,19
1991,2,34,NYJ,Browning Nagle,FALSE,QB,Louisville,23,1996,0,0,1,5,24,5
1991,2,35,GNB,Esera Tuaolo,FALSE,DT,Oregon St.,23,1999,0,0,3,24,111,8
1991,2,36,SDG,George Thornton,FALSE,DT,Alabama,23,1993,0,0,1,9,37,2
1991,2,37,DAL,Dixon Edwards,FALSE,LB,Michigan St.,23,1998,0,0,6,38,119,7
1991,2,38,HOU,Darryll Lewis,FALSE,DB,Arizona,22,2000,0,1,6,47,141,9
1991,2,39,SDG,Eric Bieniemy,FALSE,RB,Colorado,22,1999,0,0,0,23,142,8
1991,2,40,IND,Shane Curry,FALSE,DE,Miami (FL),23,1991,0,0,0,1,9,0
1991,2,41,NWE,Jerome Henderson,FALSE,DB,Clemson,22,1998,0,0,2,18,98,7
1991,2,42,NOR,Wesley Carroll,FALSE,WR,Miami (FL),24,1993,0,0,0,6,40,2
1991,2,43,RAI,Nick Bell,FALSE,RB,Iowa,23,1993,0,0,0,8,35,2
1991,2,44,HOU,John Flannery,FALSE,OG,Syracuse,22,1998,0,0,2,21,80,7
1991,2,45,SFO,Ricky Watters,FALSE,RB,Notre Dame,22,2001,0,5,9,100,144,10
1991,2,46,PIT,Jeff Graham,FALSE,WR,Ohio St.,22,2001,0,0,9,59,160,10
1991,2,47,SDG,Eric Moten,FALSE,OG,Michigan St.,23,1996,0,0,4,27,67,5
1991,2,48,PHI,Jesse Campbell,FALSE,DB,North Carolina St.,22,1998,0,0,4,28,92,7
1991,2,49,CHI,Chris Zorich,FALSE,DT,Notre Dame,22,1997,0,0,3,28,84,6
1991,2,50,KAN,Joe Valerio,FALSE,OC,Pennsylvania,22,1996,0,0,0,7,62,5
1991,2,51,SEA,Doug Thomas,FALSE,WR,Clemson,21,1993,0,0,0,1,39,2
1991,2,52,CIN,Lamar Rogers,FALSE,DE,Auburn,23,1992,0,0,1,6,26,1
1991,2,53,SFO,John Johnson,FALSE,LB,Clemson,23,1995,0,0,1,10,46,4
1991,2,54,BUF,Phil Hansen,FALSE,DE,North Dakota St.,23,2001,0,0,11,65,156,10
1991,2,55,NYG,Kanavis McGhee,FALSE,LB,Colorado,22,1995,0,0,0,4,50,4
1991,3,56,NWE,Calvin Stephens,FALSE,OG,South Carolina,23,1992,0,0,0,1,13,1
1991,3,57,CLE,James Jones,FALSE,DT,Northern Iowa,22,2000,0,0,9,56,160,9
1991,3,58,DET,Reggie Barrett,FALSE,WR,Texas-El Paso,22,1992,0,0,0,1,10,1
1991,3,59,PHO,Aeneas Williams,TRUE,DB,Southern,23,2004,3,8,13,110,211,13
1991,3,60,MIA,Aaron Craver,FALSE,RB,Fresno St.,22,1999,0,0,4,18,103,8
1991,3,61,DEN,Keith Traylor,FALSE,DT,Central Oklahoma,22,2007,0,0,11,60,229,16
1991,3,62,DAL,Godfrey Myles,FALSE,LB,Florida,22,1996,0,0,1,9,76,5
1991,3,63,NYJ,Mo Lewis,FALSE,LB,Georgia,21,2003,1,3,13,90,200,12
1991,3,64,DAL,James Richards,FALSE,OG,California,NA,NA,0,0,0,NA,NA,NA
1991,3,65,MIN,Carlos Jenkins,FALSE,LB,Michigan St.,23,1996,0,0,5,32,80,5
1991,3,66,TAM,Lawrence Dawsey,FALSE,WR,Florida St.,23,1999,0,0,3,23,83,8
1991,3,67,GNB,Don Davey,FALSE,DT,Wisconsin,23,1997,0,0,3,19,92,6
1991,3,68,MIN,Jake Reed,FALSE,WR,Grambling St.,23,2002,0,0,6,53,155,11
1991,3,69,IND,Dave McCloughan,FALSE,DB,Colorado,24,1994,0,0,0,4,48,3
1991,3,70,DAL,Erik Williams,FALSE,OT,Central State (OH),22,2001,2,4,8,69,146,10
1991,3,71,HOU,Steve Jackson,FALSE,DB,Purdue,22,1999,0,0,1,19,118,8
1991,3,72,CIN,Bob Dahl,FALSE,OG,Notre Dame,23,1997,0,0,5,35,82,6
1991,3,73,PIT,Ernie Mills,FALSE,WR,Florida,22,1999,0,0,1,25,118,8
1991,3,74,SEA,David Daniels,FALSE,WR,Penn St.,21,1992,0,0,0,1,29,1
1991,3,75,PHI,Rob Selby,FALSE,OG,Auburn,23,1997,0,0,1,9,62,6
1991,3,76,WAS,Ricky Ervins,FALSE,RB,USC,22,1995,0,0,1,23,76,4
1991,3,77,KAN,Tim Barnett,FALSE,WR,Jackson St.,23,1993,0,0,1,13,44,2
1991,3,78,CHI,Chris Gardocki,FALSE,P,Clemson,21,2006,1,1,0,29,244,15
1991,3,79,HOU,Kevin Donnalley,FALSE,OG,North Carolina,23,2003,0,0,10,52,193,12
1991,3,80,TAM,Robert Wilson,FALSE,RB,Texas A&M,22,1996,0,0,1,2,51,5
1991,3,81,GNB,Chuck Webb,FALSE,FB,Tennessee,21,1991,0,0,0,0,2,0
1991,3,82,BUF,Darryl Wren,FALSE,DB,Pittsburg St.,24,1994,0,0,0,5,20,3
1991,3,83,NYG,Ed McCaffrey,FALSE,WR,Stanford,23,2003,0,1,6,67,185,12
1991,4,84,NWE,Scott Zolak,FALSE,QB,Maryland,23,1999,0,0,0,4,55,8
1991,4,85,CLE,Pio Sagapolutele,FALSE,DT,San Diego St.,21,1997,0,0,2,19,92,6
1991,4,86,PHO,Dexter Davis,FALSE,DB,Clemson,21,1995,0,0,0,6,59,4
1991,4,87,ATL,Moe Gardner,FALSE,DT,Illinois,23,1996,0,0,6,27,90,5
1991,4,88,PIT,Sammy Walker,FALSE,DB,Texas Tech,22,1993,0,0,0,4,26,2
1991,4,89,DEN,Derek Russell,FALSE,WR,Arkansas,22,1997,0,0,2,22,88,6
1991,4,90,SDG,Yancey Thigpen,FALSE,WR,Winston-Salem St.,22,2000,0,2,4,48,112,9
1991,4,91,DET,Kevin Scott,FALSE,DB,Stanford,22,1993,0,0,1,8,44,2
1991,4,92,MIN,Randy Baldwin,FALSE,RB,Mississippi,24,1996,0,0,0,3,65,5
1991,4,93,TAM,Tony Covington,FALSE,DB,Virginia,23,1995,0,0,1,8,42,4
1991,4,94,NYJ,Mark Gunn,FALSE,DT,Pittsburgh,23,1996,0,0,1,12,70,5
1991,4,95,SFO,Mitch Donahue,FALSE,LB,Wyoming,23,1994,0,0,0,2,31,3
1991,4,96,IND,Mark Vander Poel,FALSE,OT,Colorado,23,1992,0,0,0,2,23,1
1991,4,97,DAL,Curvin Richards,FALSE,RB,Pittsburgh,22,1993,0,0,0,2,12,2
1991,4,98,SEA,John Kasay,FALSE,PK,Georgia,21,2011,0,1,0,41,301,20
1991,4,99,CIN,Donald Hollas,FALSE,QB,Rice,23,1998,0,0,0,5,32,7
1991,4,100,RAI,Rocket Ismail,FALSE,WR,Notre Dame,21,2001,0,0,5,44,126,10
1991,4,101,HOU,David Rocker,FALSE,DT,Auburn,22,1994,0,0,0,3,34,3
1991,4,102,HOU,Marcus Robertson,FALSE,DB,Iowa St.,21,2002,1,0,10,60,162,11
1991,4,103,PIT,Adrian Cooper,FALSE,TE,Oklahoma,23,1996,0,0,3,8,77,5
1991,4,104,PHI,William Thomas,FALSE,LB,Texas A&M,23,2001,0,2,10,73,172,10
1991,4,105,CHI,Joe Johnson,FALSE,DB,North Carolina St.,NA,NA,0,0,0,NA,NA,NA
1991,4,106,DAL,Bill Musgrave,FALSE,QB,Oregon,23,1996,0,0,0,1,12,5
1991,4,107,RAM,Robert Bailey,FALSE,DB,Miami (FL),23,2001,0,0,1,17,146,10
1991,4,108,DAL,Tony Hill,FALSE,DE,Chattanooga,22,1992,0,0,0,1,13,1
1991,4,109,CIN,Rob Carpenter,FALSE,WR,Syracuse,23,1995,0,0,0,5,60,4
1991,4,110,DAL,Kevin Harris,FALSE,DE,Texas Southern,NA,NA,0,0,0,NA,NA,NA
1991,4,111,NYG,Clarence Jones,FALSE,OT,Maryland,23,2000,0,0,6,36,111,9
1991,5,112,NWE,Jon Vaughn,FALSE,RB,Michigan,21,1994,0,0,0,9,61,3
1991,5,113,MIA,Bryan Cox,FALSE,LB,Western Illinois,23,2002,0,3,10,67,165,11
1991,5,114,ATL,James Goode,FALSE,LB,Oklahoma,NA,NA,0,0,0,NA,NA,NA
1991,5,115,DEN,Greg Lewis,FALSE,RB,Washington,22,1992,0,0,0,5,32,1
1991,5,116,RAM,Robert Young,FALSE,DE,Mississippi St.,22,1996,0,0,3,20,78,5
1991,5,117,PHO,Vance Hammond,FALSE,DT,Clemson,NA,NA,0,0,0,NA,NA,NA
1991,5,118,DET,Scott Conover,FALSE,OT,Purdue,22,1996,0,0,1,16,67,5
1991,5,119,MIN,Chris Thome,FALSE,OC,Minnesota,22,1992,0,0,0,1,11,1
1991,5,120,TAM,Terry Bagsby,FALSE,LB,Texas A&M-Commerce,NA,NA,0,0,0,NA,NA,NA
1991,5,121,MIA,Gene Williams,FALSE,OG,Iowa St.,22,1999,0,0,4,31,114,8
1991,5,122,SFO,Merton Hanks,FALSE,DB,Iowa,23,1999,1,4,7,64,137,8
1991,5,123,SDG,Duane Young,FALSE,TE,Michigan St.,23,1998,0,0,4,3,73,7
1991,5,124,NWE,Ben Coates,FALSE,TE,Livingstone,22,2000,2,5,7,43,158,9
1991,5,125,IND,Kerry Cash,FALSE,TE,Texas,22,1996,0,0,4,9,71,5
1991,5,126,NOR,Reggie Jones,FALSE,DB,Memphis,22,1994,0,0,1,10,41,3
1991,5,127,SDG,Floyd Fields,FALSE,DB,Arizona St.,22,1993,0,0,1,6,30,2
1991,5,128,SEA,Harlan Davis,FALSE,DB,Tennessee,NA,NA,0,0,0,NA,NA,NA
1991,5,129,HOU,Gary Wellman,FALSE,WR,USC,24,1994,0,0,0,5,28,3
1991,5,130,CIN,Mike Arthur,FALSE,OC,Texas A&M,23,1996,0,0,3,19,64,5
1991,5,131,PHI,Craig Erickson,FALSE,QB,Miami (FL),22,1997,0,0,2,21,52,6
1991,5,132,DAL,Darrick Brownlow,FALSE,LB,Illinois,22,1996,0,0,1,6,95,5
1991,5,133,KAN,Charles Mincy,FALSE,DB,Washington,21,1999,0,0,3,30,114,8
1991,5,134,CHI,Anthony Morgan,FALSE,WR,Tennessee,23,1996,0,0,0,13,64,5
1991,5,135,GNB,Jeff Fite,FALSE,P,Memphis,NA,NA,0,0,0,NA,NA,NA
1991,5,136,TAM,Tim Ryan,FALSE,OG,Notre Dame,23,1993,0,0,0,3,37,2
1991,5,137,SFO,Harry Boatswain,FALSE,OG,New Haven,22,1996,0,0,0,15,74,5
1991,5,138,BUF,Shawn Wilbourn,FALSE,DB,Long Beach St.,NA,NA,0,0,0,NA,NA,NA
1991,5,139,NYG,Anthony Moss,FALSE,LB,Florida St.,NA,NA,0,0,0,NA,NA,NA
1991,6,140,NWE,David Key,FALSE,DB,Michigan,23,1991,0,0,0,0,3,0
1991,6,141,CLE,Michael Jackson,FALSE,WR,Southern Miss,22,1998,0,0,7,43,114,7
1991,6,142,DEN,Nick Subis,FALSE,OT,San Diego St.,23,1991,0,0,0,1,16,0
1991,6,143,RAM,Neal Fort,FALSE,OT,BYU,NA,NA,0,0,0,NA,NA,NA
1991,6,144,PHO,Eduardo Vega,FALSE,OT,Memphis,NA,NA,0,0,0,NA,NA,NA
1991,6,145,ATL,Erric Pegram,FALSE,RB,North Texas,22,1997,0,0,3,30,103,6
1991,6,146,RAI,Nolan Harrison,FALSE,DE,Indiana,22,2000,0,0,4,35,128,9
1991,6,147,TAM,Rhett Hall,FALSE,DT,California,22,1998,0,0,2,19,68,7
1991,6,148,NYJ,Blaise Bryant,FALSE,RB,Iowa St.,NA,NA,0,0,0,NA,NA,NA
1991,6,149,GNB,Walter Dean,FALSE,RB,Grambling St.,23,1991,0,0,0,0,9,0
1991,6,150,SDG,Jimmy Laister,FALSE,OT,Oregon Tech,NA,NA,0,0,0,NA,NA,NA
1991,6,151,DET,Richie Andrews,FALSE,PK,Florida St.,NA,NA,0,0,0,NA,NA,NA
1991,6,152,IND,Mel Agee,FALSE,DE,Illinois,22,1995,0,0,0,8,54,4
1991,6,153,DAL,Mike Sullivan,FALSE,OG,Miami (FL),23,1995,0,0,0,6,48,4
1991,6,154,NOR,Fred McAfee,FALSE,RB,Mississippi Col.,23,2006,0,1,0,9,194,15
1991,6,155,SEA,Michael Sinclair,FALSE,DE,Eastern New Mexico,23,2002,0,3,7,57,148,11
1991,6,156,PHI,Andy Harmon,FALSE,DT,Kent St.,22,1997,0,0,4,37,86,6
1991,6,157,CIN,Richard Fain,FALSE,DB,Florida,23,1992,0,0,0,4,24,1
1991,6,158,PIT,Leroy Thompson,FALSE,RB,Penn St.,22,1996,0,0,0,18,80,5
1991,6,159,WAS,Dennis Ransom,FALSE,TE,Texas A&M,NA,NA,0,0,0,NA,NA,NA
1991,6,160,NYJ,Mike Riley,FALSE,DB,Tulane,NA,NA,0,0,0,NA,NA,NA
1991,6,161,CHI,Darren Lewis,FALSE,RB,Texas A&M,22,1993,0,0,0,5,33,2
1991,6,162,KAN,Darrell Malone,FALSE,DB,Jacksonville St.,23,1994,0,0,0,2,29,3
1991,6,163,MIN,Todd Scott,FALSE,DB,Louisiana,23,1997,0,1,4,25,83,6
1991,6,164,GNB,Joe Garten,FALSE,OC,Colorado,NA,NA,0,0,0,NA,NA,NA
1991,6,165,SFO,Scott Bowles,FALSE,OT,North Texas,NA,NA,0,0,0,NA,NA,NA
1991,6,166,BUF,Millard Hamilton,FALSE,WR,,NA,NA,0,0,0,NA,NA,NA
1991,6,167,NYG,Corey Miller,FALSE,LB,South Carolina,22,1999,0,0,5,36,110,8
1991,7,168,NWE,Blake Miller,FALSE,OC,LSU,23,1992,0,0,0,3,14,1
1991,7,169,GNB,Frank Blevins,FALSE,LB,Oklahoma,NA,NA,0,0,0,NA,NA,NA
1991,7,170,RAM,Tyrone Shelton,FALSE,RB,William & Mary,NA,NA,0,0,0,NA,NA,NA
1991,7,171,PHO,Ivory Lee Brown,FALSE,RB,Ark-Pine Bluff,22,1992,0,0,0,2,7,1
1991,7,172,ATL,Brian Mitchell,FALSE,DB,BYU,22,1993,0,0,0,2,36,2
1991,7,173,DAL,Leon Lett,FALSE,DT,Emporia St.,22,2001,0,2,5,38,121,10
1991,7,174,TAM,Calvin Tiggle,FALSE,LB,Georgia Tech,22,1992,0,0,0,3,24,1
1991,7,175,NYJ,Doug Parrish,FALSE,DB,San Francisco St.,NA,NA,0,0,0,NA,NA,NA
1991,7,176,GNB,Reggie Burnette,FALSE,LB,Houston,22,1993,0,0,0,3,23,2
1991,7,177,SDG,David Jones,FALSE,TE,Delaware St.,22,1992,0,0,0,0,16,1
1991,7,178,DET,Franklin Thomas,FALSE,TE,Grambling St.,NA,NA,0,0,0,NA,NA,NA
1991,7,179,MIN,Scotty Reagan,FALSE,DT,Humboldt St.,NA,NA,0,0,0,NA,NA,NA
1991,7,180,MIN,Tripp Welborne,FALSE,DB,Michigan,22,1992,0,0,0,0,2,1
1991,7,181,IND,James Bradley,FALSE,WR,Michigan St.,NA,NA,0,0,0,NA,NA,NA
1991,7,182,NOR,Hayward Haynes,FALSE,OG,Florida St.,NA,NA,0,0,0,NA,NA,NA
1991,7,183,HOU,Kyle Freeman,FALSE,LB,Angelo State (TX),NA,NA,0,0,0,NA,NA,NA
1991,7,184,CIN,Fernandus Vinson,FALSE,DB,North Carolina St.,22,1994,0,0,0,9,58,3
1991,7,185,PIT,Andre Jones,FALSE,LB,Notre Dame,22,1992,0,0,0,0,6,1
1991,7,186,ATL,Mark Tucker,FALSE,OG,USC,23,1994,0,0,0,2,16,3
1991,7,187,PHI,James Joseph,FALSE,RB,Auburn,23,1995,0,0,0,10,78,4
1991,7,188,WAS,Keith Cash,FALSE,TE,Texas,22,1996,0,0,1,11,64,5
1991,7,189,KAN,Bernard Ellison,FALSE,DB,Nevada,NA,NA,0,0,0,NA,NA,NA
1991,7,190,CHI,Paul Justin,FALSE,QB,Arizona St.,23,1999,0,0,0,8,34,8
1991,7,191,MIA,Chris Green,FALSE,DB,Illinois,23,1995,0,0,0,5,66,4
1991,7,192,SDG,Terry Beauford,FALSE,OG,Florida A&M,NA,NA,0,0,0,NA,NA,NA
1991,7,193,SFO,Sheldon Canley,FALSE,RB,San Jose St.,23,1992,0,0,0,0,1,1
1991,7,194,BUF,Amir Rasul,FALSE,RB,Florida A&M,NA,NA,0,0,0,NA,NA,NA
1991,7,195,NYG,Simmie Carter,FALSE,DB,Southern Miss,NA,NA,0,0,0,NA,NA,NA
1991,8,196,NWE,Harry Colon,FALSE,DB,Missouri,22,1997,0,0,3,19,87,6
1991,8,197,CLE,Frank Conover,FALSE,DT,Syracuse,23,1991,0,0,0,1,4,0
1991,8,198,PHO,Greg Amsler,FALSE,RB,Tennessee,NA,NA,0,0,0,NA,NA,NA
1991,8,199,ATL,Randy Austin,FALSE,TE,UCLA,NA,NA,0,0,0,NA,NA,NA
1991,8,200,DEN,Kenny Walker,FALSE,DE,Nebraska,24,1992,0,0,1,9,31,1
1991,8,201,RAM,Pat Tyrance,FALSE,LB,Nebraska,NA,NA,0,0,0,NA,NA,NA
1991,8,202,NYJ,Tim James,FALSE,DB,Colorado,NA,NA,0,0,0,NA,NA,NA
1991,8,203,GNB,Johnny Walker,FALSE,WR,Texas,NA,NA,0,0,0,NA,NA,NA
1991,8,204,PHO,Jerry Evans,FALSE,TE,Toledo,22,1995,0,0,1,2,43,4
1991,8,205,DET,Cedric Jackson,FALSE,RB,TCU,23,1991,0,0,0,0,8,0
1991,8,206,MIN,Reggie Johnson,FALSE,DE,Arizona,NA,NA,0,0,0,NA,NA,NA
1991,8,207,TAM,Marty Carter,FALSE,DB,Middle Tenn. St.,21,2001,0,0,10,42,161,10
1991,8,208,IND,Tim Bruton,FALSE,TE,Missouri,NA,NA,0,0,0,NA,NA,NA
1991,8,209,PHO,Scott Evans,FALSE,DE,Oklahoma,23,1991,0,0,0,0,1,0
1991,8,210,NOR,Frank Wainright,FALSE,TE,Northern Colorado,23,2000,0,0,0,2,121,9
1991,8,211,CIN,Mike Dingle,FALSE,RB,South Carolina,22,1991,0,0,0,1,8,0
1991,8,212,PIT,Dean Dingman,FALSE,OG,Michigan,NA,NA,0,0,0,NA,NA,NA
1991,8,213,RAI,Brian Jones,FALSE,LB,Texas,23,1998,0,0,1,7,44,7
1991,8,214,HOU,Gary Brown,FALSE,RB,Penn St.,22,1999,0,0,3,27,99,8
1991,8,215,WAS,Jimmy Spencer,FALSE,DB,Florida,22,2003,0,0,4,33,177,12
1991,8,216,PHI,Scott Kowalkowski,FALSE,LB,Notre Dame,23,2001,0,0,0,12,158,10
1991,8,217,CHI,Larry Horton,FALSE,DB,Texas A&M,NA,NA,0,0,0,NA,NA,NA
1991,8,218,KAN,Tom Dohring,FALSE,OT,Michigan,23,1992,0,0,0,1,3,1
1991,8,219,RAI,Todd Woulard,FALSE,LB,Alabama A&M,NA,NA,0,0,0,NA,NA,NA
1991,8,220,MIA,Roland Smith,FALSE,DB,Miami (FL),NA,NA,0,0,0,NA,NA,NA
1991,8,221,SFO,Tony Hargain,FALSE,WR,Oregon,23,1992,0,0,0,2,12,1
1991,8,222,BUF,Brad Lamb,FALSE,WR,Anderson (IN),23,1993,0,0,0,2,8,2
1991,8,223,NYG,Lamar McGriggs,FALSE,DB,Western Illinois,23,1994,0,0,1,9,57,3
1991,9,224,NWE,O'Neil Glenn,FALSE,OG,Maryland,NA,NA,0,0,0,NA,NA,NA
1991,9,225,CLE,Raymond Irvin,FALSE,DB,Central Florida,NA,NA,0,0,0,NA,NA,NA
1991,9,226,ATL,Ernie Logan,FALSE,DT,East Carolina,23,2000,0,0,2,24,119,9
1991,9,227,DEN,Don Gibson,FALSE,DT,USC,NA,NA,0,0,0,NA,NA,NA
1991,9,228,RAM,Jeff Fields,FALSE,DT,Arkansas St.,24,1995,0,0,0,0,2,4
1991,9,229,GNB,Dean Witkowski,FALSE,LB,North Dakota,NA,NA,0,0,0,NA,NA,NA
1991,9,230,SDG,Andy Katoa,FALSE,LB,Southern Oregon,NA,NA,0,0,0,NA,NA,NA
1991,9,231,DET,Darryl Milburn,FALSE,DE,Grambling St.,22,1991,0,0,0,0,2,0
1991,9,232,MIN,Gerald Hudson,FALSE,RB,Oklahoma St.,NA,NA,0,0,0,NA,NA,NA
1991,9,233,TAM,Treamelle Taylor,FALSE,WR,Nevada,NA,NA,0,0,0,NA,NA,NA
1991,9,234,NYJ,Paul Glonek,FALSE,DT,Arizona,NA,NA,0,0,0,NA,NA,NA
1991,9,235,DAL,Damon Mays,FALSE,WR,Missouri,23,1993,0,0,0,0,2,2
1991,9,236,IND,Howard Griffith,FALSE,RB,Illinois,23,2000,0,0,6,9,121,9
1991,9,237,NOR,Anthony Wallace,FALSE,RB,California,NA,NA,0,0,0,NA,NA,NA
1991,9,238,PIT,Bruce McGonnigal,FALSE,TE,Virginia,23,1991,0,0,0,0,2,0
1991,9,239,CLE,Shawn Wiggins,FALSE,WR,Wyoming,NA,NA,0,0,0,NA,NA,NA
1991,9,240,HOU,Shawn Jefferson,FALSE,WR,Central Florida,22,2003,0,0,7,54,195,12
1991,9,241,CIN,Shane Garrett,FALSE,WR,Texas A&M,23,1991,0,0,0,0,4,0
1991,9,242,PHI,Chuck Weatherspoon,FALSE,RB,Houston,23,1991,0,0,0,0,4,0
1991,9,243,WAS,Charles Bell,FALSE,DB,Baylor,NA,NA,0,0,0,NA,NA,NA
1991,9,244,KAN,Robbie Keen,FALSE,PK,California,NA,NA,0,0,0,NA,NA,NA
1991,9,245,CHI,Mike Stonebreaker,FALSE,LB,Notre Dame,24,1994,0,0,0,1,18,3
1991,9,246,MIA,Scott Miller,FALSE,WR,UCLA,22,1996,0,0,0,3,55,5
1991,9,247,RAI,Tahaun Lewis,FALSE,DB,Nebraska,22,1992,0,0,0,1,9,1
1991,9,248,SFO,Louis Riddick,FALSE,DB,Pittsburgh,22,1998,0,0,0,7,94,7
1991,9,249,BUF,Mark Maddox,FALSE,LB,Northern Michigan,23,2000,0,0,3,25,111,9
1991,9,250,NYG,Jerry Bouldin,FALSE,WR,Mississippi St.,NA,NA,0,0,0,NA,NA,NA
1991,10,251,NWE,Randy Bethel,FALSE,TE,Miami (FL),NA,NA,0,0,0,NA,NA,NA
1991,10,252,CLE,Brian Greenfield,FALSE,P,Pittsburgh,NA,NA,0,0,0,NA,NA,NA
1991,10,253,DEN,Curtis Mayfield,FALSE,WR,Oklahoma St.,NA,NA,0,0,0,NA,NA,NA
1991,10,254,SDG,Ronald Poles,FALSE,RB,Tennessee,NA,NA,0,0,0,NA,NA,NA
1991,10,255,PHO,Herbie Anderson,FALSE,DB,Texas A&M-Kingsville,22,1991,0,0,0,0,1,0
1991,10,256,ATL,Walter Sutton,FALSE,WR,Southwest Minnesota,NA,NA,0,0,0,NA,NA,NA
1991,10,257,SDG,Mike Heldt,FALSE,OC,Notre Dame,NA,NA,0,0,0,NA,NA,NA
1991,10,258,ATL,Pete Lucas,FALSE,OT,Wisconsin–Stevens Point,NA,NA,0,0,0,NA,NA,NA
1991,10,259,MIN,Brady Pierce,FALSE,OT,Wisconsin,NA,NA,0,0,0,NA,NA,NA
1991,10,260,TAM,Pat O'Hara,FALSE,QB,USC,NA,NA,0,0,0,NA,NA,NA
1991,10,261,NYJ,Al Baker,FALSE,RB,Kentucky,NA,NA,0,0,0,NA,NA,NA
1991,10,262,GNB,Rapier Porter,FALSE,TE,Ark-Pine Bluff,NA,NA,0,0,0,NA,NA,NA
1991,10,263,IND,Frank Giannetti,FALSE,DT,Penn St.,23,1991,0,0,0,0,3,0
1991,10,264,DAL,Sean Love,FALSE,OG,Penn St.,23,1995,0,0,0,1,19,4
1991,10,265,TAM,Hyland Hickson,FALSE,RB,Michigan St.,NA,NA,0,0,0,NA,NA,NA
1991,10,266,SEA,Erik Ringoen,FALSE,LB,Hofstra,NA,NA,0,0,0,NA,NA,NA
1991,10,267,HOU,Curtis Moore,FALSE,LB,Kansas,NA,NA,0,0,0,NA,NA,NA
1991,10,268,CIN,Jim Lavin,FALSE,OG,Georgia Tech,NA,NA,0,0,0,NA,NA,NA
1991,10,269,PIT,Ariel Solomon,FALSE,OC,Colorado,23,1996,0,0,0,4,61,5
1991,10,270,WAS,Cris Shale,FALSE,P,Bowling Green,NA,NA,0,0,0,NA,NA,NA
1991,10,271,PHI,Eric Harmon,FALSE,OG,Clemson,NA,NA,0,0,0,NA,NA,NA
1991,10,272,CHI,Tom Backes,FALSE,DE,Oklahoma,NA,NA,0,0,0,NA,NA,NA
1991,10,273,KAN,Eric Ramsey,FALSE,DB,Auburn,NA,NA,0,0,0,NA,NA,NA
1991,10,274,RAI,Andrew Glover,FALSE,TE,Grambling St.,24,2000,0,0,5,22,154,9
1991,10,275,MIA,Michael Titley,FALSE,TE,Iowa,NA,NA,0,0,0,NA,NA,NA
1991,10,276,SFO,Byron Holdbrooks,FALSE,DT,Alabama,NA,NA,0,0,0,NA,NA,NA
1991,10,277,BUF,Tony De Lorenzo,FALSE,OG,New Mexico St.,NA,NA,0,0,0,NA,NA,NA
1991,10,278,NYG,Luis Cristobal,FALSE,OG,Miami (FL),NA,NA,0,0,0,NA,NA,NA
1991,11,279,NWE,Vince Moore,FALSE,WR,Tennessee,NA,NA,0,0,0,NA,NA,NA
1991,11,280,CLE,Todd Jones,FALSE,OT,Henderson St.,24,1993,0,0,0,0,4,2
1991,11,281,RAM,Terry Crews,FALSE,LB,Western Michigan,23,1995,0,0,0,2,32,4
1991,11,282,PHO,Nathan LaDuke,FALSE,DB,Arizona St.,NA,NA,0,0,0,NA,NA,NA
1991,11,283,ATL,Joe Sims,FALSE,OT,Nebraska,22,1995,0,0,1,14,53,4
1991,11,284,DEN,Shawn Moore,FALSE,QB,Virginia,23,1992,0,0,0,1,3,1
1991,11,285,DET,Slip Watkins,FALSE,WR,LSU,NA,NA,0,0,0,NA,NA,NA
1991,11,286,MIN,Ivan Caesar,FALSE,LB,Boston Col.,24,1991,0,0,0,2,14,0
1991,11,287,TAM,Mike Sunvold,FALSE,DT,Minnesota,NA,NA,0,0,0,NA,NA,NA
1991,11,288,NYJ,Rocen Keeton,FALSE,LB,UCLA,NA,NA,0,0,0,NA,NA,NA
1991,11,289,GNB,J.J. Wierenga,FALSE,DE,Central Michigan,NA,NA,0,0,0,NA,NA,NA
1991,11,290,SDG,Joachim Weinberg,FALSE,WR,Johnson C. Smith,NA,NA,0,0,0,NA,NA,NA
1991,11,291,DAL,Tony Boles,FALSE,RB,Michigan,NA,NA,0,0,0,NA,NA,NA
1991,11,292,IND,Jerry Crafts,FALSE,OT,Louisville,23,1998,0,0,0,10,54,7
1991,11,293,NOR,Scott Ross,FALSE,LB,USC,22,1991,0,0,0,0,4,0
1991,11,294,HOU,James Smith,FALSE,DB,Richmond,NA,NA,0,0,0,NA,NA,NA
1991,11,295,CIN,Chris Smith,FALSE,TE,BYU,NA,NA,0,0,0,NA,NA,NA
1991,11,296,PIT,Efrum Thomas,FALSE,DB,Alabama,NA,NA,0,0,0,NA,NA,NA
1991,11,297,SEA,Tony Stewart,FALSE,RB,Iowa,NA,NA,0,0,0,NA,NA,NA
1991,11,298,PHI,Mike Flores,FALSE,DE,Louisville,24,1995,0,0,1,9,61,4
1991,11,299,WAS,David Gulledge,FALSE,DB,Jacksonville St.,23,1992,0,0,0,0,4,1
1991,11,300,KAN,Bobby Olive,FALSE,WR,Ohio St.,22,1996,0,0,0,0,2,5
1991,11,301,CHI,Stacy Long,FALSE,OG,Clemson,NA,NA,0,0,0,NA,NA,NA
1991,11,302,MIA,Ernie Rogers,FALSE,OG,California,NA,NA,0,0,0,NA,NA,NA
1991,11,303,NWE,Paul Alsbury,FALSE,P,Texas St.,NA,NA,0,0,0,NA,NA,NA
1991,11,304,SFO,Bobby Slaughter,FALSE,WR,Louisiana Tech,NA,NA,0,0,0,NA,NA,NA
1991,11,305,BUF,Dean Kirkland,FALSE,OG,Washington,NA,NA,0,0,0,NA,NA,NA
1991,11,306,NYG,Ted Popson,FALSE,TE,Portland St.,24,1998,0,0,1,9,68,7
1991,12,307,NWE,Tim Edwards,FALSE,DT,Delta St.,23,1992,0,0,0,1,14,1
1991,12,308,CLE,Elijah Austin,FALSE,DT,North Carolina St.,NA,NA,0,0,0,NA,NA,NA
1991,12,309,PHO,Jeff Bridewell,FALSE,QB,UC Davis,NA,NA,0,0,0,NA,NA,NA
1991,12,310,ATL,Bob Christian,FALSE,RB,Northwestern,22,2002,0,0,6,22,135,11
1991,12,311,RAM,Jeff Pahukoa,FALSE,OG,Washington,22,1996,0,0,0,7,59,5
1991,12,312,RAM,Ernie Thompson,FALSE,RB,Indiana,21,1993,0,0,0,1,20,2
1991,12,313,MIN,Darren Hughes,FALSE,WR,Carson-Newman,NA,NA,0,0,0,NA,NA,NA
1991,12,314,TAM,Al Chamblee,FALSE,LB,Virginia Tech,22,1992,0,0,0,3,22,1
1991,12,315,NYJ,Mark Hayes,FALSE,OT,Arizona St.,NA,NA,0,0,0,NA,NA,NA
1991,12,316,GNB,Linzy Collins,FALSE,WR,Missouri,NA,NA,0,0,0,NA,NA,NA
1991,12,317,SDG,Chris Samuels,FALSE,RB,Texas,22,1991,0,0,0,0,3,0
1991,12,318,DET,Zeno Alexander,FALSE,LB,Arizona,NA,NA,0,0,0,NA,NA,NA
1991,12,319,IND,Rob Luedeke,FALSE,OC,Penn St.,NA,NA,0,0,0,NA,NA,NA
1991,12,320,DAL,Larry Brown,FALSE,DB,TCU,21,1998,0,0,5,31,95,7
1991,12,321,NOR,Mark Drabczak,FALSE,OG,Minnesota,NA,NA,0,0,0,NA,NA,NA
1991,12,322,CIN,Antoine Bennett,FALSE,DB,Florida A&M,23,1992,0,0,0,1,14,1
1991,12,323,PIT,Jeff Brady,FALSE,LB,Kentucky,22,1999,0,0,3,28,115,8
1991,12,324,SEA,Ike Harris,FALSE,OG,South Carolina,NA,NA,0,0,0,NA,NA,NA
1991,12,325,HOU,Alex Johnson,FALSE,WR,Miami (FL),23,1991,0,0,0,0,5,0
1991,12,326,WAS,Keenan McCardell,FALSE,WR,UNLV,21,2007,0,2,10,83,209,16
1991,12,327,PHI,Darrell Beavers,FALSE,DB,Morehead St.,NA,NA,0,0,0,NA,NA,NA
1991,12,328,CHI,John Cook,FALSE,DT,Washington,NA,NA,0,0,0,NA,NA,NA
1991,12,329,KAN,Ron Shipley,FALSE,OG,New Mexico,NA,NA,0,0,0,NA,NA,NA
1991,12,330,RAI,Dennis Johnson,FALSE,WR,Winston-Salem St.,NA,NA,0,0,0,NA,NA,NA
1991,12,331,MIA,Joe Brunson,FALSE,DT,Chattanooga,NA,NA,0,0,0,NA,NA,NA
1991,12,332,SFO,Cliff Confer,FALSE,DE,Michigan St.,NA,NA,0,0,0,NA,NA,NA
1991,12,333,BUF,Stephen Clark,FALSE,TE,Texas,NA,NA,0,0,0,NA,NA,NA
1991,12,334,NYG,Larry Wanke,FALSE,QB,John Carroll,NA,NA,0,0,0,NA,NA,NA
1992,1,1,IND,Steve Emtman,FALSE,DE,Washington,22,1997,0,0,1,13,50,5
1992,1,2,IND,Quentin Coryatt,FALSE,LB,Texas A&M,22,1999,0,0,4,31,82,7
1992,1,3,RAM,Sean Gilbert,FALSE,DT,Pittsburgh,22,2003,0,1,8,50,146,11
1992,1,4,WAS,Desmond Howard,FALSE,WR,Michigan,22,2002,0,1,1,18,156,10
1992,1,5,GNB,Terrell Buckley,FALSE,DB,Florida St.,21,2005,0,0,8,57,209,13
1992,1,6,CIN,David Klingler,FALSE,QB,Houston,23,1997,0,0,1,11,33,5
1992,1,7,MIA,Troy Vincent,FALSE,DB,Wisconsin,22,2006,1,5,13,90,207,14
1992,1,8,ATL,Bob Whitfield,FALSE,OT,Stanford,20,2006,0,1,11,71,220,14
1992,1,9,CLE,Tommy Vardell,FALSE,RB,Stanford,23,1999,0,0,4,19,87,7
1992,1,10,SEA,Ray Roberts,FALSE,OT,Virginia,23,2000,0,0,8,44,127,8
1992,1,11,PIT,Leon Searcy,FALSE,OT,Miami (FL),22,1999,0,1,7,54,126,7
1992,1,12,MIA,Marco Coleman,FALSE,DE,Georgia Tech,22,2005,0,1,12,72,207,13
1992,1,13,NWE,Eugene Chung,FALSE,OG,Virginia Tech,23,1997,0,0,2,13,55,5
1992,1,14,NYG,Derek Brown,FALSE,TE,Notre Dame,22,1999,0,0,1,4,105,7
1992,1,15,NYJ,Johnny Mitchell,FALSE,TE,Nebraska,21,1996,0,0,2,17,57,4
1992,1,16,RAI,Chester McGlockton,FALSE,DT,Clemson,22,2003,1,4,10,79,179,11
1992,1,17,DAL,Kevin Smith,FALSE,DB,Texas A&M,22,1999,0,0,6,38,103,7
1992,1,18,SFO,Dana Hall,FALSE,DB,Washington,23,1997,0,0,2,19,91,5
1992,1,19,ATL,Tony Smith,FALSE,RB,Southern Miss,22,1994,0,0,0,4,33,2
1992,1,20,KAN,Dale Carter,FALSE,DB,Tennessee,22,2005,0,4,8,67,157,13
1992,1,21,NOR,Vaughn Dunbar,FALSE,RB,Indiana,24,1995,0,0,1,7,39,3
1992,1,22,CHI,Alonzo Spellman,FALSE,DE,Ohio St.,20,2001,0,0,5,38,123,9
1992,1,23,SDG,Chris Mims,FALSE,DE,Tennessee,21,1999,0,0,4,34,104,7
1992,1,24,DAL,Robert Jones,FALSE,LB,East Carolina,22,2001,0,0,9,53,151,9
1992,1,25,DEN,Tommy Maddox,FALSE,QB,UCLA,21,2005,0,0,2,24,92,13
1992,1,26,DET,Robert Porcher,FALSE,DE,South Carolina St.,23,2003,0,3,10,66,187,11
1992,1,27,BUF,John Fina,FALSE,OT,Arizona,23,2002,0,0,9,48,155,10
1992,1,28,CIN,Darryl Williams,FALSE,DB,Miami (FL),22,2001,0,1,9,53,156,9
1992,2,29,IND,Ashley Ambrose,FALSE,DB,Miss. Valley St.,21,2004,1,1,8,54,192,12
1992,2,30,RAM,Steve Israel,FALSE,DB,Pittsburgh,23,2001,0,0,2,17,102,9
1992,2,31,CIN,Carl Pickens,FALSE,WR,Tennessee,22,2000,0,2,8,56,129,8
1992,2,32,RAI,Greg Skrepenak,FALSE,OT,Michigan,22,1997,0,0,4,23,68,5
1992,2,33,SDG,Marquez Pope,FALSE,DB,Fresno St.,21,2001,0,0,6,36,129,9
1992,2,34,GNB,Mark D'Onofrio,FALSE,LB,Penn St.,23,1992,0,0,0,1,2,0
1992,2,35,NWE,Rod Smith,FALSE,DB,Notre Dame,22,1998,0,0,1,16,102,6
1992,2,36,DAL,Jimmy Smith,FALSE,WR,Jackson St.,23,2005,0,5,10,94,178,13
1992,2,37,DAL,Darren Woodson,FALSE,DB,Arizona St.,23,2003,3,5,11,81,178,11
1992,2,38,PIT,Levon Kirkland,FALSE,LB,Clemson,23,2002,1,2,10,80,176,10
1992,2,39,MIN,Robert Harris,FALSE,DT,Southern,23,1999,0,0,4,34,97,7
1992,2,40,KAN,Matt Blundin,FALSE,QB,Virginia,23,1997,0,0,0,0,3,5
1992,2,41,NYG,Phillippi Sparks,FALSE,DB,Arizona St.,23,2000,0,0,7,39,115,8
1992,2,42,NYJ,Kurt Barber,FALSE,LB,USC,23,1995,0,0,0,4,50,3
1992,2,43,MIA,Eddie Blake,FALSE,DT,Auburn,NA,NA,0,0,0,NA,NA,NA
1992,2,44,TAM,Courtney Hawkins,FALSE,WR,Michigan St.,22,2000,0,0,5,35,131,8
1992,2,45,SFO,Amp Lee,FALSE,RB,Florida St.,20,2000,0,0,0,32,116,8
1992,2,46,PHO,Tony Sacca,FALSE,QB,Penn St.,22,1992,0,0,0,0,2,0
1992,2,47,WAS,Shane Collins,FALSE,DE,Arizona St.,23,1994,0,0,0,6,30,2
1992,2,48,PHI,Siran Stacy,FALSE,RB,Alabama,24,1992,0,0,0,0,16,0
1992,2,49,CHI,Troy Auzenne,FALSE,OT,California,23,1996,0,0,2,17,61,4
1992,2,50,HOU,Eddie Robinson,FALSE,LB,Alabama St.,22,2002,0,0,11,64,175,10
1992,2,51,ATL,Chuck Smith,FALSE,DE,Tennessee,22,2000,0,0,6,44,125,8
1992,2,52,CLE,Patrick Rowe,FALSE,WR,San Diego St.,23,1993,0,0,0,0,5,1
1992,2,53,DET,Tracy Scroggins,FALSE,DE,Tulsa,22,2001,0,0,5,43,142,9
1992,2,54,DEN,Shane Dronett,FALSE,DT,Texas,21,2001,0,0,5,36,139,9
1992,2,55,BUF,James Patton,FALSE,DT,Texas,22,1994,0,0,0,1,13,2
1992,2,56,DET,Jason Hanson,FALSE,PK,Washington St.,22,2012,0,2,0,48,327,20
1992,3,57,RAM,Marc Boutte,FALSE,DT,LSU,23,1999,0,0,5,29,102,7
1992,3,58,DAL,Clayton Holmes,FALSE,DB,Carson-Newman,23,1995,0,0,0,5,39,3
1992,3,59,TAM,Mark Wheeler,FALSE,DT,Texas A&M,22,1999,0,0,5,33,108,7
1992,3,60,RAM,Todd Kinchen,FALSE,WR,LSU,23,1998,0,0,0,13,83,6
1992,3,61,PHO,Ed Cunningham,FALSE,OC,Washington,23,1996,0,0,3,21,61,4
1992,3,62,GNB,Robert Brooks,FALSE,WR,South Carolina,22,2000,0,0,5,46,100,8
1992,3,63,SDG,Ray Ethridge,FALSE,WR,Pasadena CC,23,1997,0,0,0,0,16,5
1992,3,64,NWE,Todd Collins,FALSE,LB,Carson-Newman,22,2000,0,0,7,32,106,8
1992,3,65,CLE,Bill Johnson,FALSE,DT,Michigan St.,23,1999,0,0,3,29,99,7
1992,3,66,SEA,Bob Spitulski,FALSE,LB,Central Florida,22,1994,0,0,0,2,26,2
1992,3,67,PIT,Joel Steed,FALSE,DT,Colorado,23,1999,0,1,7,47,115,7
1992,3,68,NYJ,Siupeli Malamala,FALSE,OT,Washington,23,1999,0,0,2,18,62,7
1992,3,69,NYG,Aaron Pierce,FALSE,TE,Washington,23,1999,0,0,3,8,82,7
1992,3,70,MIA,Larry Webster,FALSE,DT,Maryland,23,2002,0,0,2,23,136,10
1992,3,71,NWE,Kevin Turner,FALSE,FB,Alabama,23,1999,0,0,6,18,106,7
1992,3,72,NOR,Tyrone Legette,FALSE,DB,Nebraska,22,1998,0,0,0,7,91,6
1992,3,73,ATL,Howard Dinkins,FALSE,LB,Florida St.,23,1993,0,0,0,0,3,1
1992,3,74,WAS,Paul Siever,FALSE,OG,Penn St.,NA,NA,0,0,0,NA,NA,NA
1992,3,75,PHI,Tommy Jeter,FALSE,DT,Texas,22,1996,0,0,0,2,37,4
1992,3,76,SFO,Brian Bollinger,FALSE,OG,North Carolina,23,1994,0,0,0,5,39,2
1992,3,77,HOU,Corey Harris,FALSE,DB,Vanderbilt,22,2003,0,0,6,39,183,11
1992,3,78,CLE,Gerald Dixon,FALSE,LB,South Carolina,23,2001,0,0,4,31,136,9
1992,3,79,TAM,Tyji Armstrong,FALSE,TE,Mississippi,21,1998,0,0,0,4,87,6
1992,3,80,CHI,Jeremy Lincoln,FALSE,DB,Tennessee,23,2000,0,0,2,21,106,8
1992,3,81,DET,Thomas McLemore,FALSE,TE,Southern,22,1995,0,0,0,0,18,3
1992,3,82,DAL,James Brown,FALSE,OT,Virginia St.,22,2000,0,0,5,39,114,8
1992,3,83,BUF,Keith Goganious,FALSE,LB,Penn St.,23,1996,0,0,2,14,74,4
1992,3,84,CIN,Leonard Wheeler,FALSE,DB,Troy,23,1998,0,0,0,7,92,6
1992,4,85,IND,Rodney Culver,FALSE,RB,Notre Dame,22,1995,0,0,0,5,43,3
1992,4,86,TAM,Craig Erickson,FALSE,QB,Miami (FL),23,1997,0,0,2,21,52,5
1992,4,87,RAM,Shawn Harper,FALSE,OT,Indiana,24,1995,0,0,0,1,8,3
1992,4,88,CIN,Ricardo McDonald,FALSE,LB,Pittsburgh,22,1999,0,0,8,37,119,7
1992,4,89,SFO,Mark Thomas,FALSE,DE,North Carolina St.,23,2001,0,0,0,16,113,9
1992,4,90,NWE,Dion Lambert,FALSE,DB,UCLA,23,1994,0,0,0,4,31,2
1992,4,91,PHO,Jeff Christy,FALSE,OC,Pittsburgh,23,2002,0,3,9,62,148,10
1992,4,92,PHI,Tony Brooks,FALSE,RB,Notre Dame,23,1992,0,0,0,0,5,0
1992,4,93,NWE,Darren Anderson,FALSE,DB,Toledo,23,1998,0,0,0,7,74,6
1992,4,94,PIT,Charles Davenport,FALSE,WR,North Carolina St.,23,1994,0,0,0,1,38,2
1992,4,95,NOR,Gene McGuire,FALSE,OC,Notre Dame,22,1996,0,0,0,2,17,4
1992,4,96,NYJ,Keo Coleman,FALSE,LB,Mississippi St.,22,1993,0,0,0,2,18,1
1992,4,97,MIA,Dwight Hollier,FALSE,LB,North Carolina,23,2000,0,0,4,32,138,8
1992,4,98,MIN,Roy Barker,FALSE,DE,North Carolina,23,2000,0,0,6,40,118,8
1992,4,99,NYG,Keith Hamilton,FALSE,DT,Pittsburgh,21,2003,0,0,10,71,173,11
1992,4,100,PHO,Michael Bankston,FALSE,DE,Sam Houston St.,22,2000,0,0,9,48,144,8
1992,4,101,KAN,Mike Evans,FALSE,DT,Michigan,25,1992,0,0,0,1,12,0
1992,4,102,PHI,Casey Weldon,FALSE,QB,Florida St.,23,1999,0,0,0,1,26,7
1992,4,103,GNB,Edgar Bennett,FALSE,RB,Florida St.,23,1999,0,0,5,50,112,7
1992,4,104,ATL,Frankie Smith,FALSE,DB,Baylor,23,2000,0,0,0,7,103,8
1992,4,105,IND,Tony McCoy,FALSE,DT,Florida,23,2000,0,0,5,34,114,8
1992,4,106,NOR,Sean Lumpkin,FALSE,DB,Minnesota,22,1996,0,0,2,13,67,4
1992,4,107,CHI,Will Furrer,FALSE,QB,Virginia Tech,24,1995,0,0,0,1,9,3
1992,4,108,HOU,Mike Mooney,FALSE,OT,Georgia Tech,23,1993,0,0,0,0,1,1
1992,4,109,DAL,Tom Myslinski,FALSE,OG,Tennessee,23,2000,0,0,1,13,60,8
1992,4,110,DEN,Chuck Johnson,FALSE,OT,Texas,23,1992,0,0,0,1,16,0
1992,4,111,BUF,Frank Kmet,FALSE,DE,Purdue,NA,NA,0,0,0,NA,NA,NA
1992,4,112,WAS,Chris Hakel,FALSE,QB,William & Mary,NA,NA,0,0,0,NA,NA,NA
1992,5,113,IND,Maury Toy,FALSE,RB,UCLA,NA,NA,0,0,0,NA,NA,NA
1992,5,114,RAM,Chris Crooms,FALSE,DB,Texas A&M,23,1992,0,0,0,1,16,0
1992,5,115,CIN,Craig Thompson,FALSE,TE,North Carolina A&T,23,1993,0,0,0,3,29,1
1992,5,116,NWE,Dwayne Sabb,FALSE,LB,New Hampshire,22,1996,0,0,3,15,74,4
1992,5,117,SDG,Curtis Whitley,FALSE,OC,Clemson,23,1997,0,0,2,14,72,5
1992,5,118,TAM,Rogerick Green,FALSE,DB,Kansas St.,22,1995,0,0,0,2,26,3
1992,5,119,GNB,Dexter McNabb,FALSE,FB,Florida,23,1995,0,0,0,0,33,3
1992,5,120,DAL,Greg Briggs,FALSE,DB,Texas Southern,23,1998,0,0,0,3,39,6
1992,5,121,DAL,Rod Milstead,FALSE,OG,Delaware St.,22,1999,0,0,2,15,56,7
1992,5,122,SEA,Gary Dandridge,FALSE,DB,Appalachian St.,NA,NA,0,0,0,NA,NA,NA
1992,5,123,PIT,Alan Haller,FALSE,DB,Michigan St.,22,1995,0,0,0,0,12,3
1992,5,124,MIA,Christopher Perez,FALSE,OT,Kansas,NA,NA,0,0,0,NA,NA,NA
1992,5,125,MIN,Ed McDaniel,FALSE,LB,Clemson,23,2001,0,1,7,51,125,9
1992,5,126,NYG,Michael Wright,FALSE,DB,Washington St.,NA,NA,0,0,0,NA,NA,NA
1992,5,127,NYJ,Cal Dixon,FALSE,OC,Florida,22,1996,0,0,1,8,66,4
1992,5,128,RAI,Derrick Hoskins,FALSE,DB,Southern Miss,21,1996,0,0,3,14,61,4
1992,5,129,PHI,Corey Barlow,FALSE,DB,Auburn,21,1993,0,0,0,1,10,1
1992,5,130,GNB,Orlando McKay,FALSE,WR,Washington,NA,NA,0,0,0,NA,NA,NA
1992,5,131,SDG,Kevin Little,FALSE,LB,North Carolina A&T,NA,NA,0,0,0,NA,NA,NA
1992,5,132,TAM,Santana Dotson,FALSE,DT,Baylor,22,2001,0,0,9,59,152,9
1992,5,133,HOU,Joe Bowden,FALSE,LB,Oklahoma,22,2000,0,0,5,39,139,8
1992,5,134,CHI,Todd Harrison,FALSE,TE,North Carolina St.,23,1992,0,0,0,0,1,0
1992,5,135,HOU,Tony Brown,FALSE,DB,Fresno St.,22,1995,0,0,0,6,57,3
1992,5,136,HOU,Tim Roberts,FALSE,DE,Southern Miss,23,1995,0,0,1,8,37,3
1992,5,137,DEN,Frank Robinson,FALSE,DB,Boise St.,23,1993,0,0,0,3,31,1
1992,5,138,NOR,Torrance Small,FALSE,WR,Alcorn St.,22,2001,0,0,3,34,133,9
1992,5,139,BUF,Matt Darby,FALSE,DB,UCLA,23,1997,0,0,3,18,81,5
1992,5,140,SDG,Eric Jonassen,FALSE,OT,Bloomsburg,24,1994,0,0,0,4,32,2
1992,6,141,IND,Shoun Habersham,FALSE,WR,Chattanooga,NA,NA,0,0,0,NA,NA,NA
1992,6,142,CIN,Chris Burns,FALSE,DT,Middle Tenn. St.,NA,NA,0,0,0,NA,NA,NA
1992,6,143,CLE,Rico Smith,FALSE,WR,Colorado,23,1995,0,0,0,4,29,3
1992,6,144,RAM,Joe Campbell,FALSE,RB,Middle Tenn. St.,NA,NA,0,0,0,NA,NA,NA
1992,6,145,DET,Larry Tharpe,FALSE,OT,Tennessee St.,21,2000,0,0,3,21,76,8
1992,6,146,PHO,Brian Brauninger,FALSE,OT,Oklahoma,NA,NA,0,0,0,NA,NA,NA
1992,6,147,SDG,Reggie White,FALSE,DT,North Carolina A&T,22,1995,0,0,1,6,38,3
1992,6,148,TAM,James Malone,FALSE,LB,UCLA,NA,NA,0,0,0,NA,NA,NA
1992,6,149,DAL,Fallon Wacasey,FALSE,TE,Tulsa,NA,NA,0,0,0,NA,NA,NA
1992,6,150,SEA,Michael Bates,FALSE,RB,Arizona,22,2003,1,5,0,6,145,11
1992,6,151,SFO,Damien Russell,FALSE,DB,Virginia Tech,22,1993,0,0,0,1,16,1
1992,6,152,MIN,Mike Gaddis,FALSE,RB,Oklahoma,NA,NA,0,0,0,NA,NA,NA
1992,6,153,NYG,Stacey Dillard,FALSE,DT,Oklahoma,23,1995,0,0,1,15,59,3
1992,6,154,NYJ,Glenn Cadrez,FALSE,LB,Houston,22,2002,0,0,2,26,167,10
1992,6,155,MIA,Roosevelt Collins,FALSE,LB,TCU,24,1992,0,0,0,1,10,0
1992,6,156,RAI,Tony Rowell,FALSE,OC,Florida,NA,NA,0,0,0,NA,NA,NA
1992,6,157,GNB,Mark Chmura,FALSE,TE,Boston Col.,23,1999,0,3,4,22,89,7
1992,6,158,ATL,Terry Ray,FALSE,DB,Oklahoma,22,1996,0,0,1,13,73,4
1992,6,159,KAN,Tony Smith,FALSE,WR,Notre Dame,NA,NA,0,0,0,NA,NA,NA
1992,6,160,PHI,Jeff Sydner,FALSE,WR,Hawaii,22,1995,0,0,0,0,41,3
1992,6,161,CHI,Mark Berry,FALSE,DB,Texas,NA,NA,0,0,0,NA,NA,NA
1992,6,162,HOU,Mario Bailey,FALSE,WR,Washington,NA,NA,0,0,0,NA,NA,NA
1992,6,163,CLE,George Williams,FALSE,DT,Notre Dame,NA,NA,0,0,0,NA,NA,NA
1992,6,164,NOR,Kary Vincent,FALSE,DB,Texas A&M,NA,NA,0,0,0,NA,NA,NA
1992,6,165,NWE,Tracy Boyd,FALSE,OG,Elizabeth City St.,NA,NA,0,0,0,NA,NA,NA
1992,6,166,NYJ,Jeff Blake,FALSE,QB,East Carolina,21,2005,0,1,8,69,119,13
1992,6,167,BUF,Nate Turner,FALSE,TE,Nebraska,23,1995,0,0,0,0,28,3
1992,6,168,WAS,Ray Rowe,FALSE,TE,San Diego St.,23,1993,0,0,0,0,4,1
1992,7,169,IND,Derek Steele,FALSE,DE,Maryland,NA,NA,0,0,0,NA,NA,NA
1992,7,170,DEN,Ron Geater,FALSE,DE,Iowa,23,1992,0,0,0,0,3,0
1992,7,171,RAM,Darryl Ashmore,FALSE,OT,Northwestern,22,2001,0,0,1,19,119,9
1992,7,172,CIN,Lance Olberding,FALSE,OT,Iowa,NA,NA,0,0,0,NA,NA,NA
1992,7,173,RAI,Curtis Cotton,FALSE,DB,Nebraska,NA,NA,0,0,0,NA,NA,NA
1992,7,174,SDG,Deems May,FALSE,TE,North Carolina,23,1999,0,0,1,2,104,7
1992,7,175,PHO,Derek Ware,FALSE,TE,Central Oklahoma,24,1996,0,0,1,1,58,4
1992,7,176,NWE,Wayne Hawkins,FALSE,WR,Southwest Minnesota,NA,NA,0,0,0,NA,NA,NA
1992,7,177,CLE,Selwyn Jones,FALSE,DB,Colorado St.,22,1996,0,0,0,4,47,4
1992,7,178,SEA,Mike Frier,FALSE,DE,Appalachian St.,23,1994,0,0,0,5,34,2
1992,7,179,PIT,Russ Campbell,FALSE,TE,Kansas St.,23,1992,0,0,0,0,7,0
1992,7,180,NYG,Corey Widmer,FALSE,LB,Montana St.,23,1999,0,0,4,34,114,7
1992,7,181,DEN,Jim Johnson,FALSE,OT,Michigan St.,NA,NA,0,0,0,NA,NA,NA
1992,7,182,ATL,Tim Paulk,FALSE,LB,Florida,NA,NA,0,0,0,NA,NA,NA
1992,7,183,MIN,David Wilson,FALSE,DB,California,22,1992,0,0,0,0,4,0
1992,7,184,TAM,Ken Swilling,FALSE,DB,Georgia Tech,NA,NA,0,0,0,NA,NA,NA
1992,7,185,RAI,Kevin Smith,FALSE,TE,UCLA,23,1996,0,0,0,0,15,4
1992,7,186,KAN,Erick Anderson,FALSE,LB,Michigan,23,1994,0,0,0,1,10,2
1992,7,187,PHI,William Boatwright,FALSE,OG,Virginia Tech,NA,NA,0,0,0,NA,NA,NA
1992,7,188,PIT,Scottie Graham,FALSE,RB,Ohio St.,23,1997,0,0,0,8,57,5
1992,7,189,HOU,Elbert Turner,FALSE,WR,Illinois,NA,NA,0,0,0,NA,NA,NA
1992,7,190,GNB,Christopher Holder,FALSE,WR,Tuskegee,NA,NA,0,0,0,NA,NA,NA
1992,7,191,MIA,Dave Moore,FALSE,TE,Pittsburgh,22,2006,0,1,5,18,220,14
1992,7,192,CHI,John Brown,FALSE,WR,Houston,NA,NA,0,0,0,NA,NA,NA
1992,7,193,DEN,Jon Bostick,FALSE,WR,Nebraska,NA,NA,0,0,0,NA,NA,NA
1992,7,194,NWE,Jim Gray,FALSE,DT,West Virginia,NA,NA,0,0,0,NA,NA,NA
1992,7,195,BUF,Kurt Schulz,FALSE,DB,Eastern Washington,23,2001,0,0,7,42,129,9
1992,7,196,WAS,Calvin Holmes,FALSE,DB,USC,NA,NA,0,0,0,NA,NA,NA
1992,8,197,IND,Jason Belser,FALSE,DB,Oklahoma,22,2002,0,0,8,47,173,10
1992,8,198,RAM,Ricky Jones,FALSE,QB,Alabama St.,NA,NA,0,0,0,NA,NA,NA
1992,8,199,CIN,Roosevelt Nix,FALSE,DE,Central State (OH),25,1994,0,0,0,1,18,2
1992,8,200,TAM,Anthony McDowell,FALSE,RB,Texas Tech,23,1994,0,0,2,5,30,2
1992,8,201,SDG,James Fuller,FALSE,DB,Portland St.,23,1996,0,0,0,3,23,4
1992,8,202,PHO,Eric Blount,FALSE,WR,North Carolina,21,1993,0,0,0,1,10,1
1992,8,203,PIT,Darren Perry,FALSE,DB,Penn St.,23,2000,0,0,8,50,126,8
1992,8,204,NWE,Scott Lockwood,FALSE,RB,USC,24,1993,0,0,0,1,6,1
1992,8,205,NWE,Sam Gash,FALSE,FB,Penn St.,23,2003,0,2,5,13,177,11
1992,8,206,PIT,Hesham Ismail,FALSE,OG,Florida,NA,NA,0,0,0,NA,NA,NA
1992,8,207,SEA,Muhammad Shamsid-Deen,FALSE,RB,Chattanooga,NA,NA,0,0,0,NA,NA,NA
1992,8,208,DEN,Dietrich Lockridge,FALSE,OG,Jackson St.,NA,NA,0,0,0,NA,NA,NA
1992,8,209,MIA,Andre Powell,FALSE,LB,Penn St.,23,1994,0,0,0,2,16,2
1992,8,210,MIN,Luke Fisher,FALSE,TE,East Carolina,NA,NA,0,0,0,NA,NA,NA
1992,8,211,NYG,Kent Graham,FALSE,QB,Ohio St.,23,2001,0,0,1,21,81,9
1992,8,212,IND,Ronald Humphrey,FALSE,RB,Miss. Valley St.,23,1995,0,0,0,2,26,3
1992,8,213,KAN,Jim Jennings,FALSE,OG,San Diego St.,NA,NA,0,0,0,NA,NA,NA
1992,8,214,PHI,Chuck Bullough,FALSE,LB,Michigan St.,23,1994,0,0,0,0,4,2
1992,8,215,PIT,Nate Williams,FALSE,DT,Mississippi St.,NA,NA,0,0,0,NA,NA,NA
1992,8,216,ATL,Derrick Moore,FALSE,RB,NE State (OK),24,1995,0,0,1,9,42,3
1992,8,217,ATL,Reggie Dwight,FALSE,TE,Troy,NA,NA,0,0,0,NA,NA,NA
1992,8,218,NOR,Robert Stewart,FALSE,DT,Alabama,NA,NA,0,0,0,NA,NA,NA
1992,8,219,NYJ,Vincent Brownlee,FALSE,WR,Mississippi,NA,NA,0,0,0,NA,NA,NA
1992,8,220,HOU,Bucky Richardson,FALSE,QB,Texas A&M,23,1994,0,0,0,3,16,2
1992,8,221,DET,Willie Clay,FALSE,DB,Georgia Tech,22,1999,0,0,6,38,118,7
1992,8,222,TAM,Mike Pawlawski,FALSE,QB,California,NA,NA,0,0,0,NA,NA,NA
1992,8,223,BUF,Leonard Humphries,FALSE,DB,Penn St.,22,1994,0,0,0,1,13,2
1992,8,224,WAS,Darryl Moore,FALSE,OG,Texas-El Paso,23,1993,0,0,0,1,12,1
1992,9,225,IND,Eddie Miller,FALSE,WR,South Carolina,23,1993,0,0,0,0,15,1
1992,9,226,CIN,Ostell Miles,FALSE,RB,Houston,22,1993,0,0,0,1,26,1
1992,9,227,MIN,Brad Johnson,FALSE,QB,Florida St.,23,2008,0,2,8,76,177,16
1992,9,228,RAM,T.J. Rubley,FALSE,QB,Tulsa,23,1995,0,0,0,5,10,3
1992,9,229,PHO,David Henson,FALSE,DT,Central Arkansas,NA,NA,0,0,0,NA,NA,NA
1992,9,230,GNB,Ty Detmer,FALSE,QB,BYU,24,2003,0,0,2,16,54,11
1992,9,231,SDG,Johnnie Barnes,FALSE,WR,Hampton,24,1995,0,0,0,2,29,3
1992,9,232,NWE,David Dixon,FALSE,OG,Arizona St.,23,2004,0,0,8,62,152,12
1992,9,233,CLE,Tim Hill,FALSE,DB,Kansas,NA,NA,0,0,0,NA,NA,NA
1992,9,234,SEA,Larry Stayner,FALSE,TE,Boise St.,NA,NA,0,0,0,NA,NA,NA
1992,9,235,PIT,Elnardo Webster,FALSE,LB,Rutgers,22,1992,0,0,0,0,3,0
1992,9,236,MIA,Tony Tellington,FALSE,DB,Youngstown St.,NA,NA,0,0,0,NA,NA,NA
1992,9,237,MIN,Ronnie West,FALSE,WR,Pittsburg St.,24,1992,0,0,0,0,12,0
1992,9,238,NYG,Anthony Prior,FALSE,DB,Washington St.,22,1998,0,0,0,3,59,6
1992,9,239,PHO,Tyrone Williams,FALSE,WR,Western Ontario,22,1993,0,0,0,0,5,1
1992,9,240,GNB,Shazzon Bradley,FALSE,DT,Tennessee,NA,NA,0,0,0,NA,NA,NA
1992,9,241,PHI,Ephesians Bartley,FALSE,LB,Florida,23,1992,0,0,0,0,6,0
1992,9,242,SFO,Darian Hagan,FALSE,QB,Colorado,NA,NA,0,0,0,NA,NA,NA
1992,9,243,ATL,Keith Alex,FALSE,OG,Texas A&M,23,1993,0,0,0,1,14,1
1992,9,244,KAN,Jay Leeuwenburg,FALSE,OG,Colorado,23,2000,0,0,7,46,137,8
1992,9,245,NOR,Don Jones,FALSE,LB,Washington,23,1993,0,0,0,1,8,1
1992,9,246,CHI,Mirko Jurkovic,FALSE,OG,Notre Dame,NA,NA,0,0,0,NA,NA,NA
1992,9,247,HOU,Bernard Dafney,FALSE,OG,Tennessee,23,1997,0,0,1,12,60,5
1992,9,248,DAL,Nate Kirtman,FALSE,DB,Pomona,NA,NA,0,0,0,NA,NA,NA
1992,9,249,DEN,Muhammad Oliver,FALSE,DB,Oregon,23,1995,0,0,0,1,21,3
1992,9,250,DAL,Chris Hall,FALSE,DB,East Carolina,22,1993,0,0,0,0,1,1
1992,9,251,BUF,Chris Walsh,FALSE,WR,Stanford,23,2002,0,0,0,7,139,10
1992,9,252,WAS,Boone Powell,FALSE,LB,Texas,NA,NA,0,0,0,NA,NA,NA
1992,10,253,IND,Steve Grant,FALSE,LB,West Virginia,22,1997,0,0,4,22,83,5
1992,10,254,TAM,Elijah Alexander,FALSE,LB,Kansas St.,22,2001,0,0,6,31,123,9
1992,10,255,RAM,Tim Lester,FALSE,RB,Eastern Kentucky,24,1999,0,0,3,4,93,7
1992,10,256,CIN,Horace Smith,FALSE,DB,Oregon Tech,NA,NA,0,0,0,NA,NA,NA
1992,10,257,GNB,Andrew Oberg,FALSE,OT,North Carolina,NA,NA,0,0,0,NA,NA,NA
1992,10,258,SDG,Arthur Paul,FALSE,DT,Arizona St.,NA,NA,0,0,0,NA,NA,NA
1992,10,259,PHO,Reggie Yarbrough,FALSE,RB,Cal State-Fullerton,NA,NA,0,0,0,NA,NA,NA
1992,10,260,CLE,Marcus Lowe,FALSE,DT,Baylor,NA,NA,0,0,0,NA,NA,NA
1992,10,261,NWE,Turner Baur,FALSE,TE,Stanford,NA,NA,0,0,0,NA,NA,NA
1992,10,262,PIT,Mike Saunders,FALSE,RB,Iowa,NA,NA,0,0,0,NA,NA,NA
1992,10,263,SEA,Anthony Hamlet,FALSE,DE,Miami (FL),NA,NA,0,0,0,NA,NA,NA
1992,10,264,MIN,Brad Culpepper,FALSE,DT,Florida,23,2000,0,0,5,41,131,8
1992,10,265,NYG,George Rooks,FALSE,DT,Syracuse,NA,NA,0,0,0,NA,NA,NA
1992,10,266,NYJ,Mario Johnson,FALSE,DT,Missouri,22,1993,0,0,0,1,20,1
1992,10,267,MIA,Raoul Spears,FALSE,RB,USC,NA,NA,0,0,0,NA,NA,NA
1992,10,268,RAI,Alberto White,FALSE,DE,Texas Southern,21,1996,0,0,0,1,13,4
1992,10,269,SFO,Corey Mayfield,FALSE,DT,Oklahoma,22,1995,0,0,0,4,27,3
1992,10,270,ATL,Darryl Hardy,FALSE,LB,Tennessee,23,1997,0,0,0,1,23,5
1992,10,271,KAN,Jerry Ostroski,FALSE,OG,Tulsa,22,2001,0,0,6,40,106,9
1992,10,272,PHI,Mark McMillian,FALSE,DB,Alabama,22,1999,0,0,5,35,127,7
1992,10,273,CHI,Nikki Fisher,FALSE,RB,Virginia,NA,NA,0,0,0,NA,NA,NA
1992,10,274,HOU,Dion Johnson,FALSE,WR,East Carolina,NA,NA,0,0,0,NA,NA,NA
1992,10,275,DAL,John Terry,FALSE,OG,Livingstone,NA,NA,0,0,0,NA,NA,NA
1992,10,276,NOR,Marcus Dowdell,FALSE,WR,Tennessee St.,22,1996,0,0,0,4,41,4
1992,10,277,NWE,Steve Gordon,FALSE,OC,California,23,1998,0,0,0,2,13,6
1992,10,278,DEN,Bob Meeks,FALSE,OC,Auburn,23,1993,0,0,0,1,8,1
1992,10,279,BUF,Barry Rose,FALSE,WR,Wisconsin–Stevens Point,24,1993,0,0,0,0,3,1
1992,10,280,WAS,Tony Barker,FALSE,LB,Rice,23,1992,0,0,0,1,8,0
1992,11,281,RAM,Brian Townsend,FALSE,LB,Michigan,23,1992,0,0,0,0,3,0
1992,11,282,RAM,Brian Thomas,FALSE,WR,Southern,NA,NA,0,0,0,NA,NA,NA
1992,11,283,CIN,John Earle,FALSE,OT,Western Illinois,NA,NA,0,0,0,NA,NA,NA
1992,11,284,TAM,Mazio Royster,FALSE,RB,USC,22,1994,0,0,0,1,33,2
1992,11,285,SDG,Keith McAfee,FALSE,RB,Texas A&M,NA,NA,0,0,0,NA,NA,NA
1992,11,286,PHO,Rob Baxley,FALSE,OT,Iowa,23,1992,0,0,0,0,6,0
1992,11,287,GNB,Gabe Mokwuah,FALSE,LB,American Int.,NA,NA,0,0,0,NA,NA,NA
1992,11,288,NWE,Mike Petko,FALSE,LB,Nebraska,NA,NA,0,0,0,NA,NA,NA
1992,11,289,CLE,Augustin Olobia,FALSE,WR,Washington St.,NA,NA,0,0,0,NA,NA,NA
1992,11,290,SEA,Kris Rongen,FALSE,OG,Washington,NA,NA,0,0,0,NA,NA,NA
1992,11,291,PIT,Kendall Gammon,FALSE,OC,Pittsburg St.,23,2006,0,1,0,11,234,14
1992,11,292,NYG,Nate Singleton,FALSE,WR,Grambling St.,24,1997,0,0,0,7,44,5
1992,11,293,NYJ,Eric Boles,FALSE,WR,Central Washington,NA,NA,0,0,0,NA,NA,NA
1992,11,294,MIA,Lee Miles,FALSE,WR,Baylor,NA,NA,0,0,0,NA,NA,NA
1992,11,295,MIN,Charles Evans,FALSE,RB,Clark (GA),25,2000,0,0,3,10,98,8
1992,11,296,MIA,Mark Barsotti,FALSE,QB,Fresno St.,NA,NA,0,0,0,NA,NA,NA
1992,11,297,ATL,Robin Jones,FALSE,DE,Baylor,NA,NA,0,0,0,NA,NA,NA
1992,11,298,KAN,Doug Rigby,FALSE,DE,Wyoming,NA,NA,0,0,0,NA,NA,NA
1992,11,299,PHI,Pumpy Tudors,FALSE,P,Chattanooga,NA,NA,0,0,0,NA,NA,NA
1992,11,300,SFO,Tom Covington,FALSE,TE,Georgia Tech,NA,NA,0,0,0,NA,NA,NA
1992,11,301,HOU,Anthony Davis,FALSE,LB,Utah,23,2000,0,0,3,29,106,8
1992,11,302,DAL,Tim Daniel,FALSE,WR,Florida A&M,NA,NA,0,0,0,NA,NA,NA
1992,11,303,NOR,Mike Gisler,FALSE,OC,Houston,23,1999,0,0,0,9,105,7
1992,11,304,CHI,Louis Age,FALSE,OT,Louisiana,22,1992,0,0,0,0,6,0
1992,11,305,DEN,Cedric Tillman,FALSE,WR,Alcorn St.,22,1995,0,0,0,10,52,3
1992,11,306,DET,Ed Tillison,FALSE,FB,NW Missouri St.,23,1992,0,0,0,0,6,0
1992,11,307,BUF,Vince Marrow,FALSE,TE,Toledo,24,1994,0,0,0,0,10,2
1992,11,308,WAS,Terry Smith,FALSE,WR,Penn St.,NA,NA,0,0,0,NA,NA,NA
1992,12,309,IND,Michael Brandon,FALSE,DE,Florida,24,1996,0,0,0,2,31,4
1992,12,310,CIN,Eric Shaw,FALSE,LB,Louisiana Tech,20,1994,0,0,1,5,28,2
1992,12,311,TAM,Klaus Wilmsmeyer,FALSE,P,Louisville,24,1998,0,0,0,9,94,6
1992,12,312,RAM,Kelvin Harris,FALSE,OC,Miami (FL),NA,NA,0,0,0,NA,NA,NA
1992,12,313,PHO,Lance Wilson,FALSE,DT,Texas,NA,NA,0,0,0,NA,NA,NA
1992,12,314,GNB,Brett Collins,FALSE,LB,Washington,23,1994,0,0,0,2,27,2
1992,12,315,SDG,Carlos Huerta,FALSE,PK,Miami (FL),23,1996,0,0,0,0,4,4
1992,12,316,CLE,Keithen McCant,FALSE,QB,Nebraska,NA,NA,0,0,0,NA,NA,NA
1992,12,317,DAL,Don Harris,FALSE,DB,Texas Tech,NA,NA,0,0,0,NA,NA,NA
1992,12,318,PIT,Cornelius Benton,FALSE,QB,Connecticut,NA,NA,0,0,0,NA,NA,NA
1992,12,319,SEA,Chico Fraley,FALSE,LB,Washington,NA,NA,0,0,0,NA,NA,NA
1992,12,320,SEA,John MacNeill,FALSE,DE,Michigan St.,NA,NA,0,0,0,NA,NA,NA
1992,12,321,MIA,Milton Biggins,FALSE,TE,Western Kentucky,NA,NA,0,0,0,NA,NA,NA
1992,12,322,MIN,Joe Randolph,FALSE,WR,Elon,NA,NA,0,0,0,NA,NA,NA
1992,12,323,NYG,Charles Swann,FALSE,WR,Indiana St.,21,1994,0,0,0,0,13,2
1992,12,324,RAI,Tom Roth,FALSE,OG,Southern Illinois,NA,NA,0,0,0,NA,NA,NA
1992,12,325,KAN,Corey Williams,FALSE,DB,Oklahoma St.,NA,NA,0,0,0,NA,NA,NA
1992,12,326,PHI,Brandon Houston,FALSE,OT,Oklahoma,NA,NA,0,0,0,NA,NA,NA
1992,12,327,SFO,Matt LaBounty,FALSE,DE,Oregon,23,2001,0,0,0,9,85,9
1992,12,328,MIA,Kameno Bell,FALSE,RB,Illinois,NA,NA,0,0,0,NA,NA,NA
1992,12,329,CLE,Tim Simpson,FALSE,OG,Illinois,23,1994,0,0,0,0,4,2
1992,12,330,NOR,Scott Adell,FALSE,OT,North Carolina St.,NA,NA,0,0,0,NA,NA,NA
1992,12,331,CHI,Chris Wilson,FALSE,LB,Oklahoma,NA,NA,0,0,0,NA,NA,NA
1992,12,332,HOU,Joe Wood,FALSE,PK,Air Force,NA,NA,0,0,0,NA,NA,NA
1992,12,333,NWE,Freeman Baysinger,FALSE,WR,Humboldt St.,NA,NA,0,0,0,NA,NA,NA
1992,12,334,DEN,John Granby,FALSE,WR,Virginia Tech,23,1992,0,0,0,0,4,0
1992,12,335,BUF,Matt Rodgers,FALSE,QB,Iowa,NA,NA,0,0,0,NA,NA,NA
1992,12,336,WAS,Matt Elliott,FALSE,OG,Michigan,23,1997,0,0,2,15,63,5
1993,1,1,NWE,Drew Bledsoe,FALSE,QB,Washington St.,21,2006,0,4,12,105,194,13
1993,1,2,SEA,Rick Mirer,FALSE,QB,Notre Dame,23,2003,0,0,5,33,80,10
1993,1,3,PHO,Garrison Hearst,FALSE,RB,Georgia,22,2004,0,2,7,71,126,11
1993,1,4,NYJ,Marvin Jones,FALSE,LB,Florida St.,21,2003,0,0,9,52,142,10
1993,1,5,CIN,John Copeland,FALSE,DE,Alabama,22,2000,0,0,7,37,107,7
1993,1,6,TAM,Eric Curry,FALSE,DE,Alabama,23,1999,0,0,3,19,75,6
1993,1,7,CHI,Curtis Conway,FALSE,WR,USC,22,2004,0,0,10,62,167,11
1993,1,8,NOR,Willie Roaf,TRUE,OT,Louisiana Tech,23,2005,4,11,12,111,189,12
1993,1,9,ATL,Lincoln Kennedy,FALSE,OT,Washington,22,2003,1,3,9,74,169,10
1993,1,10,RAM,Jerome Bettis,TRUE,RB,Notre Dame,21,2005,2,6,12,81,192,12
1993,1,11,DEN,Dan Williams,FALSE,DE,Toledo,23,2000,0,0,2,30,87,7
1993,1,12,RAI,Patrick Bates,FALSE,DB,Texas A&M,22,1996,0,0,1,7,44,3
1993,1,13,HOU,Brad Hopkins,FALSE,OT,Illinois,23,2005,0,2,13,71,194,12
1993,1,14,CLE,Steve Everitt,FALSE,OC,Michigan,23,2000,0,0,6,36,103,7
1993,1,15,GNB,Wayne Simmons,FALSE,LB,Clemson,23,1998,0,0,4,33,90,5
1993,1,16,IND,Sean Dawkins,FALSE,WR,California,22,2001,0,0,7,48,140,8
1993,1,17,WAS,Tom Carter,FALSE,DB,Notre Dame,21,2001,0,0,6,35,118,8
1993,1,18,PHO,Ernest Dye,FALSE,OT,South Carolina,22,1997,0,0,2,10,50,4
1993,1,19,PHI,Lester Holmes,FALSE,OG,Jackson St.,23,2000,0,0,6,38,102,7
1993,1,20,NOR,Irv Smith,FALSE,TE,Notre Dame,21,1999,0,0,5,14,95,6
1993,1,21,MIN,Robert Smith,FALSE,RB,Ohio St.,21,2000,0,2,6,60,98,7
1993,1,22,SDG,Darrien Gordon,FALSE,DB,Stanford,22,2002,0,0,3,42,138,9
1993,1,23,PIT,Deon Figures,FALSE,DB,Colorado,23,1998,0,0,2,21,93,5
1993,1,24,PHI,Leonard Renfro,FALSE,DT,Colorado,23,1994,0,0,0,3,23,1
1993,1,25,MIA,O.J. McDuffie,FALSE,WR,Penn St.,23,2000,0,0,5,44,116,7
1993,1,26,SFO,Dana Stubblefield,FALSE,DT,Kansas,22,2003,1,3,9,69,154,10
1993,1,27,SFO,Todd Kelly,FALSE,LB,Tennessee,22,1996,0,0,0,5,45,3
1993,1,28,BUF,Thomas Smith,FALSE,DB,North Carolina,22,2001,0,0,7,40,137,8
1993,1,29,GNB,George Teague,FALSE,DB,Alabama,22,2001,0,0,6,39,133,8
1993,2,30,SEA,Carlton Gray,FALSE,DB,UCLA,22,2000,0,0,4,24,102,7
1993,2,31,NWE,Chris Slade,FALSE,LB,Virginia,22,2001,0,1,6,54,142,8
1993,2,32,PHO,Ben Coleman,FALSE,OG,Wake Forest,22,2001,0,0,7,45,135,8
1993,2,33,DET,Ryan McNeil,FALSE,DB,Miami (FL),22,2003,0,1,9,53,161,10
1993,2,34,TAM,Demetrious DuBose,FALSE,LB,Notre Dame,22,1996,0,0,0,5,60,3
1993,2,35,CHI,Carl Simpson,FALSE,DT,Florida St.,23,1998,0,0,2,24,87,5
1993,2,36,NYJ,Coleman Rudolph,FALSE,DE,Georgia Tech,22,1996,0,0,0,6,48,3
1993,2,37,CIN,Tony McGee,FALSE,TE,Michigan,22,2003,0,0,10,28,156,10
1993,2,38,ATL,Roger Harper,FALSE,DB,Ohio St.,22,1996,0,0,3,12,56,3
1993,2,39,RAM,Troy Drayton,FALSE,TE,Penn St.,23,2000,0,0,6,21,122,7
1993,2,40,NYG,Michael Strahan,TRUE,DE,Texas Southern,21,2007,4,7,14,122,216,14
1993,2,41,SDG,Natrone Means,FALSE,RB,North Carolina,21,2000,0,1,5,38,88,7
1993,2,42,CLE,Dan Footman,FALSE,DE,Florida St.,24,1998,0,0,2,18,69,5
1993,2,43,DEN,Glyn Milburn,FALSE,RB,Stanford,22,2001,1,2,0,19,138,8
1993,2,44,PIT,Chad Brown,FALSE,LB,Colorado,23,2007,2,3,12,85,188,14
1993,2,45,WAS,Reggie Brooks,FALSE,RB,Notre Dame,22,1996,0,0,1,14,41,3
1993,2,46,DAL,Kevin Williams,FALSE,WR,Miami (FL),22,2000,0,0,2,27,121,7
1993,2,47,HOU,Micheal Barrow,FALSE,LB,Miami (FL),23,2005,0,0,10,60,173,12
1993,2,48,SFO,Adrian Hardy,FALSE,DB,Northwestern St. (LA),23,1995,0,0,0,3,36,2
1993,2,49,IND,Roosevelt Potts,FALSE,RB,La-Monroe,22,1998,0,0,4,16,71,5
1993,2,50,PHI,Victor Bailey,FALSE,WR,Missouri,23,1996,0,0,1,8,34,3
1993,2,51,NWE,Todd Rucci,FALSE,OG,Penn St.,23,1999,0,0,5,35,85,6
1993,2,52,MIN,Qadry Ismail,FALSE,WR,Syracuse,22,2002,0,0,4,39,137,9
1993,2,53,NOR,Reggie Freeman,FALSE,LB,Florida St.,23,1993,0,0,0,1,10,0
1993,2,54,DAL,Darrin Smith,FALSE,LB,Miami (FL),23,2004,0,0,10,55,156,11
1993,2,55,BUF,John Parrella,FALSE,DT,Nebraska,23,2004,0,0,7,46,172,11
1993,2,56,NWE,Vincent Brisby,FALSE,WR,La-Monroe,22,2000,0,0,3,25,86,7
1993,3,57,MIN,John Gerak,FALSE,OG,Penn St.,23,1997,0,0,3,15,63,4
1993,3,58,RAI,Billy Joe Hobert,FALSE,QB,Washington,22,1999,0,0,0,7,29,6
1993,3,59,CIN,Steve Tovar,FALSE,LB,Ohio St.,23,2000,0,0,3,29,121,7
1993,3,60,TAM,Lamar Thomas,FALSE,WR,Miami (FL),23,1998,0,0,1,12,73,5
1993,3,61,CHI,Chris Gedney,FALSE,TE,Syracuse,23,2000,0,0,0,8,73,7
1993,3,62,DET,Antonio London,FALSE,LB,Alabama,22,1998,0,0,1,12,76,5
1993,3,63,CIN,Ty Parten,FALSE,DE,Arizona,23,2000,0,0,0,8,62,7
1993,3,64,SDG,Joe Cocozzo,FALSE,OG,Michigan,23,1997,0,0,3,22,77,4
1993,3,65,IND,Ray Buchanan,FALSE,DB,Louisville,21,2004,0,1,10,63,184,11
1993,3,66,NYG,Marcus Buckley,FALSE,LB,Texas A&M,22,1999,0,0,1,17,101,6
1993,3,67,ATL,Harold Alexander,FALSE,P,Appalachian St.,22,1994,0,0,0,4,31,1
1993,3,68,DET,Mike Compton,FALSE,OG,West Virginia,22,2004,0,0,7,51,151,11
1993,3,69,DEN,Rondell Jones,FALSE,DB,North Carolina,22,1997,0,0,1,10,76,4
1993,3,70,DEN,Jason Elam,FALSE,PK,Hawaii,23,2009,0,3,0,43,263,16
1993,3,71,WAS,Rick Hamilton,FALSE,LB,Central Florida,23,1996,0,0,0,3,34,3
1993,3,72,RAI,James Trapp,FALSE,DB,Clemson,23,2003,0,0,1,20,149,10
1993,3,73,RAM,Russell White,FALSE,RB,California,22,1993,0,0,0,0,5,0
1993,3,74,KAN,Will Shields,TRUE,OG,Nebraska,21,2006,2,12,14,113,224,13
1993,3,75,PHI,Derrick Frazier,FALSE,DB,Texas A&M,23,1996,0,0,0,5,25,3
1993,3,76,PIT,Andre Hastings,FALSE,WR,Georgia,22,2000,0,0,4,26,104,7
1993,3,77,PHI,Mike Reid,FALSE,DB,North Carolina St.,22,1994,0,0,0,0,12,1
1993,3,78,MIA,Terry Kirby,FALSE,RB,Virginia,23,2002,0,0,2,47,110,9
1993,3,79,MIN,Gilbert Brown,FALSE,DT,Kansas,22,2003,0,0,7,39,125,10
1993,3,80,WAS,Ed Bunn,FALSE,P,Texas-El Paso,NA,NA,0,0,0,NA,NA,NA
1993,3,81,GNB,Earl Dotson,FALSE,OT,Texas A&M-Kingsville,22,2002,0,0,6,42,120,9
1993,3,82,TAM,John Lynch,TRUE,DB,Stanford,21,2007,2,9,13,88,224,14
1993,3,83,CLE,Mike Caldwell,FALSE,LB,Middle Tenn. St.,22,2003,0,0,2,31,159,10
1993,3,84,DAL,Mike Middleton,FALSE,DB,Indiana,NA,NA,0,0,0,NA,NA,NA
1993,4,85,SEA,Dean Wells,FALSE,LB,Kentucky,23,2001,0,0,6,33,129,8
1993,4,86,NWE,Kevin Johnson,FALSE,DT,Texas Southern,22,1997,0,0,1,7,38,4
1993,4,87,PHO,Ronald Moore,FALSE,RB,Pittsburg St.,23,1998,0,0,2,13,77,5
1993,4,88,NYJ,David Ware,FALSE,OT,Virginia,NA,NA,0,0,0,NA,NA,NA
1993,4,89,NOR,Lorenzo Neal,FALSE,FB,Fresno St.,22,2008,2,4,9,14,239,15
1993,4,90,CIN,Marcello Simmons,FALSE,DB,SMU,22,1993,0,0,0,1,16,0
1993,4,91,TAM,Rudy Harris,FALSE,RB,Clemson,21,1994,0,0,0,1,18,1
1993,4,92,IND,Derwin Gray,FALSE,DB,BYU,22,1998,0,0,0,6,67,5
1993,4,93,NYG,Greg Bishop,FALSE,OG,Pacific,22,1999,0,0,4,27,101,6
1993,4,94,DAL,Derrick Lassic,FALSE,RB,Alabama,23,1993,0,0,0,3,10,0
1993,4,95,SDG,Raylee Johnson,FALSE,DE,Arkansas,23,2004,0,0,3,31,159,11
1993,4,96,DAL,Ron Stone,FALSE,OG,Boston Col.,22,2005,0,3,9,59,173,12
1993,4,97,CHI,Todd Perry,FALSE,OG,Kentucky,22,2003,0,0,9,54,165,10
1993,4,98,DEN,Jeff Robinson,FALSE,TE,Idaho,23,2009,0,0,1,4,202,16
1993,4,99,SDG,Lewis Bush,FALSE,LB,Washington St.,23,2002,0,0,7,37,141,9
1993,4,100,CHI,Myron Baker,FALSE,LB,Louisiana Tech,22,1997,0,0,0,7,66,4
1993,4,101,WAS,Sterling Palmer,FALSE,DE,Florida St.,22,1996,0,0,3,17,49,3
1993,4,102,HOU,Travis Hannah,FALSE,WR,USC,23,1995,0,0,0,1,37,2
1993,4,103,KAN,Jaime Fields,FALSE,LB,Washington,23,1994,0,0,0,2,17,1
1993,4,104,TAM,Horace Copeland,FALSE,WR,Miami (FL),22,1998,0,0,2,17,60,5
1993,4,105,MIA,Ronnie Bradford,FALSE,DB,Colorado,22,2002,0,0,7,30,133,9
1993,4,106,MIN,Ashley Sheppard,FALSE,LB,Clemson,24,1995,0,0,0,2,21,2
1993,4,107,IND,Devon McDonald,FALSE,LB,Notre Dame,23,1996,0,0,0,5,63,3
1993,4,108,PIT,Kevin Henry,FALSE,DE,Mississippi St.,24,2000,0,0,5,40,117,7
1993,4,109,NOR,Derek Brown,FALSE,RB,Nebraska,22,1996,0,0,2,17,56,3
1993,4,110,NWE,Corwin Brown,FALSE,DB,Michigan,23,2000,0,0,1,15,120,7
1993,4,111,BUF,Russell Copeland,FALSE,WR,Memphis,21,1998,0,0,1,13,72,5
1993,4,112,CHI,Albert Fontenot,FALSE,DE,Baylor,22,2001,0,0,5,35,130,8
1993,5,113,NWE,Scott Sisson,FALSE,PK,Georgia Tech,22,1996,0,0,0,0,29,3
1993,5,114,SEA,Terrence Warren,FALSE,WR,Hampton,24,1995,0,0,0,0,17,2
1993,5,115,NYJ,Fred Baxter,FALSE,TE,Auburn,22,2003,0,0,3,7,134,10
1993,5,116,SFO,Artie Smith,FALSE,DE,Louisiana Tech,23,1998,0,0,2,15,73,5
1993,5,117,CIN,Forey Duckett,FALSE,DB,Nevada,23,1994,0,0,0,0,7,1
1993,5,118,GNB,Mark Brunell,FALSE,QB,Washington,22,2011,0,3,11,96,193,18
1993,5,119,GNB,James Willis,FALSE,LB,Auburn,21,1999,0,0,3,22,93,6
1993,5,120,NYJ,Adrian Murrell,FALSE,RB,West Virginia,22,2003,0,0,5,37,122,10
1993,5,121,ATL,Ron George,FALSE,LB,Stanford,23,2000,0,0,2,14,124,7
1993,5,122,RAM,Sean LaChapelle,FALSE,WR,UCLA,23,1996,0,0,1,4,22,3
1993,5,123,NYG,Tommy Thigpen,FALSE,LB,North Carolina,NA,NA,0,0,0,NA,NA,NA
1993,5,124,CLE,Herman Arvie,FALSE,OT,Grambling St.,22,1996,0,0,0,7,62,3
1993,5,125,RAI,Olanda Truitt,FALSE,WR,Mississippi St.,22,1997,0,0,0,3,46,4
1993,5,126,DEN,Kevin Williams,FALSE,RB,UCLA,23,1993,0,0,0,0,3,0
1993,5,127,RAM,Chuck Belin,FALSE,OG,Wisconsin,22,1996,0,0,0,3,21,3
1993,5,128,WAS,Greg Huntington,FALSE,OC,Penn St.,22,1998,0,0,0,1,18,5
1993,5,129,NYJ,Kenny Shedd,FALSE,WR,Northern Iowa,22,2000,0,0,0,2,60,7
1993,5,130,KAN,Lindsay Knapp,FALSE,OG,Notre Dame,23,1996,0,0,0,1,11,3
1993,5,131,HOU,John Henry Mills,FALSE,LB,Wake Forest,23,1999,0,1,0,8,100,6
1993,5,132,MIA,Chris Gray,FALSE,OG,Auburn,23,2007,0,0,11,64,208,14
1993,5,133,MIN,Everett Lindsay,FALSE,OT,Mississippi,22,2003,0,0,3,28,136,10
1993,5,134,SDG,Walter Dunson,FALSE,WR,Middle Tenn. St.,NA,NA,0,0,0,NA,NA,NA
1993,5,135,PIT,Lonnie Palelei,FALSE,OG,UNLV,22,1999,0,0,2,12,44,6
1993,5,136,BUF,Mike Devlin,FALSE,OC,Iowa,23,1999,0,0,2,15,101,6
1993,5,137,NOR,Tyrone Hughes,FALSE,DB,Nebraska,23,1998,0,1,0,11,81,5
1993,5,138,NWE,Rich Griffith,FALSE,TE,Arizona,24,2000,0,0,1,2,90,7
1993,5,139,BUF,Sebastian Savage,FALSE,DB,North Carolina St.,23,1995,0,0,0,0,3,2
1993,5,140,PIT,Marc Woodard,FALSE,LB,Mississippi St.,23,1996,0,0,0,4,48,3
1993,6,141,GNB,Doug Evans,FALSE,DB,Louisiana Tech,23,2003,0,0,8,55,163,10
1993,6,142,NWE,Lawrence Hatch,FALSE,DB,Florida,NA,NA,0,0,0,NA,NA,NA
1993,6,143,PHO,Brett Wallerstedt,FALSE,LB,Arizona St.,22,1997,0,0,0,4,30,4
1993,6,144,NYJ,Richie Anderson,FALSE,FB,Penn St.,21,2004,0,1,6,29,161,11
1993,6,145,TAM,Chidi Ahanotu,FALSE,DE,California,22,2004,0,0,8,55,174,11
1993,6,146,CHI,Dave Hoffmann,FALSE,LB,Washington,23,1993,0,0,0,0,1,0
1993,6,147,DET,Greg Jeffries,FALSE,DB,Virginia,21,2000,0,0,0,9,110,7
1993,6,148,CIN,Tom Scott,FALSE,OT,East Carolina,23,1993,0,0,1,5,13,0
1993,6,149,RAM,Deral Boykin,FALSE,DB,Louisville,23,1996,0,0,0,3,43,3
1993,6,150,NYG,Scott Davis,FALSE,OG,Iowa,23,1997,0,0,0,4,21,4
1993,6,151,ATL,Mitch Lyons,FALSE,TE,Michigan St.,23,1999,0,0,1,3,90,6
1993,6,152,GNB,Paul Hutchins,FALSE,OT,Western Michigan,23,1994,0,0,0,3,17,1
1993,6,153,CLE,Rich McKenzie,FALSE,LB,Penn St.,22,1995,0,0,0,1,8,2
1993,6,154,DEN,Melvin Bonner,FALSE,WR,Baylor,23,1993,0,0,0,0,3,0
1993,6,155,WAS,Darryl Morrison,FALSE,DB,Arizona,22,1996,0,0,2,12,48,3
1993,6,156,GNB,Tim Watson,FALSE,DB,Howard,23,1997,0,0,0,0,13,4
1993,6,157,IND,Carlos Etheredge,FALSE,TE,Miami (FL),23,1994,0,0,0,0,9,1
1993,6,158,HOU,Chuck Bradley,FALSE,OT,Kentucky,23,1993,0,0,0,0,1,0
1993,6,159,KAN,Darius Turner,FALSE,RB,Washington,NA,NA,0,0,0,NA,NA,NA
1993,6,160,WAS,Frank Wycheck,FALSE,TE,Maryland,21,2003,0,3,9,43,155,10
1993,6,161,SDG,Eric Castle,FALSE,DB,Oregon,23,1996,0,0,0,3,53,3
1993,6,162,PIT,Willie Williams,FALSE,DB,Western Carolina,22,2005,0,0,8,45,188,12
1993,6,163,PHI,Derrick Oden,FALSE,LB,Alabama,22,1995,0,0,0,3,35,2
1993,6,164,MIA,Robert O'Neal,FALSE,DB,Clemson,22,1994,0,0,0,0,2,1
1993,6,165,NOR,Ronnie Dixon,FALSE,DT,Cincinnati,22,1998,0,0,1,10,43,5
1993,6,166,SFO,Chris Dalman,FALSE,OC,Stanford,23,1999,0,0,4,36,105,6
1993,6,167,BUF,Corbin Lacina,FALSE,OG,Augustana (SD),22,2003,0,0,6,37,129,10
1993,6,168,DAL,Barry Minter,FALSE,LB,Tulsa,23,2001,0,0,3,32,111,8
1993,7,169,DEN,Clarence Williams,FALSE,TE,Washington St.,24,1993,0,0,0,0,7,0
1993,7,170,SEA,Michael McCrary,FALSE,DE,Wake Forest,23,2002,0,2,6,54,136,9
1993,7,171,NYJ,Alec Millen,FALSE,OT,Georgia,NA,NA,0,0,0,NA,NA,NA
1993,7,172,PHO,Will White,FALSE,DB,Florida,NA,NA,0,0,0,NA,NA,NA
1993,7,173,CHI,Keshon Johnson,FALSE,DB,Arizona,23,1995,0,0,0,3,40,2
1993,7,174,DET,Ty Hallock,FALSE,RB,Michigan St.,22,2000,0,0,3,6,86,7
1993,7,175,CIN,Lance Gunn,FALSE,DB,Texas,23,1993,0,0,1,3,8,0
1993,7,176,TAM,Tyree Davis,FALSE,WR,Central Arkansas,22,1997,0,0,0,0,14,4
1993,7,177,NYG,Todd Peterson,FALSE,PK,Georgia,23,2005,0,0,0,27,159,12
1993,7,178,ATL,Darnell Walker,FALSE,DB,Oklahoma,23,2000,0,0,6,24,120,7
1993,7,179,RAM,Brad Fichtel,FALSE,OC,Eastern Illinois,23,1994,0,0,0,0,2,1
1993,7,180,CLE,Travis Hill,FALSE,LB,Nebraska,23,1995,0,0,0,1,21,2
1993,7,181,RAI,Greg Biekert,FALSE,LB,Colorado,24,2003,0,0,10,57,176,10
1993,7,182,DEN,Tony Kimbrough,FALSE,WR,Jackson St.,22,1994,0,0,0,1,27,1
1993,7,183,GNB,Bob Kuberski,FALSE,DT,Navy,22,1999,0,0,0,5,42,6
1993,7,184,IND,Lance Lewis,FALSE,RB,Nebraska,NA,NA,0,0,0,NA,NA,NA
1993,7,185,PIT,Jeff Zgonina,FALSE,DT,Purdue,23,2009,0,0,4,40,219,16
1993,7,186,KAN,Danan Hughes,FALSE,WR,Iowa,22,1998,0,0,0,5,85,5
1993,7,187,HOU,Patrick Robinson,FALSE,WR,Tennessee St.,23,1994,0,0,0,1,30,1
1993,7,188,SDG,Doug Miller,FALSE,LB,South Dakota St.,23,1994,0,0,0,2,23,1
1993,7,189,PIT,Craig Keith,FALSE,TE,Lenoir-Rhyne,22,1995,0,0,0,0,28,2
1993,7,190,PHI,Joey Mickey,FALSE,TE,Oklahoma,22,1993,0,0,0,0,5,0
1993,7,191,MIA,David Merritt,FALSE,LB,North Carolina St.,21,1995,0,0,0,3,38,2
1993,7,192,MIN,Gino Torretta,FALSE,QB,Miami (FL),23,1996,0,0,0,0,2,3
1993,7,193,NOR,Othello Henderson,FALSE,DB,UCLA,21,1994,0,0,0,2,21,1
1993,7,194,SFO,Troy Wilson,FALSE,DE,Pittsburg St.,22,2001,0,0,0,7,61,8
1993,7,195,BUF,Willie Harris,FALSE,WR,Mississippi St.,NA,NA,0,0,0,NA,NA,NA
1993,7,196,DAL,Brock Marion,FALSE,DB,Nevada,23,2004,0,3,10,59,182,11
1993,8,197,SEA,Jeff Blackshear,FALSE,OG,La-Monroe,24,2002,0,0,6,41,128,9
1993,8,198,NWE,Troy Brown,FALSE,WR,Marshall,22,2007,0,1,5,56,192,14
1993,8,199,PHO,Chad Brown,FALSE,DE,Mississippi,22,1995,0,0,0,7,18,2
1993,8,200,NYJ,Craig Hentrich,FALSE,P,Notre Dame,22,2009,1,2,0,25,241,16
1993,8,201,DET,Kevin Miniefield,FALSE,DB,Arizona St.,23,1997,0,0,0,8,51,4
1993,8,202,CIN,Doug Pelfrey,FALSE,PK,Kentucky,22,1999,0,0,0,18,111,6
1993,8,203,DAL,Dave Thomas,FALSE,DB,Tennessee,25,2001,0,0,3,26,130,8
1993,8,204,SEA,Antonio Edwards,FALSE,DE,Valdosta St.,23,1999,0,0,1,18,82,6
1993,8,205,ATL,Shannon Baker,FALSE,WR,Florida St.,22,1994,0,0,0,0,4,1
1993,8,206,RAM,Jeff Buffaloe,FALSE,P,Memphis,NA,NA,0,0,0,NA,NA,NA
1993,8,207,NYG,Jessie Armstead,FALSE,LB,Miami (FL),22,2003,1,5,8,81,176,10
1993,8,208,RAI,Greg Robinson,FALSE,RB,La-Monroe,24,1996,0,0,1,7,28,3
1993,8,209,RAM,Maa Tanuvasa,FALSE,DE,Hawaii,22,2001,0,0,3,28,82,8
1993,8,210,DEN,Brian Stablein,FALSE,WR,Ohio St.,23,2000,0,0,0,7,87,7
1993,8,211,IND,Marquise Thomas,FALSE,LB,Mississippi,NA,NA,0,0,0,NA,NA,NA
1993,8,212,WAS,Lamont Hollinquest,FALSE,LB,USC,22,1998,0,0,0,6,76,5
1993,8,213,DAL,Reggie Givens,FALSE,LB,Penn St.,21,2000,0,0,0,3,41,7
1993,8,214,HOU,Blaine Bishop,FALSE,DB,Ball St.,23,2002,0,4,8,57,138,9
1993,8,215,PHO,Stevie Anderson,FALSE,WR,Grambling St.,23,1996,0,0,0,2,23,3
1993,8,216,PIT,Alex Van Pelt,FALSE,QB,Pittsburgh,23,2003,0,0,0,7,31,10
1993,8,217,PHI,Doug Skene,FALSE,OG,Michigan,23,1994,0,0,0,3,6,1
1993,8,218,MIA,Dwayne Gordon,FALSE,LB,New Hampshire,23,2000,0,0,1,17,113,7
1993,8,219,SFO,Elvis Grbac,FALSE,QB,Michigan,23,2001,0,1,4,48,105,8
1993,8,220,TAM,Darrick Branch,FALSE,WR,Hawaii,NA,NA,0,0,0,NA,NA,NA
1993,8,221,NOR,Jon Kirksey,FALSE,DT,Sacramento St.,23,1996,0,0,0,1,11,3
1993,8,222,SDG,Trent Green,FALSE,QB,Indiana,23,2008,0,2,7,94,120,15
1993,8,223,BUF,Chris Luneberg,FALSE,OT,West Chester,NA,NA,0,0,0,NA,NA,NA
1993,8,224,TAM,Daron Alcorn,FALSE,PK,Akron,NA,NA,0,0,0,NA,NA,NA
1994,1,1,CIN,Dan Wilkinson,FALSE,DT,Ohio St.,21,2006,0,0,12,60,195,12
1994,1,2,IND,Marshall Faulk,TRUE,RB,San Diego St.,21,2005,3,7,11,132,176,11
1994,1,3,WAS,Heath Shuler,FALSE,QB,Tennessee,22,1997,0,0,2,6,29,3
1994,1,4,NWE,Willie McGinest,FALSE,DE,USC,22,2008,0,2,13,76,212,14
1994,1,5,IND,Trev Alberts,FALSE,LB,Nebraska,24,1996,0,0,0,4,29,2
1994,1,6,TAM,Trent Dilfer,FALSE,QB,Fresno St.,22,2007,0,1,7,51,130,13
1994,1,7,SFO,Bryant Young,TRUE,DT,Notre Dame,22,2007,1,4,14,88,208,13
1994,1,8,SEA,Sam Adams,FALSE,DT,Texas A&M,21,2007,0,3,12,77,206,13
1994,1,9,CLE,Antonio Langham,FALSE,DB,Alabama,22,2000,0,0,4,29,102,6
1994,1,10,ARI,Jamir Miller,FALSE,LB,UCLA,20,2001,1,1,7,44,121,7
1994,1,11,CHI,John Thierry,FALSE,DE,Alcorn St.,23,2002,0,0,6,33,131,8
1994,1,12,NYJ,Aaron Glenn,FALSE,DB,Texas A&M,22,2008,0,3,11,71,205,14
1994,1,13,NOR,Joe Johnson,FALSE,DE,Louisville,22,2003,0,2,7,50,117,9
1994,1,14,PHI,Bernard Williams,FALSE,OT,Georgia,22,1994,0,0,1,8,16,0
1994,1,15,RAM,Wayne Gandy,FALSE,OT,Auburn,23,2008,0,0,13,68,219,14
1994,1,16,GNB,Aaron Taylor,FALSE,OG,Notre Dame,21,1999,0,0,5,34,75,5
1994,1,17,PIT,Charles Johnson,FALSE,WR,Colorado,22,2002,0,0,7,39,133,8
1994,1,18,MIN,Dewayne Washington,FALSE,DB,North Carolina St.,21,2005,0,0,11,63,191,11
1994,1,19,MIN,Todd Steussie,FALSE,OT,California,23,2007,0,2,12,75,213,13
1994,1,20,MIA,Tim Bowens,FALSE,DT,Mississippi,21,2004,0,2,10,63,157,10
1994,1,21,DET,Johnnie Morton,FALSE,WR,USC,22,2005,0,0,11,69,182,11
1994,1,22,RAI,Rob Fredrickson,FALSE,LB,Michigan St.,23,2002,0,0,9,42,128,8
1994,1,23,DAL,Shante Carver,FALSE,DE,Arizona St.,23,1997,0,0,2,13,52,3
1994,1,24,NYG,Thomas Lewis,FALSE,WR,Indiana,22,1997,0,0,1,9,34,3
1994,1,25,KAN,Greg Hill,FALSE,RB,Texas A&M,22,1999,0,0,2,24,79,5
1994,1,26,HOU,Henry Ford,FALSE,DT,Arkansas,22,2003,0,0,5,38,133,9
1994,1,27,BUF,Jeff Burris,FALSE,DB,Notre Dame,22,2003,0,0,8,43,144,9
1994,1,28,SFO,William Floyd,FALSE,FB,Florida St.,22,2000,0,0,7,22,90,6
1994,1,29,CLE,Derrick Alexander,FALSE,WR,Michigan,22,2002,0,0,7,56,126,8
1994,2,30,CIN,Darnay Scott,FALSE,WR,San Diego St.,22,2002,0,0,7,47,124,8
1994,2,31,WAS,Tre' Johnson,FALSE,OG,Temple,23,2002,0,1,5,41,93,8
1994,2,32,IND,Eric Mahlum,FALSE,OG,California,23,1996,0,0,1,11,36,2
1994,2,33,RAM,Isaac Bruce,TRUE,WR,Memphis,21,2009,0,4,13,101,223,15
1994,2,34,TAM,Errict Rhett,FALSE,RB,Florida,23,2000,0,0,4,26,86,6
1994,2,35,NWE,Kevin Lee,FALSE,WR,Alabama,23,1996,0,0,0,1,9,2
1994,2,36,SEA,Kevin Mawae,TRUE,OC,LSU,23,2009,3,8,15,108,241,15
1994,2,37,PHI,Bruce Walker,FALSE,DT,UCLA,22,1995,0,0,0,3,11,1
1994,2,38,ARI,Chuck Levy,FALSE,RB,Arizona,22,1998,0,0,0,3,37,4
1994,2,39,CHI,Marcus Spears,FALSE,OT,Northwestern St. (LA),22,2004,0,0,1,15,103,10
1994,2,40,MIN,David Palmer,FALSE,WR,Alabama,21,2000,0,0,0,9,84,6
1994,2,41,NYJ,Ryan Yarborough,FALSE,WR,Wyoming,23,1998,0,0,0,2,51,4
1994,2,42,PHI,Charlie Garner,FALSE,RB,Tennessee,22,2004,0,1,5,71,147,10
1994,2,43,SDG,Isaac Davis,FALSE,OG,Arkansas,22,1997,0,0,2,14,58,3
1994,2,44,NOR,Mario Bates,FALSE,RB,Arizona St.,21,2000,0,0,3,21,98,6
1994,2,45,ATL,Bert Emanuel,FALSE,WR,Rice,23,2001,0,0,6,39,103,7
1994,2,46,DAL,Larry Allen,TRUE,OG,Sonoma St.,22,2007,6,11,13,101,203,13
1994,2,47,NYG,Thomas Randolph,FALSE,DB,Kansas St.,23,1999,0,0,2,17,95,5
1994,2,48,BUF,Bucky Brooks,FALSE,DB,North Carolina,23,1998,0,0,0,1,32,4
1994,2,49,RAM,Toby Wright,FALSE,DB,Nebraska,23,1999,0,0,3,17,59,5
1994,2,50,PIT,Brentson Buckner,FALSE,DT,Clemson,22,2005,0,0,8,51,174,11
1994,2,51,DEN,Allen Aldridge,FALSE,LB,Houston,22,2001,0,0,7,40,128,7
1994,2,52,RAI,James Folston,FALSE,LB,La-Monroe,23,2000,0,0,0,8,84,6
1994,2,53,SFO,Kevin Mitchell,FALSE,LB,Syracuse,23,2003,0,0,2,18,144,9
1994,2,54,MIA,Aubrey Beavers,FALSE,LB,Oklahoma,23,1996,0,0,0,7,39,2
1994,2,55,MIN,Fernando Smith,FALSE,DE,Jackson St.,23,2000,0,0,2,21,80,6
1994,2,56,RAM,Brad Ottis,FALSE,DE,Wayne State (NE),22,2000,0,0,1,11,81,6
1994,2,57,DET,Van Malone,FALSE,DB,Texas,24,1997,0,0,1,9,55,3
1994,2,58,KAN,Donnell Bennett,FALSE,RB,Miami (FL),21,2001,0,0,2,14,102,7
1994,2,59,NYG,Jason Sehorn,FALSE,DB,USC,23,2003,0,0,5,37,117,9
1994,2,60,HOU,Jeremy Nunley,FALSE,DE,Alabama,22,1994,0,0,0,1,12,0
1994,2,61,BUF,Lonnie Johnson,FALSE,TE,Florida St.,23,1999,0,0,4,13,88,5
1994,2,62,SFO,Tyronne Drakeford,FALSE,DB,Virginia Tech,23,2001,0,0,2,20,97,7
1994,2,63,SDG,Vaughn Parker,FALSE,OT,UCLA,23,2004,0,0,7,38,122,10
1994,2,64,BUF,Sam Rogers,FALSE,LB,Colorado,24,2003,0,0,7,44,133,9
1994,2,65,MIA,Tim Ruddy,FALSE,OC,Notre Dame,22,2003,0,1,9,61,156,9
1994,3,66,CIN,Jeff Cothran,FALSE,FB,Ohio St.,23,1996,0,0,2,3,39,2
1994,3,67,IND,Jason Mathews,FALSE,OT,Texas A&M,23,2004,0,0,2,26,144,10
1994,3,68,WAS,Tydus Winans,FALSE,WR,Fresno St.,22,1996,0,0,0,4,25,2
1994,3,69,TAM,Harold Bishop,FALSE,TE,LSU,24,1998,0,0,0,1,34,4
1994,3,70,SDG,Andre Coleman,FALSE,WR,Kansas St.,21,1998,0,0,1,10,58,4
1994,3,71,RAM,Keith Lyle,FALSE,DB,Virginia,22,2002,0,0,6,36,136,8
1994,3,72,ATL,Anthony Phillips,FALSE,DB,Texas A&M-Kingsville,23,1998,0,0,0,2,20,4
1994,3,73,SEA,Lamar Smith,FALSE,RB,Houston,23,2003,0,0,4,33,115,9
1994,3,74,CHI,Jim Flanigan,FALSE,DT,Notre Dame,23,2003,0,0,6,46,145,9
1994,3,75,CLE,Romeo Bandison,FALSE,DT,Oregon,23,1996,0,0,0,1,14,2
1994,3,76,ARI,Rich Braham,FALSE,OC,West Virginia,23,2006,0,0,10,55,146,12
1994,3,77,PHI,Joe Panos,FALSE,OG,Wisconsin,23,2000,0,0,4,27,83,6
1994,3,78,NWE,Ervin Collier,FALSE,DT,Florida A&M,NA,NA,0,0,0,NA,NA,NA
1994,3,79,NOR,Winfred Tubbs,FALSE,LB,Texas,23,2000,0,1,6,41,98,6
1994,3,80,RAI,Calvin Jones,FALSE,RB,Nebraska,23,1996,0,0,0,1,16,2
1994,3,81,BUF,Marlo Perry,FALSE,LB,Jackson St.,22,1999,0,0,1,12,76,5
1994,3,82,SDG,Willie Clark,FALSE,DB,Notre Dame,22,1998,0,0,0,8,59,4
1994,3,83,RAM,James Bostic,FALSE,RB,Auburn,22,1999,0,0,0,0,11,5
1994,3,84,GNB,LeShon Johnson,FALSE,RB,Northern Illinois,23,1999,0,0,1,12,62,5
1994,3,85,SFO,Doug Brien,FALSE,PK,California,23,2005,0,0,0,28,154,11
1994,3,86,CIN,Steve Shine,FALSE,LB,Northwestern,NA,NA,0,0,0,NA,NA,NA
1994,3,87,SFO,Cory Fleming,FALSE,WR,Tennessee,23,1995,0,0,0,1,18,1
1994,3,88,PIT,Jason Gildon,FALSE,LB,Oklahoma St.,22,2004,1,3,8,75,167,10
1994,3,89,ARI,Eric England,FALSE,DE,Texas A&M,23,1996,0,0,0,3,37,2
1994,3,90,NWE,Joe Burch,FALSE,OC,Texas Southern,NA,NA,0,0,0,NA,NA,NA
1994,3,91,PIT,Bam Morris,FALSE,RB,Texas Tech,22,1999,0,0,2,28,74,5
1994,3,92,KAN,Lake Dawson,FALSE,WR,Notre Dame,22,1997,0,0,2,12,43,3
1994,3,93,DET,Shane Bonham,FALSE,DT,Tennessee,23,1999,0,0,0,6,76,5
1994,3,94,NYJ,Lou Benfatti,FALSE,DT,Penn St.,23,1995,0,0,0,1,19,1
1994,3,95,NYG,Gary Downs,FALSE,RB,North Carolina St.,22,2000,0,0,0,2,70,6
1994,3,96,KAN,Chris Penn,FALSE,WR,Tulsa,23,1999,0,0,1,15,70,5
1994,3,97,WAS,Joe Patton,FALSE,OT,Alabama A&M,22,1998,0,0,3,25,61,4
1994,3,98,BUF,Corey Louchiey,FALSE,OT,South Carolina,22,1997,0,0,0,8,45,3
1994,3,99,ATL,Alai Kalaniuvalu,FALSE,OG,Oregon St.,NA,NA,0,0,0,NA,NA,NA
1994,3,100,RAM,Ernest Jones,FALSE,DT,Oregon,23,1999,0,0,0,2,29,5
1994,3,101,HOU,Malcolm Floyd,FALSE,WR,Fresno St.,21,1997,0,0,0,2,49,3
1994,3,102,DAL,George Hegamin,FALSE,OT,North Carolina St.,21,2000,0,0,1,10,64,6
1994,3,103,PHI,Eric Zomalt,FALSE,DB,California,22,1996,0,0,0,4,40,2
1994,4,104,CIN,Corey Sawyer,FALSE,DB,Florida St.,22,1999,0,0,0,11,65,5
1994,4,105,WAS,Kurt Haws,FALSE,TE,Utah,24,1994,0,0,0,0,6,0
1994,4,106,IND,Bradford Banta,FALSE,TE,USC,23,2004,0,0,0,0,156,10
1994,4,107,ARI,Perry Carter,FALSE,DB,Southern Miss,23,1998,0,0,0,3,28,4
1994,4,108,RAM,Chris Brantley,FALSE,WR,Rutgers,23,1996,0,0,0,0,25,2
1994,4,109,DAL,Willie Jackson,FALSE,WR,Florida,23,2002,0,0,3,30,113,8
1994,4,110,SEA,Larry Whigham,FALSE,DB,La-Monroe,22,2002,0,2,0,15,136,8
1994,4,111,ATL,Perry Klein,FALSE,QB,C.W. Post,23,1994,0,0,0,0,2,0
1994,4,112,MIA,Ronnie Woolfork,FALSE,LB,Colorado,NA,NA,0,0,0,NA,NA,NA
1994,4,113,ARI,John Reece,FALSE,DB,Nebraska,23,1995,0,0,0,0,5,1
1994,4,114,CHI,Raymont Harris,FALSE,RB,Ohio St.,23,2000,0,0,3,21,54,6
1994,4,115,ARI,Terry Irving,FALSE,LB,McNeese St.,23,1998,0,0,0,10,70,4
1994,4,116,NOR,Doug Nussmeier,FALSE,QB,Idaho,23,1997,0,0,0,2,5,3
1994,4,117,NYJ,Orlando Parker,FALSE,WR,Troy,22,1994,0,0,0,0,2,0
1994,4,118,ATL,Mitch Davis,FALSE,LB,Georgia,NA,NA,0,0,0,NA,NA,NA
1994,4,119,HOU,Mike Davis,FALSE,DB,Cincinnati,22,1995,0,0,0,1,19,1
1994,4,120,RAI,Austin Robbins,FALSE,DT,North Carolina,23,2000,0,0,1,10,80,6
1994,4,121,NWE,John Burke,FALSE,TE,Virginia Tech,23,1998,0,0,0,2,60,4
1994,4,122,PIT,Ta'ase Faumui,FALSE,DE,Hawaii,23,1995,0,0,0,0,8,1
1994,4,123,DEN,Randy Fuller,FALSE,DB,Tennessee St.,24,1999,0,0,0,6,64,5
1994,4,124,DET,Vaughn Bryant,FALSE,DB,Stanford,NA,NA,0,0,0,NA,NA,NA
1994,4,125,MIN,Mike Wells,FALSE,DT,Iowa,23,2001,0,0,4,31,115,7
1994,4,126,GNB,Gabe Wilkins,FALSE,DE,Gardner-Webb,23,1999,0,0,3,22,84,5
1994,4,127,KAN,Bracy Walker,FALSE,DB,North Carolina,23,2005,0,0,3,25,167,11
1994,4,128,NYG,Chris Maumalanga,FALSE,DT,Kansas,22,1996,0,0,0,1,14,2
1994,4,129,HOU,Sean Jackson,FALSE,RB,Florida St.,NA,NA,0,0,0,NA,NA,NA
1994,4,130,BUF,Sean Crocker,FALSE,DB,North Carolina,NA,NA,0,0,0,NA,NA,NA
1994,4,131,DAL,DeWayne Dotson,FALSE,LB,Mississippi,23,1997,0,0,0,2,25,3
1994,5,132,CIN,Trent Pollard,FALSE,OT,Eastern Washington,21,1995,0,0,0,2,17,1
1994,5,133,IND,John Covington,FALSE,DB,Notre Dame,22,1994,0,0,0,0,3,0
1994,5,134,MIN,Shelly Hammonds,FALSE,DB,Penn St.,23,1995,0,0,0,0,1,1
1994,5,135,NWE,Pat O'Neill,FALSE,P,Syracuse,23,1995,0,0,0,2,25,1
1994,5,136,TAM,Pete Pierson,FALSE,OT,Washington,23,2002,0,0,1,14,102,8
1994,5,137,SDG,Aaron Laing,FALSE,TE,New Mexico St.,23,1997,0,0,0,1,32,3
1994,5,138,ATL,Harrison Houston,FALSE,WR,Florida,NA,NA,0,0,0,NA,NA,NA
1994,5,139,ARI,Anthony Redmon,FALSE,OG,Auburn,23,2000,0,0,4,27,79,6
1994,5,140,PIT,Myron Bell,FALSE,DB,Michigan St.,22,2001,0,0,3,19,112,7
1994,5,141,CLE,Issac Booth,FALSE,DB,California,23,1996,0,0,0,4,35,2
1994,5,142,NOR,Herman Carroll,FALSE,DE,Mississippi St.,23,1994,0,0,0,0,4,0
1994,5,143,NOR,Craig Novitsky,FALSE,OG,UCLA,23,1996,0,0,0,7,41,2
1994,5,144,PHI,Marvin Goodwin,FALSE,DB,UCLA,NA,NA,0,0,0,NA,NA,NA
1994,5,145,SDG,Rodney Harrison,FALSE,DB,Western Illinois,21,2008,2,2,10,69,186,14
1994,5,146,GNB,Terry Mickens,FALSE,WR,Florida A&M,23,1999,0,0,0,8,79,5
1994,5,147,MIA,William Gaines,FALSE,DT,Florida,23,1997,0,0,1,12,51,3
1994,5,148,PIT,Gary Brown,FALSE,OT,Georgia Tech,23,1996,0,0,0,5,25,2
1994,5,149,GNB,Dorsey Levens,FALSE,RB,Georgia Tech,24,2004,0,1,3,54,144,10
1994,5,150,SDG,Darren Krein,FALSE,DE,Miami (FL),NA,NA,0,0,0,NA,NA,NA
1994,5,151,KAN,James Burton,FALSE,DB,Fresno St.,23,1997,0,0,0,5,45,3
1994,5,152,NYJ,Horace Morris,FALSE,LB,Tennessee,NA,NA,0,0,0,NA,NA,NA
1994,5,153,SFO,Tony Peterson,FALSE,LB,Notre Dame,22,1999,0,0,0,5,87,5
1994,5,154,DET,Tony Semple,FALSE,OG,Memphis,23,2002,0,0,4,22,112,8
1994,5,155,NYG,Chad Bratzke,FALSE,DE,Eastern Kentucky,22,2003,0,0,7,48,129,9
1994,5,156,KAN,Rob Waldrop,FALSE,DT,Arizona,22,1994,0,0,0,0,3,0
1994,5,157,HOU,Roderick Lewis,FALSE,TE,Arizona,23,1997,0,0,2,2,45,3
1994,5,158,BUF,A.J. Ofodile,FALSE,TE,Missouri,20,1999,0,0,0,0,24,5
1994,5,159,RAI,Roosevelt Patterson,FALSE,OG,Alabama,NA,NA,0,0,0,NA,NA,NA
1994,5,160,SDG,Tony Vinson,FALSE,RB,Towson,23,1999,0,0,0,0,16,5
1994,5,161,HOU,Jim Reid,FALSE,OT,Virginia,23,1995,0,0,0,0,6,1
1994,6,162,CIN,Kimo von Oelhoffen,FALSE,DE,Boise St.,23,2007,0,0,9,56,197,13
1994,6,163,WAS,Dexter Nottage,FALSE,DE,Florida A&M,23,1997,0,0,0,7,48,3
1994,6,164,IND,Lamont Warren,FALSE,RB,Colorado,21,2002,0,0,0,16,96,8
1994,6,165,TAM,Bernard Carter,FALSE,LB,East Carolina,23,1995,0,0,0,0,5,1
1994,6,166,NWE,Steve Hawkins,FALSE,WR,Western Michigan,23,1994,0,0,0,0,7,0
1994,6,167,RAM,Rickey Brady,FALSE,TE,Oklahoma,23,1994,0,0,0,0,1,0
1994,6,168,NWE,Max Lane,FALSE,OT,Navy,23,2000,0,0,4,33,100,6
1994,6,169,GNB,Jay Kearney,FALSE,WR,West Virginia,NA,NA,0,0,0,NA,NA,NA
1994,6,170,CHI,Lloyd Hill,FALSE,WR,Texas Tech,NA,NA,0,0,0,NA,NA,NA
1994,6,171,CLE,Robert Strait,FALSE,RB,Baylor,NA,NA,0,0,0,NA,NA,NA
1994,6,172,ARI,Terry Samuels,FALSE,TE,Kentucky,23,1995,0,0,0,0,20,1
1994,6,173,NYJ,Fred Lester,FALSE,RB,Alabama A&M,NA,NA,0,0,0,NA,NA,NA
1994,6,174,PHI,Ryan McCoy,FALSE,LB,Houston,NA,NA,0,0,0,NA,NA,NA
1994,6,175,GNB,Ruffin Hamilton,FALSE,LB,Tulane,23,1999,0,0,0,3,44,5
1994,6,176,NOR,Derrell Mitchell,FALSE,WR,Texas Tech,22,1994,0,0,0,0,14,0
1994,6,177,MIA,Brant Boyer,FALSE,LB,Arizona,23,2003,0,0,1,18,130,9
1994,6,178,PIT,Jim Miller,FALSE,QB,Michigan St.,23,2002,0,0,2,16,37,8
1994,6,179,MIN,Andrew Jordan,FALSE,TE,Western Carolina,22,2001,0,0,2,7,92,7
1994,6,180,PIT,Eric Ravotti,FALSE,LB,Penn St.,23,1996,0,0,0,3,23,2
1994,6,181,GNB,Bill Schroeder,FALSE,WR,Wisconsin–LaCrosse,23,2004,0,0,5,39,111,10
1994,6,182,SFO,Lee Woodall,FALSE,LB,West Chester,24,2001,0,2,7,44,124,7
1994,6,183,DET,Jocelyn Borgella,FALSE,DB,Cincinnati,23,1996,0,0,0,1,15,2
1994,6,184,CIN,Jerry Reynolds,FALSE,OT,UNLV,24,1998,0,0,0,2,25,4
1994,6,185,KAN,Anthony Daigle,FALSE,RB,Fresno St.,24,1994,0,0,0,0,1,0
1994,6,186,NYG,Jason Winrow,FALSE,OG,Ohio St.,NA,NA,0,0,0,NA,NA,NA
1994,6,187,HOU,Lee Gissendaner,FALSE,WR,Northwestern,NA,NA,0,0,0,NA,NA,NA
1994,6,188,BUF,Anthony Abrams,FALSE,DE,,NA,NA,0,0,0,NA,NA,NA
1994,6,189,RAM,Ronald Edwards,FALSE,OT,North Carolina A&T,NA,NA,0,0,0,NA,NA,NA
1994,6,190,GNB,Paul Duckworth,FALSE,LB,Connecticut,NA,NA,0,0,0,NA,NA,NA
1994,6,191,DAL,Darren Studstill,FALSE,DB,West Virginia,24,1996,0,0,0,0,16,2
1994,6,192,BUF,Kevin Knox,FALSE,WR,Florida St.,23,1994,0,0,0,0,2,0
1994,6,193,PHI,Mitch Berger,FALSE,P,Colorado,22,2009,0,2,0,21,187,15
1994,6,194,HOU,Barron Wortham,FALSE,LB,Texas-El Paso,24,2000,0,0,4,29,108,6
1994,7,195,CIN,Ramondo Stallings,FALSE,DE,San Diego St.,22,1997,0,0,0,4,38,3
1994,7,196,IND,Lance Teichelman,FALSE,DE,Texas A&M,23,1994,0,0,0,0,1,0
1994,7,197,WAS,Gus Frerotte,FALSE,QB,Tulsa,23,2008,0,1,5,57,147,14
1994,7,198,NWE,Jay Walker,FALSE,QB,Howard,22,1997,0,0,0,0,1,3
1994,7,199,KAN,Steve Matthews,FALSE,QB,Memphis,23,1998,0,0,0,1,3,4
1994,7,200,TAM,Jim Pyne,FALSE,OG,Virginia Tech,22,2001,0,0,5,26,81,7
1994,7,201,ATL,Jamal Anderson,FALSE,RB,Utah,21,2001,1,1,4,49,88,7
1994,7,202,SEA,Carlester Crumpler,FALSE,TE,East Carolina,23,1999,0,0,1,7,78,5
1994,7,203,CLE,Andre Hewitt,FALSE,OT,Clemson,NA,NA,0,0,0,NA,NA,NA
1994,7,204,ARI,Frank Harvey,FALSE,RB,Georgia,23,1994,0,0,0,0,2,0
1994,7,205,CHI,Dennis Collier,FALSE,DB,Colorado,NA,NA,0,0,0,NA,NA,NA
1994,7,206,PHI,Mark Montgomery,FALSE,RB,Wisconsin,NA,NA,0,0,0,NA,NA,NA
1994,7,207,SDG,Zane Beehn,FALSE,LB,Kentucky,NA,NA,0,0,0,NA,NA,NA
1994,7,208,NYJ,Glenn Foley,FALSE,QB,Boston Col.,23,1999,0,0,0,8,21,5
1994,7,209,PIT,Brice Abrams,FALSE,RB,Michigan St.,NA,NA,0,0,0,NA,NA,NA
1994,7,210,DEN,Keith Burns,FALSE,LB,Oklahoma St.,22,2006,0,0,0,13,197,12
1994,7,211,MIN,Pete Bercich,FALSE,LB,Notre Dame,22,2000,0,0,0,5,57,6
1994,7,212,DEN,Butler By'not'e,FALSE,RB,Ohio St.,21,1995,0,0,0,0,16,1
1994,7,213,NOR,Lance Lundberg,FALSE,OT,Nebraska,NA,NA,0,0,0,NA,NA,NA
1994,7,214,MIA,Sean Hill,FALSE,DB,Montana St.,23,1996,0,0,0,5,44,2
1994,7,215,DET,Tom Beer,FALSE,LB,Saginaw Valley St.,25,1996,0,0,0,2,41,2
1994,7,216,DAL,Toddrick McIntosh,FALSE,DE,Florida St.,22,1995,0,0,0,1,15,1
1994,7,217,RAI,Rob Holmberg,FALSE,LB,Penn St.,23,2001,0,0,0,9,112,7
1994,7,218,DEN,Tom Nalen,FALSE,OC,Boston Col.,23,2007,2,5,11,102,194,13
1994,7,219,KAN,Tracy Greene,FALSE,TE,Grambling St.,21,1995,0,0,0,1,23,1
1994,7,220,HOU,Lemanski Hall,FALSE,LB,Alabama,23,2002,0,0,1,12,101,8
1994,7,221,BUF,Filmel Johnson,FALSE,DB,Illinois,23,1995,0,0,0,0,2,1
1994,7,222,NWE,Marty Moore,FALSE,LB,Kentucky,23,2001,0,0,1,13,112,7
1995,1,1,CIN,Ki-Jana Carter,FALSE,RB,Penn St.,21,2004,0,0,0,11,59,9
1995,1,2,JAX,Tony Boselli,TRUE,OT,USC,23,2001,3,5,6,66,91,6
1995,1,3,HOU,Steve McNair,FALSE,QB,Alcorn St.,22,2007,0,3,10,99,161,12
1995,1,4,WAS,Michael Westbrook,FALSE,WR,Colorado,23,2002,0,0,6,38,89,7
1995,1,5,CAR,Kerry Collins,FALSE,QB,Penn St.,22,2011,0,2,11,83,198,16
1995,1,6,STL,Kevin Carter,FALSE,DE,Florida,21,2008,1,2,14,86,224,13
1995,1,7,PHI,Mike Mamula,FALSE,DE,Boston Col.,22,2000,0,0,4,31,77,5
1995,1,8,SEA,Joey Galloway,FALSE,WR,Ohio St.,23,2010,0,0,11,78,198,15
1995,1,9,NYJ,Kyle Brady,FALSE,TE,Penn St.,23,2007,0,0,13,26,197,12
1995,1,10,SFO,J.J. Stokes,FALSE,WR,UCLA,22,2003,0,0,3,40,118,8
1995,1,11,MIN,Derrick Alexander,FALSE,DE,Florida St.,21,1999,0,0,5,27,73,4
1995,1,12,TAM,Warren Sapp,TRUE,DT,Miami (FL),22,2007,4,7,13,117,198,12
1995,1,13,NOR,Mark Fields,FALSE,LB,Washington St.,22,2004,0,2,8,53,136,9
1995,1,14,BUF,Ruben Brown,FALSE,OG,Pittsburgh,23,2007,0,9,13,78,181,12
1995,1,15,IND,Ellis Johnson,FALSE,DT,Florida,21,2004,0,0,5,35,149,9
1995,1,16,NYJ,Hugh Douglas,FALSE,DE,Central State (OH),24,2004,1,3,7,68,138,9
1995,1,17,NYG,Tyrone Wheatley,FALSE,RB,Michigan,23,2004,0,0,4,39,124,9
1995,1,18,OAK,Napoleon Kaufman,FALSE,RB,Washington,22,2000,0,0,3,39,91,5
1995,1,19,JAX,James Stewart,FALSE,RB,Tennessee,23,2002,0,0,6,46,101,7
1995,1,20,DET,Luther Elliss,FALSE,DT,Utah,22,2004,0,2,8,51,134,9
1995,1,21,CHI,Rashaan Salaam,FALSE,RB,Colorado,20,1999,0,0,1,13,33,4
1995,1,22,CAR,Tyrone Poole,FALSE,DB,Fort Valley St.,23,2008,0,0,7,43,144,13
1995,1,23,NWE,Ty Law,TRUE,DB,Michigan,21,2009,2,5,12,88,203,14
1995,1,24,MIN,Korey Stringer,FALSE,OT,Ohio St.,21,2000,0,1,6,45,93,5
1995,1,25,MIA,Billy Milner,FALSE,OT,Houston,23,1996,0,0,1,7,30,1
1995,1,26,ATL,Devin Bush Sr.,FALSE,DB,Florida St.,22,2002,0,0,4,27,116,7
1995,1,27,PIT,Mark Bruener,FALSE,TE,Washington,22,2008,0,0,10,10,188,13
1995,1,28,TAM,Derrick Brooks,TRUE,LB,Florida St.,22,2008,5,11,14,142,224,13
1995,1,29,CAR,Blake Brockermeyer,FALSE,OT,Texas,22,2003,0,0,7,40,136,8
1995,1,30,CLE,Craig Powell,FALSE,LB,Ohio St.,23,1998,0,0,0,0,14,3
1995,1,31,KAN,Trezelle Jenkins,FALSE,OT,Michigan,22,1997,0,0,0,1,9,2
1995,1,32,GNB,Craig Newsome,FALSE,DB,Arizona St.,24,1999,0,0,3,18,53,4
1995,2,33,NYJ,Matt O'Dwyer,FALSE,OG,Northwestern,23,2004,0,0,7,41,122,9
1995,2,34,SDG,Terrance Shaw,FALSE,DB,S.F. Austin,21,2004,0,0,5,32,140,9
1995,2,35,HOU,Anthony Cook,FALSE,DE,South Carolina St.,23,1999,0,0,2,20,67,4
1995,2,36,CAR,Shawn King,FALSE,DE,La-Monroe,23,1999,0,0,1,10,48,4
1995,2,37,WAS,Cory Raymer,FALSE,OC,Wisconsin,22,2005,0,0,4,35,98,10
1995,2,38,STL,Zach Wiegert,FALSE,OG,Nebraska,23,2006,0,0,10,49,145,11
1995,2,39,SEA,Christian Fauria,FALSE,TE,Colorado,23,2007,0,0,9,17,191,12
1995,2,40,JAX,Brian DeMarco,FALSE,OG,Michigan St.,23,1999,0,0,3,22,63,4
1995,2,41,ATL,Ron Davis,FALSE,DB,Tennessee,23,1995,0,0,0,2,12,0
1995,2,42,MIN,Orlando Thomas,FALSE,DB,Louisiana,22,2001,0,0,7,32,98,6
1995,2,43,TAM,Melvin Johnson,FALSE,DB,Kentucky,23,1998,0,0,1,13,50,3
1995,2,44,NOR,Ray Zellars,FALSE,RB,Notre Dame,22,1998,0,0,1,10,48,3
1995,2,45,BUF,Todd Collins,FALSE,QB,Michigan,23,2010,0,0,1,11,49,15
1995,2,46,DAL,Sherman Williams,FALSE,RB,Alabama,22,1999,0,0,0,10,60,4
1995,2,47,ARI,Frank Sanders,FALSE,WR,Auburn,22,2003,0,0,8,44,136,8
1995,2,48,IND,Ken Dilger,FALSE,TE,Illinois,24,2004,0,1,10,35,156,9
1995,2,49,OAK,Barret Robbins,FALSE,OC,TCU,22,2003,1,1,7,54,121,8
1995,2,50,PHI,Bobby Taylor,FALSE,DB,Notre Dame,21,2004,0,1,7,52,129,9
1995,2,51,SDG,Terrell Fletcher,FALSE,RB,Wisconsin,21,2002,0,0,0,22,111,7
1995,2,52,CHI,Pat Riley,FALSE,DE,Miami (FL),23,1995,0,0,0,0,1,0
1995,2,53,MIA,Andrew Greene,FALSE,OG,Indiana,25,1998,0,0,0,1,10,3
1995,2,54,NYG,Scott Gragg,FALSE,OT,Montana,23,2005,0,0,9,57,172,10
1995,2,55,MIN,Corey Fuller,FALSE,DB,Florida St.,24,2004,0,0,9,38,152,9
1995,2,56,CHI,Todd Sauerbrun,FALSE,P,West Virginia,22,2007,2,3,0,25,178,12
1995,2,57,NWE,Ted Johnson,FALSE,LB,Colorado,22,2004,0,0,7,45,125,9
1995,2,58,PHI,Barrett Brooks,FALSE,OT,Kansas St.,23,2005,0,0,4,28,118,10
1995,2,59,DAL,Kendell Watkins,FALSE,TE,Mississippi St.,22,1995,0,0,0,0,16,0
1995,2,60,PIT,Kordell Stewart,FALSE,QB,Colorado,22,2005,0,1,6,60,125,10
1995,2,61,SDG,Jimmy Oliver,FALSE,WR,TCU,NA,NA,0,0,0,NA,NA,NA
1995,2,62,STL,Jesse James,FALSE,OC,Mississippi St.,23,1996,0,0,0,0,2,1
1995,2,63,DAL,Shane Hannah,FALSE,OG,Michigan St.,NA,NA,0,0,0,NA,NA,NA
1995,2,64,JAX,Bryan Schwartz,FALSE,LB,Augustana (SD),23,1999,0,0,3,19,55,4
1995,3,65,GNB,Darius Holland,FALSE,DT,Colorado,21,2004,0,0,2,18,111,9
1995,3,66,GNB,William Henderson,FALSE,FB,North Carolina,24,2006,1,1,10,23,188,11
1995,3,67,HOU,Chris Sanders,FALSE,WR,Ohio St.,23,2001,0,0,4,29,97,6
1995,3,68,WAS,Darryl Pounds,FALSE,DB,Nicholls St.,23,2000,0,0,0,9,78,5
1995,3,69,CIN,Melvin Tuten,FALSE,OT,Syracuse,23,2002,0,0,0,11,66,7
1995,3,70,DET,David Sloan,FALSE,TE,New Mexico,23,2003,0,1,6,18,110,8
1995,3,71,JAX,Chris Hudson,FALSE,DB,Colorado,23,2001,0,0,4,27,77,6
1995,3,72,PHI,Greg Jefferson,FALSE,DE,Central Florida,24,1999,0,0,3,19,57,4
1995,3,73,GNB,Brian Williams,FALSE,LB,USC,22,2002,0,0,3,32,81,7
1995,3,74,NWE,Curtis Martin,TRUE,RB,Pittsburgh,22,2005,1,5,11,102,168,10
1995,3,75,NOR,Mike Verstegen,FALSE,OG,Wisconsin,23,1997,0,0,1,5,22,2
1995,3,76,BUF,Marlon Kerner,FALSE,DB,Ohio St.,22,1998,0,0,0,6,43,3
1995,3,77,ATL,Lorenzo Styles,FALSE,LB,Ohio St.,21,2000,0,0,0,6,70,5
1995,3,78,PHI,Chris Jones,FALSE,WR,Miami (FL),24,1997,0,0,1,10,32,2
1995,3,79,IND,Zack Crockett,FALSE,FB,Florida St.,22,2007,0,0,5,13,175,12
1995,3,80,ARI,Stoney Case,FALSE,QB,New Mexico,23,2000,0,0,0,4,20,5
1995,3,81,KAN,Tamarick Vanover,FALSE,WR,Florida St.,21,2002,0,0,0,12,77,7
1995,3,82,STL,Steve McLaughlin,FALSE,PK,Arizona,23,1995,0,0,0,-1,8,0
1995,3,83,CHI,Sean Harris,FALSE,LB,Arizona,23,2001,0,0,3,20,83,6
1995,3,84,CLE,Eric Zeier,FALSE,QB,Georgia,23,2000,0,0,0,5,28,5
1995,3,85,NYG,Rodney Young,FALSE,DB,LSU,22,1998,0,0,0,3,33,3
1995,3,86,OAK,Joe Aska,FALSE,RB,Central Oklahoma,23,1997,0,0,0,3,23,2
1995,3,87,CHI,Evan Pilgrim,FALSE,OG,BYU,23,2000,0,0,0,5,32,5
1995,3,88,NWE,Jimmy Hitchcock,FALSE,DB,North Carolina,24,2002,0,0,3,28,101,7
1995,3,89,HOU,Rodney Thomas,FALSE,RB,Texas A&M,22,2001,0,0,1,17,103,6
1995,3,90,GNB,Antonio Freeman,FALSE,WR,Virginia Tech,23,2003,1,1,6,65,132,8
1995,3,91,PIT,Brenden Stai,FALSE,OG,Nebraska,23,2002,0,0,7,38,105,7
1995,3,92,DAL,Charlie Williams,FALSE,DB,Bowling Green,23,2000,0,0,0,8,81,5
1995,3,93,SDG,Don Sasa,FALSE,DT,Washington St.,22,1998,0,0,0,1,14,3
1995,3,94,CLE,Mike Frederick,FALSE,DE,Virginia,23,1999,0,0,1,7,71,4
1995,3,95,HOU,Torey Hunter,FALSE,DB,Washington St.,23,1995,0,0,0,1,12,0
1995,3,96,BUF,Damien Covington,FALSE,LB,North Carolina St.,22,1997,0,0,1,7,30,2
1995,3,97,KAN,Troy Dumas,FALSE,LB,Nebraska,22,1997,0,0,0,1,16,2
1995,3,98,SDG,Preston Harrison,FALSE,LB,Ohio St.,NA,NA,0,0,0,NA,NA,NA
1995,4,99,JAX,Rob Johnson,FALSE,QB,USC,22,2003,0,0,2,21,48,8
1995,4,100,SDG,Chris Cowart,FALSE,LB,Florida St.,NA,NA,0,0,0,NA,NA,NA
1995,4,101,HOU,Michael Roan,FALSE,TE,Wisconsin,23,2000,0,0,1,4,62,5
1995,4,102,CIN,Sam Shade,FALSE,DB,Alabama,22,2002,0,0,5,30,117,7
1995,4,103,WAS,Larry Jones,FALSE,RB,Miami (FL),NA,NA,0,0,0,NA,NA,NA
1995,4,104,SDG,Aaron Hayden,FALSE,RB,Tennessee,22,1998,0,0,0,5,32,3
1995,4,105,TAM,Jerry Wilson,FALSE,DB,Southern,22,2005,0,0,2,19,120,10
1995,4,106,NYJ,Melvin Hayes,FALSE,OT,Mississippi St.,22,1996,0,0,0,0,4,1
1995,4,107,NYJ,Tyrone Davis,FALSE,TE,Virginia,23,2002,0,0,2,8,75,7
1995,4,108,NOR,Dameian Jeffries,FALSE,DE,Alabama,22,1995,0,0,0,0,2,0
1995,4,109,BUF,Ken Irvin,FALSE,DB,Memphis,23,2005,0,0,5,31,147,10
1995,4,110,DAL,Eric Bjornson,FALSE,TE,Washington,23,2000,0,0,2,10,82,5
1995,4,111,MIN,Chad May,FALSE,QB,Kansas St.,NA,NA,0,0,0,NA,NA,NA
1995,4,112,NWE,Dave Wohlabaugh,FALSE,OC,Syracuse,23,2003,0,0,9,49,128,8
1995,4,113,BUF,Justin Armour,FALSE,WR,Stanford,22,1999,0,0,2,7,39,4
1995,4,114,IND,Ray McElroy,FALSE,DB,Eastern Illinois,23,2001,0,0,0,7,81,6
1995,4,115,STL,Lovell Pinkney,FALSE,TE,Texas,23,1995,0,0,0,0,8,0
1995,4,116,CHI,Jack Jackson,FALSE,WR,Florida,22,1996,0,0,0,0,12,1
1995,4,117,GNB,Jeff Miller,FALSE,OT,Mississippi,NA,NA,0,0,0,NA,NA,NA
1995,4,118,OAK,Mike Morton,FALSE,LB,North Carolina,23,2001,0,0,1,13,103,6
1995,4,119,PHI,Dave Barr,FALSE,QB,California,23,1995,0,0,0,0,2,0
1995,4,120,PIT,Oliver Gibson,FALSE,DT,Notre Dame,23,2003,0,0,4,27,133,8
1995,4,121,DEN,Jamie Brown,FALSE,OT,Florida A&M,23,1999,0,0,0,8,38,4
1995,4,122,MIA,Pete Mitchell,FALSE,TE,Boston Col.,23,2002,0,0,3,23,114,7
1995,4,123,JAX,Mike Thompson,FALSE,DT,Wisconsin,23,2000,0,0,0,3,34,5
1995,4,124,DEN,Ken Brown,FALSE,LB,Virginia Tech,24,1995,0,0,0,0,2,0
1995,4,125,PIT,Donta Jones,FALSE,LB,Nebraska,23,2000,0,0,0,10,91,5
1995,4,126,SEA,Jason Kyle,FALSE,LB,Arizona St.,23,2010,0,0,0,11,203,15
1995,4,127,SFO,Tim Hanshaw,FALSE,OG,BYU,25,1998,0,0,0,4,30,3
1995,4,128,NYG,Rob Zatechka,FALSE,OG,Nebraska,23,1997,0,0,0,5,47,2
1995,4,129,DAL,Alundis Brice,FALSE,DB,Mississippi,25,1996,0,0,0,2,24,1
1995,4,130,DAL,Linc Harden,FALSE,LB,Oklahoma St.,NA,NA,0,0,0,NA,NA,NA
1995,4,131,BUF,Tony Cline,FALSE,TE,Stanford,23,1999,0,0,1,2,52,4
1995,4,132,CAR,Frank Garcia,FALSE,OC,Washington,23,2003,0,0,5,39,125,8
1995,4,133,NYG,Ben Talley,FALSE,LB,Tennessee,23,1998,0,0,0,1,12,3
1995,4,134,KAN,Steve Stenstrom,FALSE,QB,Stanford,23,1999,0,0,0,6,17,4
1995,5,135,CAR,Michael Senters,FALSE,DB,Northwestern,NA,NA,0,0,0,NA,NA,NA
1995,5,136,CLE,Tau Pupua,FALSE,DT,Weber St.,NA,NA,0,0,0,NA,NA,NA
1995,5,137,WAS,Jamie Asher,FALSE,TE,Louisville,22,1998,0,0,3,13,48,3
1995,5,138,OAK,Matt Dyson,FALSE,LB,Michigan,23,1995,0,0,0,0,4,0
1995,5,139,CIN,David Dunn,FALSE,WR,Fresno St.,23,2001,0,0,0,13,88,6
1995,5,140,STL,Mike Scurlock,FALSE,DB,Arizona,23,1999,0,0,0,5,65,4
1995,5,141,DET,Stephen Boyd,FALSE,LB,Boston Col.,23,2001,0,2,4,41,86,6
1995,5,142,NYJ,Carl Greenwood,FALSE,DB,UCLA,23,1996,0,0,0,2,24,1
1995,5,143,TAM,Clifton Abraham,FALSE,DB,Florida St.,23,1997,0,0,0,0,9,2
1995,5,144,BUF,John Holecek,FALSE,LB,Illinois,23,2002,0,0,4,28,81,7
1995,5,145,ATL,Roell Preston,FALSE,WR,Mississippi,23,1999,0,1,0,6,53,4
1995,5,146,DEN,Phil Yeboah-Kodie,FALSE,LB,Penn St.,24,1996,0,0,0,0,2,1
1995,5,147,CLE,Mike Miller,FALSE,WR,Notre Dame,NA,NA,0,0,0,NA,NA,NA
1995,5,148,NOR,William Strong,FALSE,DB,North Carolina St.,23,1996,0,0,0,1,9,1
1995,5,149,IND,Derek West,FALSE,OT,Colorado,23,1997,0,0,0,0,5,2
1995,5,150,ARI,Cedric Davis,FALSE,DB,Tennessee St.,NA,NA,0,0,0,NA,NA,NA
1995,5,151,PIT,Lee Flowers,FALSE,DB,Georgia Tech,22,2002,0,0,5,35,112,7
1995,5,152,WAS,Rich Owens,FALSE,DE,Lehigh,23,2002,0,0,3,28,97,7
1995,5,153,NYG,Roderick Mullen,FALSE,DB,Grambling St.,22,1999,0,0,0,4,53,4
1995,5,154,OAK,Jeff Kysar,FALSE,OT,Arizona St.,NA,NA,0,0,0,NA,NA,NA
1995,5,155,KAN,Mike Pelton,FALSE,DT,Auburn,NA,NA,0,0,0,NA,NA,NA
1995,5,156,DET,Kez McCorvey,FALSE,WR,Florida St.,23,1997,0,0,0,0,9,2
1995,5,157,MIN,James Stewart,FALSE,RB,Miami (FL),23,1995,0,0,0,1,4,0
1995,5,158,MIA,Norman Hand,FALSE,DT,Mississippi,23,2004,0,0,6,36,115,9
1995,5,159,HOU,Gary Walker,FALSE,DT,Auburn,22,2005,0,2,10,63,155,10
1995,5,160,GNB,Jay Barker,FALSE,QB,Alabama,NA,NA,0,0,0,NA,NA,NA
1995,5,161,PIT,Lance Brown,FALSE,DB,Indiana,23,2001,0,0,1,6,58,6
1995,5,162,SDG,'Omar Ellison,FALSE,WR,Florida St.,23,1996,0,0,0,0,12,1
1995,5,163,DET,Ronald Cherry,FALSE,OT,McNeese St.,NA,NA,0,0,0,NA,NA,NA
1995,5,164,KAN,Jerrott Willard,FALSE,LB,California,23,1998,0,0,0,0,1,3
1995,5,165,ARI,Lance Scott,FALSE,OC,Utah,23,1998,0,0,2,12,32,3
1995,5,166,DAL,Edward Hervey,FALSE,WR,USC,NA,NA,0,0,0,NA,NA,NA
1995,5,167,ARI,Tito Paul,FALSE,DB,Ohio St.,22,1999,0,0,0,7,67,4
1995,5,168,DAL,Dana Howard,FALSE,LB,Illinois,23,1996,0,0,0,1,19,1
1995,5,169,JAX,Ryan Christopherson,FALSE,RB,Wyoming,23,1996,0,0,0,0,19,1
1995,5,170,GNB,Travis Jervey,FALSE,RB,The Citadel,23,2003,0,1,1,4,109,8
1995,5,171,CAR,Andrew Peterson,FALSE,OT,Washington,23,1995,0,0,0,1,4,0
1995,6,172,JAX,Marcus Price,FALSE,OT,LSU,23,2004,0,0,0,11,77,9
1995,6,173,GNB,Charlie Simmons,FALSE,WR,Georgia Tech,NA,NA,0,0,0,NA,NA,NA
1995,6,174,HOU,Hicham El-Mashtoub,FALSE,OC,Arizona,23,1996,0,0,0,0,3,1
1995,6,175,CIN,Ryan Grigson,FALSE,OT,Purdue,NA,NA,0,0,0,NA,NA,NA
1995,6,176,WAS,Brian Thure,FALSE,OT,California,22,1995,0,0,0,0,4,0
1995,6,177,SDG,Troy Sienkiewicz,FALSE,OG,New Mexico St.,23,1998,0,0,0,2,28,3
1995,6,178,NYJ,Eddie Mason,FALSE,LB,North Carolina,23,2002,0,0,0,7,80,7
1995,6,179,TAM,Wardell Rouse,FALSE,LB,Clemson,23,1995,0,0,0,1,16,0
1995,6,180,SEA,Henry McMillian,FALSE,DT,Florida,23,1996,0,0,0,0,4,1
1995,6,181,ATL,Travis Hall,FALSE,DT,BYU,23,2005,0,0,6,41,150,10
1995,6,182,DEN,Fritz Fequiere,FALSE,OG,Iowa,NA,NA,0,0,0,NA,NA,NA
1995,6,183,SDG,Brandon Harrison,FALSE,WR,Howard Payne,NA,NA,0,0,0,NA,NA,NA
1995,6,184,NOR,Lee DeRamus,FALSE,WR,Wisconsin,23,1996,0,0,0,2,23,1
1995,6,185,BUF,Shannon Clavelle,FALSE,DE,Colorado,21,1997,0,0,0,1,16,2
1995,6,186,DET,Kevin Hickman,FALSE,TE,Navy,24,1998,0,0,0,0,13,3
1995,6,187,IND,Brian Gelzheiser,FALSE,LB,Penn St.,NA,NA,0,0,0,NA,NA,NA
1995,6,188,CAR,Steve Strahan,FALSE,DT,Baylor,NA,NA,0,0,0,NA,NA,NA
1995,6,189,MIN,John Solomon,FALSE,LB,Sam Houston St.,NA,NA,0,0,0,NA,NA,NA
1995,6,190,OAK,Eli Herring,FALSE,OT,BYU,NA,NA,0,0,0,NA,NA,NA
1995,6,191,CAR,Jerry Colquitt,FALSE,QB,Tennessee,NA,NA,0,0,0,NA,NA,NA
1995,6,192,DET,Cory Schlesinger,FALSE,FB,Nebraska,23,2006,0,0,8,13,181,11
1995,6,193,CHI,Kenny Gales,FALSE,DB,Wisconsin,NA,NA,0,0,0,NA,NA,NA
1995,6,194,MIA,Jeff Kopp,FALSE,LB,USC,24,1999,0,0,0,4,63,4
1995,6,195,NWE,Dino Philyaw,FALSE,RB,Oregon,24,1999,0,0,0,0,23,4
1995,6,196,DEN,Terrell Davis,TRUE,RB,Georgia,22,2001,3,3,5,73,78,6
1995,6,197,SDG,Craig Whelihan,FALSE,QB,Pacific,24,1998,0,0,1,1,19,3
1995,6,198,CHI,Carl Reeves,FALSE,DE,North Carolina St.,23,1998,0,0,1,6,31,3
1995,6,199,PIT,Barron Miles,FALSE,DB,Nebraska,NA,NA,0,0,0,NA,NA,NA
1995,6,200,SDG,Tony Berti,FALSE,OT,Colorado,23,1997,0,0,2,11,33,2
1995,6,201,SFO,Antonio Armstrong,FALSE,LB,Texas A&M,21,1995,0,0,0,0,4,0
1995,6,202,KAN,Bryan Proby,FALSE,DT,Arizona St.,23,1995,0,0,0,0,3,0
1995,6,203,SEA,Eddie Goines,FALSE,WR,North Carolina St.,NA,NA,0,0,0,NA,NA,NA
1995,6,204,NYG,Jamal Duff,FALSE,DE,San Diego St.,23,1998,0,0,0,7,41,3
1995,6,205,ARI,Anthony Bridges,FALSE,DB,North Texas,NA,NA,0,0,0,NA,NA,NA
1995,6,206,NYG,Charles Way,FALSE,RB,Virginia,22,1999,0,0,4,15,75,4
1995,6,207,KAN,Tom Barndt,FALSE,DT,Pittsburgh,23,2001,0,0,2,21,81,6
1995,6,208,PHI,Fred McCrary,FALSE,FB,Mississippi St.,22,2007,0,0,5,6,128,12
1995,7,209,CAR,Chad Cota,FALSE,DB,Oregon,24,2002,0,0,5,34,125,7
1995,7,210,PHI,Kevin Bouie,FALSE,RB,Mississippi St.,24,1997,0,0,0,0,6,2
1995,7,211,HOU,C.J. Richardson,FALSE,DB,Miami (FL),23,1997,0,0,0,1,15,2
1995,7,212,ARI,Billy Williams,FALSE,WR,Tennessee,24,1996,0,0,0,0,1,1
1995,7,213,CIN,John Walsh,FALSE,QB,BYU,NA,NA,0,0,0,NA,NA,NA
1995,7,214,STL,Gerald McBurrows,FALSE,DB,Kansas,21,2003,0,0,2,19,122,8
1995,7,215,TAM,Steve Ingram,FALSE,OT,Maryland,24,1999,0,0,0,1,8,4
1995,7,216,SEA,Keif Bryant,FALSE,DE,Rutgers,NA,NA,0,0,0,NA,NA,NA
1995,7,217,NYJ,Curtis Ceaser,FALSE,WR,Grambling St.,23,1995,0,0,0,0,4,0
1995,7,218,DEN,Steve Russ,FALSE,LB,Air Force,22,2000,0,0,0,2,24,5
1995,7,219,JAX,Curtis Marsh,FALSE,WR,Utah,24,1997,0,0,0,1,15,2
1995,7,220,STL,Herman O'Berry,FALSE,DB,Oregon,24,1996,0,0,0,0,9,1
1995,7,221,BUF,Tom Nutten,FALSE,OG,Western Michigan,24,2005,0,0,5,36,78,10
1995,7,222,DEN,Byron Chamberlain,FALSE,TE,Missouri,23,2003,0,1,2,17,106,8
1995,7,223,IND,Jessie Cox,FALSE,LB,Texas Southern,NA,NA,0,0,0,NA,NA,NA
1995,7,224,ARI,Wesley Leasy,FALSE,LB,Mississippi St.,24,1996,0,0,0,2,28,1
1995,7,225,NYG,Bryne Diehl,FALSE,P,Alabama,NA,NA,0,0,0,NA,NA,NA
1995,7,226,WAS,Scott Turner,FALSE,DB,Illinois,23,2003,0,0,0,9,101,8
1995,7,227,TAM,Jeff Rodgers,FALSE,DE,Texas A&M-Kingsville,NA,NA,0,0,0,NA,NA,NA
1995,7,228,DET,Hessley Hempstead,FALSE,OG,Kansas,23,1997,0,0,0,3,31,2
1995,7,229,CHI,Jamal Cox,FALSE,LB,Georgia Tech,NA,NA,0,0,0,NA,NA,NA
1995,7,230,GNB,Adam Timmerman,FALSE,OG,South Dakota St.,24,2006,0,2,11,78,187,11
1995,7,231,CLE,A.C. Tellison,FALSE,WR,Miami (FL),NA,NA,0,0,0,NA,NA,NA
1995,7,232,MIN,Jose White,FALSE,DT,Howard,22,1998,0,0,0,2,18,3
1995,7,233,MIA,Corey Swinson,FALSE,DT,Hampton,NA,NA,0,0,0,NA,NA,NA
1995,7,234,NWE,Carlos Yancy,FALSE,DB,Georgia,25,1995,0,0,0,0,4,0
1995,7,235,PIT,Henry Bailey,FALSE,WR,UNLV,22,1996,0,0,0,0,8,1
1995,7,236,DAL,Oscar Sturgis,FALSE,DE,North Carolina,24,1995,0,0,0,0,1,0
1995,7,237,SDG,Mark Montreuil,FALSE,DB,Concordia (QB),23,1997,0,0,0,2,35,2
1995,7,238,SFO,Herbert Coleman,FALSE,DE,,NA,NA,0,0,0,NA,NA,NA
1995,7,239,STL,Bronzell Miller,FALSE,DE,Utah,23,1995,0,0,0,0,3,0
1995,7,240,STL,J.T. Thomas,FALSE,WR,Arizona St.,23,1998,0,0,0,2,51,3
1995,7,241,ARI,Chad Eaton,FALSE,DT,Washington St.,23,2004,0,0,5,36,103,9
1995,7,242,NOR,Travis Davis,FALSE,DB,Notre Dame,22,1999,0,0,2,23,73,4
1995,7,243,MIN,Jason Fisk,FALSE,DT,Stanford,23,2006,0,0,7,47,182,11
1995,7,244,BUF,Darick Holmes,FALSE,RB,Portland St.,24,1999,0,0,0,16,60,4
1995,7,245,ATL,John Burrough,FALSE,DE,Wyoming,23,2002,0,0,0,11,89,7
1995,7,246,MIA,Shannon Myers,FALSE,WR,Lenoir-Rhyne,NA,NA,0,0,0,NA,NA,NA
1995,7,247,PIT,Cole Ford,FALSE,PK,USC,22,1998,0,0,0,4,38,3
1995,7,248,PHI,Howard Smothers,FALSE,OT,Bethune-Cookman,NA,NA,0,0,0,NA,NA,NA
1995,7,249,CAR,Michael Reed,FALSE,DB,Boston Col.,23,1996,0,0,0,0,3,1
1996,1,1,NYJ,Keyshawn Johnson,FALSE,WR,USC,24,2006,0,3,11,79,167,10
1996,1,2,JAX,Kevin Hardy,FALSE,LB,Illinois,23,2004,1,1,9,62,134,8
1996,1,3,ARI,Simeon Rice,FALSE,DE,Illinois,22,2007,1,3,11,86,174,11
1996,1,4,BAL,Jonathan Ogden,TRUE,OT,UCLA,22,2007,4,11,12,95,177,11
1996,1,5,NYG,Cedric Jones,FALSE,DE,Oklahoma,22,2000,0,0,2,20,73,4
1996,1,6,STL,Lawrence Phillips,FALSE,RB,Nebraska,21,1999,0,0,2,11,35,3
1996,1,7,NWE,Terry Glenn,FALSE,WR,Ohio St.,22,2007,0,1,9,67,137,11
1996,1,8,CAR,Tim Biakabutuka,FALSE,RB,Michigan,22,2001,0,0,2,26,50,5
1996,1,9,OAK,Rickey Dudley,FALSE,TE,Ohio St.,24,2004,0,0,5,25,108,8
1996,1,10,CIN,Willie Anderson,FALSE,OT,Auburn,21,2008,3,4,12,93,195,12
1996,1,11,NOR,Alex Molden,FALSE,DB,Oregon,23,2003,0,0,3,24,98,7
1996,1,12,TAM,Regan Upshaw,FALSE,DE,California,21,2004,0,0,4,36,110,8
1996,1,13,CHI,Walt Harris,FALSE,DB,Mississippi St.,22,2008,0,1,12,59,193,12
1996,1,14,HOU,Eddie George,FALSE,RB,Ohio St.,22,2004,1,4,8,76,141,8
1996,1,15,DEN,John Mobley,FALSE,LB,Kutztown (PA),22,2003,1,0,6,52,105,7
1996,1,16,MIN,Duane Clemons,FALSE,DE,California,22,2005,0,0,5,39,142,9
1996,1,17,DET,Reggie Brown,FALSE,LB,Texas A&M,21,1997,0,0,2,11,26,1
1996,1,18,STL,Eddie Kennison,FALSE,WR,LSU,23,2008,0,0,12,69,179,12
1996,1,19,IND,Marvin Harrison,TRUE,WR,Syracuse,24,2008,3,8,12,123,190,12
1996,1,20,MIA,Daryl Gardener,FALSE,DT,Baylor,23,2003,0,0,7,42,102,7
1996,1,21,SEA,Pete Kendall,FALSE,OG,Boston Col.,23,2008,0,0,13,63,189,12
1996,1,22,TAM,Marcus Jones,FALSE,DE,North Carolina,23,2001,0,0,2,22,85,5
1996,1,23,DET,Jeff Hartings,FALSE,OC,Penn St.,24,2006,1,2,11,70,162,10
1996,1,24,BUF,Eric Moulds,FALSE,WR,Mississippi St.,23,2007,0,3,11,78,186,11
1996,1,25,PHI,Jermane Mayberry,FALSE,OG,Texas A&M-Kingsville,23,2005,0,1,6,46,123,9
1996,1,26,BAL,Ray Lewis,TRUE,LB,Miami (FL),21,2012,7,12,14,160,228,16
1996,1,27,GNB,John Michels,FALSE,OT,USC,23,1997,0,0,1,9,24,1
1996,1,28,KAN,Jerome Woods,FALSE,DB,Memphis,23,2005,0,1,7,43,128,9
1996,1,29,PIT,Jamain Stephens,FALSE,OT,North Carolina A&T,22,2001,0,0,1,7,40,5
1996,1,30,WAS,Andre Johnson,FALSE,OT,Penn St.,23,1998,0,0,0,0,3,2
1996,2,31,NYJ,Alex Van Dyke,FALSE,WR,Nevada,22,2000,0,0,0,2,42,4
1996,2,32,ARI,Leeland McElroy,FALSE,RB,Texas A&M,22,1997,0,0,1,5,30,1
1996,2,33,JAX,Tony Brackens,FALSE,DE,Texas,21,2003,0,1,4,49,107,7
1996,2,34,NYG,Amani Toomer,FALSE,WR,Michigan,21,2008,0,0,10,69,190,12
1996,2,35,TAM,Mike Alstott,FALSE,RB,Purdue,22,2006,3,6,9,49,158,10
1996,2,36,NWE,Lawyer Milloy,FALSE,DB,Washington,22,2010,1,4,14,78,234,14
1996,2,37,DAL,Kavika Pittman,FALSE,DE,McNeese St.,21,2003,0,0,5,34,108,7
1996,2,38,HOU,Bryant Mix,FALSE,DE,Alcorn St.,24,1997,0,0,0,1,7,1
1996,2,39,CIN,Marco Battaglia,FALSE,TE,Rutgers,23,2003,0,0,1,6,96,7
1996,2,40,NOR,Je'Rod Cherry,FALSE,DB,California,23,2004,0,0,0,7,127,8
1996,2,41,SDG,Bryan Still,FALSE,WR,Virginia Tech,22,1999,0,0,1,8,52,3
1996,2,42,STL,Tony Banks,FALSE,QB,Michigan St.,23,2005,0,0,5,43,96,9
1996,2,43,CAR,Muhsin Muhammad,FALSE,WR,Michigan St.,23,2009,1,2,12,83,202,13
1996,2,44,DEN,Tory James,FALSE,DB,LSU,23,2006,0,1,5,40,158,10
1996,2,45,MIN,James Manley,FALSE,DT,Vanderbilt,22,1996,0,0,0,0,0,0
1996,2,46,SFO,Israel Ifeanyi,FALSE,DE,USC,25,1996,0,0,0,0,3,0
1996,2,47,SEA,Fred Thomas,FALSE,DB,UT Martin,22,2007,0,0,5,32,156,11
1996,2,48,HOU,Jason Layman,FALSE,OG,Tennessee,23,1999,0,0,1,11,61,3
1996,2,49,DAL,Randall Godfrey,FALSE,LB,Georgia,23,2007,0,0,9,68,170,11
1996,2,50,SDG,Patrick Sapp,FALSE,LB,Clemson,23,1999,0,0,1,9,63,3
1996,2,51,IND,Dedric Mathis,FALSE,DB,Houston,22,1997,0,0,0,5,29,1
1996,2,52,CHI,Bobby Engram,FALSE,WR,Penn St.,23,2009,0,0,7,54,176,13
1996,2,53,BUF,Gabe Northern,FALSE,LB,LSU,22,2000,0,0,2,19,73,4
1996,2,54,PHI,Jason Dunn,FALSE,TE,Eastern Kentucky,22,2007,0,0,2,7,160,11
1996,2,55,BAL,DeRon Jenkins,FALSE,DB,Tennessee,22,2001,0,0,3,17,93,5
1996,2,56,GNB,Derrick Mayes,FALSE,WR,Notre Dame,22,2000,0,0,1,17,58,4
1996,2,57,OAK,Lance Johnstone,FALSE,DE,Temple,23,2006,0,0,5,40,166,10
1996,2,58,KAN,Reggie Tongue,FALSE,DB,Oregon St.,23,2005,0,0,7,47,145,9
1996,2,59,STL,Ernie Conwell,FALSE,TE,Washington,24,2006,0,0,7,17,125,10
1996,2,60,JAX,Michael Cheever,FALSE,OC,Georgia Tech,23,1997,0,0,0,5,17,1
1996,2,61,PHI,Brian Dawkins,TRUE,DB,Clemson,22,2011,4,9,15,104,224,15
1996,3,62,NYJ,Ray Mickens,FALSE,DB,Texas A&M,23,2006,0,0,2,21,146,10
1996,3,63,JAX,Aaron Beasley,FALSE,DB,West Virginia,23,2004,0,0,7,43,121,8
1996,3,64,ARI,Johnny McWilliams,FALSE,TE,USC,23,2000,0,0,1,6,74,4
1996,3,65,DEN,Detron Smith,FALSE,RB,Texas A&M,22,2003,0,1,0,1,113,7
1996,3,66,NYG,Roman Oben,FALSE,OT,Louisville,23,2007,0,0,8,47,143,11
1996,3,67,DAL,Clay Shiver,FALSE,OC,Florida St.,23,1998,0,0,2,14,44,2
1996,3,68,KAN,John Browning,FALSE,DT,West Virginia,22,2005,0,0,5,39,121,9
1996,3,69,CIN,Ken Blackman,FALSE,OG,Illinois,23,1998,0,0,3,17,35,2
1996,3,70,NOR,Brady Smith,FALSE,DE,Colorado St.,23,2005,0,0,6,40,143,9
1996,3,71,TAM,Donnie Abraham,FALSE,DB,East Tennessee St.,22,2004,0,1,7,52,132,8
1996,3,72,PIT,Steve Conley,FALSE,LB,Arkansas,24,1998,0,0,0,2,21,2
1996,3,73,CAR,Winslow Oliver,FALSE,RB,New Mexico,23,2000,0,0,0,6,64,4
1996,3,74,HOU,Terry Killens,FALSE,LB,Penn St.,22,2002,0,0,0,8,97,6
1996,3,75,MIN,Moe Williams,FALSE,RB,Kentucky,22,2005,0,0,1,29,132,9
1996,3,76,DET,Ryan Stewart,FALSE,DB,Georgia Tech,22,2000,0,0,0,3,41,4
1996,3,77,SEA,Robert Barr,FALSE,OT,Rutgers,NA,NA,0,0,0,NA,NA,NA
1996,3,78,DEN,Mark Campbell,FALSE,DT,Florida,23,1997,0,0,0,0,5,1
1996,3,79,MIA,Dorian Brew,FALSE,DB,Kansas,22,1997,0,0,0,0,16,1
1996,3,80,MIA,Karim Abdul-Jabbar,FALSE,RB,UCLA,22,2000,0,0,3,24,61,4
1996,3,81,SDG,Brian Roche,FALSE,TE,San Jose St.,23,1998,0,0,0,1,22,2
1996,3,82,IND,Scott Slutzker,FALSE,TE,Iowa,23,1999,0,0,0,1,41,3
1996,3,83,STL,Jerald Moore,FALSE,RB,Oklahoma,21,2000,0,0,0,5,42,4
1996,3,84,ATL,Shannon Brown,FALSE,DT,Alabama,NA,NA,0,0,0,NA,NA,NA
1996,3,85,PHI,Bobby Hoying,FALSE,QB,Ohio St.,23,2000,0,0,1,3,22,4
1996,3,86,NWE,Tedy Bruschi,FALSE,LB,Arizona,23,2008,0,1,9,70,189,12
1996,3,87,BUF,Matt Stevens,FALSE,DB,Appalachian St.,23,2003,0,0,2,24,108,7
1996,3,88,CAR,J.C. Price,FALSE,DT,Virginia Tech,NA,NA,0,0,0,NA,NA,NA
1996,3,89,SFO,Terrell Owens,TRUE,WR,Chattanooga,22,2010,5,6,13,121,219,14
1996,3,90,GNB,Mike Flanagan,FALSE,OC,UCLA,22,2007,0,1,6,40,121,11
1996,3,91,SEA,Reggie Brown,FALSE,RB,Fresno St.,23,2000,0,0,1,2,61,4
1996,3,92,PIT,Jon Witman,FALSE,RB,Penn St.,24,2001,0,0,3,4,85,5
1996,3,93,GNB,Tyrone Williams,FALSE,DB,Nebraska,23,2004,0,0,6,42,120,8
1996,3,94,DAL,Stepfret Williams,FALSE,WR,La-Monroe,23,1998,0,0,0,3,26,2
1996,3,95,DAL,Mike Ulufale,FALSE,DT,BYU,24,1996,0,0,0,0,3,0
1996,4,96,TAM,Jason Odom,FALSE,OT,Florida,22,1999,0,0,2,17,46,3
1996,4,97,MIN,Hunter Goodwin,FALSE,TE,Texas A&M,23,2003,0,0,2,1,119,7
1996,4,98,KAN,Donnie Edwards,FALSE,LB,UCLA,23,2008,0,1,11,83,197,12
1996,4,99,SEA,Phillip Daniels,FALSE,DE,Georgia,23,2010,0,0,11,68,201,14
1996,4,100,DEN,Jeff Lewis,FALSE,QB,Northern Arizona,23,2000,0,0,0,2,12,4
1996,4,101,NWE,Heath Irwin,FALSE,OG,Colorado,23,2002,0,0,1,17,87,6
1996,4,102,WAS,Stephen Davis,FALSE,RB,Auburn,22,2006,0,3,6,56,143,10
1996,4,103,NOR,Ricky Whittle,FALSE,RB,Oregon,24,1996,0,0,0,1,10,0
1996,4,104,TAM,Eric Austin,FALSE,DB,Jackson St.,23,1996,0,0,0,0,2,0
1996,4,105,STL,Percell Gaskins,FALSE,LB,Kansas St.,24,1997,0,0,0,3,27,1
1996,4,106,CAR,Norbert Davidds-Garrido,FALSE,OT,USC,23,2000,0,0,3,20,68,4
1996,4,107,HOU,Kendrick Burton,FALSE,DE,Alabama,23,1996,0,0,0,1,4,0
1996,4,108,CIN,Jevon Langford,FALSE,DE,Oklahoma St.,22,2001,0,0,0,8,66,5
1996,4,109,HOU,Jon Runyan,FALSE,OT,Michigan,22,2009,0,1,12,79,207,13
1996,4,110,JAX,Reggie Barlow,FALSE,WR,Alabama St.,23,2003,0,0,0,8,82,7
1996,4,111,CAR,Emmanuel McDaniel,FALSE,DB,East Carolina,24,2003,0,0,0,10,75,7
1996,4,112,ARI,Aaron Graham,FALSE,OC,Nebraska,23,2002,0,0,2,19,92,6
1996,4,113,MIA,Kirk Pointer,FALSE,DB,Austin Peay St.,NA,NA,0,0,0,NA,NA,NA
1996,4,114,SDG,Charlie Jones,FALSE,WR,Fresno St.,23,1999,0,0,2,13,54,3
1996,4,115,IND,Brian Milne,FALSE,RB,Penn St.,23,2000,0,0,2,3,63,4
1996,4,116,CHI,Paul Grasmanis,FALSE,DT,Notre Dame,22,2005,0,0,0,12,104,9
1996,4,117,ATL,Richard Huntley,FALSE,RB,Winston-Salem St.,23,2002,0,0,1,15,63,6
1996,4,118,MIA,Stanley Pritchett,FALSE,FB,South Carolina,22,2004,0,0,4,13,121,8
1996,4,119,NWE,Chris Sullivan,FALSE,DE,Boston Col.,23,2000,0,0,1,14,78,4
1996,4,120,BUF,Sean Moran,FALSE,LB,Colorado St.,23,2003,0,0,0,12,120,7
1996,4,121,PHI,Ray Farmer,FALSE,LB,Duke,22,1998,0,0,1,9,32,2
1996,4,122,DEN,Darrius Johnson,FALSE,DB,Oklahoma,23,2003,0,0,0,6,63,7
1996,4,123,GNB,Chris Darkins,FALSE,DB,Minnesota,22,1997,0,0,0,1,14,1
1996,4,124,NWE,Kantroy Barber,FALSE,RB,West Virginia,22,1999,0,0,0,0,2,3
1996,4,125,MIA,LaCurtis Jones,FALSE,LB,Baylor,24,1996,0,0,0,1,10,0
1996,4,126,PIT,Earl Holmes,FALSE,LB,Florida A&M,23,2005,0,0,9,56,140,9
1996,4,127,ATL,Juran Bolden,FALSE,DB,Mississippi Delta CC,22,2006,0,0,2,14,109,10
1996,4,128,SFO,Daryl Price,FALSE,DE,Colorado,23,1997,0,0,0,1,19,1
1996,4,129,DET,Brad Ford,FALSE,DB,Alabama,22,1996,0,0,0,1,14,0
1996,4,130,NYG,Danny Kanell,FALSE,QB,Florida St.,22,2003,0,0,2,14,43,7
1996,4,131,SEA,Eric Unverzagt,FALSE,LB,Wisconsin,23,1997,0,0,0,0,9,1
1996,4,132,PIT,Jahine Arnold,FALSE,WR,Fresno St.,23,1999,0,0,0,1,13,3
1996,5,133,NYJ,Marcus Coleman,FALSE,DB,Texas Tech,22,2006,0,0,7,41,152,10
1996,5,134,MIA,Jerris McPhail,FALSE,RB,East Carolina,24,1998,0,0,0,7,26,2
1996,5,135,KAN,Joe Horn,FALSE,WR,Itawamba (MS),24,2007,0,4,8,70,163,11
1996,5,136,NOR,Mercury Hayes,FALSE,WR,Michigan,23,1997,0,0,0,1,13,1
1996,5,137,ARI,James Dexter,FALSE,OT,South Carolina,23,2000,0,0,2,15,49,4
1996,5,138,WAS,Leomont Evans,FALSE,DB,Clemson,22,1999,0,0,2,13,59,3
1996,5,139,NWE,John Elmore,FALSE,OG,Texas,NA,NA,0,0,0,NA,NA,NA
1996,5,140,TAM,Jason Maniecki,FALSE,DT,Wisconsin,24,1998,0,0,0,1,18,2
1996,5,141,STL,Fred Miller,FALSE,OT,Baylor,23,2008,0,0,10,62,192,12
1996,5,142,CAR,Marquette Smith,FALSE,RB,Central Florida,NA,NA,0,0,0,NA,NA,NA
1996,5,143,HOU,Rayna Stewart,FALSE,DB,Northern Arizona,23,2000,0,0,0,10,71,4
1996,5,144,CIN,Greg Myers,FALSE,DB,Colorado St.,23,2000,0,0,2,14,64,4
1996,5,145,NOR,Tom Ackerman,FALSE,OG,Eastern Washington,24,2003,0,0,2,14,105,7
1996,5,146,JAX,Jimmy Herndon,FALSE,OT,Houston,23,2002,0,0,0,6,54,6
1996,5,147,PHI,Whit Marshall,FALSE,LB,Georgia,23,1999,0,0,0,1,16,3
1996,5,148,MIN,Sean Boyd,FALSE,DB,North Carolina,23,1996,0,0,0,0,2,0
1996,5,149,NWE,Christian Peter,FALSE,DT,Nebraska,23,2002,0,0,2,19,81,6
1996,5,150,MIA,Shane Burton,FALSE,DE,Tennessee,22,2003,0,0,2,30,125,7
1996,5,151,IND,Steve Martin,FALSE,DT,Missouri,22,2004,0,0,3,26,127,8
1996,5,152,CHI,Chris Villarrial,FALSE,OG,Indiana (PA),23,2006,0,0,10,49,155,10
1996,5,153,BAL,Jermaine Lewis,FALSE,WR,Maryland,21,2004,1,2,2,22,111,8
1996,5,154,MIA,Zach Thomas,TRUE,LB,Texas Tech,23,2008,5,7,12,115,184,12
1996,5,155,SDG,Junior Soli,FALSE,DT,Arkansas,NA,NA,0,0,0,NA,NA,NA
1996,5,156,BUF,Raymond Jackson,FALSE,DB,Colorado St.,23,2001,0,0,0,5,73,5
1996,5,157,DAL,Kenneth McDaniel,FALSE,OT,Norfolk St.,NA,NA,0,0,0,NA,NA,NA
1996,5,158,DET,Kerwin Waldroup,FALSE,DE,Michigan,22,1998,0,0,3,16,40,2
1996,5,159,DEN,Patrick Jeffers,FALSE,WR,Virginia,23,2001,0,0,1,17,46,5
1996,5,160,SFO,Iheanyi Uwaezuoke,FALSE,WR,California,23,2000,0,0,0,5,60,4
1996,5,161,ARI,Harry Stamps,FALSE,OT,Oklahoma,NA,NA,0,0,0,NA,NA,NA
1996,5,162,ARI,Dell McGee,FALSE,DB,Auburn,23,1998,0,0,0,0,3,2
1996,5,163,PIT,Israel Raybon,FALSE,DE,North Alabama,23,1997,0,0,0,1,12,1
1996,5,164,ATL,Gary Bandy,FALSE,DE,Baylor,NA,NA,0,0,0,NA,NA,NA
1996,5,165,NOR,Terry Guess,FALSE,WR,Gardner-Webb,21,1996,0,0,0,0,3,0
1996,5,166,OAK,La'Roi Glover,FALSE,DT,San Diego St.,22,2008,1,6,11,89,193,12
1996,5,167,DAL,Alan Campos,FALSE,LB,Louisville,23,1996,0,0,0,1,15,0
1996,6,168,NYJ,Hugh Hunter,FALSE,DE,Hampton,NA,NA,0,0,0,NA,NA,NA
1996,6,169,ARI,Mike Foley,FALSE,DT,New Hampshire,NA,NA,0,0,0,NA,NA,NA
1996,6,170,JAX,John Fisher,FALSE,DB,Missouri Western St.,NA,NA,0,0,0,NA,NA,NA
1996,6,171,NYG,Doug Colman,FALSE,LB,Nebraska,23,2000,0,0,0,5,64,4
1996,6,172,BAL,Dexter Daniels,FALSE,LB,Florida,22,1996,0,0,0,0,4,0
1996,6,173,NWE,Chris Griffin,FALSE,TE,New Mexico,NA,NA,0,0,0,NA,NA,NA
1996,6,174,WAS,Kelvin Kinney,FALSE,DE,Virginia St.,23,1998,0,0,1,6,18,2
1996,6,175,STL,Derrick Harris,FALSE,RB,Miami (FL),23,2001,0,0,2,1,44,5
1996,6,176,KAN,Dietrich Jells,FALSE,WR,Pittsburgh,24,1999,0,0,0,1,41,3
1996,6,177,HOU,Anthony Dorsett,FALSE,DB,Pittsburgh,22,2003,0,0,2,23,118,7
1996,6,178,CIN,Tom Tumulty,FALSE,LB,Pittsburgh,23,1998,0,0,1,7,31,2
1996,6,179,NOR,Keno Hills,FALSE,OG,Louisiana,23,1998,0,0,0,3,22,2
1996,6,180,TAM,Nilo Silvan,FALSE,WR,Tennessee,22,1996,0,0,0,0,7,0
1996,6,181,DEN,Tony Veland,FALSE,DB,Nebraska,23,1998,0,0,0,3,27,2
1996,6,182,NYG,Scott Galyon,FALSE,LB,Tennessee,22,2002,0,0,0,9,95,6
1996,6,183,OAK,Tim Hall,FALSE,RB,Robert Morris,22,1997,0,0,0,1,18,1
1996,6,184,SEA,Reggie Green,FALSE,OG,Florida,NA,NA,0,0,0,NA,NA,NA
1996,6,185,JAX,Chris Doering,FALSE,WR,Florida,23,2004,0,0,0,3,40,8
1996,6,186,BAL,James Roe,FALSE,WR,Norfolk St.,23,1998,0,0,0,2,23,2
1996,6,187,CHI,Jon Clark,FALSE,OT,Temple,23,1999,0,0,0,0,10,3
1996,6,188,ATL,Craig Sauer,FALSE,LB,Minnesota,23,2000,0,0,0,9,73,4
1996,6,189,MIA,Shawn Wooden,FALSE,DB,Notre Dame,22,2003,0,0,2,19,104,7
1996,6,190,SDG,Jim Mills,FALSE,OG,Idaho,23,1997,0,0,0,0,2,1
1996,6,191,IND,Keith Conlin,FALSE,OT,Penn St.,NA,NA,0,0,0,NA,NA,NA
1996,6,192,SDG,Bryan Stoltenberg,FALSE,OC,Colorado,24,2000,0,0,1,12,50,4
1996,6,193,CAR,Scott Greene,FALSE,RB,Michigan St.,24,1999,0,0,1,3,34,3
1996,6,194,PHI,Steve White,FALSE,DE,Tennessee,22,2002,0,0,1,14,94,6
1996,6,195,NWE,Marrio Grier,FALSE,RB,Chattanooga,24,1997,0,0,0,2,32,1
1996,6,196,BUF,Leon Neal,FALSE,RB,Washington,23,1997,0,0,0,0,1,1
1996,6,197,PHI,Tony Johnson,FALSE,TE,Alabama,24,1998,0,0,0,1,27,2
1996,6,198,SFO,Stephen Pitts,FALSE,RB,Penn St.,NA,NA,0,0,0,NA,NA,NA
1996,6,199,PHI,Phillip Riley,FALSE,WR,Florida St.,23,1996,0,0,0,0,1,0
1996,6,200,PIT,Orpheus Roye,FALSE,DT,Florida St.,23,2008,0,0,8,54,180,12
1996,6,201,STL,Hayward Clay,FALSE,TE,Texas A&M,23,1998,0,0,0,0,14,2
1996,6,202,BUF,Dusty Zeigler,FALSE,OC,Notre Dame,22,2002,0,0,5,34,80,6
1996,6,203,PIT,Spence Fischer,FALSE,QB,Duke,NA,NA,0,0,0,NA,NA,NA
1996,6,204,NOR,Toderick Malone,FALSE,WR,Alabama,NA,NA,0,0,0,NA,NA,NA
1996,6,205,IND,Mike Cawley,FALSE,QB,James Madison,NA,NA,0,0,0,NA,NA,NA
1996,6,206,NWE,Devin Wyman,FALSE,DT,Kentucky St.,23,1997,0,0,0,3,15,1
1996,6,207,DAL,Wendell Davis,FALSE,DB,Oklahoma,23,1999,0,0,0,3,34,3
1996,6,208,GNB,Marco Rivera,FALSE,OG,Penn St.,24,2006,0,3,9,67,155,10
1996,6,209,SEA,T.J. Cunningham,FALSE,DB,Colorado,23,1996,0,0,0,1,9,0
1996,7,210,NYJ,Chris Hayes,FALSE,DB,Washington St.,24,2002,0,0,1,9,84,6
1996,7,211,KAN,Ben Lynch,FALSE,OC,California,23,2002,0,0,0,6,52,6
1996,7,212,ARI,Jarius Hayes,FALSE,TE,North Alabama,23,1998,0,0,0,0,20,2
1996,7,213,DEN,Leslie Ratliffe,FALSE,OT,Tennessee,NA,NA,0,0,0,NA,NA,NA
1996,7,214,NYG,Conrad Hamilton,FALSE,DB,Eastern New Mexico,21,2001,0,0,1,10,54,5
1996,7,215,WAS,Jeremy Asher,FALSE,LB,Oregon,NA,NA,0,0,0,NA,NA,NA
1996,7,216,NWE,Lovett Purnell,FALSE,TE,West Virginia,24,1999,0,0,0,2,36,3
1996,7,217,CAR,Donnell Baker,FALSE,WR,Southern,NA,NA,0,0,0,NA,NA,NA
1996,7,218,HOU,Mike Archie,FALSE,RB,Penn St.,23,1998,0,0,0,0,23,2
1996,7,219,CIN,Rod Jones,FALSE,OT,Kansas,22,2001,0,0,2,17,62,5
1996,7,220,OAK,Sedric Clark,FALSE,LB,Tulsa,23,1996,0,0,0,0,6,0
1996,7,221,TAM,Reggie Rusk,FALSE,DB,Kentucky,23,2000,0,0,0,2,23,4
1996,7,222,STL,Chuck Osborne,FALSE,DT,Arizona,22,1999,0,0,0,3,37,3
1996,7,223,MIN,Jon Merrill,FALSE,OG,Duke,NA,NA,0,0,0,NA,NA,NA
1996,7,224,OAK,Darius Smith,FALSE,OC,Sam Houston St.,NA,NA,0,0,0,NA,NA,NA
1996,7,225,SEA,Johnie Church,FALSE,DE,Florida,NA,NA,0,0,0,NA,NA,NA
1996,7,226,DEN,Chris Banks,FALSE,OG,Kansas,23,2000,0,0,0,4,28,4
1996,7,227,JAX,Clarence Jones,FALSE,WR,Tennessee St.,NA,NA,0,0,0,NA,NA,NA
1996,7,228,JAX,Gregory Spann,FALSE,WR,Jackson St.,NA,NA,0,0,0,NA,NA,NA
1996,7,229,ATL,Ethan Brooks,FALSE,OT,Williams,24,2005,0,0,1,12,76,9
1996,7,230,MIA,Jeff Buckey,FALSE,OG,Stanford,22,1999,0,0,1,12,45,3
1996,7,231,SDG,Freddie Bradley,FALSE,RB,Sonoma St.,26,1996,0,0,0,1,10,0
1996,7,232,IND,Adrian Robinson,FALSE,DB,Baylor,NA,NA,0,0,0,NA,NA,NA
1996,7,233,CHI,Marcus Keyes,FALSE,DT,North Alabama,22,1996,0,0,0,0,2,0
1996,7,234,CAR,Kerry Hicks,FALSE,DE,Colorado,23,1997,0,0,0,0,2,1
1996,7,235,DEN,L.T. Levine,FALSE,RB,Kansas,NA,NA,0,0,0,NA,NA,NA
1996,7,236,DEN,Brian Gragert,FALSE,P,Wyoming,NA,NA,0,0,0,NA,NA,NA
1996,7,237,BUF,Dan Brandenburg,FALSE,LB,Indiana St.,23,1999,0,0,0,3,42,3
1996,7,238,BAL,Jon Stark,FALSE,QB,,NA,NA,0,0,0,NA,NA,NA
1996,7,239,SFO,Sean Manuel,FALSE,TE,New Mexico St.,22,1996,0,0,0,0,11,0
1996,7,240,GNB,Kyle Wachholtz,FALSE,QB,USC,NA,NA,0,0,0,NA,NA,NA
1996,7,241,KAN,Jeff Smith,FALSE,OC,Tennessee,23,2001,0,0,2,16,59,5
1996,7,242,PIT,Carlos Emmons,FALSE,LB,Arkansas St.,23,2006,0,0,8,54,147,10
1996,7,243,DAL,Ryan Wood,FALSE,RB,Arizona St.,NA,NA,0,0,0,NA,NA,NA
1996,7,244,BUF,Jay Riemersma,FALSE,TE,Michigan,23,2004,0,0,4,19,112,8
1996,7,245,KAN,Darrell Williams,FALSE,DB,Tennessee St.,NA,NA,0,0,0,NA,NA,NA
1996,7,246,NOR,Henry Lusk,FALSE,TE,Utah,24,1998,0,0,0,2,19,2
1996,7,247,NWE,J.R. Conrad,FALSE,OG,Oklahoma,22,1997,0,0,0,1,12,1
1996,7,248,OAK,Joey Wylie,FALSE,OG,S.F. Austin,NA,NA,0,0,0,NA,NA,NA
1996,7,249,BUF,Eric Smedley,FALSE,DB,Indiana,23,1999,0,0,0,2,42,3
1996,7,250,WAS,DeAndre Maxwell,FALSE,WR,San Diego St.,NA,NA,0,0,0,NA,NA,NA
1996,7,251,MIA,Brice Hunter,FALSE,WR,Georgia,22,1998,0,0,0,1,13,2
1996,7,252,GNB,Keith McKenzie,FALSE,DE,Ball St.,22,2003,0,0,2,20,95,7
1996,7,253,CHI,Michael Hicks,FALSE,RB,South Carolina St.,23,1997,0,0,0,1,7,1
1996,7,254,SFO,Sam Manuel,FALSE,LB,New Mexico St.,NA,NA,0,0,0,NA,NA,NA
1997,1,1,STL,Orlando Pace,TRUE,OT,Ohio St.,21,2009,3,7,12,104,169,12
1997,1,2,OAK,Darrell Russell,FALSE,DT,USC,21,2003,1,2,5,44,83,6
1997,1,3,SEA,Shawn Springs,FALSE,DB,Ohio St.,22,2009,0,1,10,58,169,12
1997,1,4,BAL,Peter Boulware,FALSE,LB,Florida St.,22,2005,0,4,7,59,126,8
1997,1,5,DET,Bryant Westbrook,FALSE,DB,Texas,22,2002,0,0,3,24,71,5
1997,1,6,SEA,Walter Jones,TRUE,OT,Florida St.,23,2008,4,9,12,98,180,11
1997,1,7,NYG,Ike Hilliard,FALSE,WR,Florida,21,2008,0,0,8,43,161,11
1997,1,8,NYJ,James Farrior,FALSE,LB,Virginia,22,2011,1,2,12,95,230,14
1997,1,9,ARI,Tom Knight,FALSE,DB,Iowa,22,2003,0,0,3,17,73,6
1997,1,10,NOR,Chris Naeole,FALSE,OG,Colorado,22,2007,0,0,9,61,154,10
1997,1,11,ATL,Michael Booker,FALSE,DB,Nebraska,22,2001,0,0,0,9,73,4
1997,1,12,TAM,Warrick Dunn,FALSE,RB,Florida St.,22,2008,0,3,10,96,181,11
1997,1,13,KAN,Tony Gonzalez,TRUE,TE,California,21,2013,6,14,16,95,270,16
1997,1,14,CIN,Reinard Wilson,FALSE,LB,Florida St.,23,2002,0,0,1,14,93,5
1997,1,15,MIA,Yatil Green,FALSE,WR,Miami (FL),23,1999,0,0,0,2,8,2
1997,1,16,TAM,Reidel Anthony,FALSE,WR,Florida,20,2001,0,0,2,22,73,4
1997,1,17,WAS,Kenard Lang,FALSE,DE,Miami (FL),22,2006,0,0,8,51,153,9
1997,1,18,TEN,Kenny Holmes,FALSE,DE,Miami (FL),23,2003,0,0,5,40,98,6
1997,1,19,IND,Tarik Glenn,FALSE,OT,California,21,2006,0,3,10,87,154,9
1997,1,20,MIN,Dwayne Rudd,FALSE,LB,Alabama,21,2003,0,0,5,40,109,6
1997,1,21,JAX,Renaldo Wynn,FALSE,DE,Notre Dame,23,2009,0,0,9,55,182,12
1997,1,22,DAL,David LaFleur,FALSE,TE,LSU,23,2000,0,0,3,7,60,3
1997,1,23,BUF,Antowain Smith,FALSE,RB,Houston,25,2005,0,0,4,48,131,8
1997,1,24,PIT,Chad Scott,FALSE,DB,Maryland,23,2006,0,0,5,41,108,9
1997,1,25,PHI,Jon Harris,FALSE,DE,Virginia,23,1998,0,0,0,5,24,1
1997,1,26,SFO,Jim Druckenmiller,FALSE,QB,Virginia Tech,24,1998,0,0,0,1,6,1
1997,1,27,CAR,Rae Carruth,FALSE,WR,Colorado,23,1999,0,0,1,8,22,2
1997,1,28,DEN,Trevor Pryce,FALSE,DT,Clemson,22,2010,1,4,9,80,187,13
1997,1,29,NWE,Chris Canty,FALSE,DB,Kansas St.,21,2000,0,0,1,9,61,3
1997,1,30,GNB,Ross Verba,FALSE,OT,Iowa,23,2006,0,0,8,42,113,9
1997,2,31,NYJ,Rick Terry,FALSE,DT,North Carolina,23,1999,0,0,0,4,29,2
1997,2,32,ATL,Nathan Davis,FALSE,DE,Indiana,23,1999,0,0,0,0,6,2
1997,2,33,NOR,Rob Kelly,FALSE,DB,Ohio St.,23,2000,0,0,0,8,60,3
1997,2,34,BAL,Jamie Sharper,FALSE,LB,Virginia,22,2005,0,0,9,60,136,8
1997,2,35,DET,Juan Roque,FALSE,OT,Arizona St.,23,1999,0,0,0,3,17,2
1997,2,36,NYG,Tiki Barber,FALSE,RB,Virginia,22,2006,1,3,7,103,154,9
1997,2,37,TAM,Jerry Wunsch,FALSE,OT,Wisconsin,23,2004,0,0,3,28,113,7
1997,2,38,CHI,John Allred,FALSE,TE,USC,22,2002,0,0,0,3,53,5
1997,2,39,NOR,Jared Tomich,FALSE,DE,Nebraska,23,2002,0,0,2,10,57,5
1997,2,40,STL,Dexter McCleon,FALSE,DB,Clemson,23,2006,0,0,4,38,148,9
1997,2,41,ATL,Byron Hanspard,FALSE,RB,Texas Tech,21,1999,0,0,0,8,28,2
1997,2,42,ARI,Jake Plummer,FALSE,QB,Arizona St.,22,2006,0,1,10,77,143,9
1997,2,43,CIN,Corey Dillon,FALSE,RB,Washington,22,2006,0,4,9,74,150,9
1997,2,44,MIA,Sam Madison,FALSE,DB,Louisville,23,2008,2,4,10,86,173,11
1997,2,45,SDG,Freddie Jones,FALSE,TE,North Carolina,22,2004,0,0,7,26,123,7
1997,2,46,TEN,Joey Kent,FALSE,WR,Tennessee,23,1999,0,0,0,2,30,2
1997,2,47,KAN,Kevin Lockett,FALSE,WR,Kansas St.,22,2003,0,0,0,15,86,6
1997,2,48,IND,Adam Meadows,FALSE,OT,Georgia,23,2006,0,0,6,51,106,9
1997,2,49,MIN,Torrian Gray,FALSE,DB,Virginia Tech,23,1998,0,0,0,2,25,1
1997,2,50,JAX,Mike Logan,FALSE,DB,West Virginia,22,2006,0,0,2,19,116,9
1997,2,51,WAS,Greg Jones,FALSE,LB,Colorado,23,2002,0,0,1,16,82,5
1997,2,52,BUF,Marcellus Wiley,FALSE,DE,Columbia,22,2006,0,1,5,42,147,9
1997,2,53,PIT,Will Blackwell,FALSE,WR,San Diego St.,22,2001,0,0,0,8,47,4
1997,2,54,DET,Kevin Abrams,FALSE,DB,Syracuse,23,1999,0,0,0,7,32,2
1997,2,55,SFO,Marc Edwards,FALSE,FB,Notre Dame,22,2005,0,0,7,14,132,8
1997,2,56,CAR,Mike Minter,FALSE,DB,Nebraska,23,2006,0,0,9,52,148,9
1997,2,57,PHI,James Darling,FALSE,LB,Washington St.,22,2006,0,0,4,29,139,9
1997,2,58,BAL,Kim Herring,FALSE,DB,Penn St.,21,2004,0,0,6,34,98,7
1997,2,59,NWE,Brandon Mitchell,FALSE,DE,Texas A&M,22,2004,0,0,3,22,96,7
1997,2,60,GNB,Darren Sharper,FALSE,DB,William & Mary,21,2010,2,5,12,89,205,13
1997,3,61,NWE,Sedrick Shaw,FALSE,RB,Iowa,23,1999,0,0,0,2,18,2
1997,3,62,NOR,Troy Davis,FALSE,RB,Iowa St.,21,1999,0,0,0,4,46,2
1997,3,63,TAM,Frank Middleton,FALSE,OG,Arizona,22,2004,0,0,6,38,109,7
1997,3,64,BAL,Jay Graham,FALSE,RB,Tennessee,22,2002,0,0,0,3,36,5
1997,3,65,DAL,Dexter Coakley,FALSE,LB,Appalachian St.,24,2006,0,3,9,65,155,9
1997,3,66,TAM,Ronde Barber,TRUE,DB,Virginia,22,2012,3,5,15,109,241,15
1997,3,67,DEN,Dan Neil,FALSE,OG,Texas,23,2004,0,0,7,51,108,7
1997,3,68,NYG,Ryan Phillips,FALSE,LB,Idaho,23,2001,0,0,2,19,71,4
1997,3,69,CHI,Bob Sapp,FALSE,OG,Washington,23,1997,0,0,0,0,1,0
1997,3,70,ATL,O.J. Santiago,FALSE,TE,Kent St.,23,2003,0,0,4,10,78,6
1997,3,71,PHI,Duce Staley,FALSE,RB,South Carolina,22,2006,0,0,4,52,114,9
1997,3,72,OAK,Adam Treu,FALSE,OC,Nebraska,23,2006,0,0,3,26,155,9
1997,3,73,MIA,Jason Taylor,TRUE,DE,Akron,23,2011,3,6,12,118,233,14
1997,3,74,SDG,Michael Hamilton,FALSE,LB,North Carolina A&T,23,2000,0,0,0,3,37,3
1997,3,75,TEN,Denard Walker,FALSE,DB,LSU,24,2005,0,0,6,36,134,8
1997,3,76,CIN,Rod Payne,FALSE,OC,Michigan,23,1998,0,0,0,0,6,1
1997,3,77,SFO,Greg Clark,FALSE,TE,Stanford,25,2000,0,0,3,9,55,3
1997,3,78,MIN,Stalin Colinet,FALSE,DT,Boston Col.,23,2002,0,0,2,14,68,5
1997,3,79,JAX,James Hamilton,FALSE,LB,North Carolina,23,1998,0,0,0,1,16,1
1997,3,80,WAS,Derek Smith,FALSE,LB,Arizona St.,22,2008,0,0,11,59,174,11
1997,3,81,TEN,Scott Sanderson,FALSE,OT,Washington St.,23,2003,0,0,0,7,45,6
1997,3,82,PIT,Paul Wiggins,FALSE,OT,Oregon,24,1998,0,0,0,0,2,1
1997,3,83,DAL,Steve Scifres,FALSE,OG,Wyoming,25,1998,0,0,0,0,7,1
1997,3,84,ARI,Ty Howard,FALSE,DB,Ohio St.,23,2000,0,0,0,4,37,3
1997,3,85,OAK,Tim Kohn,FALSE,OT,Iowa St.,NA,NA,0,0,0,NA,NA,NA
1997,3,86,IND,Bertrand Berry,FALSE,DE,Notre Dame,22,2009,0,1,6,45,160,12
1997,3,87,CAR,Kinnon Tatum,FALSE,LB,Notre Dame,22,1998,0,0,0,2,31,1
1997,3,88,NYJ,Dedric Ward,FALSE,WR,Northern Iowa,22,2004,0,0,1,20,103,7
1997,3,89,NWE,Chris Carter,FALSE,DB,Texas,22,2002,0,0,2,18,92,5
1997,3,90,GNB,Brett Conway,FALSE,PK,Penn St.,22,2003,0,0,0,7,51,6
1997,3,91,PIT,Mike Vrabel,FALSE,LB,Ohio St.,22,2010,1,1,10,66,206,13
1997,3,92,MIA,Derrick Rodgers,FALSE,LB,Arizona St.,25,2004,0,0,8,43,116,7
1997,3,93,MIA,Ronnie Ward,FALSE,LB,Kansas,23,1997,0,0,0,0,4,0
1997,3,94,DAL,Kenny Wheaton,FALSE,DB,Oregon,22,1999,0,0,0,2,22,2
1997,3,95,NYG,Brad Maynard,FALSE,P,Ball St.,23,2011,0,0,0,20,238,14
1997,3,96,MIA,Brent Smith,FALSE,OG,Mississippi St.,23,2004,0,0,1,16,57,7
1997,4,97,NWE,Damon Denson,FALSE,OG,Michigan,22,1999,0,0,0,3,14,2
1997,4,98,TEN,Derrick Mason,FALSE,WR,Michigan St.,23,2011,1,2,11,86,230,14
1997,4,99,NOR,Danny Wuerffel,FALSE,QB,Florida,23,2002,0,0,0,6,25,5
1997,4,100,ATL,Henri Crockett,FALSE,LB,Florida St.,22,2003,0,0,7,28,103,6
1997,4,101,DAL,Antonio Anderson,FALSE,DT,Syracuse,24,1998,0,0,0,3,21,1
1997,4,102,NYJ,Terry Day,FALSE,DE,Mississippi St.,22,1997,0,0,0,0,1,0
1997,4,103,NYG,Pete Monty,FALSE,LB,Wisconsin,23,2001,0,0,0,5,52,4
1997,4,104,NYJ,Leon Johnson,FALSE,RB,North Carolina,23,2003,0,0,0,12,74,6
1997,4,105,CHI,Darnell Autry,FALSE,RB,Northwestern,21,2000,0,0,1,7,24,3
1997,4,106,ARI,Chris Dishman,FALSE,OG,Nebraska,23,2004,0,0,4,21,98,7
1997,4,107,TEN,Pratt Lyons,FALSE,DE,Troy,22,1998,0,0,1,8,32,1
1997,4,108,CHI,Marcus Robinson,FALSE,WR,South Carolina,22,2006,0,0,2,34,107,9
1997,4,109,SDG,Raleigh Roundtree,FALSE,OG,South Carolina St.,22,2002,0,0,2,21,72,5
1997,4,110,KAN,Pat Barnes,FALSE,QB,California,22,1999,0,0,0,0,1,2
1997,4,111,CIN,Tremain Mack,FALSE,DB,Miami (FL),22,2000,0,1,0,6,44,3
1997,4,112,STL,Ryan Tucker,FALSE,OT,TCU,22,2008,0,0,6,49,134,11
1997,4,113,MIN,Antonio Banks,FALSE,DB,Virginia Tech,24,2000,0,0,0,2,24,3
1997,4,114,JAX,Seth Payne,FALSE,DT,Cornell,22,2006,0,0,6,50,121,9
1997,4,115,WAS,Albert Connell,FALSE,WR,Texas A&M,23,2001,0,0,2,24,61,4
1997,4,116,NOR,Keith Poole,FALSE,WR,Arizona St.,23,2001,0,0,1,13,54,4
1997,4,117,IND,Monty Montgomery,FALSE,DB,Houston,23,2004,0,0,0,10,59,7
1997,4,118,BAL,Tyrus McCloud,FALSE,LB,Louisville,22,1998,0,0,0,2,23,1
1997,4,119,PHI,Damien Robinson,FALSE,DB,Iowa,23,2003,0,0,4,29,83,6
1997,4,120,BUF,Jamie Nails,FALSE,OG,Florida A&M,22,2003,0,0,3,24,78,6
1997,4,121,MIA,Jerome Daniels,FALSE,OG,Northeastern,22,1998,0,0,0,3,8,1
1997,4,122,CAR,Tarek Saleh,FALSE,LB,Wisconsin,22,2001,0,0,0,4,59,4
1997,4,123,OAK,Chad Levitt,FALSE,RB,Cornell,21,1997,0,0,0,0,10,0
1997,4,124,DEN,Cory Gilliard,FALSE,DB,Ball St.,22,1997,0,0,0,0,1,0
1997,4,125,NWE,Ed Ellis,FALSE,OT,Buffalo,21,2003,0,0,0,7,54,6
1997,4,126,GNB,Jermaine Smith,FALSE,DT,Georgia,25,1999,0,0,0,2,19,2
1997,4,127,DAL,Macey Brooks,FALSE,WR,James Madison,22,2000,0,0,0,3,25,3
1997,4,128,TAM,Alshermond Singleton,FALSE,LB,Temple,22,2006,0,0,3,30,140,9
1997,4,129,DAL,Nicky Sualua,FALSE,RB,Ohio St.,22,1998,0,0,0,0,26,1
1997,4,130,DET,Matt Russell,FALSE,LB,Colorado,24,1997,0,0,0,2,14,0
1997,5,131,NYJ,Lamont Burns,FALSE,OG,East Carolina,23,1997,0,0,0,2,4,0
1997,5,132,WAS,Jamel Williams,FALSE,DB,Nebraska,23,1999,0,0,0,2,35,2
1997,5,133,ATL,Marcus Wimberly,FALSE,DB,Miami (FL),23,1997,0,0,0,0,6,0
1997,5,134,BAL,Jeff Mitchell,FALSE,OC,Florida,23,2005,0,0,8,43,119,8
1997,5,135,DET,Pete Chryplewicz,FALSE,TE,Notre Dame,23,1999,0,0,0,0,37,2
1997,5,136,NYG,Sam Garnes,FALSE,DB,Cincinnati,23,2003,0,0,7,37,106,6
1997,5,137,TAM,Patrick Hape,FALSE,TE,Alabama,23,2004,0,0,1,1,124,7
1997,5,138,SDG,Kenny Bynum,FALSE,RB,South Carolina St.,23,2000,0,0,0,4,53,3
1997,5,139,ARI,Chad Carpenter,FALSE,WR,Washington St.,NA,NA,0,0,0,NA,NA,NA
1997,5,140,WAS,Keith Thibodeaux,FALSE,DB,Northwestern St. (LA),23,2001,0,0,0,4,54,4
1997,5,141,CHI,Van Hiles,FALSE,DB,Kentucky,21,1997,0,0,0,1,16,0
1997,5,142,SEA,Eric Stokes,FALSE,DB,Nebraska,23,1998,0,0,0,0,11,1
1997,5,143,TEN,George McCullough,FALSE,DB,Baylor,22,2001,0,0,0,2,40,4
1997,5,144,CIN,Andre Purvis,FALSE,DT,North Carolina,24,1999,0,0,0,2,21,2
1997,5,145,NYJ,Raymond Austin,FALSE,DB,Tennessee,22,1999,0,0,0,3,43,2
1997,5,146,SDG,Paul Bradford,FALSE,DB,Portland St.,23,1997,0,0,0,2,15,0
1997,5,147,JAX,Damon Jones,FALSE,TE,Southern Illinois,22,2001,0,0,0,5,50,4
1997,5,148,WAS,Twan Russell,FALSE,LB,Miami (FL),23,2003,0,0,0,6,78,6
1997,5,149,MIA,Barron Tanner,FALSE,DT,Oklahoma,23,2003,0,0,2,13,78,6
1997,5,150,IND,Nate Jacquet,FALSE,WR,San Diego St.,22,2001,0,0,0,1,55,4
1997,5,151,MIN,Tony Williams,FALSE,DT,Memphis,22,2004,0,0,6,32,101,7
1997,5,152,PHI,N.D. Kalu,FALSE,DE,Rice,22,2008,0,0,2,22,136,11
1997,5,153,BUF,Sean Woodson,FALSE,DB,Jackson St.,NA,NA,0,0,0,NA,NA,NA
1997,5,154,PIT,George Jones,FALSE,RB,San Diego St.,23,1999,0,0,0,4,34,2
1997,5,155,PHI,Luther Broughton,FALSE,TE,Furman,22,2001,0,0,0,4,62,4
1997,5,156,IND,Carl Powell,FALSE,DE,Louisville,23,2005,0,0,0,10,81,8
1997,5,157,MIA,Nicholas Lopez,FALSE,DE,Texas Southern,NA,NA,0,0,0,NA,NA,NA
1997,5,158,STL,Taje Allen,FALSE,DB,Texas,23,2002,0,0,0,6,79,5
1997,5,159,NWE,Vernon Crawford,FALSE,LB,Florida St.,23,1999,0,0,0,3,41,2
1997,5,160,GNB,Anthony Hicks,FALSE,LB,Arkansas,NA,NA,0,0,0,NA,NA,NA
1997,5,161,DET,Duane Ashman,FALSE,DE,Virginia,NA,NA,0,0,0,NA,NA,NA
1997,5,162,WAS,Brad Badger,FALSE,OG,Stanford,22,2007,0,0,4,30,134,10
1997,5,163,KAN,June Henley,FALSE,RB,Kansas,22,1998,0,0,0,4,11,1
1997,6,164,NYJ,Tim Scharf,FALSE,LB,Northwestern,NA,NA,0,0,0,NA,NA,NA
1997,6,165,NOR,Nick Savoie,FALSE,TE,LSU,23,1997,0,0,0,0,1,0
1997,6,166,MIA,John Fiala,FALSE,LB,Washington,23,2002,0,0,0,6,75,5
1997,6,167,BAL,Steve Lee,FALSE,RB,Indiana,NA,NA,0,0,0,NA,NA,NA
1997,6,168,DET,Tony Ramirez,FALSE,OT,Northern Colorado,24,1999,0,0,0,6,30,2
1997,6,169,TAM,Al Harris,FALSE,DB,Texas A&M-Kingsville,22,2011,0,2,7,54,194,14
1997,6,170,MIA,Brian Manning,FALSE,WR,Stanford,22,1998,0,0,0,1,10,1
1997,6,171,NYG,Mike Cherry,FALSE,QB,Murray St.,23,1998,0,0,0,0,2,1
1997,6,172,OAK,Calvin Branch,FALSE,DB,Colorado St.,23,2005,0,0,0,3,60,8
1997,6,173,MIA,Mike Crawford,FALSE,LB,Nevada,22,1997,0,0,0,0,7,0
1997,6,174,SEA,Itula Mili,FALSE,TE,BYU,24,2006,0,0,2,15,114,9
1997,6,175,ARI,Rod Brown,FALSE,RB,North Carolina St.,NA,NA,0,0,0,NA,NA,NA
1997,6,176,CIN,Canute Curtis,FALSE,LB,West Virginia,23,2002,0,0,1,9,70,5
1997,6,177,MIA,Ed Perry,FALSE,TE,James Madison,23,2005,0,0,0,2,109,8
1997,6,178,SDG,Daniel Palmer,FALSE,OC,Air Force,NA,NA,0,0,0,NA,NA,NA
1997,6,179,STL,Muadianvita Kazadi,FALSE,LB,Tulsa,23,1997,0,0,0,1,12,0
1997,6,180,ATL,Calvin Collins,FALSE,OG,Texas A&M,23,2001,0,0,4,25,68,4
1997,6,181,TEN,Dennis Stallings,FALSE,LB,Illinois,23,1998,0,0,0,2,28,1
1997,6,182,IND,Scott Von der Ahe,FALSE,LB,Arizona St.,21,1997,0,0,0,1,9,0
1997,6,183,MIN,Robert Tate,FALSE,DB,Cincinnati,23,2006,0,0,2,15,116,9
1997,6,184,JAX,Daimon Shelton,FALSE,FB,Sacramento St.,24,2006,0,0,8,6,133,9
1997,6,185,BUF,Marcus Spriggs,FALSE,OT,Houston,23,2003,0,0,1,11,49,6
1997,6,186,PIT,Daryl Porter,FALSE,DB,Boston Col.,23,2001,0,0,0,6,55,4
1997,6,187,DAL,Lee Vaughn,FALSE,DB,Wyoming,NA,NA,0,0,0,NA,NA,NA
1997,6,188,ARI,Tony McCombs,FALSE,LB,Eastern Kentucky,23,1998,0,0,1,6,26,1
1997,6,189,CAR,Matt Finkes,FALSE,DE,Ohio St.,22,1997,0,0,0,1,8,0
1997,6,190,PHI,Antwuan Wyatt,FALSE,WR,Bethune-Cookman,22,1997,0,0,0,0,1,0
1997,6,191,NYJ,Chuck Clements,FALSE,QB,Houston,23,1997,0,0,0,0,1,0
1997,6,192,NWE,Tony Gaiter,FALSE,WR,Miami (FL),23,1998,0,0,0,0,6,1
1997,6,193,OAK,Grady Jackson,FALSE,DT,Knoxville,24,2009,0,0,9,49,185,12
1997,6,194,BAL,Cornell Brown,FALSE,LB,Virginia Tech,22,2004,0,0,1,17,109,7
1997,6,195,KAN,Isaac Byrd,FALSE,WR,Kansas,22,2002,0,0,0,10,61,5
1997,6,196,CHI,Shawn Swayda,FALSE,DE,Arizona St.,23,2001,0,0,0,2,35,4
1997,6,197,TAM,Nigea Carter,FALSE,WR,Michigan St.,NA,NA,0,0,0,NA,NA,NA
1997,6,198,PHI,Ed Jasper,FALSE,DT,Texas A&M,24,2005,0,0,4,28,118,8
1997,6,199,PIT,Rod Manuel,FALSE,DE,Oklahoma,22,1998,0,0,0,0,3,1
1997,6,200,CHI,Richard Hogans,FALSE,LB,Memphis,NA,NA,0,0,0,NA,NA,NA
1997,6,201,CHI,Ricky Parker,FALSE,DB,San Diego St.,22,1997,0,0,0,1,12,0
1997,7,202,NYJ,Steve Rosga,FALSE,DB,Colorado,NA,NA,0,0,0,NA,NA,NA
1997,7,203,MIA,Hudhaifa Ismaeli,FALSE,DB,Northwestern,NA,NA,0,0,0,NA,NA,NA
1997,7,204,ATL,Tony Graziani,FALSE,QB,Oregon,23,1999,0,0,0,3,18,2
1997,7,205,BAL,Chris Ward,FALSE,DE,Kentucky,23,1997,0,0,0,0,5,0
1997,7,206,DET,Terry Battle,FALSE,RB,Arizona St.,NA,NA,0,0,0,NA,NA,NA
1997,7,207,PHI,Koy Detmer,FALSE,QB,Colorado,24,2006,0,0,0,4,103,9
1997,7,208,NYG,Matt Keneley,FALSE,DT,USC,23,1999,0,0,0,0,7,2
1997,7,209,TAM,Anthony DeGrate,FALSE,DT,S.F. Austin,NA,NA,0,0,0,NA,NA,NA
1997,7,210,CHI,Mike Miano,FALSE,DT,Missouri State,NA,NA,0,0,0,NA,NA,NA
1997,7,211,SEA,Carlos Jones,FALSE,DB,Miami (FL),NA,NA,0,0,0,NA,NA,NA
1997,7,212,ARI,Mark Smith,FALSE,DT,Auburn,23,2002,0,0,2,17,67,5
1997,7,213,GNB,Chris Miller,FALSE,WR,USC,NA,NA,0,0,0,NA,NA,NA
1997,7,214,KAN,Nathan Parks,FALSE,OT,Stanford,22,1999,0,0,0,0,2,2
1997,7,215,STL,Cedric White,FALSE,DE,North Carolina A&T,NA,NA,0,0,0,NA,NA,NA
1997,7,216,TEN,Armon Williams,FALSE,DB,Arizona,24,1997,0,0,0,0,6,0
1997,7,217,CIN,William Carr,FALSE,DT,Michigan,NA,NA,0,0,0,NA,NA,NA
1997,7,218,SDG,Toran James,FALSE,LB,North Carolina A&T,23,1997,0,0,0,1,14,0
1997,7,219,IND,Clarence Thompson,FALSE,DB,Knoxville,NA,NA,0,0,0,NA,NA,NA
1997,7,220,MIN,Artie Ulmer,FALSE,LB,Valdosta St.,24,2005,0,0,0,6,90,8
1997,7,221,JAX,Jon Hesse,FALSE,LB,Nebraska,24,1998,0,0,0,0,5,1
1997,7,222,ATL,Chris Bayne,FALSE,DB,Fresno St.,22,1998,0,0,0,2,23,1
1997,7,223,PIT,Mike Adams,FALSE,WR,Texas,23,1997,0,0,0,0,6,0
1997,7,224,DAL,Omar Stoutmire,FALSE,DB,Fresno St.,23,2007,0,0,4,26,136,10
1997,7,225,PHI,Byron Capers,FALSE,DB,Florida St.,NA,NA,0,0,0,NA,NA,NA
1997,7,226,BUF,Pat Fitzgerald,FALSE,TE,Texas,NA,NA,0,0,0,NA,NA,NA
1997,7,227,PHI,DeAuntae Brown,FALSE,DB,Central State (OH),23,1997,0,0,0,0,1,0
1997,7,228,CAR,Kris Mangum,FALSE,TE,Mississippi,24,2006,0,0,4,11,126,9
1997,7,229,NYJ,Jason Ferguson,FALSE,DT,Georgia,22,2009,0,0,9,50,159,12
1997,7,230,NWE,Scott Rehberg,FALSE,OG,Central Michigan,23,2003,0,0,1,13,79,6
1997,7,231,GNB,Jerald Sowell,FALSE,FB,Tulane,23,2006,0,0,3,12,148,9
1997,7,232,DET,Marcus Harris,FALSE,WR,Wyoming,NA,NA,0,0,0,NA,NA,NA
1997,7,233,CHI,Marvin Thomas,FALSE,DE,Memphis,23,1998,0,0,0,0,4,1
1997,7,234,BAL,Wally Richardson,FALSE,QB,Penn St.,23,1998,0,0,0,0,1,1
1997,7,235,MIN,Matthew Hatchette,FALSE,WR,Langston,23,2003,0,0,0,9,65,6
1997,7,236,BAL,Ralph Staten,FALSE,DB,Alabama,22,1998,0,0,0,4,25,1
1997,7,237,SDG,Tony Corbin,FALSE,QB,Sacramento St.,NA,NA,0,0,0,NA,NA,NA
1997,7,238,BAL,Leland Taylor,FALSE,DT,Louisville,24,1997,0,0,0,0,1,0
1997,7,239,DET,Richard Jordan,FALSE,LB,Missouri Southern,22,2002,0,0,0,4,36,5
1997,7,240,GNB,Ron McAda,FALSE,QB,Army,NA,NA,0,0,0,NA,NA,NA
1998,1,1,IND,Peyton Manning,TRUE,QB,Tennessee,22,2015,7,14,17,176,266,17
1998,1,2,SDG,Ryan Leaf,FALSE,QB,Washington St.,22,2001,0,0,1,1,25,3
1998,1,3,ARI,Andre Wadsworth,FALSE,DE,Florida St.,23,2000,0,0,2,12,36,2
1998,1,4,OAK,Charles Woodson,TRUE,DB,Michigan,21,2015,3,9,16,115,254,17
1998,1,5,CHI,Curtis Enis,FALSE,RB,Penn St.,22,2000,0,0,2,10,36,2
1998,1,6,STL,Grant Wistrom,FALSE,DE,Nebraska,22,2006,0,0,8,54,132,8
1998,1,7,NOR,Kyle Turley,FALSE,OT,San Diego St.,22,2007,1,0,6,52,109,9
1998,1,8,DAL,Greg Ellis,FALSE,DE,North Carolina,23,2009,0,1,12,68,176,11
1998,1,9,JAX,Fred Taylor,FALSE,RB,Florida,22,2010,0,1,9,88,153,12
1998,1,10,BAL,Duane Starks,FALSE,DB,Miami (FL),24,2006,0,0,4,33,97,8
1998,1,11,PHI,Tra Thomas,FALSE,OT,Florida St.,23,2009,0,3,11,72,174,11
1998,1,12,ATL,Keith Brooking,FALSE,LB,Georgia Tech,22,2012,0,5,12,81,225,14
1998,1,13,CIN,Takeo Spikes,FALSE,LB,Auburn,21,2012,1,2,14,83,219,14
1998,1,14,CAR,Jason Peter,FALSE,DE,Nebraska,23,2001,0,0,2,10,38,3
1998,1,15,SEA,Anthony Simmons,FALSE,LB,Clemson,22,2004,0,0,4,34,87,6
1998,1,16,TEN,Kevin Dyson,FALSE,WR,Utah,23,2003,0,0,3,22,59,5
1998,1,17,CIN,Brian Simmons,FALSE,LB,North Carolina,23,2007,0,0,8,42,137,9
1998,1,18,NWE,Robert Edwards,FALSE,RB,Georgia,23,2002,0,0,1,13,28,4
1998,1,19,GNB,Vonnie Holliday,FALSE,DE,North Carolina,22,2012,0,0,9,63,214,14
1998,1,20,DET,Terry Fair,FALSE,DB,Tennessee,22,2005,0,0,4,21,60,7
1998,1,21,MIN,Randy Moss,TRUE,WR,Marshall,21,2012,4,6,12,124,218,14
1998,1,22,NWE,Tebucky Jones,FALSE,DB,Syracuse,23,2005,0,0,5,27,109,7
1998,1,23,OAK,Mo Collins,FALSE,OG,Florida,21,2003,0,0,5,29,71,5
1998,1,24,NYG,Shaun Williams,FALSE,DB,UCLA,21,2006,0,0,5,31,104,8
1998,1,25,JAX,Donovin Darius,FALSE,DB,Syracuse,23,2007,0,0,8,45,118,9
1998,1,26,PIT,Alan Faneca,TRUE,OG,LSU,21,2010,6,9,13,108,206,12
1998,1,27,KAN,Victor Riley,FALSE,OT,Auburn,23,2005,0,0,5,40,111,7
1998,1,28,SFO,R.W. McQuarters,FALSE,DB,Oklahoma St.,21,2008,0,0,4,37,156,10
1998,1,29,MIA,John Avery,FALSE,RB,Mississippi,22,2003,0,0,0,4,29,5
1998,1,30,DEN,Marcus Nash,FALSE,WR,Tennessee,22,1999,0,0,0,1,11,1
1998,2,31,OAK,Leon Bender,FALSE,DT,Washington St.,NA,NA,0,0,0,NA,NA,NA
1998,2,32,IND,Jerome Pathon,FALSE,WR,Washington,22,2005,0,0,4,29,100,7
1998,2,33,ARI,Corey Chavous,FALSE,DB,Vanderbilt,22,2008,0,1,8,42,171,10
1998,2,34,TAM,Jacquez Green,FALSE,WR,Florida,22,2002,0,0,3,26,66,4
1998,2,35,CHI,Tony Parrish,FALSE,DB,Washington,22,2006,0,0,8,49,131,8
1998,2,36,ARI,Anthony Clement,FALSE,OT,Louisiana,22,2007,0,0,6,39,128,9
1998,2,37,STL,Robert Holcombe,FALSE,RB,Illinois,22,2004,0,0,3,14,97,6
1998,2,38,DAL,Flozell Adams,FALSE,OT,Michigan St.,23,2010,0,5,12,81,198,12
1998,2,39,BUF,Sam Cowart,FALSE,LB,Florida St.,23,2005,0,1,6,44,100,7
1998,2,40,NOR,Cam Cleeland,FALSE,TE,Washington,23,2005,0,0,5,9,89,7
1998,2,41,PIT,Jeremy Staat,FALSE,DE,Arizona St.,21,2003,0,0,0,4,31,5
1998,2,42,BAL,Patrick Johnson,FALSE,WR,Oregon,22,2005,0,0,1,11,70,7
1998,2,43,CIN,Artrell Hawkins,FALSE,DB,Cincinnati,21,2006,0,0,7,33,122,8
1998,2,44,MIA,Patrick Surtain,FALSE,DB,Southern Miss,22,2008,1,3,8,68,163,10
1998,2,45,TAM,Brian Kelly,FALSE,DB,USC,22,2008,0,0,5,36,141,10
1998,2,46,TEN,Samari Rolle,FALSE,DB,Florida St.,22,2008,1,1,9,64,149,10
1998,2,47,SEA,Todd Weiner,FALSE,OT,Kansas St.,22,2008,0,0,7,47,152,10
1998,2,48,WAS,Stephen Alexander,FALSE,TE,Oklahoma,22,2006,0,1,6,20,118,8
1998,2,49,MIA,Kenny Mixon,FALSE,DE,LSU,23,2004,0,0,6,37,105,6
1998,2,50,DET,Germane Crowell,FALSE,WR,Virginia,21,2002,0,0,1,23,54,4
1998,2,51,MIN,Kailee Wong,FALSE,LB,Stanford,22,2006,0,0,6,37,123,8
1998,2,52,NWE,Tony Simmons,FALSE,WR,Wisconsin,23,2002,0,0,0,8,49,4
1998,2,53,ATL,Bob Hallen,FALSE,OG,Kent St.,23,2005,0,0,3,24,86,7
1998,2,54,NWE,Rod Rutledge,FALSE,TE,Alabama,23,2002,0,0,2,2,70,4
1998,2,55,NYG,Joe Jurevicius,FALSE,WR,Penn St.,23,2007,0,0,3,31,133,9
1998,2,56,NYJ,Dorian Boose,FALSE,DE,Washington St.,24,2001,0,0,0,5,44,3
1998,2,57,JAX,Cordell Taylor,FALSE,DB,Hampton,24,1999,0,0,0,1,13,1
1998,2,58,SFO,Jeremy Newberry,FALSE,OC,California,22,2008,0,2,7,52,120,10
1998,2,59,SDG,Mikhael Ricks,FALSE,TE,S.F. Austin,23,2003,0,0,2,14,82,5
1998,2,60,DET,Charlie Batch,FALSE,QB,Eastern Michigan,23,2012,0,0,4,34,81,14
1998,2,61,DEN,Eric Brown,FALSE,DB,Mississippi St.,23,2004,0,0,6,31,97,6
1998,3,62,CAR,Chuck Wiley,FALSE,DE,LSU,23,2004,0,0,1,12,79,6
1998,3,63,OAK,Jon Ritchie,FALSE,FB,Stanford,24,2004,0,0,5,11,94,6
1998,3,64,CHI,Olin Kreutz,FALSE,OC,Washington,21,2011,1,6,11,73,195,13
1998,3,65,STL,Leonard Little,FALSE,DE,Tennessee,23,2009,1,1,7,52,147,11
1998,3,66,PIT,Chris Conrad,FALSE,OT,Fresno St.,23,1999,0,0,0,4,17,1
1998,3,67,NYJ,Scott Frost,FALSE,DB,Nebraska,23,2003,0,0,0,5,59,5
1998,3,68,BUF,Robert Hicks,FALSE,OT,Mississippi St.,23,2000,0,0,1,13,37,2
1998,3,69,WAS,Skip Hicks,FALSE,RB,UCLA,23,2001,0,0,0,9,38,3
1998,3,70,NYG,Brian Alford,FALSE,WR,Purdue,23,1999,0,0,0,0,4,1
1998,3,71,IND,E.G. Green,FALSE,WR,Florida St.,23,2000,0,0,0,7,29,2
1998,3,72,PHI,Jeremiah Trotter,FALSE,LB,S.F. Austin,21,2009,1,4,9,71,147,11
1998,3,73,CAR,Mitch Marrow,FALSE,DE,Pennsylvania,NA,NA,0,0,0,NA,NA,NA
1998,3,74,ATL,Jammi German,FALSE,WR,Miami (FL),24,2001,0,0,0,3,35,3
1998,3,75,CIN,Steve Foley,FALSE,LB,La-Monroe,22,2005,0,0,5,30,96,7
1998,3,76,SEA,Ahman Green,FALSE,RB,Nebraska,21,2009,0,4,6,83,148,11
1998,3,77,TEN,Dainon Sidney,FALSE,DB,Ala-Birmingham,23,2003,0,0,0,6,50,5
1998,3,78,CIN,Mike Goff,FALSE,OG,Iowa,22,2009,0,0,9,62,171,11
1998,3,79,MIA,Brad Jackson,FALSE,LB,Cincinnati,23,2002,0,0,0,8,50,4
1998,3,80,MIN,Ramos McDonald,FALSE,DB,New Mexico,22,2000,0,0,1,5,32,2
1998,3,81,NWE,Chris Floyd,FALSE,RB,Michigan,23,2000,0,0,0,0,42,2
1998,3,82,MIA,Larry Shannon,FALSE,WR,East Carolina,23,1999,0,0,0,0,2,1
1998,3,83,NWE,Greg Spires,FALSE,DE,Florida St.,24,2007,0,0,6,49,147,9
1998,3,84,TAM,Jamie Duncan,FALSE,LB,Vanderbilt,23,2004,0,0,3,29,96,6
1998,3,85,PHI,Allen Rossum,FALSE,DB,Notre Dame,22,2009,0,1,0,21,157,11
1998,3,86,JAX,Jonathan Quinn,FALSE,QB,Middle Tenn. St.,23,2004,0,0,0,4,17,6
1998,3,87,NYJ,Kevin Williams,FALSE,DB,Oklahoma St.,23,2002,0,0,0,8,43,4
1998,3,88,KAN,Rashaan Shehee,FALSE,RB,Washington,23,1999,0,0,0,4,25,1
1998,3,89,SFO,Chris Ruhman,FALSE,OT,Texas A&M,23,1999,0,0,0,2,11,1
1998,3,90,GNB,Jonathan Brown,FALSE,DE,Tennessee,22,2001,0,0,0,0,7,3
1998,3,91,DEN,Brian Griese,FALSE,QB,Michigan,23,2008,0,1,5,54,93,10
1998,3,92,PIT,Hines Ward,FALSE,WR,Georgia,22,2011,0,4,13,88,217,13
1998,4,93,IND,Steve McKinney,FALSE,OC,Texas A&M,22,2007,0,0,8,52,143,9
1998,4,94,CHI,Alonzo Mayes,FALSE,TE,Oklahoma St.,23,2000,0,0,2,3,37,2
1998,4,95,ARI,Michael Pittman,FALSE,RB,Fresno St.,23,2008,0,0,5,50,151,10
1998,4,96,STL,Az-Zahir Hakim,FALSE,WR,San Diego St.,21,2006,0,0,2,38,110,8
1998,4,97,NOR,Fred Weary,FALSE,DB,Florida,24,2003,0,0,2,14,83,5
1998,4,98,STL,Roland Williams,FALSE,TE,Syracuse,23,2005,0,0,5,9,94,7
1998,4,99,NOR,Julian Pittman,FALSE,DE,Florida St.,23,1998,0,0,0,0,2,0
1998,4,100,DAL,Michael Myers,FALSE,DT,Alabama,22,2007,0,0,3,34,138,9
1998,4,101,JAX,Tavian Banks,FALSE,RB,Iowa,24,1999,0,0,0,3,14,1
1998,4,102,MIA,Lorenzo Bromell,FALSE,DE,Clemson,22,2004,0,0,0,11,77,6
1998,4,103,ATL,Omar Brown,FALSE,DB,North Carolina,23,1999,0,0,0,1,15,1
1998,4,104,TAM,Todd Washington,FALSE,OG,Virginia Tech,22,2005,0,0,1,12,97,7
1998,4,105,CIN,Glen Steele,FALSE,DT,Michigan,23,2003,0,0,0,9,90,5
1998,4,106,CAR,Donald Hayes,FALSE,WR,Wisconsin,23,2002,0,0,2,18,63,4
1998,4,107,TEN,Joe Salave'a,FALSE,DT,Arizona,23,2006,0,0,2,20,100,8
1998,4,108,SEA,DeShone Myles,FALSE,LB,Nevada,23,2001,0,0,0,3,18,3
1998,4,109,OAK,Gennaro DiNapoli,FALSE,OC,Virginia Tech,23,2003,0,0,2,15,39,5
1998,4,110,MIN,Kivuusama Mays,FALSE,LB,North Carolina,23,1999,0,0,0,2,30,1
1998,4,111,NYJ,Jason Fabini,FALSE,OT,Cincinnati,24,2008,0,0,9,53,152,10
1998,4,112,PHI,Brandon Whiting,FALSE,DE,California,22,2004,0,0,4,34,93,6
1998,4,113,WAS,Shawn Barber,FALSE,LB,Richmond,23,2007,0,0,5,37,111,9
1998,4,114,ATL,Tim Dwight,FALSE,WR,Iowa,23,2007,0,0,2,30,116,9
1998,4,115,NWE,Leonta Rheams,FALSE,DT,Houston,22,1998,0,0,0,0,6,0
1998,4,116,PHI,Clarence Love,FALSE,DB,Toledo,22,2003,0,0,0,3,31,5
1998,4,117,PIT,Deshea Townsend,FALSE,DB,Alabama,22,2010,0,0,4,40,191,12
1998,4,118,JAX,Harry Deligianis,FALSE,DT,Youngstown St.,NA,NA,0,0,0,NA,NA,NA
1998,4,119,SFO,Lance Schulters,FALSE,DB,Hofstra,23,2007,0,1,6,35,121,9
1998,4,120,KAN,Greg Favors,FALSE,LB,Mississippi St.,23,2005,0,0,4,29,101,7
1998,4,121,GNB,Roosevelt Blackmon,FALSE,DB,Morris Brown,23,1999,0,0,0,2,20,1
1998,4,122,DEN,Curtis Alexander,FALSE,RB,Alabama,NA,NA,0,0,0,NA,NA,NA
1998,4,123,PIT,Carlos King,FALSE,RB,North Carolina St.,24,1998,0,0,0,0,1,0
1998,5,124,BAL,Martin Chase,FALSE,DT,Oklahoma,23,2005,0,0,0,7,55,7
1998,5,125,ARI,Terry Hardy,FALSE,TE,Southern Miss,22,2001,0,0,2,10,49,3
1998,5,126,SDG,Cedric Harden,FALSE,DE,Florida A&M,23,1999,0,0,0,0,5,1
1998,5,127,OAK,Jeremy Brigham,FALSE,TE,Washington,23,2002,0,0,0,3,47,4
1998,5,128,KAN,Robert Williams,FALSE,DB,North Carolina,21,1999,0,0,0,1,18,1
1998,5,129,STL,Raymond Priester,FALSE,RB,Clemson,NA,NA,0,0,0,NA,NA,NA
1998,5,130,DAL,Darren Hambrick,FALSE,LB,South Carolina,23,2002,0,0,4,25,76,4
1998,5,131,BUF,Jonathan Linton,FALSE,RB,North Carolina,23,2000,0,0,1,9,44,2
1998,5,132,NOR,Wilmont Perry,FALSE,RB,Livingstone,23,1999,0,0,0,2,13,1
1998,5,133,BAL,Ryan Sutter,FALSE,DB,Colorado,23,1998,0,0,0,0,1,0
1998,5,134,NYJ,Casey Dailey,FALSE,LB,Northwestern,23,1999,0,0,0,0,6,1
1998,5,135,IND,Antony Jordan,FALSE,LB,Vanderbilt,23,2001,0,0,0,1,27,3
1998,5,136,CAR,Jerry Jensen,FALSE,LB,Washington,23,1998,0,0,0,0,10,0
1998,5,137,PIT,Jason Simmons,FALSE,DB,Arizona St.,22,2007,0,0,0,10,121,9
1998,5,138,DAL,Oliver Ross,FALSE,OT,Iowa St.,23,2006,0,0,3,24,89,8
1998,5,139,TEN,Benji Olson,FALSE,OG,Washington,23,2007,0,0,9,55,152,9
1998,5,140,WAS,Mark Fischer,FALSE,OC,Purdue,24,2000,0,0,1,6,22,2
1998,5,141,NYJ,Doug Karczewski,FALSE,OG,Virginia,NA,NA,0,0,0,NA,NA,NA
1998,5,142,PHI,Ike Reese,FALSE,LB,Michigan St.,24,2006,0,1,0,15,144,8
1998,5,143,MIA,Scott Shaw,FALSE,OG,Michigan St.,24,1998,0,0,0,0,2,0
1998,5,144,MIN,Kerry Cooks,FALSE,DB,Iowa,24,1998,0,0,0,1,9,0
1998,5,145,NWE,Ron Merkerson,FALSE,LB,Colorado,NA,NA,0,0,0,NA,NA,NA
1998,5,146,NYJ,Blake Spence,FALSE,TE,Oregon,23,2000,0,0,0,0,18,2
1998,5,147,NYG,Toby Myles,FALSE,OT,Jackson St.,23,2001,0,0,0,1,11,3
1998,5,148,JAX,John Wade,FALSE,OC,Marshall,23,2008,0,0,7,43,131,10
1998,5,149,NYJ,Eric Bateman,FALSE,OT,BYU,NA,NA,0,0,0,NA,NA,NA
1998,5,150,GNB,Corey Bradford,FALSE,WR,Jackson St.,22,2006,0,0,2,27,114,8
1998,5,151,SFO,Phil Ostrowski,FALSE,OG,Penn St.,22,2000,0,0,0,2,28,2
1998,5,152,OAK,Travian Smith,FALSE,LB,Oklahoma,23,2004,0,0,1,13,84,6
1998,5,153,DEN,Chris Howard,FALSE,RB,Michigan,23,2000,0,0,0,1,22,2
1998,6,154,BAL,Ron Rogers,FALSE,LB,Georgia Tech,NA,NA,0,0,0,NA,NA,NA
1998,6,155,SDG,Clifford Ivory,FALSE,DB,Troy,NA,NA,0,0,0,NA,NA,NA
1998,6,156,GNB,Scott McGarrahan,FALSE,DB,New Mexico,24,2005,0,0,0,7,108,7
1998,6,157,CHI,Chris Draft,FALSE,LB,Stanford,22,2009,0,0,5,38,150,11
1998,6,158,ARI,Zack Walz,FALSE,LB,Dartmouth,22,2001,0,0,1,8,46,3
1998,6,159,STL,Glenn Rountree,FALSE,OG,Clemson,NA,NA,0,0,0,NA,NA,NA
1998,6,160,BUF,Fred Coleman,FALSE,WR,Washington,23,2002,0,0,0,1,9,4
1998,6,161,NOR,Chris Bordano,FALSE,LB,SMU,23,2000,0,0,1,7,33,2
1998,6,162,SEA,Carl Hansen,FALSE,DE,Stanford,22,1998,0,0,0,0,5,0
1998,6,163,NYJ,Eric Ogbogu,FALSE,DE,Maryland,23,2005,0,0,0,11,90,7
1998,6,164,BAL,Sammy Williams,FALSE,OT,Oklahoma,23,2002,0,0,0,7,29,4
1998,6,165,CAR,Damien Richardson,FALSE,DB,Arizona St.,22,2002,0,0,1,7,77,4
1998,6,166,ATL,Elijah Williams,FALSE,DB,Florida,23,2001,0,0,0,3,50,3
1998,6,167,CIN,Jason Tucker,FALSE,WR,TCU,22,2000,0,0,0,6,31,2
1998,6,168,TEN,Lee Wiggins,FALSE,DB,South Carolina,NA,NA,0,0,0,NA,NA,NA
1998,6,169,SEA,Bobby Shaw,FALSE,WR,California,23,2004,0,0,1,27,90,6
1998,6,170,WAS,Patrick Palmer,FALSE,WR,Northwestern St. (LA),NA,NA,0,0,0,NA,NA,NA
1998,6,171,MIA,Nathan Strikwerda,FALSE,OC,Northwestern,NA,NA,0,0,0,NA,NA,NA
1998,6,172,MIA,John Dutton,FALSE,QB,Nevada,NA,NA,0,0,0,NA,NA,NA
1998,6,173,MIN,Matt Birk,FALSE,OC,Harvard,22,2012,0,6,12,83,210,14
1998,6,174,NYJ,Chris Brazzell,FALSE,WR,Angelo State (TX),22,2000,0,0,0,1,14,2
1998,6,175,TAM,James Cannida,FALSE,DT,Nevada,23,2002,0,0,0,7,50,4
1998,6,176,NWE,Harold Shaw,FALSE,RB,Southern Miss,24,2000,0,0,0,0,35,2
1998,6,177,NYG,Todd Pollack,FALSE,TE,Boston Col.,NA,NA,0,0,0,NA,NA,NA
1998,6,178,PIT,Chris Fuamatu-Ma'afala,FALSE,RB,Utah,21,2004,0,0,0,9,73,6
1998,6,179,JAX,Lamanzer Williams,FALSE,DE,Minnesota,23,1998,0,0,0,0,2,0
1998,6,180,SFO,Fred Beasley,FALSE,FB,Auburn,23,2005,0,1,7,13,114,7
1998,6,181,KAN,Derrick Ransom,FALSE,DT,Cincinnati,21,2004,0,0,2,12,71,6
1998,6,182,JAX,Kevin McLeod,FALSE,FB,Auburn,23,2003,0,0,0,0,8,5
1998,6,183,NYJ,Dustin Johnson,FALSE,FB,BYU,25,1999,0,0,0,0,1,1
1998,6,184,TAM,Shevin Smith,FALSE,DB,Florida St.,23,1999,0,0,0,1,19,1
1998,6,185,DET,Jamaal Alexander,FALSE,DB,Southern Miss,NA,NA,0,0,0,NA,NA,NA
1998,6,186,PIT,Ryan Olson,FALSE,LB,Colorado,NA,NA,0,0,0,NA,NA,NA
1998,6,187,GNB,Matt Hasselbeck,FALSE,QB,Boston Col.,22,2015,0,3,11,87,209,17
1998,6,188,DAL,Izell Reese,FALSE,DB,Ala-Birmingham,24,2004,0,0,3,20,93,6
1998,6,189,CHI,Patrick Mannelly,FALSE,OT,Duke,23,2013,0,0,0,15,245,15
1998,7,190,IND,Aaron Taylor,FALSE,OG,Nebraska,NA,NA,0,0,0,NA,NA,NA
1998,7,191,WAS,David Terrell,FALSE,DB,Texas-El Paso,23,2004,0,0,2,17,77,6
1998,7,192,JAX,Alvis Whitted,FALSE,WR,North Carolina St.,24,2006,0,0,1,9,123,8
1998,7,193,ARI,Phil Savoy,FALSE,WR,Colorado,NA,NA,0,0,0,NA,NA,NA
1998,7,194,SDG,Jon Haskins,FALSE,LB,Stanford,22,1998,0,0,0,0,2,0
1998,7,195,NYJ,Lawrence Hart,FALSE,TE,Southern,21,2001,0,0,0,0,1,3
1998,7,196,CAR,Viliami Maumau,FALSE,DT,Colorado,23,1999,0,0,0,0,1,1
1998,7,197,SEA,Jason McEndoo,FALSE,OC,Washington St.,23,1998,0,0,0,0,1,0
1998,7,198,BUF,Victor Allotey,FALSE,OG,Indiana,NA,NA,0,0,0,NA,NA,NA
1998,7,199,ATL,Ephraim Salaam,FALSE,OT,San Diego St.,22,2010,0,0,9,55,163,12
1998,7,200,DEN,Trey Teague,FALSE,OC,Tennessee,23,2005,0,0,5,34,94,7
1998,7,201,ATL,Ken Oxendine,FALSE,RB,Virginia Tech,22,1999,0,0,1,6,21,1
1998,7,202,CIN,Marcus Parker,FALSE,RB,Virginia Tech,NA,NA,0,0,0,NA,NA,NA
1998,7,203,ATL,Henry Slay,FALSE,DT,West Virginia,23,1998,0,0,0,0,3,0
1998,7,204,NOR,Andy McCullough,FALSE,WR,Tennessee,22,1999,0,0,0,0,2,1
1998,7,205,TEN,Jimmy Sprotte,FALSE,LB,Arizona,23,1999,0,0,0,0,9,1
1998,7,206,WAS,Antwaune Ponds,FALSE,LB,Syracuse,23,1998,0,0,0,0,3,0
1998,7,207,DET,Chris Liwienski,FALSE,OG,Indiana,23,2007,0,0,6,47,126,9
1998,7,208,MIN,Chester Burnett,FALSE,LB,Arizona,23,2000,0,0,0,0,12,2
1998,7,209,ARI,Jomo Cousins,FALSE,DE,Florida A&M,NA,NA,0,0,0,NA,NA,NA
1998,7,210,MIA,Jim Bundren,FALSE,OG,Clemson,23,2000,0,0,1,3,27,2
1998,7,211,NWE,Jason Andersen,FALSE,OG,BYU,23,2002,0,0,0,1,19,4
1998,7,212,TAM,Chance McCarty,FALSE,DE,TCU,NA,NA,0,0,0,NA,NA,NA
1998,7,213,NYG,Ben Fricke,FALSE,OC,Houston,22,2001,0,0,0,2,19,3
1998,7,214,JAX,Brandon Tolbert,FALSE,LB,Georgia,NA,NA,0,0,0,NA,NA,NA
1998,7,215,SFO,Ryan Thelwell,FALSE,WR,Minnesota,25,1998,0,0,0,2,6,0
1998,7,216,KAN,Eric Warfield,FALSE,DB,Nebraska,22,2005,0,0,5,31,115,7
1998,7,217,CHI,Chad Overhauser,FALSE,OT,UCLA,23,2002,0,0,0,0,3,4
1998,7,218,GNB,Eddie Watson,FALSE,RB,Purdue,21,1999,0,0,0,0,6,1
1998,7,219,DEN,Nate Wayne,FALSE,LB,Mississippi,23,2005,0,0,4,33,90,7
1998,7,220,PHI,Chris Akins,FALSE,DT,Texas,NA,NA,0,0,0,NA,NA,NA
1998,7,221,PIT,Angel Rubio,FALSE,DE,SE Missouri St.,23,1999,0,0,0,0,2,1
1998,7,222,CIN,Damian Vaughn,FALSE,TE,Miami (OH),NA,NA,0,0,0,NA,NA,NA
1998,7,223,DAL,Tarik Smith,FALSE,RB,California,NA,NA,0,0,0,NA,NA,NA
1998,7,224,KAN,Ernest Blackwell,FALSE,RB,Missouri,NA,NA,0,0,0,NA,NA,NA
1998,7,225,MIN,Tony Darden,FALSE,DB,Texas Tech,23,2000,0,0,0,2,16,2
1998,7,226,ARI,Pat Tillman,FALSE,DB,Arizona St.,21,2001,0,0,3,14,60,3
1998,7,227,DAL,Antonio Fleming,FALSE,OG,Georgia,NA,NA,0,0,0,NA,NA,NA
1998,7,228,CAR,Jim Turner,FALSE,WR,Syracuse,NA,NA,0,0,0,NA,NA,NA
1998,7,229,TEN,Kevin Long,FALSE,OC,Florida St.,23,2001,0,0,2,16,63,3
1998,7,230,OAK,Vincent Amey,FALSE,DE,Arizona St.,23,1998,0,0,0,1,4,0
1998,7,231,IND,Corey Gaines,FALSE,DB,Tennessee,NA,NA,0,0,0,NA,NA,NA
1998,7,232,CHI,Moses Moreno,FALSE,QB,Colorado St.,23,2000,0,0,0,1,9,2
1998,7,233,ARI,Ron Janes,FALSE,RB,Missouri,NA,NA,0,0,0,NA,NA,NA
1998,7,234,SDG,Kio Sanford,FALSE,WR,Kentucky,NA,NA,0,0,0,NA,NA,NA
1998,7,235,OAK,David Sanders,FALSE,DE,Arkansas,NA,NA,0,0,0,NA,NA,NA
1998,7,236,STL,Jason Chorak,FALSE,DE,Washington,23,1998,0,0,0,0,8,0
1998,7,237,DAL,Rodrick Monroe,FALSE,TE,Cincinnati,22,2001,0,0,0,0,9,3
1998,7,238,BUF,Kamil Loud,FALSE,WR,Cal Poly-San Luis Obispo,22,1999,0,0,0,1,12,1
1998,7,239,NOR,Ron Warner,FALSE,DE,Kansas,22,2004,0,0,0,3,24,6
1998,7,240,PHI,Melvin Thomas,FALSE,OG,Colorado,NA,NA,0,0,0,NA,NA,NA
1998,7,241,BAL,Cam Quayle,FALSE,TE,Weber St.,NA,NA,0,0,0,NA,NA,NA
1999,1,1,CLE,Tim Couch,FALSE,QB,Kentucky,22,2003,0,0,3,30,62,4
1999,1,2,PHI,Donovan McNabb,FALSE,QB,Syracuse,22,2011,0,6,11,107,167,12
1999,1,3,CIN,Akili Smith,FALSE,QB,Oregon,24,2002,0,0,1,2,22,3
1999,1,4,IND,Edgerrin James,TRUE,RB,Miami (FL),21,2009,1,4,9,113,148,10
1999,1,5,NOR,Ricky Williams,FALSE,RB,Texas,22,2011,1,1,5,77,147,12
1999,1,6,STL,Torry Holt,FALSE,WR,North Carolina St.,23,2009,1,7,11,99,173,10
1999,1,7,WAS,Champ Bailey,TRUE,DB,Georgia,21,2013,3,12,14,117,215,14
1999,1,8,ARI,David Boston,FALSE,WR,Ohio St.,21,2005,1,1,3,38,75,6
1999,1,9,DET,Chris Claiborne,FALSE,LB,USC,21,2006,0,0,7,34,105,7
1999,1,10,BAL,Chris McAlister,FALSE,DB,Arizona,22,2009,1,3,9,70,137,10
1999,1,11,MIN,Daunte Culpepper,FALSE,QB,Central Florida,22,2009,0,3,5,86,105,10
1999,1,12,CHI,Cade McNown,FALSE,QB,UCLA,22,2000,0,0,1,8,25,1
1999,1,13,PIT,Troy Edwards,FALSE,WR,Louisiana Tech,22,2005,0,0,1,19,92,6
1999,1,14,KAN,John Tait,FALSE,OT,BYU,24,2008,0,0,9,51,148,9
1999,1,15,TAM,Anthony McFarland,FALSE,DT,LSU,21,2006,0,0,7,43,109,7
1999,1,16,TEN,Jevon Kearse,FALSE,DE,Florida,23,2009,1,3,8,68,133,10
1999,1,17,NWE,Damien Woody,FALSE,OC,Boston Col.,21,2010,0,1,11,59,173,11
1999,1,18,OAK,Matt Stinchcomb,FALSE,OG,Georgia,22,2004,0,0,2,21,65,5
1999,1,19,NYG,Luke Petitgout,FALSE,OT,Notre Dame,23,2007,0,0,8,44,117,8
1999,1,20,DAL,Ebenezer Ekuban,FALSE,DE,North Carolina,23,2008,0,0,5,37,122,9
1999,1,21,ARI,L.J. Shelton,FALSE,OT,Eastern Michigan,23,2008,0,0,8,43,146,9
1999,1,22,SEA,Lamar King,FALSE,DE,Saginaw Valley St.,24,2003,0,0,3,16,57,4
1999,1,23,BUF,Antoine Winfield,FALSE,DB,Ohio St.,22,2012,0,3,12,62,191,13
1999,1,24,SFO,Reggie McGrew,FALSE,DT,Florida,22,2002,0,0,0,1,24,3
1999,1,25,GNB,Antuan Edwards,FALSE,DB,Clemson,22,2005,0,0,1,15,71,6
1999,1,26,JAX,Fernando Bryant,FALSE,DB,Alabama,22,2008,0,0,8,38,112,9
1999,1,27,DET,Aaron Gibson,FALSE,OT,Wisconsin,21,2004,0,0,2,14,38,5
1999,1,28,NWE,Andy Katzenmoyer,FALSE,LB,Ohio St.,21,2000,0,0,1,8,24,1
1999,1,29,MIN,Dimitrius Underwood,FALSE,DT,Michigan St.,22,2001,0,0,0,1,19,2
1999,1,30,ATL,Patrick Kerney,FALSE,DE,Virginia,22,2009,1,2,9,67,159,10
1999,1,31,DEN,Al Wilson,FALSE,LB,Tennessee,22,2006,1,5,8,67,125,7
1999,2,32,CLE,Kevin Johnson,FALSE,WR,Syracuse,23,2005,0,0,4,33,101,6
1999,2,33,CIN,Charles Fisher,FALSE,DB,West Virginia,23,1999,0,0,0,0,1,0
1999,2,34,CAR,Chris Terry,FALSE,OT,Georgia,24,2007,0,0,7,36,100,8
1999,2,35,PHI,Barry Gardner,FALSE,LB,Northwestern,22,2005,0,0,1,18,110,6
1999,2,36,IND,Mike Peterson,FALSE,LB,Florida,23,2012,0,0,11,73,198,13
1999,2,37,WAS,Jon Jansen,FALSE,OT,Michigan,23,2009,0,0,8,55,137,10
1999,2,38,CAR,Mike Rucker,FALSE,DE,Nebraska,24,2007,0,1,7,54,139,8
1999,2,39,MIA,J.J. Johnson,FALSE,RB,Mississippi St.,25,2001,0,0,0,7,36,2
1999,2,40,OAK,Tony Bryant,FALSE,DE,Florida St.,23,2005,0,0,3,22,82,6
1999,2,41,STL,Dre' Bly,FALSE,DB,North Carolina,22,2009,0,2,7,54,167,10
1999,2,42,ATL,Reggie Kelly,FALSE,TE,Mississippi St.,22,2011,0,0,10,12,184,12
1999,2,43,MIA,Rob Konrad,FALSE,FB,Syracuse,22,2004,0,0,5,9,82,5
1999,2,44,MIN,Jim Kleinsasser,FALSE,TE,North Dakota,22,2011,0,0,10,14,181,12
1999,2,45,CLE,Rahim Abdullah,FALSE,LB,Clemson,23,2000,0,0,1,6,29,1
1999,2,46,NWE,Kevin Faulk,FALSE,RB,LSU,23,2011,0,0,4,56,161,12
1999,2,47,GNB,Fred Vinson,FALSE,DB,Vanderbilt,22,1999,0,0,0,2,16,0
1999,2,48,CHI,Russell Davis,FALSE,DT,North Carolina,24,2007,0,0,5,33,114,8
1999,2,49,NYG,Joe Montgomery,FALSE,RB,Ohio St.,23,2002,0,0,1,2,13,3
1999,2,50,TAM,Shaun King,FALSE,QB,Tulane,22,2004,0,0,1,19,34,5
1999,2,51,ARI,Johnny Rutledge,FALSE,LB,Florida,22,2003,0,0,0,2,46,4
1999,2,52,TEN,John Thornton,FALSE,DT,West Virginia,22,2008,0,0,8,51,143,9
1999,2,53,BUF,Peerless Price,FALSE,WR,Tennessee,22,2007,0,0,6,44,123,8
1999,2,54,KAN,Mike Cloud,FALSE,RB,Boston Col.,24,2005,0,0,0,6,78,6
1999,2,55,DAL,Solomon Page,FALSE,OG,West Virginia,23,2003,0,0,3,20,67,4
1999,2,56,JAX,Larry Smith,FALSE,DT,Florida St.,24,2004,0,0,0,9,64,5
1999,2,57,NYJ,Randy Thomas,FALSE,OG,Mississippi St.,23,2009,0,0,9,51,143,10
1999,2,58,DEN,Montae Reagor,FALSE,DT,Texas Tech,22,2007,0,0,3,23,99,8
1999,2,59,PIT,Scott Shields,FALSE,DB,Weber St.,23,2000,0,0,0,5,26,1
1999,2,60,SDG,Jermaine Fazande,FALSE,RB,Oklahoma,24,2000,0,0,1,5,20,1
1999,2,61,DEN,Lennie Friedman,FALSE,OG,Duke,23,2007,0,0,1,18,97,8
1999,3,62,CLE,Daylon McCutcheon,FALSE,DB,USC,22,2005,0,0,7,34,103,6
1999,3,63,IND,Brandon Burlsworth,FALSE,OG,Arkansas,NA,NA,0,0,0,NA,NA,NA
1999,3,64,PHI,Doug Brzezinski,FALSE,OG,Boston Col.,23,2004,0,0,1,14,73,5
1999,3,65,CIN,Cory Hall,FALSE,DB,Fresno St.,22,2004,0,0,5,23,87,5
1999,3,66,CHI,Rex Tucker,FALSE,OG,Texas A&M,22,2006,0,0,1,14,49,7
1999,3,67,DEN,Chris Watson,FALSE,DB,Eastern Illinois,22,2002,0,0,0,9,58,3
1999,3,68,STL,Rich Coady,FALSE,DB,Texas A&M,23,2004,0,0,0,9,83,5
1999,3,69,SDG,Steve Heiden,FALSE,TE,South Dakota St.,22,2009,0,0,6,11,148,10
1999,3,70,DET,Jared DeVries,FALSE,DE,Iowa,23,2008,0,0,3,18,120,9
1999,3,71,CHI,D'Wayne Bates,FALSE,WR,Northwestern,23,2003,0,0,1,10,47,4
1999,3,72,MIA,Grey Ruegamer,FALSE,OC,Arizona St.,23,2008,0,0,1,15,124,9
1999,3,73,PIT,Joey Porter,FALSE,LB,Colorado St.,22,2011,1,4,11,90,188,12
1999,3,74,PIT,Kris Farris,FALSE,OT,UCLA,22,2001,0,0,0,1,3,2
1999,3,75,KAN,Gary Stills,FALSE,DE,West Virginia,25,2008,0,1,0,15,134,9
1999,3,76,CLE,Marquis Smith,FALSE,DB,California,24,2001,0,0,1,7,46,2
1999,3,77,SEA,Brock Huard,FALSE,QB,Washington,23,2003,0,0,0,2,8,4
1999,3,78,CHI,Marty Booker,FALSE,WR,La-Monroe,23,2009,0,1,7,48,157,10
1999,3,79,NYG,Dan Campbell,FALSE,TE,Texas A&M,23,2008,0,0,5,7,114,9
1999,3,80,TAM,Martin Gramatica,FALSE,PK,Kansas St.,23,2008,0,1,0,17,109,9
1999,3,81,TEN,Zach Piller,FALSE,OG,Florida,23,2006,0,0,4,28,87,7
1999,3,82,SEA,Karsten Bailey,FALSE,WR,Auburn,22,2003,0,0,0,1,19,4
1999,3,83,ARI,Tom Burke,FALSE,DE,Wisconsin,22,2002,0,0,1,8,36,3
1999,3,84,KAN,Larry Atkins,FALSE,LB,UCLA,24,2003,0,0,0,6,49,4
1999,3,85,DAL,Dat Nguyen,FALSE,LB,Texas A&M,23,2005,0,0,4,37,90,6
1999,3,86,BUF,Shawn Bryson,FALSE,RB,Tennessee,22,2006,0,0,1,21,91,7
1999,3,87,GNB,Mike McKenzie,FALSE,DB,Memphis,23,2009,0,0,9,48,138,10
1999,3,88,JAX,Anthony Cesario,FALSE,OG,Colorado St.,NA,NA,0,0,0,NA,NA,NA
1999,3,89,SFO,Chike Okeafor,FALSE,DE,Purdue,23,2009,0,0,7,43,150,10
1999,3,90,NYJ,David Loverne,FALSE,OG,San Jose St.,23,2004,0,0,2,12,63,5
1999,3,91,NWE,Tony George,FALSE,DB,Florida,24,2000,0,0,0,4,31,1
1999,3,92,ATL,Jeff Paulk,FALSE,FB,Arizona St.,23,2000,0,0,0,0,2,1
1999,3,93,DEN,Travis McGriff,FALSE,WR,Florida,23,2001,0,0,0,1,34,2
1999,3,94,GNB,Cletidus Hunt,FALSE,DT,Kentucky St.,23,2004,0,0,4,28,85,5
1999,3,95,PIT,Amos Zereoue,FALSE,RB,West Virginia,22,2005,0,0,0,22,84,6
1999,4,96,IND,Paul Miranda,FALSE,DB,Central Florida,23,2001,0,0,0,1,16,2
1999,4,97,PHI,John Welbourn,FALSE,OG,California,23,2007,0,0,7,39,103,8
1999,4,98,CIN,Craig Yeast,FALSE,WR,Kentucky,22,2001,0,0,1,5,35,2
1999,4,99,SFO,Anthony Parker,FALSE,DB,Weber St.,23,2001,0,0,0,1,21,2
1999,4,100,CAR,Hannibal Navies,FALSE,LB,Colorado,22,2007,0,0,3,23,96,8
1999,4,101,STL,Joe Germaine,FALSE,QB,Ohio St.,24,1999,0,0,0,1,3,0
1999,4,102,OAK,Dameane Douglas,FALSE,WR,California,23,2002,0,0,0,2,52,3
1999,4,103,DET,Sedrick Irvin,FALSE,RB,Michigan St.,21,2000,0,0,0,4,20,1
1999,4,104,SDG,Jason Perry,FALSE,DB,North Carolina St.,23,2002,0,0,0,6,36,3
1999,4,105,BAL,Brandon Stokley,FALSE,WR,Louisiana,23,2013,0,0,1,44,152,14
1999,4,106,CHI,Warrick Holdman,FALSE,LB,Texas A&M,23,2006,0,0,5,36,105,7
1999,4,107,WAS,Nate Stimson,FALSE,LB,Georgia Tech,NA,NA,0,0,0,NA,NA,NA
1999,4,108,KAN,Larry Parker,FALSE,WR,USC,23,2001,0,0,0,2,38,2
1999,4,109,PIT,Aaron Smith,FALSE,DE,Northern Colorado,23,2011,0,1,9,71,160,12
1999,4,110,SFO,Pierson Prioleau,FALSE,DB,Virginia Tech,22,2010,0,0,1,20,160,11
1999,4,111,CHI,Rosevelt Colvin,FALSE,LB,Purdue,22,2008,0,0,5,38,121,9
1999,4,112,NYG,Sean Bennett,FALSE,RB,Northwestern,23,2002,0,0,0,1,16,3
1999,4,113,TAM,Dexter Jackson,FALSE,DB,Florida St.,22,2008,0,0,6,32,118,9
1999,4,114,TEN,Brad Ware,FALSE,DB,Auburn,NA,NA,0,0,0,NA,NA,NA
1999,4,115,SEA,Antonio Cochran,FALSE,DE,Georgia,23,2005,0,0,2,19,85,6
1999,4,116,ARI,Joel Makovicka,FALSE,FB,Nebraska,23,2002,0,0,3,3,58,3
1999,4,117,TEN,Donald Mitchell,FALSE,DB,SMU,22,2002,0,0,1,7,44,3
1999,4,118,DAL,Wane McGarity,FALSE,WR,Texas,22,2001,0,0,0,6,31,2
1999,4,119,BUF,Keith Newman,FALSE,LB,North Carolina,22,2006,0,0,6,28,102,7
1999,4,120,MIN,Kenny Wright,FALSE,DB,Arkansas,21,2007,0,0,3,25,133,8
1999,4,121,JAX,Kevin Landolt,FALSE,DT,West Virginia,23,1999,0,0,0,0,1,0
1999,4,122,BUF,Bobby Collins,FALSE,TE,North Alabama,23,2001,0,0,0,2,30,2
1999,4,123,NYJ,Jason Wiltz,FALSE,DT,Nebraska,22,2000,0,0,0,4,27,1
1999,4,124,CLE,Wali Rainer,FALSE,LB,Virginia,22,2005,0,0,4,26,110,6
1999,4,125,MIN,Jay Humphrey,FALSE,OT,Texas,NA,NA,0,0,0,NA,NA,NA
1999,4,126,ATL,Johndale Carty,FALSE,DB,Utah St.,22,2002,0,0,0,5,61,3
1999,4,127,DEN,Olandis Gary,FALSE,RB,Georgia,24,2003,0,0,1,16,48,4
1999,4,128,PHI,Damon Moore,FALSE,DB,Ohio St.,22,2002,0,0,2,18,54,3
1999,4,129,BAL,Edwin Mulitalo,FALSE,OG,Arizona,25,2008,0,0,9,44,132,9
1999,4,130,PHI,Na Brown,FALSE,WR,North Carolina,22,2001,0,0,0,4,42,2
1999,4,131,GNB,Aaron Brooks,FALSE,QB,Virginia,23,2006,0,0,5,66,93,7
1999,4,132,DAL,Peppi Zellner,FALSE,DE,Fort Valley St.,24,2004,0,0,2,21,89,5
1999,4,133,GNB,Josh Bidwell,FALSE,P,Oregon,23,2010,0,1,0,18,148,11
1999,5,134,MIA,Cecil Collins,FALSE,RB,McNeese St.,22,1999,0,0,1,3,8,0
1999,5,135,CIN,Nick Luchey,FALSE,FB,Miami (FL),22,2005,0,0,0,3,75,6
1999,5,136,PIT,Jerame Tuman,FALSE,TE,Michigan,23,2008,0,0,2,5,123,9
1999,5,137,DET,Tyree Talton,FALSE,DB,Northern Iowa,23,1999,0,0,0,1,12,0
1999,5,138,IND,Brad Scioli,FALSE,DE,Penn St.,23,2004,0,0,2,14,80,5
1999,5,139,SDG,Adrian Dingle,FALSE,DE,Clemson,22,2004,0,0,1,12,70,5
1999,5,140,SEA,Floyd Wedderburn,FALSE,OG,Penn St.,23,2002,0,0,2,14,46,3
1999,5,141,SDG,Reggie Nelson,FALSE,OT,McNeese St.,23,2000,0,0,0,0,3,1
1999,5,142,MIA,Bryan Jones,FALSE,LB,Oregon St.,NA,NA,0,0,0,NA,NA,NA
1999,5,143,CHI,Jerry Wisne,FALSE,OT,Notre Dame,23,2002,0,0,0,1,9,3
1999,5,144,CHI,Khari Samuel,FALSE,LB,Massachusetts,22,2001,0,0,0,3,39,2
1999,5,145,STL,Cameron Spikes,FALSE,OG,Texas A&M,22,2004,0,0,2,13,63,5
1999,5,146,OAK,Eric Barton,FALSE,LB,Maryland,21,2010,0,0,8,50,160,11
1999,5,147,CHI,Jerry Azumah,FALSE,DB,New Hampshire,22,2005,0,1,3,30,105,6
1999,5,148,CLE,Darrin Chiaverini,FALSE,WR,Colorado,21,2002,0,0,1,5,49,3
1999,5,149,NYG,Mike Rosenthal,FALSE,OT,Notre Dame,22,2006,0,0,3,29,89,7
1999,5,150,TAM,John McLaughlin,FALSE,DE,California,23,2000,0,0,0,1,18,1
1999,5,151,TEN,Kevin Daft,FALSE,QB,UC Davis,NA,NA,0,0,0,NA,NA,NA
1999,5,152,SEA,Charlie Rogers,FALSE,RB,Georgia Tech,23,2003,0,0,0,3,67,4
1999,5,153,OAK,Roderick Coleman,FALSE,DT,East Carolina,23,2007,0,1,4,37,109,8
1999,5,154,NWE,Derrick Fletcher,FALSE,OT,Baylor,23,2005,0,0,0,3,21,6
1999,5,155,ARI,Paris Johnson,FALSE,DB,Miami (OH),NA,NA,0,0,0,NA,NA,NA
1999,5,156,BUF,Jay Foreman,FALSE,LB,Nebraska,23,2006,0,0,4,28,84,7
1999,5,157,SFO,Terry Jackson,FALSE,FB,Florida,23,2005,0,0,0,6,100,6
1999,5,158,DEN,David Bowens,FALSE,DE,Western Illinois,22,2010,0,0,2,31,167,11
1999,5,159,GNB,De'Mond Parker,FALSE,RB,Oklahoma,22,2000,0,0,0,2,19,1
1999,5,160,JAX,Jason Craft,FALSE,DB,Colorado St.,23,2008,0,0,1,25,148,9
1999,5,161,SFO,Tyrone Hopson,FALSE,OG,Eastern Kentucky,23,2004,0,0,0,3,23,5
1999,5,162,NYJ,Jermaine Jones,FALSE,DB,Northwestern St. (LA),23,2002,0,0,0,0,3,3
1999,5,163,GNB,Craig Heimburger,FALSE,OG,Missouri,22,2001,0,0,0,1,13,2
1999,5,164,ATL,Eugene Baker,FALSE,WR,Kent St.,23,2004,0,0,0,1,8,5
1999,5,165,WAS,Derek Smith,FALSE,OT,Virginia Tech,NA,NA,0,0,0,NA,NA,NA
1999,5,166,PIT,Malcolm Johnson,FALSE,WR,Notre Dame,22,2000,0,0,0,0,11,1
1999,5,167,DEN,Darwin Brown,FALSE,DB,Texas Tech,NA,NA,0,0,0,NA,NA,NA
1999,5,168,ARI,Yusuf Scott,FALSE,OG,Arizona,22,2001,0,0,0,1,24,2
1999,5,169,MIN,Chris Jones,FALSE,LB,Clemson,NA,NA,0,0,0,NA,NA,NA
1999,6,170,SEA,Steve Johnson,FALSE,DB,Tennessee,NA,NA,0,0,0,NA,NA,NA
1999,6,171,SFO,Tai Streets,FALSE,WR,Michigan,22,2004,0,0,3,23,78,5
1999,6,172,PHI,Cecil Martin,FALSE,FB,Wisconsin,24,2003,0,0,3,5,61,4
1999,6,173,CIN,Kelly Gregg,FALSE,DT,Oklahoma,22,2011,0,0,9,61,153,12
1999,6,174,CLE,Marcus Spriggs,FALSE,DT,Troy,23,2000,0,0,0,2,18,1
1999,6,175,CAR,Robert Daniel,FALSE,DE,,NA,NA,0,0,0,NA,NA,NA
1999,6,176,STL,Lionel Barnes,FALSE,DE,La-Monroe,23,2004,0,0,0,3,27,5
1999,6,177,DET,Clint Kriewaldt,FALSE,LB,Wisconsin–Stevens Point,23,2007,0,0,0,10,123,8
1999,6,178,SDG,Tyrone Bell,FALSE,DB,North Alabama,24,1999,0,0,0,0,1,0
1999,6,179,DEN,Desmond Clark,FALSE,TE,Wake Forest,22,2010,0,0,6,27,162,11
1999,6,180,NWE,Marcus Washington,FALSE,DB,Colorado,NA,NA,0,0,0,NA,NA,NA
1999,6,181,WAS,Jeff Hall,FALSE,PK,Tennessee,23,2000,0,0,0,1,3,1
1999,6,182,JAX,Emarlos Leroy,FALSE,DT,Georgia,24,2000,0,0,0,2,22,1
1999,6,183,NYJ,Marc Megna,FALSE,LB,Richmond,23,2000,0,0,0,0,6,1
1999,6,184,CHI,Rashard Cook,FALSE,DB,USC,22,2002,0,0,0,5,47,3
1999,6,185,MIN,Talance Sawyer,FALSE,DE,UNLV,23,2003,0,0,2,13,39,4
1999,6,186,TEN,Darran Hall,FALSE,WR,Colorado St.,NA,NA,0,0,0,NA,NA,NA
1999,6,187,CLE,Kendall Ogle,FALSE,LB,Maryland,23,1999,0,0,0,0,2,0
1999,6,188,OAK,Daren Yancey,FALSE,DT,BYU,NA,NA,0,0,0,NA,NA,NA
1999,6,189,NYG,Lyle West,FALSE,DB,San Jose St.,22,2003,0,0,0,4,51,4
1999,6,190,ARI,Coby Rhinehart,FALSE,DB,SMU,22,2003,0,0,0,6,61,4
1999,6,191,CLE,James Dearth,FALSE,TE,Tarleton St.,23,2009,0,0,0,0,146,10
1999,6,192,MIA,Brent Bartholomew,FALSE,P,Ohio St.,22,2000,0,0,0,0,9,1
1999,6,193,DAL,MarTay Jenkins,FALSE,WR,Nebraska-Omaha,24,2002,0,0,0,11,40,3
1999,6,194,BUF,Armon Hatcher,FALSE,DB,Oregon St.,23,2000,0,0,0,0,4,1
1999,6,195,TAM,Lamarr Glenn,FALSE,RB,Florida St.,NA,NA,0,0,0,NA,NA,NA
1999,6,196,GNB,Dee Miller,FALSE,WR,Ohio St.,NA,NA,0,0,0,NA,NA,NA
1999,6,197,NYJ,J.P. Machado,FALSE,OG,Illinois,23,2003,0,0,1,11,69,4
1999,6,198,ATL,Jeff Kelly,FALSE,LB,Kansas St.,23,2002,0,0,0,5,29,3
1999,6,199,MIN,Antico Dalton,FALSE,LB,Hampton,23,2000,0,0,0,1,5,1
1999,6,200,ATL,Eric Thigpen,FALSE,DB,Iowa,NA,NA,0,0,0,NA,NA,NA
1999,6,201,PHI,Troy Smith,FALSE,WR,East Carolina,22,1999,0,0,0,0,1,0
1999,6,202,ARI,Melvin Bradley,FALSE,LB,Arkansas,23,1999,0,0,0,0,1,0
1999,6,203,GNB,Scott Curry,FALSE,OT,Montana,23,1999,0,0,0,0,5,0
1999,6,204,DEN,Chad Plummer,FALSE,WR,Cincinnati,23,2000,0,0,0,0,4,1
1999,6,205,NYG,Andre Weathers,FALSE,DB,Michigan,23,2000,0,0,0,1,10,1
1999,6,206,ARI,Dennis McKinley,FALSE,FB,Mississippi St.,22,2002,0,0,0,0,58,3
1999,7,207,CLE,Madre Hill,FALSE,RB,Arkansas,23,2002,0,0,0,0,7,3
1999,7,208,PHI,Jed Weaver,FALSE,TE,Oregon,23,2004,0,0,2,11,90,5
1999,7,209,CIN,Tony Coats,FALSE,OG,Washington,NA,NA,0,0,0,NA,NA,NA
1999,7,210,IND,Hunter Smith,FALSE,P,Notre Dame,22,2010,0,0,0,20,182,11
1999,7,211,CAR,Tony Booth,FALSE,DB,James Madison,NA,NA,0,0,0,NA,NA,NA
1999,7,212,GNB,Chris Akins,FALSE,DB,Ark-Pine Bluff,22,2003,0,0,0,4,61,4
1999,7,213,GNB,Donald Driver,FALSE,WR,Alcorn St.,24,2012,0,4,10,76,205,13
1999,7,214,PIT,Antonio Dingle,FALSE,DT,Virginia,22,1999,0,0,0,0,9,0
1999,7,215,DET,Mike Pringley,FALSE,DE,North Carolina,23,2000,0,0,0,1,11,1
1999,7,216,BAL,Anthony Poindexter,FALSE,DB,Virginia,23,2000,0,0,0,1,10,1
1999,7,217,WAS,Tim Alexander,FALSE,WR,Oregon St.,NA,NA,0,0,0,NA,NA,NA
1999,7,218,DEN,Billy Miller,FALSE,TE,USC,22,2008,0,0,0,18,114,9
1999,7,219,PIT,Chad Kelsay,FALSE,LB,Nebraska,22,1999,0,0,0,0,6,0
1999,7,220,KAN,Eric King,FALSE,OG,Richmond,NA,NA,0,0,0,NA,NA,NA
1999,7,221,CHI,Sulecio Sanford,FALSE,WR,Middle Tenn. St.,NA,NA,0,0,0,NA,NA,NA
1999,7,222,TEN,Phil Glover,FALSE,LB,Utah,23,2000,0,0,0,1,10,1
1999,7,223,NYJ,Ryan Young,FALSE,OT,Kansas St.,23,2003,0,0,3,21,67,4
1999,7,224,OAK,JoJuan Armour,FALSE,DB,Miami (OH),23,2002,0,0,2,9,38,3
1999,7,225,NYG,Ryan Hale,FALSE,DT,Arkansas,24,2000,0,0,0,2,25,1
1999,7,226,TAM,Robert Hunt,FALSE,OG,Virginia,NA,NA,0,0,0,NA,NA,NA
1999,7,227,NWE,Michael Bishop,FALSE,QB,Kansas St.,23,2000,0,0,0,0,8,1
1999,7,228,PIT,Kris Brown,FALSE,PK,Nebraska,22,2010,0,0,0,26,179,11
1999,7,229,DAL,Mike Lucky,FALSE,TE,Arizona,23,2002,0,0,0,1,46,3
1999,7,230,BUF,Sheldon Jackson,FALSE,TE,Nebraska,23,2001,0,0,1,0,45,2
1999,7,231,NYG,O.J. Childress,FALSE,LB,Clemson,22,1999,0,0,0,0,4,0
1999,7,232,MIA,Jermaine Haley,FALSE,DT,Butte JC (CA),26,2004,0,0,0,12,62,5
1999,7,233,TAM,Autry Denson,FALSE,RB,Notre Dame,22,2002,0,0,0,3,34,3
1999,7,234,SFO,Kory Minor,FALSE,LB,Notre Dame,22,2002,0,0,0,3,30,3
1999,7,235,NYJ,J.J. Syvrud,FALSE,LB,Jamestown,22,1999,0,0,0,0,1,0
1999,7,236,MIN,Noel Scarlett,FALSE,DT,Langston,25,2000,0,0,0,0,1,1
1999,7,237,ATL,Todd McClure,FALSE,OC,LSU,22,2012,0,0,13,72,198,13
1999,7,238,DEN,Justin Swift,FALSE,TE,Kansas St.,24,2002,0,0,0,2,49,3
1999,7,239,ARI,Chris Greisen,FALSE,QB,NW Missouri St.,23,2000,0,0,0,0,5,1
1999,7,240,TAM,Darnell McDonald,FALSE,WR,Kansas St.,23,1999,0,0,0,1,8,0
1999,7,241,NWE,Sean Morey,FALSE,WR,Brown,23,2009,0,1,0,1,109,10
1999,7,242,JAX,Dee Moronkola,FALSE,DB,Washington St.,NA,NA,0,0,0,NA,NA,NA
1999,7,243,DAL,Kelvin Garmon,FALSE,OG,Baylor,22,2004,0,0,3,19,52,5
1999,7,244,MIA,Joe Wong,FALSE,OG,BYU,23,2003,0,0,0,0,2,4
1999,7,245,CIN,Scott Covington,FALSE,QB,Miami (FL),23,2002,0,0,0,0,4,3
1999,7,246,JAX,Chris White,FALSE,DE,Southern,22,2000,0,0,0,0,5,1
1999,7,247,ATL,Rondel Menendez,FALSE,WR,Eastern Kentucky,NA,NA,0,0,0,NA,NA,NA
1999,7,248,BUF,Bryce Fisher,FALSE,DE,Air Force,22,2007,0,0,3,26,91,8
1999,7,249,CIN,Donald Broomfield,FALSE,DT,Clemson,NA,NA,0,0,0,NA,NA,NA
1999,7,250,IND,Corey Terry,FALSE,LB,Tennessee,23,2000,0,0,0,1,15,1
1999,7,251,PHI,Pernell Davis,FALSE,DT,Ala-Birmingham,23,1999,0,0,0,0,2,0
1999,7,252,STL,Rodney Williams,FALSE,P,Georgia Tech,22,2001,0,0,0,3,15,2
1999,7,253,CHI,Jim Finn,FALSE,FB,Pennsylvania,22,2006,0,0,4,4,106,7
2000,1,1,CLE,Courtney Brown,FALSE,DE,Penn St.,22,2005,0,0,4,27,61,5
2000,1,2,WAS,LaVar Arrington,FALSE,LB,Penn St.,22,2006,0,3,5,46,85,6
2000,1,3,WAS,Chris Samuels,FALSE,OT,Alabama,23,2009,0,6,9,63,141,9
2000,1,4,CIN,Peter Warrick,FALSE,WR,Florida St.,23,2005,0,0,4,27,79,5
2000,1,5,BAL,Jamal Lewis,FALSE,RB,Tennessee,21,2009,1,1,9,69,131,9
2000,1,6,PHI,Corey Simon,FALSE,DT,Florida St.,23,2007,0,1,6,45,95,7
2000,1,7,ARI,Thomas Jones,FALSE,RB,Virginia,22,2011,0,1,9,62,180,11
2000,1,8,PIT,Plaxico Burress,FALSE,WR,Michigan St.,23,2012,0,0,10,70,148,12
2000,1,9,CHI,Brian Urlacher,TRUE,LB,New Mexico,22,2012,4,8,12,119,182,12
2000,1,10,BAL,Travis Taylor,FALSE,WR,Florida,22,2007,0,0,7,30,101,7
2000,1,11,NYG,Ron Dayne,FALSE,RB,Wisconsin,22,2007,0,0,1,23,96,7
2000,1,12,NYJ,Shaun Ellis,FALSE,DE,Tennessee,23,2011,0,2,11,70,184,11
2000,1,13,NYJ,John Abraham,FALSE,DE,South Carolina,22,2014,2,5,11,91,192,14
2000,1,14,GNB,Bubba Franks,FALSE,TE,Miami (FL),22,2008,0,3,6,20,122,8
2000,1,15,DEN,Deltha O'Neal,FALSE,DB,California,23,2008,0,2,6,45,132,8
2000,1,16,SFO,Julian Peterson,FALSE,LB,Michigan St.,22,2010,1,5,9,69,158,10
2000,1,17,OAK,Sebastian Janikowski,FALSE,PK,Florida St.,22,2018,0,1,0,41,284,18
2000,1,18,NYJ,Chad Pennington,FALSE,QB,Marshall,24,2010,0,0,5,55,89,10
2000,1,19,SEA,Shaun Alexander,FALSE,RB,Alabama,23,2008,1,3,7,68,123,8
2000,1,20,DET,Stockar McDougle,FALSE,OT,Oklahoma,23,2006,0,0,3,23,81,6
2000,1,21,KAN,Sylvester Morris,FALSE,WR,Jackson St.,22,2000,0,0,1,6,15,0
2000,1,22,SEA,Chris McIntosh,FALSE,OT,Wisconsin,23,2001,0,0,1,8,24,1
2000,1,23,CAR,Rashard Anderson,FALSE,DB,Jackson St.,23,2001,0,0,1,6,27,1
2000,1,24,SFO,Ahmed Plummer,FALSE,DB,Ohio St.,24,2005,0,0,5,24,70,5
2000,1,25,MIN,Chris Hovan,FALSE,DT,Boston Col.,22,2009,0,0,10,56,156,9
2000,1,26,BUF,Erik Flowers,FALSE,DE,Arizona St.,22,2004,0,0,0,6,58,4
2000,1,27,NYJ,Anthony Becht,FALSE,TE,West Virginia,23,2011,0,0,9,12,167,11
2000,1,28,IND,Rob Morris,FALSE,LB,BYU,25,2007,0,0,4,24,99,7
2000,1,29,JAX,R. Jay Soward,FALSE,WR,USC,22,2000,0,0,0,2,13,0
2000,1,30,TEN,Keith Bulluck,FALSE,LB,Syracuse,23,2010,1,1,9,74,170,10
2000,1,31,STL,Trung Canidate,FALSE,RB,Arizona,23,2003,0,0,1,11,46,3
2000,2,32,CLE,Dennis Northcutt,FALSE,WR,Arizona,22,2009,0,0,3,41,144,9
2000,2,33,NOR,Darren Howard,FALSE,DE,Kansas St.,23,2009,0,0,6,42,145,9
2000,2,34,CIN,Mark Roman,FALSE,DB,LSU,23,2009,0,0,7,38,146,9
2000,2,35,SFO,John Engelberger,FALSE,DE,Virginia Tech,23,2008,0,0,5,31,139,8
2000,2,36,PHI,Todd Pinkston,FALSE,WR,Southern Miss,23,2004,0,0,4,25,78,4
2000,2,37,ATL,Travis Claridge,FALSE,OG,USC,22,2003,0,0,3,23,52,3
2000,2,38,PIT,Marvel Smith,FALSE,OT,Arizona St.,22,2008,0,1,7,44,111,8
2000,2,39,CHI,Mike Brown,FALSE,DB,Nebraska,22,2009,1,1,7,56,116,9
2000,2,40,DEN,Ian Gold,FALSE,LB,Michigan,22,2007,0,1,5,39,115,7
2000,2,41,ARI,Raynoch Thompson,FALSE,LB,Tennessee,22,2004,0,0,4,19,64,4
2000,2,42,NYG,Cornelius Griffin,FALSE,DT,Alabama,23,2009,0,0,9,58,146,9
2000,2,43,SDG,Rogers Beckett,FALSE,DB,Marshall,23,2004,0,0,3,17,71,4
2000,2,44,GNB,Chad Clifton,FALSE,OT,Tennessee,24,2011,0,2,10,72,165,11
2000,2,45,DEN,Kenoy Kennedy,FALSE,DB,Arkansas,22,2007,0,0,7,34,115,7
2000,2,46,NWE,Adrian Klemm,FALSE,OG,Hawaii,23,2005,0,0,0,10,42,5
2000,2,47,OAK,Jerry Porter,FALSE,WR,West Virginia,22,2008,0,0,4,33,115,8
2000,2,48,SFO,Jason Webster,FALSE,DB,Texas A&M,22,2008,0,0,5,26,90,8
2000,2,49,DAL,Dwayne Goodrich,FALSE,DB,Tennessee,22,2002,0,0,0,1,16,2
2000,2,50,DET,Barrett Green,FALSE,LB,West Virginia,22,2005,0,0,4,20,65,5
2000,2,51,TAM,Cosey Coleman,FALSE,OG,Tennessee,21,2006,0,0,6,35,100,6
2000,2,52,SEA,Ike Charlton,FALSE,DB,Virginia Tech,22,2003,0,0,0,5,53,3
2000,2,53,MIA,Todd Wade,FALSE,OT,Mississippi,23,2007,0,0,7,41,99,7
2000,2,54,KAN,William Bartee,FALSE,DB,Oklahoma,23,2005,0,0,2,13,87,5
2000,2,55,MIN,Fred Robbins,FALSE,DT,Wake Forest,23,2011,0,0,10,51,180,11
2000,2,56,MIN,Michael Boireau,FALSE,DE,Miami (FL),NA,NA,0,0,0,NA,NA,NA
2000,2,57,CAR,Deon Grant,FALSE,DB,Tennessee,21,2011,0,0,10,56,176,11
2000,2,58,BUF,Travares Tillman,FALSE,DB,Georgia Tech,22,2007,0,0,1,13,74,7
2000,2,59,IND,Marcus Washington,FALSE,LB,Auburn,22,2008,0,1,8,53,131,8
2000,2,60,JAX,Brad Meester,FALSE,OC,Northern Iowa,23,2013,0,0,14,74,209,13
2000,2,61,PHI,Bobbie Williams,FALSE,OG,Arkansas,23,2012,0,0,9,55,163,12
2000,2,62,STL,Jacoby Shepherd,FALSE,DB,Oklahoma St.,21,2003,0,0,0,1,30,3
2000,3,63,CLE,Travis Prentice,FALSE,RB,Miami (OH),23,2001,0,0,1,4,30,1
2000,3,64,WAS,Lloyd Harrison,FALSE,DB,North Carolina St.,23,2002,0,0,0,1,16,2
2000,3,65,SFO,Giovanni Carmazzi,FALSE,QB,Hofstra,NA,NA,0,0,0,NA,NA,NA
2000,3,66,CIN,Ron Dugans,FALSE,WR,Florida St.,23,2002,0,0,0,6,46,2
2000,3,67,ATL,Mark Simoneau,FALSE,LB,Kansas St.,23,2010,0,0,4,29,124,10
2000,3,68,TEN,Erron Kinney,FALSE,TE,Florida,23,2005,0,0,6,15,83,5
2000,3,69,CHI,Dez White,FALSE,WR,Georgia Tech,21,2005,0,0,4,18,82,5
2000,3,70,DEN,Chris Cole,FALSE,WR,Texas A&M,22,2003,0,0,0,1,35,3
2000,3,71,ARI,Darwin Walker,FALSE,DT,Tennessee,23,2008,0,0,5,38,109,8
2000,3,72,PIT,Kendrick Clancy,FALSE,DT,Mississippi,21,2009,0,0,3,24,109,9
2000,3,73,NYG,Ron Dixon,FALSE,WR,Lambuth,24,2002,0,0,0,6,37,2
2000,3,74,GNB,Steve Warren,FALSE,DT,Nebraska,22,2002,0,0,0,2,25,2
2000,3,75,BAL,Chris Redman,FALSE,QB,Louisville,23,2011,0,0,0,9,30,11
2000,3,76,NWE,J.R. Redmond,FALSE,RB,Arizona St.,22,2004,0,0,0,9,50,4
2000,3,77,PIT,Hank Poteat,FALSE,DB,Pittsburgh,23,2009,0,0,1,16,110,9
2000,3,78,NYJ,Laveranues Coles,FALSE,WR,Florida St.,22,2009,0,1,9,68,153,9
2000,3,79,CLE,JaJuan Dawson,FALSE,WR,Tulane,22,2002,0,0,0,5,30,2
2000,3,80,SEA,Darrell Jackson,FALSE,WR,Florida,21,2008,0,0,7,55,123,8
2000,3,81,DET,Reuben Droughns,FALSE,RB,Oregon,22,2008,0,0,3,27,114,8
2000,3,82,CAR,Leander Jordan,FALSE,OT,Indiana (PA),22,2005,0,0,1,9,37,5
2000,3,83,SDG,Damion McIntosh,FALSE,OT,Kansas St.,23,2009,0,0,8,38,125,9
2000,3,84,MIA,Ben Kelly,FALSE,DB,Colorado,21,2002,0,0,0,0,13,2
2000,3,85,KAN,Greg Wesley,FALSE,DB,Ark-Pine Bluff,22,2007,0,0,7,39,118,7
2000,3,86,SFO,Jeff Ulbrich,FALSE,LB,Hawaii,23,2009,0,0,4,31,120,9
2000,3,87,CHI,Dustin Lyman,FALSE,TE,Wake Forest,24,2004,0,0,1,2,55,4
2000,3,88,MIN,Doug Chapman,FALSE,RB,Marshall,23,2003,0,0,0,3,26,3
2000,3,89,BUF,Corey Moore,FALSE,LB,Virginia Tech,23,2001,0,0,0,3,10,1
2000,3,90,TAM,Nate Webster,FALSE,LB,Miami (FL),22,2008,0,0,2,19,99,8
2000,3,91,IND,David Macklin,FALSE,DB,Penn St.,22,2008,0,0,4,29,120,8
2000,3,92,JAX,T.J. Slaughter,FALSE,LB,Southern Miss,23,2006,0,0,3,17,78,6
2000,3,93,TEN,Byron Frisch,FALSE,DE,BYU,23,2002,0,0,0,2,23,2
2000,3,94,STL,John St. Clair,FALSE,OT,Virginia,23,2010,0,0,5,30,132,10
2000,4,95,CLE,Lewis Sanders,FALSE,DB,Maryland,22,2008,0,0,0,14,97,8
2000,4,96,NOR,Terrelle Smith,FALSE,FB,Arizona St.,22,2009,0,0,8,3,146,9
2000,4,97,CIN,Curtis Keaton,FALSE,RB,James Madison,23,2002,0,0,0,0,25,2
2000,4,98,GNB,Na'il Diggs,FALSE,LB,Ohio St.,22,2011,0,0,10,55,170,11
2000,4,99,PHI,Gari Scott,FALSE,WR,Michigan St.,22,2001,0,0,0,0,3,1
2000,4,100,ATL,Michael Thompson,FALSE,OT,Tennessee St.,23,2002,0,0,0,3,12,2
2000,4,101,DEN,Jerry Johnson,FALSE,DT,Florida St.,23,2001,0,0,0,1,9,1
2000,4,102,ARI,David Barrett,FALSE,DB,Arkansas,22,2008,0,0,6,31,131,8
2000,4,103,PIT,Danny Farmer,FALSE,WR,UCLA,23,2002,0,0,0,5,33,2
2000,4,104,STL,Kaulana Noa,FALSE,OT,Hawaii,NA,NA,0,0,0,NA,NA,NA
2000,4,105,NYG,Brandon Short,FALSE,LB,Penn St.,23,2006,0,0,5,32,100,6
2000,4,106,MIN,Antonio Wilson,FALSE,LB,Texas A&M-Commerce,22,2002,0,0,0,2,16,2
2000,4,107,OAK,Junior Ioane,FALSE,DT,Arizona St.,23,2005,0,0,0,4,36,5
2000,4,108,SFO,John Keith,FALSE,DB,Furman,23,2003,0,0,0,3,23,3
2000,4,109,DAL,Kareem Larrimore,FALSE,DB,West Texas A&M,24,2001,0,0,0,3,19,1
2000,4,110,CLE,Aaron Shea,FALSE,TE,Michigan,23,2005,0,0,0,6,65,5
2000,4,111,SDG,Trevor Gaylor,FALSE,WR,Miami (OH),22,2002,0,0,0,7,34,2
2000,4,112,DEN,Cooper Carlisle,FALSE,OG,Florida,23,2012,0,0,8,54,190,12
2000,4,113,SDG,Leonardo Carson,FALSE,DT,Auburn,23,2004,0,0,2,16,64,4
2000,4,114,GNB,Anthony Lucas,FALSE,WR,Arkansas,NA,NA,0,0,0,NA,NA,NA
2000,4,115,KAN,Frank Moreau,FALSE,RB,Louisville,23,2001,0,0,0,1,14,1
2000,4,116,SEA,Marcus Bell,FALSE,LB,Arizona,23,2002,0,0,1,7,45,2
2000,4,117,MIA,Deon Dyer,FALSE,FB,North Carolina,22,2002,0,0,0,0,45,2
2000,4,118,MIN,Tyrone Carter,FALSE,DB,Minnesota,24,2010,0,0,2,27,158,10
2000,4,119,SEA,Isaiah Kacyvenski,FALSE,LB,Harvard,22,2006,0,0,2,16,100,6
2000,4,120,CAR,Alvin McKinley,FALSE,DE,Mississippi St.,22,2007,0,0,3,22,97,7
2000,4,121,BUF,Avion Black,FALSE,WR,Tennessee St.,23,2002,0,0,0,2,27,2
2000,4,122,IND,Josh Williams,FALSE,DT,Michigan,24,2005,0,0,2,19,73,5
2000,4,123,JAX,Joey Chustz,FALSE,OT,Louisiana Tech,NA,NA,0,0,0,NA,NA,NA
2000,4,124,TEN,Bobby Myers,FALSE,DB,Wisconsin,23,2001,0,0,0,3,17,1
2000,4,125,CHI,Reggie Austin,FALSE,DB,Wake Forest,23,2002,0,0,0,3,18,2
2000,4,126,GNB,Gary Berry,FALSE,DB,Ohio St.,22,2000,0,0,0,0,4,0
2000,4,127,NWE,Greg Randall,FALSE,OT,Michigan St.,22,2003,0,0,2,18,51,3
2000,4,128,TEN,Peter Sirmon,FALSE,LB,Oregon,23,2006,0,0,4,25,81,6
2000,4,129,WAS,Michael Moore,FALSE,OG,Troy,23,2004,0,0,0,1,8,4
2000,5,130,CLE,Anthony Malbrough,FALSE,DB,Texas Tech,23,2000,0,0,0,1,9,0
2000,5,131,NOR,Tutan Reyes,FALSE,OG,Mississippi,22,2008,0,0,2,19,53,8
2000,5,132,SFO,Paul Smith,FALSE,RB,Texas-El Paso,22,2007,0,0,0,3,79,7
2000,5,133,CIN,Robert Bean,FALSE,DB,Mississippi St.,22,2002,0,0,0,5,32,2
2000,5,134,ATL,Anthony Midget,FALSE,DB,Virginia Tech,NA,NA,0,0,0,NA,NA,NA
2000,5,135,TEN,Aric Morris,FALSE,DB,Michigan St.,23,2003,0,0,1,5,51,3
2000,5,136,ARI,Mao Tosi,FALSE,DT,Idaho,23,2001,0,0,1,4,26,1
2000,5,137,PIT,Clark Haggans,FALSE,LB,Colorado St.,23,2012,0,0,7,46,172,12
2000,5,138,IND,Matt Johnson,FALSE,OG,BYU,NA,NA,0,0,0,NA,NA,NA
2000,5,139,STL,Brian Young,FALSE,DT,Texas-El Paso,23,2008,0,0,6,39,123,8
2000,5,140,NYG,Ralph Brown,FALSE,DB,Nebraska,21,2009,0,0,0,12,129,9
2000,5,141,NWE,Dave Stachelski,FALSE,TE,Boise St.,23,2001,0,0,0,0,9,1
2000,5,142,OAK,Shane Lechler,FALSE,P,Texas A&M,24,2017,6,7,0,44,286,17
2000,5,143,NYJ,Windrell Hayes,FALSE,WR,USC,23,2001,0,0,0,1,9,1
2000,5,144,DAL,Michael Wiley,FALSE,RB,Ohio St.,22,2002,0,0,0,4,42,2
2000,5,145,DET,Todd Franz,FALSE,DB,Tulsa,24,2005,0,0,0,3,46,5
2000,5,146,CLE,Lamar Chapman,FALSE,DB,Kansas St.,23,2001,0,0,0,1,8,1
2000,5,147,CAR,Gillis Wilson,FALSE,DE,Southern,22,2001,0,0,0,1,5,1
2000,5,148,BAL,Richard Mercier,FALSE,OG,Miami (FL),NA,NA,0,0,0,NA,NA,NA
2000,5,149,GNB,Kabeer Gbaja-Biamila,FALSE,DE,San Diego St.,22,2008,0,1,5,43,124,8
2000,5,150,SFO,John Milem,FALSE,DE,Lenoir-Rhyne,25,2001,0,0,0,1,20,1
2000,5,151,GNB,Joey Jamison,FALSE,WR,Texas Southern,NA,NA,0,0,0,NA,NA,NA
2000,5,152,MIA,Arturo Freeman,FALSE,DB,South Carolina,23,2005,0,0,2,13,74,5
2000,5,153,KAN,Dante Hall,FALSE,WR,Texas A&M,21,2008,1,2,0,29,112,8
2000,5,154,DEN,Muneer Moore,FALSE,WR,Richmond,NA,NA,0,0,0,NA,NA,NA
2000,5,155,WAS,Quincy Sanders,FALSE,DB,UNLV,NA,NA,0,0,0,NA,NA,NA
2000,5,156,BUF,Sammy Morris,FALSE,RB,Texas Tech,23,2011,0,0,3,27,144,11
2000,5,157,TAM,James Whalen,FALSE,TE,Kentucky,22,2003,0,0,0,1,26,3
2000,5,158,NOR,Austin Wheatley,FALSE,TE,Iowa,22,2000,0,0,0,0,4,0
2000,5,159,JAX,Kiwaukee Thomas,FALSE,DB,Georgia Southern,23,2007,0,0,0,12,110,7
2000,5,160,TEN,Frank Chamberlin,FALSE,LB,Boston Col.,22,2005,0,0,0,5,57,5
2000,5,161,NWE,Jeff Marriott,FALSE,DT,Missouri,NA,NA,0,0,0,NA,NA,NA
2000,5,162,KAN,Pat Dennis,FALSE,DB,La-Monroe,22,2004,0,0,1,8,41,4
2000,5,163,PIT,Tee Martin,FALSE,QB,Tennessee,22,2003,0,0,0,0,3,3
2000,5,164,ARI,Jay Tant,FALSE,TE,Northwestern,22,2000,0,0,0,0,5,0
2000,5,165,MIN,Troy Walters,FALSE,WR,Stanford,23,2007,0,0,0,12,98,7
2000,5,166,NOR,Chad Morton,FALSE,RB,USC,23,2006,0,0,0,10,93,6
2000,6,167,MIA,Ernest Grant,FALSE,DT,Ark-Pine Bluff,24,2002,0,0,0,3,24,2
2000,6,168,NOR,Marc Bulger,FALSE,QB,West Virginia,23,2009,0,2,8,57,96,9
2000,6,169,CIN,Neil Rackers,FALSE,PK,Illinois,24,2011,1,1,0,29,180,11
2000,6,170,CHI,Frank Murphy,FALSE,WR,Kansas St.,23,2004,0,0,0,1,20,4
2000,6,171,PHI,Thomas Hamner,FALSE,RB,Minnesota,NA,NA,0,0,0,NA,NA,NA
2000,6,172,ATL,Mareno Philyaw,FALSE,WR,Troy,22,2000,0,0,0,0,1,0
2000,6,173,PIT,Chris Combs,FALSE,DE,Duke,23,2002,0,0,0,1,10,2
2000,6,174,CHI,Paul Edinger,FALSE,PK,Michigan St.,22,2005,0,0,0,17,96,5
2000,6,175,SEA,James Williams,FALSE,WR,Marshall,22,2003,0,0,0,4,30,3
2000,6,176,ARI,Jabari Issa,FALSE,DE,Washington,22,2001,0,0,0,4,23,1
2000,6,177,NYG,Dhani Jones,FALSE,LB,Michigan,22,2010,0,0,9,54,157,10
2000,6,178,PHI,John Frank,FALSE,DE,Utah,NA,NA,0,0,0,NA,NA,NA
2000,6,179,NYJ,Tony Scott,FALSE,DB,North Carolina St.,23,2001,0,0,0,2,23,1
2000,6,180,DAL,Mario Edwards,FALSE,DB,Florida St.,24,2004,0,0,3,22,73,4
2000,6,181,DET,Quinton Reese,FALSE,DE,Auburn,NA,NA,0,0,0,NA,NA,NA
2000,6,182,CAR,Jeno James,FALSE,OG,Auburn,23,2006,0,0,4,26,94,6
2000,6,183,CLE,Spergon Wynn,FALSE,QB,Texas St.,22,2001,0,0,0,2,10,1
2000,6,184,SDG,Shannon Taylor,FALSE,LB,Virginia,25,2003,0,0,0,4,40,3
2000,6,185,SEA,Tim Watson,FALSE,DT,Rowan,NA,NA,0,0,0,NA,NA,NA
2000,6,186,BAL,Adalius Thomas,FALSE,LB,Southern Miss,23,2009,1,2,8,65,135,9
2000,6,187,NWE,Antwan Harris,FALSE,DB,Virginia,23,2003,0,0,0,5,52,3
2000,6,188,KAN,Darnell Alford,FALSE,OG,Boston Col.,23,2002,0,0,0,0,5,2
2000,6,189,DEN,Mike Anderson,FALSE,RB,Utah,26,2007,0,0,3,37,98,7
2000,6,190,SEA,John Hilliard,FALSE,DE,Mississippi St.,24,2002,0,0,0,6,27,2
2000,6,191,BAL,Cedric Woodard,FALSE,DT,Texas,23,2004,0,0,2,14,61,4
2000,6,192,PHI,John Romero,FALSE,OC,California,NA,NA,0,0,0,NA,NA,NA
2000,6,193,TAM,David Gibson,FALSE,DB,USC,22,2003,0,0,1,8,47,3
2000,6,194,BUF,Leif Larsen,FALSE,DT,Texas-El Paso,25,2001,0,0,0,3,16,1
2000,6,195,NOR,Michael Hawthorne,FALSE,DB,Purdue,23,2005,0,0,0,10,63,5
2000,6,196,JAX,Emanuel Smith,FALSE,WR,Arkansas,24,2000,0,0,0,0,1,0
2000,6,197,TEN,Robaire Smith,FALSE,DE,Michigan St.,22,2010,0,0,6,39,134,10
2000,6,198,STL,Matt Bowen,FALSE,DB,Iowa,23,2006,0,0,1,13,77,6
2000,6,199,NWE,Tom Brady,FALSE,QB,Michigan,23,2022,3,15,21,184,335,22
2000,6,200,NOR,Sherrod Gideon,FALSE,WR,Southern Miss,NA,NA,0,0,0,NA,NA,NA
2000,6,201,NWE,David Nugent,FALSE,DE,Purdue,22,2002,0,0,0,2,24,2
2000,6,202,WAS,Todd Husak,FALSE,QB,Stanford,22,2000,0,0,0,0,1,0
2000,6,203,SDG,Damen Wheeler,FALSE,DB,Colorado,23,2001,0,0,0,0,5,1
2000,6,204,PIT,Jason Gavadza,FALSE,TE,Kent St.,NA,NA,0,0,0,NA,NA,NA
2000,6,205,SDG,JaJuan Seider,FALSE,QB,Florida A&M,NA,NA,0,0,0,NA,NA,NA
2000,6,206,CLE,Brad Bedell,FALSE,OT,Colorado,23,2006,0,0,0,4,40,6
2000,7,207,CLE,Manuia Savea,FALSE,OG,Arizona,NA,NA,0,0,0,NA,NA,NA
2000,7,208,KAN,Desmond Kitchings,FALSE,WR,Furman,NA,NA,0,0,0,NA,NA,NA
2000,7,209,CLE,Eric Chandler,FALSE,DE,Jackson St.,NA,NA,0,0,0,NA,NA,NA
2000,7,210,CIN,Brad St. Louis,FALSE,TE,Missouri State,24,2009,0,0,0,6,144,9
2000,7,211,ATL,Darrick Vaughn,FALSE,DB,Texas St.,21,2003,0,0,0,12,48,3
2000,7,212,SFO,Tim Rattay,FALSE,QB,Louisiana Tech,23,2007,0,0,1,12,40,7
2000,7,213,TEN,Mike Green,FALSE,RB,Houston,24,2002,0,0,0,2,32,2
2000,7,214,DEN,Jarious Jackson,FALSE,QB,Notre Dame,23,2003,0,0,0,0,5,3
2000,7,215,ARI,Sekou Sanyika,FALSE,LB,California,22,2001,0,0,0,3,32,1
2000,7,216,WAS,Delbert Cowsette,FALSE,DT,Maryland,23,2002,0,0,0,3,32,2
2000,7,217,NYG,Jeremiah Parker,FALSE,DE,California,22,2000,0,0,0,0,4,0
2000,7,218,NYJ,Richard Seals,FALSE,DT,Utah,NA,NA,0,0,0,NA,NA,NA
2000,7,219,DAL,Orantes Grant,FALSE,LB,Georgia,22,2003,0,0,0,2,26,3
2000,7,220,STL,Andrew Kline,FALSE,OG,San Diego St.,NA,NA,0,0,0,NA,NA,NA
2000,7,221,CAR,Lester Towns,FALSE,LB,Washington,23,2005,0,0,2,18,61,5
2000,7,222,SDG,Jason Thomas,FALSE,OG,Hampton,23,2003,0,0,0,1,14,3
2000,7,223,CHI,James Cotton,FALSE,LB,Ohio St.,NA,NA,0,0,0,NA,NA,NA
2000,7,224,GNB,Mark Tauscher,FALSE,OT,Wisconsin,23,2010,0,0,9,55,134,10
2000,7,225,CLE,Rashidi Barnes,FALSE,DB,Colorado,22,2000,0,0,0,1,14,0
2000,7,226,NWE,Casey Tisdale,FALSE,LB,New Mexico,NA,NA,0,0,0,NA,NA,NA
2000,7,227,OAK,Mondriel Fulcher,FALSE,TE,Miami (FL),23,2002,0,0,0,0,25,2
2000,7,228,NOR,Kevin Houser,FALSE,OC,Ohio St.,23,2010,0,0,0,15,159,10
2000,7,229,GNB,Ron Moore,FALSE,DT,NW Oklahoma St.,23,2001,0,0,0,0,1,1
2000,7,230,SFO,Brian Jennings,FALSE,TE,Arizona St.,23,2012,0,2,0,0,208,12
2000,7,231,OAK,Clifton Black,FALSE,DB,Texas St.,NA,NA,0,0,0,NA,NA,NA
2000,7,232,MIA,Jeff Harris,FALSE,DB,Georgia,NA,NA,0,0,0,NA,NA,NA
2000,7,233,BUF,Drew Haddad,FALSE,WR,Buffalo,22,2004,0,0,0,0,2,4
2000,7,234,TAM,Joe Hamilton,FALSE,QB,Georgia Tech,23,2000,0,0,0,0,1,0
2000,7,235,IND,Rob Renes,FALSE,DT,Michigan,NA,NA,0,0,0,NA,NA,NA
2000,7,236,JAX,Erik Olson,FALSE,DB,Colorado St.,23,2000,0,0,0,1,14,0
2000,7,237,TEN,Wes Shivers,FALSE,OT,Mississippi St.,23,2000,0,0,0,0,3,0
2000,7,238,IND,Rodregis Brooks,FALSE,DB,Ala-Birmingham,22,2001,0,0,0,0,5,1
2000,7,239,NWE,Patrick Pass,FALSE,FB,Georgia,22,2007,0,0,0,10,79,7
2000,7,240,MIN,Mike Malano,FALSE,OC,San Diego St.,NA,NA,0,0,0,NA,NA,NA
2000,7,241,JAX,Rob Meier,FALSE,DE,Washington St.,23,2008,0,0,3,30,138,8
2000,7,242,GNB,Charles Lee,FALSE,WR,Central Florida,22,2005,0,0,0,7,44,5
2000,7,243,JAX,Shyrone Stith,FALSE,RB,Virginia Tech,22,2002,0,0,0,0,15,2
2000,7,244,MIN,Giles Cole,FALSE,TE,Texas A&M-Kingsville,NA,NA,0,0,0,NA,NA,NA
2000,7,245,JAX,Danny Clark,FALSE,LB,Illinois,23,2010,0,0,8,39,168,10
2000,7,246,DEN,Leroy Fields,FALSE,WR,Jackson St.,NA,NA,0,0,0,NA,NA,NA
2000,7,247,JAX,Mark Baniewicz,FALSE,OT,Syracuse,NA,NA,0,0,0,NA,NA,NA
2000,7,248,MIN,Lewis Kelly,FALSE,OT,South Carolina St.,23,2005,0,0,0,4,18,5
2000,7,249,GNB,Eugene McCaslin,FALSE,LB,Florida,23,2000,0,0,0,0,1,0
2000,7,250,WAS,Ethan Howell,FALSE,WR,Oklahoma St.,NA,NA,0,0,0,NA,NA,NA
2000,7,251,BUF,DaShon Polk,FALSE,LB,Arizona,23,2006,0,0,1,10,95,6
2000,7,252,GNB,Rondell Mealey,FALSE,RB,LSU,23,2002,0,0,0,2,14,2
2000,7,253,DET,Alfonso Boone,FALSE,DT,Mount San Antonio JC,24,2010,0,0,1,23,129,10
2000,7,254,CHI,Michael Green,FALSE,DB,Northwestern St. (LA),23,2008,0,0,2,22,104,8
2001,1,1,ATL,Michael Vick,FALSE,QB,Virginia Tech,21,2015,0,4,7,92,143,14
2001,1,2,ARI,Leonard Davis,FALSE,OT,Texas,23,2012,0,3,10,66,171,11
2001,1,3,CLE,Gerard Warren,FALSE,DT,Florida,23,2011,0,0,9,49,163,10
2001,1,4,CIN,Justin Smith,FALSE,DE,Missouri,21,2014,1,5,14,101,221,13
2001,1,5,SDG,LaDainian Tomlinson,TRUE,RB,TCU,22,2011,3,5,10,129,170,10
2001,1,6,NWE,Richard Seymour,TRUE,DE,Georgia,21,2012,3,7,11,91,164,11
2001,1,7,SFO,Andre Carter,FALSE,DE,California,22,2013,0,1,10,59,184,12
2001,1,8,CHI,David Terrell,FALSE,WR,Michigan,22,2005,0,0,1,11,54,4
2001,1,9,SEA,Koren Robinson,FALSE,WR,North Carolina St.,21,2008,0,1,4,35,96,7
2001,1,10,GNB,Jamal Reynolds,FALSE,DE,Florida St.,22,2003,0,0,0,3,18,2
2001,1,11,CAR,Dan Morgan,FALSE,LB,Miami (FL),22,2007,0,1,5,30,59,6
2001,1,12,STL,Damione Lewis,FALSE,DT,Miami (FL),23,2010,0,0,3,32,141,9
2001,1,13,JAX,Marcus Stroud,FALSE,DT,Georgia,23,2010,0,3,9,67,146,9
2001,1,14,TAM,Kenyatta Walker,FALSE,OT,Florida,22,2006,0,0,5,29,75,5
2001,1,15,WAS,Rod Gardner,FALSE,WR,Clemson,23,2006,0,0,4,25,91,5
2001,1,16,NYJ,Santana Moss,FALSE,WR,Miami (FL),22,2014,0,1,9,72,197,13
2001,1,17,SEA,Steve Hutchinson,TRUE,OG,Michigan,23,2012,5,7,11,94,169,11
2001,1,18,DET,Jeff Backus,FALSE,OT,Michigan,23,2012,0,0,12,61,191,11
2001,1,19,PIT,Casey Hampton,FALSE,DT,Texas,24,2012,0,5,11,73,173,11
2001,1,20,STL,Adam Archuleta,FALSE,DB,Arizona St.,23,2007,0,0,7,31,103,6
2001,1,21,BUF,Nate Clements,FALSE,DB,Ohio St.,21,2012,0,1,11,61,180,11
2001,1,22,NYG,Will Allen,FALSE,DB,Syracuse,23,2011,0,0,8,41,140,10
2001,1,23,NOR,Deuce McAllister,FALSE,RB,Mississippi,22,2008,0,2,4,55,97,7
2001,1,24,DEN,Willie Middlebrooks,FALSE,DB,Minnesota,22,2005,0,0,0,4,56,4
2001,1,25,PHI,Freddie Mitchell,FALSE,WR,UCLA,22,2004,0,0,1,13,63,3
2001,1,26,MIA,Jamar Fletcher,FALSE,DB,Wisconsin,22,2008,0,0,0,9,105,7
2001,1,27,MIN,Michael Bennett,FALSE,RB,Wisconsin,23,2010,0,1,3,34,107,9
2001,1,28,OAK,Derrick Gibson,FALSE,DB,Florida St.,22,2006,0,0,2,13,69,5
2001,1,29,STL,Ryan Pickett,FALSE,DT,Ohio St.,21,2014,0,0,13,58,207,13
2001,1,30,IND,Reggie Wayne,FALSE,WR,Miami (FL),22,2014,1,6,13,116,211,13
2001,1,31,BAL,Todd Heap,FALSE,TE,Arizona St.,21,2012,0,2,8,43,145,11
2001,2,32,SDG,Drew Brees,TRUE,QB,Purdue,22,2020,1,13,19,167,287,19
2001,2,33,CLE,Quincy Morgan,FALSE,WR,Kansas St.,23,2006,0,0,4,20,86,5
2001,2,34,ARI,Kyle Vanden Bosch,FALSE,DE,Nebraska,22,2012,0,3,9,58,152,11
2001,2,35,ATL,Alge Crumpler,FALSE,TE,North Carolina,23,2010,0,4,10,41,155,9
2001,2,36,CIN,Chad Johnson,FALSE,WR,Oregon St.,23,2011,2,6,9,85,166,10
2001,2,37,IND,Idrees Bashir,FALSE,DB,Memphis,22,2007,0,0,4,19,71,6
2001,2,38,CHI,Anthony Thomas,FALSE,RB,Michigan,23,2007,0,0,3,27,86,6
2001,2,39,PIT,Kendrell Bell,FALSE,LB,Georgia,23,2007,0,1,5,40,90,6
2001,2,40,SEA,Ken Lucas,FALSE,DB,Mississippi,22,2009,0,0,7,46,138,8
2001,2,41,GNB,Robert Ferguson,FALSE,WR,Texas A&M,21,2008,0,0,3,18,83,7
2001,2,42,STL,Tommy Polley,FALSE,LB,Florida St.,23,2005,0,0,5,30,73,4
2001,2,43,JAX,Maurice Williams,FALSE,OT,Michigan,22,2009,0,0,6,47,105,8
2001,2,44,CAR,Kris Jenkins,FALSE,DT,Maryland,22,2010,2,4,6,68,108,9
2001,2,45,WAS,Fred Smoot,FALSE,DB,Mississippi St.,22,2009,0,0,7,40,129,8
2001,2,46,BUF,Aaron Schobel,FALSE,DE,TCU,24,2009,0,2,8,62,133,8
2001,2,47,SFO,Jamie Winborn,FALSE,LB,Vanderbilt,22,2010,0,0,2,18,100,9
2001,2,48,NWE,Matt Light,FALSE,OT,Purdue,23,2011,1,3,10,89,155,10
2001,2,49,NYJ,LaMont Jordan,FALSE,RB,Maryland,22,2009,0,0,2,30,114,8
2001,2,50,DET,Dominic Raiola,FALSE,OC,Nebraska,22,2014,0,0,13,64,219,13
2001,2,51,DEN,Paul Toviessi,FALSE,DE,Marshall,NA,NA,0,0,0,NA,NA,NA
2001,2,52,MIA,Chris Chambers,FALSE,WR,Wisconsin,23,2010,0,1,8,58,153,9
2001,2,53,DAL,Quincy Carter,FALSE,QB,Georgia,23,2004,0,0,2,16,38,3
2001,2,54,ARI,Michael Stone,FALSE,DB,Memphis,23,2006,0,0,0,4,52,5
2001,2,55,PHI,Quinton Caver,FALSE,LB,Arkansas,23,2005,0,0,0,5,53,4
2001,2,56,DAL,Tony Dixon,FALSE,DB,Alabama,22,2004,0,0,0,9,56,3
2001,2,57,MIN,Willie Howard,FALSE,DE,Stanford,23,2001,0,0,0,1,8,0
2001,2,58,BUF,Travis Henry,FALSE,RB,Tennessee,22,2007,0,1,4,41,90,6
2001,2,59,OAK,Marques Tuiasosopo,FALSE,QB,Washington,22,2008,0,0,0,1,13,7
2001,2,60,TEN,Andre Dyson,FALSE,DB,Utah,22,2007,0,0,5,31,96,6
2001,2,61,DET,Shaun Rogers,FALSE,DT,Texas,22,2013,0,3,8,57,163,12
2001,2,62,BAL,Gary Baxter,FALSE,DB,Baylor,22,2006,0,0,3,20,62,5
2001,3,63,PHI,Derrick Burgess,FALSE,DE,Mississippi,23,2010,0,2,4,40,102,9
2001,3,64,ARI,Adrian Wilson,FALSE,DB,North Carolina St.,21,2012,1,5,11,68,181,11
2001,3,65,CLE,James Jackson,FALSE,RB,Miami (FL),25,2005,0,0,1,9,52,4
2001,3,66,CIN,Sean Brewer,FALSE,TE,San Jose St.,23,2003,0,0,0,0,12,2
2001,3,67,SDG,Tay Cody,FALSE,DB,Florida St.,23,2003,0,0,1,4,19,2
2001,3,68,CHI,Mike Gandy,FALSE,OT,Notre Dame,22,2009,0,0,7,42,108,8
2001,3,69,MIN,Eric Kelly,FALSE,DB,Kentucky,24,2003,0,0,2,9,48,2
2001,3,70,NOR,Sedrick Hodge,FALSE,LB,North Carolina,22,2005,0,0,3,17,63,4
2001,3,71,GNB,Bhawoh Jue,FALSE,DB,Penn St.,22,2007,0,0,1,14,79,6
2001,3,72,GNB,Torrance Marshall,FALSE,LB,Oklahoma,24,2004,0,0,0,7,51,3
2001,3,73,JAX,Eric Westmoreland,FALSE,LB,Tennessee,24,2004,0,0,0,5,44,3
2001,3,74,CAR,Steve Smith Sr.,FALSE,WR,Utah,22,2016,2,5,14,102,219,15
2001,3,75,KAN,Eric Downing,FALSE,DT,Syracuse,22,2004,0,0,1,7,45,3
2001,3,76,BUF,Ron Edwards,FALSE,DT,Texas A&M,22,2012,0,0,6,37,139,11
2001,3,77,KAN,Snoop Minnis,FALSE,WR,Florida St.,24,2002,0,0,1,5,15,1
2001,3,78,NYG,Will Peterson,FALSE,DB,Western Illinois,22,2010,0,0,3,23,97,9
2001,3,79,NYJ,Kareem McKenzie,FALSE,OT,Penn St.,22,2011,0,0,10,62,161,10
2001,3,80,SFO,Kevan Barlow,FALSE,RB,Pittsburgh,22,2006,0,0,2,36,84,5
2001,3,81,NOR,Kenny Smith,FALSE,DT,Alabama,23,2009,0,0,1,7,36,8
2001,3,82,SEA,Heath Evans,FALSE,FB,Auburn,22,2010,0,0,0,8,143,9
2001,3,83,STL,Brian Allen,FALSE,LB,Florida St.,23,2004,0,0,0,8,47,3
2001,3,84,TAM,Dwight Smith,FALSE,DB,Akron,23,2008,0,0,5,34,117,7
2001,3,85,MIA,Travis Minor,FALSE,RB,Florida St.,22,2008,0,0,0,10,118,7
2001,3,86,NWE,Brock Williams,FALSE,DB,Notre Dame,22,2004,0,0,0,1,12,3
2001,3,87,DEN,Reggie Hayward,FALSE,DE,Iowa St.,22,2009,0,0,3,32,92,8
2001,3,88,MIA,Morlon Greenwood,FALSE,LB,Syracuse,23,2008,0,0,8,39,125,7
2001,3,89,OAK,DeLawrence Grant,FALSE,DE,Oregon St.,21,2005,0,0,2,12,49,4
2001,3,90,TEN,Shad Meier,FALSE,TE,Kansas St.,23,2005,0,0,0,3,53,4
2001,3,91,IND,Cory Bird,FALSE,DB,Virginia Tech,23,2004,0,0,0,6,45,3
2001,3,92,BAL,Casey Rabach,FALSE,OC,Wisconsin,23,2010,0,0,7,44,137,9
2001,3,93,DAL,Willie Blade,FALSE,DT,Mississippi St.,22,2004,0,0,1,8,20,3
2001,3,94,JAX,James Boyd,FALSE,DB,Penn St.,23,2002,0,0,0,2,26,1
2001,3,95,BUF,Jonas Jennings,FALSE,OT,Georgia,23,2008,0,0,5,29,75,7
2001,4,96,NWE,Kenyatta Jones,FALSE,OT,South Florida,22,2004,0,0,1,7,21,3
2001,4,97,CLE,Anthony Henry,FALSE,DB,South Florida,24,2009,0,0,5,38,132,8
2001,4,98,ARI,Bill Gramatica,FALSE,PK,South Florida,23,2004,0,0,0,7,34,3
2001,4,99,ATL,Roberto Garza,FALSE,OG,Texas A&M-Kingsville,22,2014,0,0,11,61,206,13
2001,4,100,CIN,Rudi Johnson,FALSE,RB,Auburn,21,2008,0,1,5,46,95,7
2001,4,101,NYJ,Jamie Henderson,FALSE,DB,Georgia,22,2003,0,0,0,3,32,2
2001,4,102,ATL,Matt Stewart,FALSE,LB,Vanderbilt,22,2006,0,0,4,26,93,5
2001,4,103,CHI,Karon Riley,FALSE,LB,Minnesota,23,2004,0,0,0,1,25,3
2001,4,104,SEA,Orlando Huff,FALSE,LB,Fresno St.,23,2006,0,0,3,22,87,5
2001,4,105,GNB,Bill Ferrario,FALSE,OG,Wisconsin,22,2002,0,0,0,1,16,1
2001,4,106,CAR,Chris Weinke,FALSE,QB,Florida St.,29,2007,0,0,1,9,29,6
2001,4,107,KAN,Monty Beisel,FALSE,LB,Kansas St.,23,2009,0,0,0,13,119,8
2001,4,108,KAN,George Layne,FALSE,RB,TCU,22,2004,0,0,0,0,11,3
2001,4,109,WAS,Sage Rosenfels,FALSE,QB,Iowa St.,23,2010,0,0,0,13,44,9
2001,4,110,BUF,Brandon Spoon,FALSE,LB,North Carolina,23,2001,0,0,1,5,14,0
2001,4,111,PIT,Mathias Nkwenti,FALSE,OT,Temple,23,2003,0,0,0,0,2,2
2001,4,112,SDG,Carlos Polk,FALSE,LB,Nebraska,24,2008,0,0,0,7,74,7
2001,4,113,DEN,Ben Hamilton,FALSE,OG,Minnesota,24,2010,0,0,7,54,118,9
2001,4,114,NYG,Cedric Scott,FALSE,DE,Southern Miss,23,2002,0,0,0,1,13,1
2001,4,115,NOR,Moran Norris,FALSE,FB,Kansas,23,2011,0,0,4,1,140,10
2001,4,116,STL,Milton Wynn,FALSE,WR,Washington St.,22,2002,0,0,0,1,4,1
2001,4,117,TAM,John Howell,FALSE,DB,Colorado St.,23,2006,0,0,0,7,64,5
2001,4,118,IND,Ryan Diem,FALSE,OT,Northern Illinois,22,2011,0,0,10,72,157,10
2001,4,119,NWE,Jabari Holloway,FALSE,TE,Notre Dame,22,2003,0,0,2,1,26,2
2001,4,120,DEN,Nick Harris,FALSE,P,California,23,2012,0,0,0,18,183,11
2001,4,121,PHI,Correll Buckhalter,FALSE,RB,Nebraska,22,2010,0,0,0,27,103,9
2001,4,122,DAL,Markus Steele,FALSE,LB,USC,22,2003,0,0,1,8,42,2
2001,4,123,ARI,Marcus Bell,FALSE,DT,Memphis,22,2006,0,0,2,14,86,5
2001,4,124,TEN,Justin McCareins,FALSE,WR,Northern Illinois,22,2008,0,0,5,33,114,7
2001,4,125,NYG,Jesse Palmer,FALSE,QB,Florida,22,2003,0,0,0,1,8,2
2001,4,126,BAL,Ed Hartwell,FALSE,LB,Western Illinois,23,2006,0,0,3,28,77,5
2001,4,127,SEA,Curtis Fuller,FALSE,DB,TCU,23,2004,0,0,0,3,42,3
2001,4,128,SEA,Floyd Womack,FALSE,OT,Mississippi St.,22,2010,0,0,5,30,120,9
2001,4,129,STL,Brandon Manumaleuna,FALSE,TE,Arizona,21,2010,0,0,7,8,158,9
2001,4,130,MIN,Shawn Worthen,FALSE,DT,TCU,25,2001,0,0,0,0,4,0
2001,4,131,MIN,Cedric James,FALSE,WR,TCU,22,2002,0,0,0,0,5,1
2001,5,132,SDG,Elliot Silvers,FALSE,OT,Washington,NA,NA,0,0,0,NA,NA,NA
2001,5,133,ARI,Mario Fatafehi,FALSE,DT,Kansas St.,22,2004,0,0,2,13,45,3
2001,5,134,CLE,Jeremiah Pharms,FALSE,LB,Washington,NA,NA,0,0,0,NA,NA,NA
2001,5,135,CIN,Victor Leyva,FALSE,OG,Arizona St.,23,2002,0,0,0,1,10,1
2001,5,136,ATL,Vinny Sutherland,FALSE,WR,Purdue,23,2002,0,0,0,0,16,1
2001,5,137,DAL,Matt Lehr,FALSE,OC,Virginia Tech,22,2008,0,0,3,23,98,7
2001,5,138,CHI,Bernard Robertson,FALSE,OT,Tulane,22,2002,0,0,0,3,16,1
2001,5,139,SDG,Zeke Moreno,FALSE,LB,USC,22,2005,0,0,1,10,61,4
2001,5,140,SEA,Alex Bannister,FALSE,WR,Eastern Kentucky,22,2006,0,1,0,1,59,5
2001,5,141,KAN,Bill Baber,FALSE,TE,Virginia,22,2004,0,0,0,0,30,3
2001,5,142,JAX,David Leaverton,FALSE,P,Tennessee,NA,NA,0,0,0,NA,NA,NA
2001,5,143,CAR,Jarrod Cooper,FALSE,DB,Kansas St.,23,2007,0,0,1,7,87,6
2001,5,144,BUF,Marques Sullivan,FALSE,OG,Illinois,23,2003,0,0,1,11,32,2
2001,5,145,STL,Jerametrius Butler,FALSE,DB,Kansas St.,22,2007,0,0,2,17,71,6
2001,5,146,PIT,Chukky Okobi,FALSE,OC,Purdue,22,2007,0,0,0,7,78,6
2001,5,147,PHI,Tony Stewart,FALSE,TE,Penn St.,22,2009,0,0,1,5,115,8
2001,5,148,DET,Scotty Anderson,FALSE,WR,Grambling St.,21,2003,0,0,0,8,34,2
2001,5,149,DET,Mike McMahon,FALSE,QB,Rutgers,22,2005,0,0,0,6,29,4
2001,5,150,KAN,Derrick Blaylock,FALSE,RB,S.F. Austin,22,2006,0,0,0,11,51,5
2001,5,151,TAM,Russ Hochstein,FALSE,OC,Nebraska,23,2012,0,0,1,27,149,11
2001,5,152,IND,Raymond Walls,FALSE,DB,Southern Miss,22,2005,0,0,0,4,41,4
2001,5,153,NOR,Onomo Ojo,FALSE,WR,UC Davis,NA,NA,0,0,0,NA,NA,NA
2001,5,154,WAS,Darnerien McCants,FALSE,WR,Delaware St.,24,2005,0,0,0,7,41,4
2001,5,155,PHI,A.J. Feeley,FALSE,QB,Oregon,24,2011,0,0,1,7,28,10
2001,5,156,MIA,Shawn Draper,FALSE,OT,Alabama,NA,NA,0,0,0,NA,NA,NA
2001,5,157,MIN,Patrick Chukwurah,FALSE,LB,Wyoming,22,2007,0,0,0,6,78,6
2001,5,158,OAK,Ray Perryman,FALSE,DB,Northern Arizona,22,2004,0,0,0,0,10,3
2001,5,159,TEN,Eddie Berlin,FALSE,WR,Northern Iowa,23,2005,0,0,0,3,62,4
2001,5,160,NYG,John Markham,FALSE,PK,Vanderbilt,NA,NA,0,0,0,NA,NA,NA
2001,5,161,BAL,Chris Barnes,FALSE,RB,New Mexico St.,NA,NA,0,0,0,NA,NA,NA
2001,5,162,NYG,Jonathan Carter,FALSE,WR,Troy,22,2004,0,0,0,4,25,3
2001,5,163,NWE,Hakim Akbar,FALSE,LB,Washington,21,2002,0,0,0,1,10,1
2001,6,164,MIA,Brandon Winey,FALSE,OT,LSU,23,2004,0,0,0,3,24,3
2001,6,165,CLE,Michael Jameson,FALSE,DB,Texas A&M,22,2004,0,0,0,4,42,3
2001,6,166,ARI,Bobby Newcombe,FALSE,WR,Nebraska,NA,NA,0,0,0,NA,NA,NA
2001,6,167,ATL,Randy Garner,FALSE,DE,Arkansas,NA,NA,0,0,0,NA,NA,NA
2001,6,168,CIN,Riall Johnson,FALSE,LB,Stanford,23,2003,0,0,0,2,32,2
2001,6,169,SFO,Cedrick Wilson,FALSE,WR,Tennessee,22,2007,0,0,2,22,100,6
2001,6,170,JAX,Chad Ward,FALSE,OG,Washington,NA,NA,0,0,0,NA,NA,NA
2001,6,171,DAL,Daleroy Stewart,FALSE,DT,Southern Miss,22,2004,0,0,0,3,26,3
2001,6,172,SEA,Josh Booty,FALSE,QB,LSU,NA,NA,0,0,0,NA,NA,NA
2001,6,173,DET,Jason Glenn,FALSE,LB,Texas A&M,22,2006,0,0,0,6,80,5
2001,6,174,TAM,Jameel Cook,FALSE,FB,Illinois,22,2008,0,0,2,4,109,7
2001,6,175,CAR,Dee Brown,FALSE,RB,Syracuse,23,2006,0,0,0,2,43,5
2001,6,176,KAN,Alex Sulfsted,FALSE,OT,Miami (OH),23,2004,0,0,0,2,18,3
2001,6,177,MIA,Josh Heupel,FALSE,QB,Oklahoma,NA,NA,0,0,0,NA,NA,NA
2001,6,178,BUF,Tony Driver,FALSE,DB,Notre Dame,24,2002,0,0,0,0,11,1
2001,6,179,SFO,Rashad Holman,FALSE,DB,Louisville,23,2003,0,0,0,4,46,2
2001,6,180,NWE,Arther Love,FALSE,TE,South Carolina St.,NA,NA,0,0,0,NA,NA,NA
2001,6,181,PIT,Rodney Bailey,FALSE,DE,Ohio St.,21,2007,0,0,0,7,84,6
2001,6,182,PIT,Roger Knight,FALSE,LB,Wisconsin,22,2004,0,0,0,4,48,3
2001,6,183,TAM,Ellis Wyms,FALSE,DE,Mississippi St.,22,2008,0,0,1,13,95,7
2001,6,184,OAK,Chris Cooper,FALSE,DT,Nebraska-Omaha,24,2007,0,0,1,12,78,6
2001,6,185,NOR,Mitch White,FALSE,OT,Oregon St.,NA,NA,0,0,0,NA,NA,NA
2001,6,186,WAS,Mario Monds,FALSE,DT,Cincinnati,24,2004,0,0,0,1,7,3
2001,6,187,MIA,Otis Leverette,FALSE,DE,Ala-Birmingham,23,2004,0,0,0,3,17,3
2001,6,188,MIA,Rick Crowell,FALSE,LB,Colorado St.,NA,NA,0,0,0,NA,NA,NA
2001,6,189,MIN,Carey Scott,FALSE,DB,Kentucky St.,23,2003,0,0,0,0,7,2
2001,6,190,DEN,Kevin Kasper,FALSE,WR,Iowa,23,2006,0,0,0,2,39,5
2001,6,191,SFO,Menson Holloway,FALSE,DE,Texas-El Paso,NA,NA,0,0,0,NA,NA,NA
2001,6,192,TEN,Dan Alexander,FALSE,RB,Nebraska,23,2003,0,0,0,0,11,2
2001,6,193,IND,Jason Doering,FALSE,DB,Wisconsin,23,2004,0,0,0,6,53,3
2001,6,194,BAL,Joe Maese,FALSE,OC,New Mexico,22,2005,0,0,0,7,65,4
2001,6,195,BUF,Dan O'Leary,FALSE,TE,Notre Dame,24,2002,0,0,0,0,17,1
2001,6,196,BUF,Jimmy Williams,FALSE,DB,Vanderbilt,22,2006,0,0,0,9,80,5
2001,6,197,STL,Francis St. Paul,FALSE,WR,Northern Arizona,NA,NA,0,0,0,NA,NA,NA
2001,6,198,GNB,David Martin,FALSE,TE,Tennessee,22,2011,0,0,4,12,120,10
2001,6,199,TEN,Adam Haayer,FALSE,OT,Minnesota,24,2005,0,0,0,4,20,4
2001,6,200,NWE,Leonard Myers,FALSE,DB,Miami (FL),22,2003,0,0,0,1,17,2
2001,7,201,SDG,Brandon Gorin,FALSE,OT,Purdue,23,2009,0,0,2,15,48,8
2001,7,202,ARI,Renaldo Hill,FALSE,DB,Michigan St.,22,2010,0,0,8,36,141,9
2001,7,203,CLE,Paul Zukauskas,FALSE,OG,Boston Col.,22,2004,0,0,1,9,43,3
2001,7,204,CIN,T.J. Houshmandzadeh,FALSE,WR,Oregon St.,23,2011,0,1,6,56,146,10
2001,7,205,TAM,Dauntae' Finger,FALSE,TE,North Carolina,NA,NA,0,0,0,NA,NA,NA
2001,7,206,NYJ,James Reed,FALSE,DT,Iowa St.,24,2007,0,0,2,19,99,6
2001,7,207,DAL,Colston Weatherington,FALSE,DE,Central Missouri St.,23,2002,0,0,0,0,3,1
2001,7,208,CHI,John Capel,FALSE,WR,Florida,NA,NA,0,0,0,NA,NA,NA
2001,7,209,SFO,Alex Lincoln,FALSE,LB,Auburn,NA,NA,0,0,0,NA,NA,NA
2001,7,210,SEA,Harold Blackmon,FALSE,DB,Northwestern,23,2002,0,0,0,1,9,1
2001,7,211,CAR,Louis Williams,FALSE,OC,LSU,22,2002,0,0,0,0,2,1
2001,7,212,KAN,Shaunard Harts,FALSE,DB,Boise St.,23,2004,0,0,1,8,51,3
2001,7,213,JAX,Anthony Denman,FALSE,LB,Notre Dame,21,2002,0,0,0,2,27,1
2001,7,214,BUF,Reggie Germany,FALSE,WR,Ohio St.,23,2001,0,0,0,2,16,0
2001,7,215,ATL,Corey Hall,FALSE,DB,Appalachian St.,22,2001,0,0,0,0,3,0
2001,7,216,NWE,Owen Pochman,FALSE,PK,BYU,24,2003,0,0,0,-2,16,2
2001,7,217,NYJ,Tupe Peko,FALSE,OG,Michigan St.,22,2004,0,0,0,9,27,3
2001,7,218,PIT,Chris Taylor,FALSE,WR,Texas A&M,22,NA,0,0,0,NA,NA,NA
2001,7,219,ATL,Kynan Forney,FALSE,OG,Hawaii,22,2009,0,0,5,37,98,8
2001,7,220,IND,Rick DeMulling,FALSE,OG,Idaho,24,2007,0,0,3,31,81,6
2001,7,221,NOR,Ennis Davis,FALSE,DT,USC,NA,NA,0,0,0,NA,NA,NA
2001,7,222,SEA,Dennis Norman,FALSE,OC,Princeton,21,2009,0,0,1,17,74,8
2001,7,223,TAM,Than Merrill,FALSE,DB,Yale,23,2001,0,0,0,1,15,0
2001,7,224,SFO,Eric Johnson,FALSE,TE,Yale,21,2007,0,0,5,19,71,6
2001,7,225,MIN,Brian Crawford,FALSE,OT,Western Oregon,NA,NA,0,0,0,NA,NA,NA
2001,7,226,ATL,Ronald Flemons,FALSE,DE,Texas A&M,21,2004,0,0,0,0,6,3
2001,7,227,CAR,Mike Roberg,FALSE,TE,Idaho,23,2002,0,0,0,0,13,1
2001,7,228,OAK,Derek Combs,FALSE,DB,Ohio St.,22,2003,0,0,0,1,12,2
2001,7,229,OAK,Ken-Yon Rambo,FALSE,WR,Ohio St.,22,2002,0,0,0,1,29,1
2001,7,230,NYG,Ross Kolodziej,FALSE,DT,Wisconsin,23,2007,0,0,1,12,54,6
2001,7,231,BAL,Dwayne Missouri,FALSE,DE,Northwestern,22,2001,0,0,0,0,2,0
2001,7,232,TEN,Keith Adams,FALSE,LB,Clemson,21,2007,0,0,1,14,85,6
2001,7,233,JAX,Marlon McCree,FALSE,DB,Kentucky,24,2008,0,0,7,35,114,7
2001,7,234,TAM,Joe Tafoya,FALSE,DE,Arizona,23,2007,0,0,0,10,76,6
2001,7,235,JAX,Richmond Flowers III,FALSE,WR,Chattanooga,NA,NA,0,0,0,NA,NA,NA
2001,7,236,ATL,Quentin McCord,FALSE,WR,Kentucky,23,2003,0,0,0,5,25,2
2001,7,237,SEA,Kris Kocurek,FALSE,DT,Texas Tech,22,2001,0,0,0,0,1,0
2001,7,238,BUF,Tyrone Robertson,FALSE,DT,Hinds CC,22,2001,0,0,0,1,12,0
2001,7,239,NWE,T.J. Turner,FALSE,LB,Michigan St.,22,2001,0,0,0,0,2,0
2001,7,240,DAL,John Nix,FALSE,DT,Southern Miss,24,2004,0,0,0,2,31,3
2001,7,241,JAX,Randy Chevrier,FALSE,DT,McGill,25,2001,0,0,0,0,13,0
2001,7,242,DAL,Char-ron Dorsey,FALSE,OT,Florida St.,23,2002,0,0,0,1,12,1
2001,7,243,KAN,Terdell Sands,FALSE,DT,Chattanooga,21,2009,0,0,1,11,77,8
2001,7,244,SDG,Robert Carswell,FALSE,DB,Clemson,22,2002,0,0,0,1,18,1
2001,7,245,CLE,Andre King,FALSE,WR,Miami (FL),27,2004,0,0,0,2,42,3
2001,7,246,ARI,Tevita Ofahengaue,FALSE,TE,BYU,NA,NA,0,0,0,NA,NA,NA
2002,1,1,HOU,David Carr,FALSE,QB,Fresno St.,23,2012,0,0,5,45,94,10
2002,1,2,CAR,Julius Peppers,TRUE,DE,North Carolina,22,2018,3,9,16,130,266,16
2002,1,3,DET,Joey Harrington,FALSE,QB,Oregon,23,2007,0,0,6,31,81,5
2002,1,4,BUF,Mike Williams,FALSE,OT,Texas,22,2009,0,0,4,24,59,7
2002,1,5,SDG,Quentin Jammer,FALSE,DB,Texas,23,2013,0,0,10,52,183,11
2002,1,6,KAN,Ryan Sims,FALSE,DT,North Carolina,22,2010,0,0,3,22,105,8
2002,1,7,MIN,Bryant McKinnie,FALSE,OT,Miami (FL),22,2013,0,1,11,64,179,11
2002,1,8,DAL,Roy Williams,FALSE,DB,Oklahoma,22,2010,1,5,7,59,114,8
2002,1,9,JAX,John Henderson,FALSE,DT,Tennessee,23,2011,0,2,8,64,146,9
2002,1,10,CIN,Levi Jones,FALSE,OT,Arizona St.,23,2009,0,0,7,42,103,7
2002,1,11,IND,Dwight Freeney,TRUE,DE,Syracuse,22,2017,3,7,11,81,218,15
2002,1,12,ARI,Wendell Bryant,FALSE,DT,Wisconsin,21,2004,0,0,0,4,29,2
2002,1,13,NOR,Donte' Stallworth,FALSE,WR,Tennessee,21,2012,0,0,4,39,115,10
2002,1,14,NYG,Jeremy Shockey,FALSE,TE,Miami (FL),22,2011,1,4,10,48,136,9
2002,1,15,TEN,Albert Haynesworth,FALSE,DT,Tennessee,21,2011,2,2,7,55,123,9
2002,1,16,CLE,William Green,FALSE,RB,Boston Col.,22,2005,0,0,3,14,46,3
2002,1,17,OAK,Phillip Buchanon,FALSE,DB,Miami (FL),21,2011,0,0,5,34,122,9
2002,1,18,ATL,T.J. Duckett,FALSE,RB,Michigan St.,21,2008,0,0,1,22,93,6
2002,1,19,DEN,Ashley Lelie,FALSE,WR,Hawaii,22,2008,0,0,4,35,107,6
2002,1,20,GNB,Javon Walker,FALSE,WR,Florida St.,23,2009,0,1,3,40,83,7
2002,1,21,NWE,Daniel Graham,FALSE,TE,Colorado,23,2012,0,0,7,19,148,10
2002,1,22,NYJ,Bryan Thomas,FALSE,DE,Ala-Birmingham,23,2012,0,0,7,49,157,10
2002,1,23,OAK,Napoleon Harris,FALSE,LB,Northwestern,23,2008,0,0,6,33,100,6
2002,1,24,BAL,Ed Reed,TRUE,DB,Miami (FL),23,2013,5,9,11,102,174,11
2002,1,25,NOR,Charles Grant,FALSE,DE,Georgia,24,2009,0,0,7,46,118,7
2002,1,26,PHI,Lito Sheppard,FALSE,DB,Florida,21,2011,1,2,7,48,126,9
2002,1,27,SFO,Mike Rumph,FALSE,DB,Miami (FL),22,2006,0,0,1,8,43,4
2002,1,28,SEA,Jerramy Stevens,FALSE,TE,Washington,22,2010,0,0,2,18,121,8
2002,1,29,CHI,Marc Colombo,FALSE,OT,Boston Col.,23,2011,0,0,6,42,111,9
2002,1,30,PIT,Kendall Simmons,FALSE,OG,Auburn,23,2009,0,0,5,35,84,7
2002,1,31,STL,Robert Thomas,FALSE,LB,UCLA,22,2008,0,0,5,21,84,6
2002,1,32,WAS,Patrick Ramsey,FALSE,QB,Tulane,23,2008,0,0,1,14,37,6
2002,2,33,HOU,Jabar Gaffney,FALSE,WR,Florida,21,2012,0,0,6,42,158,10
2002,2,34,CAR,DeShaun Foster,FALSE,RB,UCLA,22,2008,0,0,3,32,79,6
2002,2,35,DET,Kalimba Edwards,FALSE,DE,South Carolina,22,2008,0,0,2,20,101,6
2002,2,36,BUF,Josh Reed,FALSE,WR,LSU,22,2009,0,0,3,27,115,7
2002,2,37,DAL,Andre Gurode,FALSE,OG,Colorado,24,2013,0,5,8,65,161,11
2002,2,38,MIN,Raonall Smith,FALSE,LB,Washington St.,23,2007,0,0,0,6,50,5
2002,2,39,SDG,Toniu Fonoti,FALSE,OG,Nebraska,20,2006,0,0,2,17,40,4
2002,2,40,JAX,Mike Pearson,FALSE,OT,Florida,22,2005,0,0,2,17,40,3
2002,2,41,CIN,Lamont Thompson,FALSE,DB,Washington St.,24,2007,0,0,3,17,83,5
2002,2,42,IND,Larry Tripplett,FALSE,DT,Washington,23,2007,0,0,4,27,92,5
2002,2,43,KAN,Eddie Freeman,FALSE,DE,Ala-Birmingham,24,2003,0,0,0,1,20,1
2002,2,44,NOR,LeCharles Bentley,FALSE,OG,Ohio St.,22,2005,0,2,4,29,57,3
2002,2,45,TEN,Tank Williams,FALSE,DB,Stanford,22,2007,0,0,4,20,70,5
2002,2,46,NYG,Tim Carter,FALSE,WR,Auburn,22,2009,0,0,0,10,71,7
2002,2,47,CLE,Andre' Davis,FALSE,WR,Virginia Tech,23,2009,0,0,1,25,104,7
2002,2,48,SDG,Reche Caldwell,FALSE,WR,Florida,23,2007,0,0,1,20,71,5
2002,2,49,ARI,Levar Fisher,FALSE,LB,North Carolina St.,23,2003,0,0,1,6,23,1
2002,2,50,HOU,Chester Pitts,FALSE,OT,San Diego St.,23,2010,0,0,7,43,121,8
2002,2,51,DEN,Clinton Portis,FALSE,RB,Miami (FL),21,2010,0,2,7,72,113,8
2002,2,52,BAL,Anthony Weaver,FALSE,DE,Notre Dame,22,2008,0,0,6,41,103,6
2002,2,53,OAK,Langston Walker,FALSE,OT,California,23,2010,0,0,4,31,120,8
2002,2,54,SEA,Maurice Morris,FALSE,RB,Oregon,22,2011,0,0,1,27,145,9
2002,2,55,OAK,Doug Jolley,FALSE,TE,BYU,23,2006,0,0,2,11,74,4
2002,2,56,WAS,Ladell Betts,FALSE,RB,Iowa,23,2010,0,0,1,31,111,8
2002,2,57,NYJ,Jon McGraw,FALSE,DB,Kansas St.,23,2011,0,0,2,18,122,9
2002,2,58,PHI,Michael Lewis,FALSE,DB,Colorado,22,2010,0,1,6,43,128,8
2002,2,59,PHI,Sheldon Brown,FALSE,DB,South Carolina,23,2012,0,0,9,55,175,10
2002,2,60,SEA,Anton Palepoi,FALSE,DE,UNLV,24,2005,0,0,0,4,35,3
2002,2,61,BUF,Ryan Denney,FALSE,DE,BYU,25,2010,0,0,2,23,113,8
2002,2,62,PIT,Antwaan Randle El,FALSE,WR,Indiana,23,2010,0,0,4,43,143,8
2002,2,63,DAL,Antonio Bryant,FALSE,WR,Pittsburgh,21,2009,0,0,6,38,106,7
2002,2,64,STL,Travis Fisher,FALSE,DB,Central Florida,22,2009,0,0,6,25,90,7
2002,2,65,NWE,Deion Branch,FALSE,WR,Louisville,23,2012,0,0,7,52,140,10
2002,3,66,HOU,Fred Weary,FALSE,OG,Tennessee,24,2007,0,0,3,18,63,5
2002,3,67,CIN,Matt Schobel,FALSE,TE,TCU,23,2008,0,0,1,11,99,6
2002,3,68,DET,Andre' Goodman,FALSE,DB,South Carolina,24,2011,0,0,5,34,127,9
2002,3,69,SFO,Saleem Rasheed,FALSE,LB,Alabama,21,2005,0,0,0,5,45,3
2002,3,70,MIN,Willie Offord,FALSE,DB,South Carolina,23,2005,0,0,0,5,47,3
2002,3,71,SDG,Ben Leber,FALSE,LB,Kansas St.,23,2011,0,0,8,46,143,9
2002,3,72,CHI,Roosevelt Williams,FALSE,DB,Tuskegee,23,2003,0,0,0,4,20,1
2002,3,73,CAR,Will Witherspoon,FALSE,LB,Georgia,22,2013,0,0,8,59,189,11
2002,3,74,IND,Joe Jefferson,FALSE,DB,Western Kentucky,22,2005,0,0,0,3,27,3
2002,3,75,DAL,Derek Ross,FALSE,DB,Ohio St.,22,2004,0,0,1,6,33,2
2002,3,76,CLE,Melvin Fowler,FALSE,OC,Maryland,23,2008,0,0,4,25,87,6
2002,3,77,TEN,Rocky Calmus,FALSE,LB,Oklahoma,23,2004,0,0,1,8,27,2
2002,3,78,NYG,Jeff Hatch,FALSE,OT,Pennsylvania,22,2003,0,0,0,2,4,1
2002,3,79,WAS,Rashad Bauman,FALSE,DB,Oregon,23,2005,0,0,0,3,43,3
2002,3,80,ATL,Will Overstreet,FALSE,LB,Tennessee,22,2003,0,0,0,1,6,1
2002,3,81,ARI,Josh McCown,FALSE,QB,Sam Houston St.,23,2019,0,0,5,40,102,17
2002,3,82,NOR,James Allen,FALSE,LB,Oregon St.,22,2005,0,0,1,9,48,3
2002,3,83,HOU,Charles Hill,FALSE,DT,Maryland,21,2002,0,0,0,1,16,0
2002,3,84,STL,Lamar Gordon,FALSE,RB,North Dakota St.,22,2006,0,0,0,9,41,4
2002,3,85,SEA,Kris Richard,FALSE,DB,USC,23,2005,0,0,0,2,39,3
2002,3,86,TAM,Marquis Walker,FALSE,WR,Michigan,NA,NA,0,0,0,NA,NA,NA
2002,3,87,WAS,Cliff Russell,FALSE,WR,Utah,23,2008,0,0,0,0,23,6
2002,3,88,NYJ,Chris Baker,FALSE,TE,Michigan St.,22,2010,0,0,5,13,131,8
2002,3,89,JAX,Akin Ayodele,FALSE,LB,Purdue,22,2010,0,0,8,48,143,8
2002,3,90,MIA,Seth McKinney,FALSE,OC,Texas A&M,23,2009,0,0,3,21,93,7
2002,3,91,PHI,Brian Westbrook,FALSE,RB,Villanova,23,2010,1,2,7,69,121,8
2002,3,92,GNB,Marques Anderson,FALSE,DB,UCLA,23,2005,0,0,2,14,54,3
2002,3,93,CHI,Terrence Metcalf,FALSE,OG,Mississippi,24,2008,0,0,1,11,84,6
2002,3,94,PIT,Chris Hope,FALSE,DB,Florida St.,21,2012,0,1,7,46,163,10
2002,3,95,STL,Eric Crouch,FALSE,WR,Nebraska,NA,NA,0,0,0,NA,NA,NA
2002,3,96,DEN,Dorsett Davis,FALSE,DE,Mississippi St.,23,2003,0,0,0,1,14,1
2002,3,97,BUF,Coy Wire,FALSE,DB,Stanford,23,2010,0,0,1,22,127,8
2002,3,98,ARI,Dennis Johnson,FALSE,DE,Kentucky,22,2004,0,0,1,5,29,2
2002,4,99,HOU,Jonathan Wells,FALSE,RB,Ohio St.,23,2005,0,0,1,11,60,3
2002,4,100,CAR,Dante Wesley,FALSE,DB,Ark-Pine Bluff,23,2010,0,0,0,10,107,8
2002,4,101,CLE,Kevin Bentley,FALSE,LB,Northwestern,22,2011,0,0,2,23,136,9
2002,4,102,SFO,Jeff Chandler,FALSE,PK,Florida,23,2004,0,0,0,1,13,2
2002,4,103,SDG,Justin Peelle,FALSE,TE,Oregon,23,2011,0,0,4,8,151,9
2002,4,104,CHI,Alex Brown,FALSE,DE,Florida,23,2010,0,0,8,59,143,8
2002,4,105,MIN,Brian Williams,FALSE,DB,North Carolina St.,23,2011,0,0,7,34,132,9
2002,4,106,IND,David Thornton,FALSE,LB,North Carolina,23,2009,0,0,7,42,121,7
2002,4,107,KAN,Omar Easy,FALSE,FB,Penn St.,24,2005,0,0,0,0,53,3
2002,4,108,JAX,David Garrard,FALSE,QB,East Carolina,24,2010,0,1,5,62,86,8
2002,4,109,CIN,Travis Dorsch,FALSE,P,Purdue,22,2002,0,0,0,0,1,0
2002,4,110,TEN,Mike Echols,FALSE,DB,Wisconsin,23,2003,0,0,0,0,9,1
2002,4,111,CLE,Ben Taylor,FALSE,LB,Virginia Tech,24,2006,0,0,2,14,49,4
2002,4,112,BAL,Dave Zastudil,FALSE,P,Ohio,23,2014,0,0,0,18,162,12
2002,4,113,ARI,Nate Dwyer,FALSE,DT,Kansas,NA,NA,0,0,0,NA,NA,NA
2002,4,114,MIA,Randy McMichael,FALSE,TE,Georgia,23,2012,0,0,10,33,164,10
2002,4,115,TEN,Tony Beckham,FALSE,DB,Wisconsin–Stout,23,2007,0,0,0,5,56,5
2002,4,116,ATL,Martin Bibla,FALSE,OG,Miami (FL),22,2004,0,0,0,3,31,2
2002,4,117,NWE,Rohan Davey,FALSE,QB,LSU,24,2004,0,0,0,0,7,2
2002,4,118,JAX,Chris Luzar,FALSE,TE,Virginia,23,2003,0,0,0,0,23,1
2002,4,119,TAM,Travis Stephens,FALSE,RB,Tennessee,24,2002,0,0,0,0,1,0
2002,4,120,SEA,Terreal Bierria,FALSE,DB,Georgia,21,2004,0,0,1,6,29,2
2002,4,121,NYJ,Alan Harper,FALSE,DT,Fresno St.,23,2004,0,0,0,1,11,2
2002,4,122,CLE,Darnell Sanders,FALSE,TE,Ohio St.,23,2004,0,0,1,1,28,2
2002,4,123,BAL,Ron Johnson,FALSE,WR,Minnesota,22,2003,0,0,0,1,22,1
2002,4,124,PHI,Scott Peters,FALSE,OC,Arizona St.,23,2003,0,0,0,1,7,1
2002,4,125,NOR,Keyuo Craver,FALSE,DB,Nebraska,22,2003,0,0,0,2,22,1
2002,4,126,NWE,Jarvis Green,FALSE,DE,LSU,23,2009,0,0,2,28,121,7
2002,4,127,SFO,Kevin Curtis,FALSE,DB,Texas Tech,NA,NA,0,0,0,NA,NA,NA
2002,4,128,PIT,Larry Foote,FALSE,LB,Michigan,22,2014,0,0,8,62,187,12
2002,4,129,DAL,Jamar Martin,FALSE,FB,Ohio St.,22,2006,0,0,0,0,25,4
2002,4,130,STL,Travis Scott,FALSE,OG,Arizona St.,NA,NA,0,0,0,NA,NA,NA
2002,4,131,DEN,Sam Brandon,FALSE,DB,UNLV,23,2006,0,0,0,9,63,4
2002,4,132,MIN,Edward Ta'amu,FALSE,OG,Utah,NA,NA,0,0,0,NA,NA,NA
2002,4,133,TEN,Rocky Boiman,FALSE,LB,Notre Dame,22,2009,0,0,2,14,103,7
2002,4,134,DET,John Taylor,FALSE,LB,Montana St.,NA,NA,0,0,0,NA,NA,NA
2002,4,135,GNB,Najeh Davenport,FALSE,RB,Miami (FL),23,2008,0,0,0,18,73,6
2002,5,136,HOU,Jarrod Baxter,FALSE,FB,New Mexico,23,2005,0,0,1,0,32,3
2002,5,137,CAR,Randy Fasani,FALSE,QB,Stanford,23,2002,0,0,0,1,4,0
2002,5,138,DET,John Owens,FALSE,TE,Notre Dame,22,2009,0,0,1,0,76,7
2002,5,139,BUF,Justin Bannan,FALSE,DT,Colorado,23,2013,0,0,4,36,163,11
2002,5,140,CHI,Bobby Gray,FALSE,DB,Louisiana Tech,24,2004,0,0,1,6,29,2
2002,5,141,CLE,Andra Davis,FALSE,LB,Florida,23,2011,0,0,7,44,143,9
2002,5,142,SDG,Terry Charles,FALSE,WR,Portland St.,NA,NA,0,0,0,NA,NA,NA
2002,5,143,KAN,Scott Fujita,FALSE,LB,California,23,2012,0,0,10,46,143,10
2002,5,144,DEN,Herb Haygood,FALSE,WR,Michigan St.,24,2002,0,0,0,0,4,0
2002,5,145,CAR,Kyle Johnson,FALSE,RB,Syracuse,23,2007,0,0,2,4,45,5
2002,5,146,SEA,Rocky Bernard,FALSE,DT,Texas A&M,23,2012,0,0,3,35,160,10
2002,5,147,OAK,Kenyon Coleman,FALSE,DE,UCLA,23,2012,0,0,5,38,141,10
2002,5,148,ATL,Kevin McCadam,FALSE,DB,Colorado St.,23,2006,0,0,0,6,71,4
2002,5,149,ARI,Jason McAddley,FALSE,WR,Alabama,23,2005,0,0,1,4,34,3
2002,5,150,NOR,Mel Mitchell,FALSE,DB,Western Kentucky,23,2007,0,0,0,4,54,5
2002,5,151,TEN,Jake Schifino,FALSE,WR,Akron,22,2004,0,0,0,0,14,2
2002,5,152,NYG,Nick Greisen,FALSE,LB,Wisconsin,23,2008,0,0,2,21,98,6
2002,5,153,HOU,Ramon Walker,FALSE,DB,Pittsburgh,22,2005,0,0,0,3,36,3
2002,5,154,NYJ,Jonathan Goodwin,FALSE,OG,Michigan,23,2014,0,1,8,59,195,12
2002,5,155,BAL,Terry Jones,FALSE,TE,Alabama,22,2005,0,0,3,5,53,3
2002,5,156,GNB,Aaron Kampman,FALSE,DE,Iowa,22,2011,0,2,7,55,123,9
2002,5,157,TAM,Jermaine Phillips,FALSE,DB,Georgia,23,2009,0,0,6,32,96,7
2002,5,158,ATL,Kurt Kittner,FALSE,QB,Illinois,22,2003,0,0,0,1,7,1
2002,5,159,WAS,Andre Lott,FALSE,DB,Tennessee,23,2006,0,0,0,4,32,4
2002,5,160,WAS,Robert Royal,FALSE,TE,LSU,23,2010,0,0,6,9,110,8
2002,5,161,MIA,Omare Lowe,FALSE,DB,Washington,24,2008,0,0,0,2,43,6
2002,5,162,PHI,Freddie Milons,FALSE,WR,Alabama,NA,NA,0,0,0,NA,NA,NA
2002,5,163,SFO,Brandon Doman,FALSE,QB,BYU,NA,NA,0,0,0,NA,NA,NA
2002,5,164,GNB,Craig Nall,FALSE,QB,LSU,23,2007,0,0,0,1,7,5
2002,5,165,CHI,Bryan Knight,FALSE,LB,Pittsburgh,23,2003,0,0,0,4,31,1
2002,5,166,PIT,Verron Haynes,FALSE,RB,Georgia,23,2009,0,0,0,9,68,7
2002,5,167,STL,Courtland Bullard,FALSE,LB,Ohio St.,24,2003,0,0,0,2,20,1
2002,5,168,DAL,Pete Hunter,FALSE,DB,Virginia Union,22,2006,0,0,0,5,34,4
2002,5,169,SEA,Ryan Hannam,FALSE,TE,Northern Iowa,22,2006,0,0,0,2,54,4
2002,5,170,MIA,Sam Simmons,FALSE,WR,Northwestern,22,2003,0,0,0,0,11,1
2002,5,171,SEA,Matt Hill,FALSE,OT,Boise St.,23,2003,0,0,0,3,26,1
2002,5,172,SFO,Josh Shaw,FALSE,DT,Michigan St.,23,2008,0,0,0,1,14,6
2002,6,173,HOU,Demarcus Faggins,FALSE,DB,Kansas St.,23,2009,0,0,3,14,84,7
2002,6,174,CAR,Keith Heinrich,FALSE,TE,Sam Houston St.,23,2007,0,0,0,1,22,5
2002,6,175,DET,Chris Cash,FALSE,DB,USC,22,2005,0,0,1,7,30,3
2002,6,176,BUF,Kevin Thomas,FALSE,DB,UNLV,24,2004,0,0,0,5,38,2
2002,6,177,MIN,Nick Rogers,FALSE,LB,Georgia Tech,23,2005,0,0,1,7,46,3
2002,6,178,SDG,Matt Anderle,FALSE,OT,Minnesota,NA,NA,0,0,0,NA,NA,NA
2002,6,179,DAL,Tyson Walter,FALSE,OC,Ohio St.,24,2006,0,0,1,4,47,4
2002,6,180,JAX,Clenton Ballard,FALSE,DT,Texas St.,NA,NA,0,0,0,NA,NA,NA
2002,6,181,CIN,Marquand Manuel,FALSE,DB,Florida,23,2009,0,0,3,22,116,7
2002,6,182,IND,David Pugh,FALSE,DT,Virginia Tech,23,2002,0,0,0,1,4,0
2002,6,183,IND,James Lewis,FALSE,DB,Miami (FL),NA,NA,0,0,0,NA,NA,NA
2002,6,184,ATL,Kahlil Hill,FALSE,WR,Iowa,23,2002,0,0,0,0,1,0
2002,6,185,ARI,Josh Scobey,FALSE,RB,Kansas St.,22,2007,0,0,0,3,62,5
2002,6,186,NOR,J.T. O'Sullivan,FALSE,QB,UC Davis,23,2009,0,0,0,6,17,7
2002,6,187,TEN,Justin Hartwig,FALSE,OC,Kansas,23,2009,0,0,6,41,99,7
2002,6,188,NYG,Wesly Mallard,FALSE,LB,Oregon,23,2006,0,0,0,3,59,4
2002,6,189,OAK,Keyon Nash,FALSE,DB,Albany State (GA),23,2004,0,0,0,0,2,2
2002,6,190,HOU,Howard Green,FALSE,DT,LSU,23,2011,0,0,2,11,76,9
2002,6,191,DEN,Jeb Putzier,FALSE,TE,Boise St.,23,2008,0,0,1,12,69,6
2002,6,192,WAS,Reggie Coleman,FALSE,OT,Tennessee,NA,NA,0,0,0,NA,NA,NA
2002,6,193,TAM,John Stamper,FALSE,DE,South Carolina,24,2002,0,0,0,0,4,0
2002,6,194,SEA,Craig Jarrett,FALSE,P,Michigan St.,23,2002,0,0,0,0,4,0
2002,6,195,BAL,Lamont Brightful,FALSE,DB,Eastern Washington,23,2004,0,0,0,4,30,2
2002,6,196,NOR,John Gilmore,FALSE,TE,Penn St.,22,2011,0,0,2,3,145,9
2002,6,197,OAK,Larry Ned,FALSE,RB,San Diego St.,24,2004,0,0,0,0,19,2
2002,6,198,PHI,Tyreo Harrison,FALSE,LB,Notre Dame,22,2003,0,0,0,1,14,1
2002,6,199,CHI,Adrian Peterson,FALSE,RB,Georgia Southern,23,2009,0,0,0,11,106,7
2002,6,200,GNB,Mike Houghton,FALSE,OG,San Diego St.,22,2002,0,0,0,0,1,0
2002,6,201,SFO,Mark Anelli,FALSE,TE,Wisconsin,23,2002,0,0,0,0,2,0
2002,6,202,PIT,Lee Mays,FALSE,WR,Texas-El Paso,23,2006,0,0,0,2,49,4
2002,6,203,CHI,Jamin Elliott,FALSE,WR,Delaware,22,2006,0,0,0,0,3,4
2002,6,204,IND,Brian Allen,FALSE,RB,Stanford,22,2003,0,0,0,0,4,1
2002,6,205,STL,Steve Bellisari,FALSE,QB,Ohio St.,NA,NA,0,0,0,NA,NA,NA
2002,6,206,BAL,Javin Hunter,FALSE,WR,Notre Dame,22,2002,0,0,0,0,12,0
2002,6,207,BAL,Chester Taylor,FALSE,RB,Toledo,22,2011,0,0,1,41,151,9
2002,6,208,DAL,DeVeren Johnson,FALSE,WR,Sacred Heart,NA,NA,0,0,0,NA,NA,NA
2002,6,209,BAL,Chad Williams,FALSE,DB,Southern Miss,23,2006,0,0,0,9,79,4
2002,6,210,CHI,Bryan Fletcher,FALSE,TE,UCLA,23,2007,0,0,1,8,46,5
2002,6,211,DAL,Bob Slowikowski,FALSE,TE,Virginia Tech,NA,NA,0,0,0,NA,NA,NA
2002,7,212,PIT,LaVar Glover,FALSE,DB,Cincinnati,23,2002,0,0,0,0,2,0
2002,7,213,CAR,Pete Campion,FALSE,OG,North Dakota St.,NA,NA,0,0,0,NA,NA,NA
2002,7,214,DET,Luke Staley,FALSE,RB,BYU,NA,NA,0,0,0,NA,NA,NA
2002,7,215,BUF,Mike Pucillo,FALSE,OG,Auburn,23,2007,0,0,1,9,48,5
2002,7,216,SDG,Seth Burford,FALSE,QB,Cal Poly-San Luis Obispo,NA,NA,0,0,0,NA,NA,NA
2002,7,217,ATL,Michael Coleman,FALSE,WR,Widener,NA,NA,0,0,0,NA,NA,NA
2002,7,218,MIN,Chad Beasley,FALSE,OT,Virginia Tech,23,2003,0,0,0,2,8,1
2002,7,219,CIN,Joey Evans,FALSE,DE,North Carolina,NA,NA,0,0,0,NA,NA,NA
2002,7,220,IND,Josh Mallard,FALSE,DE,Georgia,23,2008,0,0,0,5,40,6
2002,7,221,KAN,Maurice Rodriguez,FALSE,LB,Fresno St.,NA,NA,0,0,0,NA,NA,NA
2002,7,222,JAX,Kendall Newson,FALSE,WR,Middle Tenn. St.,22,2003,0,0,0,1,6,1
2002,7,223,ARI,Mike Banks,FALSE,TE,Iowa St.,22,2003,0,0,0,0,18,1
2002,7,224,NOR,Derrius Monroe,FALSE,DE,Virginia Tech,NA,NA,0,0,0,NA,NA,NA
2002,7,225,TEN,Darrell Hill,FALSE,WR,Northern Illinois,23,2004,0,0,0,0,33,2
2002,7,226,NYG,Daryl Jones,FALSE,WR,Miami (FL),23,2004,0,0,0,1,15,2
2002,7,227,CLE,Joaquin Gonzalez,FALSE,OT,Miami (FL),23,2005,0,0,1,9,46,3
2002,7,228,DEN,Chris Young,FALSE,DB,Georgia Tech,22,2004,0,0,0,2,21,2
2002,7,229,HOU,Stylez G. White,FALSE,DE,Minnesota,23,2010,0,0,2,15,63,8
2002,7,230,WAS,Jeff Grau,FALSE,OC,UCLA,22,2003,0,0,0,4,27,1
2002,7,231,DEN,Monsanto Pope,FALSE,DT,Virginia,24,2005,0,0,1,12,48,3
2002,7,232,SEA,Jeff Kelly,FALSE,QB,Southern Miss,23,NA,0,0,0,NA,NA,NA
2002,7,233,TAM,Tim Wansley,FALSE,DB,Georgia,23,2003,0,0,0,4,13,1
2002,7,234,WAS,Greg Scott,FALSE,DE,Hampton,22,2004,0,0,0,0,4,2
2002,7,235,OAK,Ronald Curry,FALSE,WR,North Carolina,23,2008,0,0,2,16,76,6
2002,7,236,BAL,Wes Pate,FALSE,QB,S.F. Austin,NA,NA,0,0,0,NA,NA,NA
2002,7,237,NWE,Antwoine Womack,FALSE,RB,Virginia,NA,NA,0,0,0,NA,NA,NA
2002,7,238,PHI,Raheem Brock,FALSE,DE,Temple,24,2011,0,0,6,43,152,9
2002,7,239,SFO,Eric Heitmann,FALSE,OG,Stanford,22,2009,0,0,7,40,119,7
2002,7,240,TEN,Carlos Hall,FALSE,DE,Arkansas,23,2005,0,0,2,17,59,3
2002,7,241,MIA,Leonard Henry,FALSE,RB,East Carolina,24,2004,0,0,0,1,6,2
2002,7,242,PIT,Brett Keisel,FALSE,DE,BYU,23,2014,0,1,8,58,156,12
2002,7,243,STL,Chris Massey,FALSE,RB,Marshall,23,2011,0,0,0,13,141,9
2002,7,244,ATL,Kevin Shaffer,FALSE,OT,Tulsa,22,2010,0,0,5,37,132,8
2002,7,245,NYG,Quincy Monk,FALSE,LB,North Carolina,23,2004,0,0,0,1,15,2
2002,7,246,JAX,Steve Smith,FALSE,DB,Oregon,23,2002,0,0,0,0,4,0
2002,7,247,JAX,Hayden Epstein,FALSE,PK,Michigan,21,2002,0,0,0,0,15,0
2002,7,248,SFO,Kyle Kosier,FALSE,OG,Arizona St.,23,2011,0,0,8,51,143,9
2002,7,249,BUF,Rodney Wright,FALSE,WR,Fresno St.,NA,NA,0,0,0,NA,NA,NA
2002,7,250,TAM,Tracey Wistrom,FALSE,TE,Nebraska,NA,NA,0,0,0,NA,NA,NA
2002,7,251,BUF,Jarrett Ferguson,FALSE,RB,Virginia Tech,NA,NA,0,0,0,NA,NA,NA
2002,7,252,DET,Matt Murphy,FALSE,TE,Maryland,22,2007,0,0,0,0,28,5
2002,7,253,NWE,David Givens,FALSE,WR,Notre Dame,22,2006,0,0,2,22,58,4
2002,7,254,TAM,Aaron Lockett,FALSE,WR,Kansas St.,NA,NA,0,0,0,NA,NA,NA
2002,7,255,TAM,Zack Quaccia,FALSE,OC,Stanford,NA,NA,0,0,0,NA,NA,NA
2002,7,256,SFO,Teddy Gaines,FALSE,DB,Tennessee,NA,NA,0,0,0,NA,NA,NA
2002,7,257,WAS,Rock Cartwright,FALSE,FB,Kansas St.,22,2011,0,0,0,9,154,9
2002,7,258,CAR,Brad Franklin,FALSE,DB,Louisiana,22,2003,0,0,0,0,4,1
2002,7,259,DET,Victor Rogers,FALSE,OT,Colorado,23,2004,0,0,0,0,1,2
2002,7,260,BUF,Dominique Stevenson,FALSE,LB,Tennessee,24,2004,0,0,0,2,21,2
2002,7,261,HOU,Ahmad Miller,FALSE,DT,UNLV,NA,NA,0,0,0,NA,NA,NA
2003,1,1,CIN,Carson Palmer,FALSE,QB,USC,23,2017,0,3,12,107,182,14
2003,1,2,DET,Charles Rogers,FALSE,WR,Michigan St.,22,2005,0,0,0,4,15,2
2003,1,3,HOU,Andre Johnson,TRUE,WR,Miami (FL),22,2016,2,7,12,94,193,13
2003,1,4,NYJ,Dewayne Robertson,FALSE,DT,Kentucky,21,2008,0,0,6,34,92,5
2003,1,5,DAL,Terence Newman,FALSE,DB,Kansas St.,25,2017,0,2,15,70,221,14
2003,1,6,NOR,Johnathan Sullivan,FALSE,DT,Georgia,22,2005,0,0,1,10,36,2
2003,1,7,JAX,Byron Leftwich,FALSE,QB,Marshall,23,2012,0,0,3,33,60,9
2003,1,8,CAR,Jordan Gross,FALSE,OT,Utah,23,2013,1,3,11,69,167,10
2003,1,9,MIN,Kevin Williams,FALSE,DT,Oklahoma St.,23,2015,5,6,12,102,203,12
2003,1,10,BAL,Terrell Suggs,FALSE,LB,Arizona St.,20,2019,1,7,15,110,244,16
2003,1,11,SEA,Marcus Trufant,FALSE,DB,Washington St.,22,2012,0,1,8,49,136,9
2003,1,12,STL,Jimmy Kennedy,FALSE,DT,Penn St.,23,2011,0,0,2,16,92,8
2003,1,13,NWE,Ty Warren,FALSE,DE,Texas A&M,22,2012,0,0,6,45,106,9
2003,1,14,CHI,Michael Haynes,FALSE,DE,Penn St.,22,2005,0,0,0,8,43,2
2003,1,15,PHI,Jerome McDougle,FALSE,DE,Miami (FL),24,2008,0,0,0,3,37,5
2003,1,16,PIT,Troy Polamalu,TRUE,DB,USC,22,2014,4,8,10,96,158,11
2003,1,17,ARI,Bryant Johnson,FALSE,WR,Penn St.,22,2011,0,0,4,26,139,8
2003,1,18,ARI,Calvin Pace,FALSE,DE,Wake Forest,22,2015,0,0,10,61,187,12
2003,1,19,BAL,Kyle Boller,FALSE,QB,California,22,2011,0,0,4,16,67,8
2003,1,20,DEN,George Foster,FALSE,OT,Georgia,23,2008,0,0,4,31,68,5
2003,1,21,CLE,Jeff Faine,FALSE,OC,Notre Dame,22,2012,0,0,8,45,125,9
2003,1,22,CHI,Rex Grossman,FALSE,QB,Florida,23,2011,0,0,3,23,54,8
2003,1,23,BUF,Willis McGahee,FALSE,RB,Miami (FL),21,2013,0,2,7,56,142,10
2003,1,24,IND,Dallas Clark,FALSE,TE,Iowa,24,2013,1,1,9,51,143,10
2003,1,25,NYG,William Joseph,FALSE,DT,Miami (FL),24,2009,0,0,1,11,69,6
2003,1,26,SFO,Kwame Harris,FALSE,OT,Stanford,21,2008,0,0,3,22,86,5
2003,1,27,KAN,Larry Johnson,FALSE,RB,Penn St.,23,2011,1,2,4,51,85,8
2003,1,28,TEN,Andre Woolfolk,FALSE,DB,Oklahoma,23,2006,0,0,0,6,39,3
2003,1,29,GNB,Nick Barnett,FALSE,LB,Oregon St.,22,2013,0,0,9,60,153,10
2003,1,30,SDG,Sammy Davis,FALSE,DB,Texas A&M,23,2007,0,0,2,12,71,4
2003,1,31,OAK,Nnamdi Asomugha,FALSE,DB,California,22,2013,2,3,8,64,157,10
2003,1,32,OAK,Tyler Brayton,FALSE,DE,Colorado,23,2011,0,0,6,40,141,8
2003,2,33,CIN,Eric Steinbach,FALSE,OG,Iowa,23,2010,0,0,8,48,125,7
2003,2,34,DET,Boss Bailey,FALSE,LB,Georgia,23,2008,0,0,4,22,64,5
2003,2,35,CHI,Charles Tillman,FALSE,DB,Louisiana,22,2015,1,2,11,66,168,12
2003,2,36,NWE,Eugene Wilson,FALSE,DB,Illinois,23,2010,0,0,6,29,96,7
2003,2,37,NOR,Jon Stinchcomb,FALSE,OT,Georgia,24,2010,0,1,5,45,90,7
2003,2,38,DAL,Al Johnson,FALSE,OC,Wisconsin,24,2008,0,0,3,23,66,5
2003,2,39,JAX,Rashean Mathis,FALSE,DB,Bethune-Cookman,23,2015,1,1,11,64,175,12
2003,2,40,MIN,E.J. Henderson,FALSE,LB,Maryland,23,2011,0,1,7,47,125,8
2003,2,41,HOU,Bennie Joppru,FALSE,TE,Michigan,23,2007,0,0,0,0,19,4
2003,2,42,SEA,Ken Hamlin,FALSE,DB,Arkansas,22,2010,0,1,6,37,107,7
2003,2,43,STL,Pisa Tinoisamoa,FALSE,LB,Hawaii,22,2010,0,0,7,35,98,7
2003,2,44,WAS,Taylor Jacobs,FALSE,WR,Florida,22,2007,0,0,0,2,56,4
2003,2,45,NWE,Bethel Johnson,FALSE,WR,Texas A&M,24,2006,0,0,0,8,50,3
2003,2,46,SDG,Drayton Florence,FALSE,DB,Tuskegee,22,2013,0,0,6,34,157,10
2003,2,47,KAN,Kawika Mitchell,FALSE,LB,South Florida,23,2010,0,0,6,37,97,7
2003,2,48,BUF,Chris Kelsay,FALSE,DE,Nebraska,23,2012,0,0,8,46,147,9
2003,2,49,MIA,Eddie Moore,FALSE,LB,Tennessee,23,2005,0,0,0,3,18,2
2003,2,50,CAR,Bruce Nelson,FALSE,OG,Iowa,24,2003,0,0,0,2,15,0
2003,2,51,DEN,Terry Pierce,FALSE,LB,Kansas St.,22,2004,0,0,0,1,18,1
2003,2,52,CLE,Chaun Thompson,FALSE,LB,West Texas A&M,23,2009,0,0,2,17,98,6
2003,2,53,NYJ,Victor Hobson,FALSE,LB,Michigan,23,2008,0,0,4,26,79,5
2003,2,54,ARI,Anquan Boldin,FALSE,WR,Florida St.,22,2016,0,3,14,86,202,13
2003,2,55,ATL,Bryan Scott,FALSE,DB,Penn St.,22,2012,0,0,3,34,143,9
2003,2,56,NYG,Osi Umenyiora,FALSE,DE,Troy,21,2014,1,2,6,63,161,11
2003,2,57,SFO,Anthony Adams,FALSE,DT,Penn St.,23,2011,0,0,4,33,121,8
2003,2,58,IND,Mike Doss,FALSE,DB,Ohio St.,22,2008,0,0,3,17,57,5
2003,2,59,PIT,Alonzo Jackson,FALSE,LB,Florida St.,22,2005,0,0,0,2,18,2
2003,2,60,TEN,Tyrone Calico,FALSE,WR,Middle Tenn. St.,22,2005,0,0,0,5,27,2
2003,2,61,PHI,L.J. Smith,FALSE,TE,Rutgers,23,2009,0,0,4,21,98,6
2003,2,62,SDG,Terrence Kiel,FALSE,DB,Texas A&M,22,2006,0,0,3,17,59,3
2003,2,63,OAK,Teyo Johnson,FALSE,TE,Stanford,21,2005,0,0,0,2,30,2
2003,2,64,TAM,Dewayne White,FALSE,DE,Louisville,23,2009,0,0,2,24,96,6
2003,3,65,CIN,Kelley Washington,FALSE,WR,Tennessee,24,2010,0,0,0,13,91,7
2003,3,66,DET,Cory Redding,FALSE,DE,Texas,22,2015,0,0,10,54,188,12
2003,3,67,HOU,Antwan Peek,FALSE,LB,Cincinnati,23,2007,0,0,1,12,65,4
2003,3,68,CHI,Lance Briggs,FALSE,LB,Arizona,22,2014,1,7,12,98,173,11
2003,3,69,DAL,Jason Witten,FALSE,TE,Tennessee,21,2020,2,11,16,80,271,17
2003,3,70,ARI,Gerald Hayes,FALSE,LB,Pittsburgh,22,2010,0,0,4,27,94,7
2003,3,71,MIN,Nate Burleson,FALSE,WR,Nevada,22,2013,0,0,9,45,135,10
2003,3,72,JAX,Vince Manuwai,FALSE,OG,Hawaii,23,2010,0,0,7,49,111,7
2003,3,73,SEA,Wayne Hunter,FALSE,OT,Hawaii,22,2012,0,0,1,13,77,9
2003,3,74,STL,Kevin Curtis,FALSE,WR,Utah St.,25,2010,0,0,3,25,81,7
2003,3,75,HOU,Seth Wand,FALSE,OT,NW Missouri St.,24,2008,0,0,1,10,53,5
2003,3,76,CAR,Mike Seidman,FALSE,TE,UCLA,22,2006,0,0,0,1,43,3
2003,3,77,BAL,Musa Smith,FALSE,RB,Georgia,21,2007,0,0,0,6,49,4
2003,3,78,MIA,Wade Smith,FALSE,OT,Memphis,22,2014,0,1,6,43,143,11
2003,3,79,GNB,Kenny Peterson,FALSE,DT,Ohio St.,24,2009,0,0,1,11,76,6
2003,3,80,SDG,Courtney Van Buren,FALSE,OT,Ark-Pine Bluff,23,2004,0,0,1,3,9,1
2003,3,81,WAS,Derrick Dockery,FALSE,OG,Texas,22,2012,0,0,7,44,141,9
2003,3,82,CAR,Ricky Manning,FALSE,DB,UCLA,22,2008,0,0,1,22,84,5
2003,3,83,OAK,Sam Williams,FALSE,DE,Fresno St.,23,2010,0,0,1,13,84,7
2003,3,84,CLE,Chris Crocker,FALSE,DB,Marshall,23,2013,0,0,7,42,151,10
2003,3,85,NYJ,B.J. Askew,FALSE,FB,Michigan,23,2009,0,0,1,4,83,6
2003,3,86,NOR,Cie Grant,FALSE,LB,Ohio St.,23,2003,0,0,0,1,7,0
2003,3,87,MIA,Taylor Whitley,FALSE,OG,Texas A&M,23,2005,0,0,1,4,18,2
2003,3,88,HOU,Dave Ragone,FALSE,QB,Louisville,23,2003,0,0,0,1,2,0
2003,3,89,SFO,Andrew Williams,FALSE,DE,Miami (FL),24,2004,0,0,0,1,9,1
2003,3,90,IND,Donald Strickland,FALSE,DB,Colorado,22,2011,0,0,0,12,89,8
2003,3,91,NYG,Visanthe Shiancoe,FALSE,TE,Morgan St.,23,2013,0,0,5,23,149,10
2003,3,92,KAN,Julian Battle,FALSE,DB,Tennessee,22,2004,0,0,0,2,26,1
2003,3,93,TEN,Chris Brown,FALSE,RB,Colorado,22,2009,0,0,2,24,68,6
2003,3,94,BUF,Angelo Crowell,FALSE,LB,Virginia,22,2007,0,0,3,18,65,4
2003,3,95,PHI,Billy McMullen,FALSE,WR,Virginia,23,2008,0,0,0,5,49,5
2003,3,96,OAK,Justin Fargas,FALSE,FB,USC,23,2009,0,0,2,20,92,6
2003,3,97,TAM,Chris Simms,FALSE,QB,Texas,23,2009,0,0,1,8,23,6
2003,4,98,CIN,Dennis Weathersby,FALSE,DB,Oregon St.,23,2003,0,0,0,0,4,0
2003,4,99,DET,Artose Pinner,FALSE,RB,Kentucky,25,2007,0,0,0,8,47,4
2003,4,100,CHI,Todd Johnson,FALSE,DB,Florida,24,2009,0,0,1,13,80,6
2003,4,101,HOU,Domanick Williams,FALSE,RB,LSU,22,2005,0,0,3,33,40,2
2003,4,102,NOR,Montrae Holland,FALSE,OG,Florida St.,23,2011,0,0,4,30,99,8
2003,4,103,DAL,Bradie James,FALSE,LB,LSU,22,2012,0,0,8,53,157,9
2003,4,104,JAX,George Wrighster,FALSE,TE,Oregon,22,2008,0,0,1,8,67,5
2003,4,105,MIN,Onterrio Smith,FALSE,RB,Oregon,22,2004,0,0,0,14,26,1
2003,4,106,STL,Shaun McDonald,FALSE,WR,Arizona St.,22,2009,0,0,1,19,88,6
2003,4,107,STL,DeJuan Groce,FALSE,DB,Nebraska,23,2006,0,0,1,10,54,3
2003,4,108,DEN,Quentin Griffin,FALSE,RB,Oklahoma,22,2004,0,0,0,6,16,1
2003,4,109,BAL,Jarret Johnson,FALSE,DE,Alabama,22,2014,0,0,9,55,184,11
2003,4,110,SEA,Seneca Wallace,FALSE,QB,Iowa St.,23,2013,0,0,1,14,64,10
2003,4,111,BUF,Terrence McGee,FALSE,DB,Northwestern St. (LA),22,2012,0,1,7,49,122,9
2003,4,112,SDG,Matt Wilhelm,FALSE,LB,Ohio St.,22,2010,0,0,1,18,89,7
2003,4,113,KAN,Brett Williams,FALSE,OT,Florida St.,23,2004,0,0,0,0,5,1
2003,4,114,DEN,Nick Eason,FALSE,DT,Clemson,23,2012,0,0,0,16,117,9
2003,4,115,CLE,Lee Suggs,FALSE,RB,Virginia Tech,23,2006,0,0,0,8,29,3
2003,4,116,CHI,Ian Scott,FALSE,DT,Florida,21,2009,0,0,3,22,65,6
2003,4,117,NWE,Dan Klecko,FALSE,DT,Temple,22,2008,0,0,0,8,63,5
2003,4,118,CIN,Jeremi Johnson,FALSE,FB,Western Kentucky,23,2009,0,0,4,4,96,6
2003,4,119,CAR,Colin Branch,FALSE,DB,Stanford,23,2006,0,0,1,8,48,3
2003,4,120,NWE,Asante Samuel,FALSE,DB,Central Florida,22,2013,1,4,9,74,157,10
2003,4,121,ATL,Justin Griffith,FALSE,FB,Mississippi St.,23,2009,0,0,6,11,96,6
2003,4,122,IND,Steve Sciullo,FALSE,OG,Marshall,23,2004,0,0,1,13,28,1
2003,4,123,NYG,Roderick Babers,FALSE,DB,Texas,22,2004,0,0,0,0,7,1
2003,4,124,SFO,Brandon Lloyd,FALSE,WR,Illinois,22,2014,0,1,6,41,142,11
2003,4,125,PIT,Ike Taylor,FALSE,DB,Louisiana,23,2014,0,0,9,53,174,11
2003,4,126,TEN,Rien Long,FALSE,DT,Washington St.,22,2005,0,0,0,5,39,2
2003,4,127,BUF,Sam Aiken,FALSE,WR,North Carolina,22,2010,0,0,0,7,95,7
2003,4,128,DEN,Bryant McNeal,FALSE,DE,Clemson,NA,NA,0,0,0,NA,NA,NA
2003,4,129,OAK,Shurron Pierson,FALSE,DE,South Florida,21,2004,0,0,0,0,12,1
2003,4,130,TAM,Lance Nimmo,FALSE,OT,West Virginia,NA,NA,0,0,0,NA,NA,NA
2003,4,131,PHI,Jamaal Green,FALSE,DE,Miami (FL),23,2005,0,0,0,1,8,2
2003,4,132,JAX,LaBrandon Toefield,FALSE,RB,LSU,22,2007,0,0,0,5,45,4
2003,4,133,TAM,Austin King,FALSE,OC,Northwestern,22,2006,0,0,0,3,34,3
2003,4,134,BAL,Ovie Mughelli,FALSE,FB,Wake Forest,23,2011,0,1,5,6,107,8
2003,4,135,SEA,Solomon Bates,FALSE,LB,Arizona St.,21,2004,0,0,0,2,17,1
2003,5,136,CIN,Khalid Abdullah,FALSE,LB,Mars Hill,24,2003,0,0,0,1,16,0
2003,5,137,DET,Terrence Holt,FALSE,DB,North Carolina St.,23,2008,0,0,3,18,71,5
2003,5,138,IND,Robert Mathis,FALSE,DE,Alabama A&M,22,2016,1,5,9,67,192,13
2003,5,139,CHI,Bobby Wade,FALSE,WR,Arizona,22,2009,0,0,3,22,102,6
2003,5,140,NYJ,Derek Pagel,FALSE,DB,Iowa,23,2004,0,0,0,1,19,1
2003,5,141,ARI,Kenny King,FALSE,DE,Alabama,22,2003,0,0,0,1,11,0
2003,5,142,CLE,Ryan Pontbriand,FALSE,OC,Rice,23,2011,0,2,0,18,134,8
2003,5,143,CHI,Justin Gage,FALSE,WR,Missouri,22,2010,0,0,3,25,100,7
2003,5,144,DET,James Davis,FALSE,LB,West Virginia,24,2005,0,0,2,13,40,2
2003,5,145,CAR,Kindal Moorehead,FALSE,DT,Alabama,24,2008,0,0,1,14,89,5
2003,5,146,BAL,Aubrayo Franklin,FALSE,DT,Tennessee,23,2013,0,0,7,42,142,10
2003,5,147,GNB,James Lee,FALSE,DT,Oregon St.,23,2004,0,0,0,1,9,1
2003,5,148,STL,Dan Curley,FALSE,FB,Eastern Washington,25,2003,0,0,0,0,1,0
2003,5,149,SDG,Mike Scifres,FALSE,P,Western Illinois,22,2015,0,0,0,23,195,12
2003,5,150,NYJ,Matt Walters,FALSE,DE,Miami (FL),24,2003,0,0,0,1,11,0
2003,5,151,BUF,Ben Sobieski,FALSE,OT,Iowa,24,2003,0,0,0,0,1,0
2003,5,152,CLE,Michael Lehan,FALSE,DB,Minnesota,23,2008,0,0,1,9,67,5
2003,5,153,KAN,Jordan Black,FALSE,OT,Notre Dame,23,2012,0,0,2,24,94,9
2003,5,154,TEN,Donnie Nickey,FALSE,DB,Ohio St.,23,2010,0,0,0,8,123,7
2003,5,155,NOR,Melvin Williams,FALSE,DE,Kansas St.,24,2004,0,0,0,2,17,1
2003,5,156,MIA,Donald Lee,FALSE,TE,Mississippi St.,23,2011,0,0,5,17,133,8
2003,5,157,DEN,Ben Claxton,FALSE,OG,Mississippi,23,2009,0,0,0,0,3,6
2003,5,158,DEN,Adrian Madise,FALSE,WR,TCU,23,2003,0,0,0,0,11,0
2003,5,159,ATL,Jon Olinger,FALSE,WR,Cincinnati,NA,NA,0,0,0,NA,NA,NA
2003,5,160,NYG,David Diehl,FALSE,OG,Illinois,22,2013,0,1,11,67,164,10
2003,5,161,SFO,Aaron Walker,FALSE,TE,Florida,23,2007,0,0,0,3,55,4
2003,5,162,IND,Keyon Whiteside,FALSE,LB,Tennessee,23,2004,0,0,0,0,12,1
2003,5,163,PIT,Brian St. Pierre,FALSE,QB,Boston Col.,23,2010,0,0,0,0,3,7
2003,5,164,NWE,Dan Koppen,FALSE,OC,Boston Col.,23,2012,0,1,9,72,136,9
2003,5,165,SEA,Chris Davis,FALSE,FB,Syracuse,23,2003,0,0,0,0,1,0
2003,5,166,GNB,Hunter Hillenmeyer,FALSE,LB,Vanderbilt,22,2010,0,0,5,34,101,7
2003,5,167,OAK,Doug Gabriel,FALSE,WR,Central Florida,23,2006,0,0,1,14,57,3
2003,5,168,TAM,Sean Mahan,FALSE,OG,Notre Dame,23,2009,0,0,3,24,94,6
2003,5,169,MIA,J.R. Tolver,FALSE,WR,San Diego St.,NA,NA,0,0,0,NA,NA,NA
2003,5,170,STL,Shane Walton,FALSE,DB,Notre Dame,23,2003,0,0,0,0,4,0
2003,5,171,CHI,Tron LaFavor,FALSE,DT,Florida,23,2003,0,0,0,0,4,0
2003,5,172,STL,Kevin Garrett,FALSE,DB,SMU,23,2006,0,0,0,2,24,3
2003,5,173,BAL,Tony Pashos,FALSE,OT,Illinois,23,2013,0,0,5,34,104,10
2003,6,174,CIN,Langston Moore,FALSE,DT,South Carolina,22,2008,0,0,0,7,51,5
2003,6,175,DET,David Kircus,FALSE,WR,Grand Valley St.,23,2006,0,0,0,3,28,3
2003,6,176,JAX,Brandon Green,FALSE,DE,Rice,23,2006,0,0,0,5,32,3
2003,6,177,ARI,Reggie Wells,FALSE,OG,Clarion,22,2012,0,0,6,40,119,9
2003,6,178,DAL,B.J. Tucker,FALSE,DB,Wisconsin,22,2006,0,0,0,0,10,3
2003,6,179,JAX,David Young,FALSE,DB,Georgia Southern,24,2003,0,0,0,0,5,0
2003,6,180,MIN,Eddie Johnson,FALSE,P,Idaho St.,22,2003,0,0,0,1,14,0
2003,6,181,MIA,Corey Jenkins,FALSE,LB,South Carolina,27,2004,0,0,0,1,23,1
2003,6,182,BAL,Gerome Sapp,FALSE,DB,Notre Dame,22,2007,0,0,0,6,67,4
2003,6,183,SEA,Rashad Moore,FALSE,DT,Tennessee,24,2007,0,0,1,11,44,4
2003,6,184,STL,Scott Tercero,FALSE,OG,California,21,2004,0,0,0,2,8,1
2003,6,185,PHI,Jeremy Bridges,FALSE,OG,Southern Miss,23,2012,0,0,2,23,112,9
2003,6,186,DAL,Zuriel Smith,FALSE,WR,Hampton,23,2003,0,0,0,0,9,0
2003,6,187,BUF,Lauvale Sape,FALSE,DT,Utah,23,2005,0,0,0,1,10,2
2003,6,188,SDG,Hanik Milligan,FALSE,DB,Houston,23,2007,0,1,0,6,53,4
2003,6,189,KAN,Jimmy Wilkerson,FALSE,DE,Oklahoma,22,2010,0,0,1,17,119,7
2003,6,190,MIN,Mike Nattiel,FALSE,LB,Florida,22,2004,0,0,0,3,32,1
2003,6,191,CHI,Joe Odom,FALSE,LB,Purdue,23,2005,0,0,0,6,28,2
2003,6,192,HOU,Drew Henson,FALSE,QB,Michigan,23,2008,0,0,0,0,9,5
2003,6,193,JAX,Marques Ogden,FALSE,OT,Howard,NA,NA,0,0,0,NA,NA,NA
2003,6,194,DEN,Aaron Hunt,FALSE,DE,Texas Tech,NA,NA,0,0,0,NA,NA,NA
2003,6,195,CLE,Antonio Garay,FALSE,DE,Boston Col.,23,2012,0,0,2,15,56,9
2003,6,196,ATL,LaTarence Dunbar,FALSE,WR,TCU,23,2003,0,0,0,0,5,0
2003,6,197,SFO,Arnaz Battle,FALSE,WR,Notre Dame,23,2011,0,0,2,18,113,8
2003,6,198,IND,Cato June,FALSE,LB,Michigan,23,2009,0,1,5,38,89,6
2003,6,199,NYG,Willie Ponder,FALSE,WR,SE Missouri St.,23,2006,0,0,0,2,38,3
2003,6,200,NYJ,Brooks Bollinger,FALSE,QB,Wisconsin,23,2008,0,0,1,6,21,5
2003,6,201,NWE,Kliff Kingsbury,FALSE,QB,Texas Tech,24,2005,0,0,0,0,1,2
2003,6,202,ATL,Waine Bacon,FALSE,DB,Alabama,24,2004,0,0,0,1,11,1
2003,6,203,NOR,Kareem Kelly,FALSE,WR,USC,NA,NA,0,0,0,NA,NA,NA
2003,6,204,OAK,Dustin Rykert,FALSE,OT,BYU,NA,NA,0,0,0,NA,NA,NA
2003,6,205,TAM,Torrie Cox,FALSE,DB,Pittsburgh,22,2009,0,0,0,5,56,6
2003,6,206,CHI,Brock Forsey,FALSE,RB,Boise St.,23,2004,0,0,0,2,16,1
2003,6,207,NYG,Frank Walker,FALSE,DB,Tuskegee,23,2011,0,0,1,14,107,8
2003,6,208,IND,Makoa Freitas,FALSE,OT,Arizona,23,2004,0,0,0,7,28,1
2003,6,209,MIA,Tim Provost,FALSE,OT,San Jose St.,NA,NA,0,0,0,NA,NA,NA
2003,6,210,ARI,Tony Gilbert,FALSE,LB,Georgia,23,2009,0,0,0,6,68,6
2003,6,211,NYG,David Tyree,FALSE,WR,Syracuse,23,2009,0,1,0,5,83,6
2003,6,212,GNB,Brennan Curtin,FALSE,OT,Notre Dame,NA,NA,0,0,0,NA,NA,NA
2003,6,213,MIA,Yeremiah Bell,FALSE,DB,Eastern Kentucky,25,2013,0,1,7,40,142,10
2003,6,214,HOU,Keith Wright,FALSE,DT,Missouri,NA,NA,0,0,0,NA,NA,NA
2003,7,215,CIN,Scott Kooistra,FALSE,OT,North Carolina St.,22,2009,0,0,0,6,84,6
2003,7,216,DET,Ben Johnson,FALSE,OT,Wisconsin,NA,NA,0,0,0,NA,NA,NA
2003,7,217,HOU,Curry Burns,FALSE,DB,Louisville,22,2006,0,0,0,1,11,3
2003,7,218,JAX,Malaefou MacKenzie,FALSE,FB,USC,24,2003,0,0,0,0,1,0
2003,7,219,DAL,Justin Bates,FALSE,OG,Colorado,NA,NA,0,0,0,NA,NA,NA
2003,7,220,DET,Blue Adams,FALSE,DB,Cincinnati,23,2007,0,0,0,3,50,4
2003,7,221,MIN,Keenan Howry,FALSE,WR,Oregon,22,2005,0,0,0,0,23,2
2003,7,222,SEA,Josh Brown,FALSE,PK,Nebraska,24,2016,0,1,0,34,201,13
2003,7,223,BAL,Trent Smith,FALSE,TE,Oklahoma,23,2005,0,0,0,0,5,2
2003,7,224,SEA,Taco Wallace,FALSE,WR,Kansas St.,22,2005,0,0,0,0,4,2
2003,7,225,TEN,Todd Williams,FALSE,OG,Florida St.,25,2005,0,0,0,0,7,2
2003,7,226,CAR,Walter Young,FALSE,WR,Illinois,23,2006,0,0,0,0,9,3
2003,7,227,DEN,Clint Mitchell,FALSE,DE,Florida,NA,NA,0,0,0,NA,NA,NA
2003,7,228,BUF,Mario Haggan,FALSE,LB,Mississippi St.,23,2012,0,0,2,21,132,9
2003,7,229,SDG,Andrew Pinnock,FALSE,FB,South Carolina,23,2007,0,0,0,1,42,4
2003,7,230,KAN,Montique Sharpe,FALSE,DT,Wake Forest,23,2003,0,0,0,0,5,0
2003,7,231,NOR,Talman Gardner,FALSE,WR,Florida St.,23,2004,0,0,0,0,21,1
2003,7,232,WAS,Gibran Hamdan,FALSE,QB,Indiana,22,2003,0,0,0,0,1,0
2003,7,233,HOU,Chance Pearce,FALSE,OC,Texas A&M,NA,NA,0,0,0,NA,NA,NA
2003,7,234,NWE,Spencer Nead,FALSE,FB,BYU,25,2003,0,0,0,0,10,0
2003,7,235,DEN,Ahmaad Galloway,FALSE,RB,Alabama,NA,NA,0,0,0,NA,NA,NA
2003,7,236,DET,Brandon Drumm,FALSE,RB,Colorado,NA,NA,0,0,0,NA,NA,NA
2003,7,237,NYJ,Dave Yovanovits,FALSE,OG,Temple,22,2005,0,0,0,0,6,2
2003,7,238,ATL,Demetrin Veal,FALSE,DE,Tennessee,22,2007,0,0,0,4,37,4
2003,7,239,NWE,Tully Banta-Cain,FALSE,LB,California,23,2010,0,0,2,22,113,7
2003,7,240,NYG,Charles Drake,FALSE,DB,Michigan,NA,NA,0,0,0,NA,NA,NA
2003,7,241,SFO,Ken Dorsey,FALSE,QB,Miami (FL),22,2008,0,0,0,2,16,5
2003,7,242,PIT,J.T. Wall,FALSE,RB,Georgia,NA,NA,0,0,0,NA,NA,NA
2003,7,243,NWE,Ethan Kelley,FALSE,DT,Baylor,23,2007,0,0,1,6,36,4
2003,7,244,PHI,Norman LeJeune,FALSE,DB,LSU,23,2006,0,0,0,0,7,3
2003,7,245,GNB,Chris Johnson,FALSE,DB,Louisville,23,2012,0,0,1,15,77,9
2003,7,246,OAK,Siddeeq Shabazz,FALSE,DB,New Mexico St.,22,2005,0,0,0,2,28,2
2003,7,247,CAR,Casey Moore,FALSE,RB,Stanford,NA,NA,0,0,0,NA,NA,NA
2003,7,248,MIA,Davern Williams,FALSE,DT,Troy,23,2004,0,0,0,1,3,1
2003,7,249,NYG,Wayne Lucier,FALSE,OG,Colorado,23,2004,0,0,1,9,27,1
2003,7,250,BAL,Mike Mabry,FALSE,OC,Central Florida,NA,NA,0,0,0,NA,NA,NA
2003,7,251,STL,Scott Shanle,FALSE,LB,Nebraska,23,2012,0,0,7,41,133,9
2003,7,252,KAN,Willie Pile,FALSE,DB,Virginia Tech,23,2005,0,0,0,3,32,2
2003,7,253,GNB,DeAndrew Rubin,FALSE,WR,South Florida,NA,NA,0,0,0,NA,NA,NA
2003,7,254,STL,Richard Angulo,FALSE,TE,Western New Mexico,23,2008,0,0,0,2,27,5
2003,7,255,NYG,Kevin Walter,FALSE,WR,Eastern Michigan,22,2012,0,0,6,37,152,9
2003,7,256,GNB,Carl Ford,FALSE,WR,Toledo,22,2005,0,0,0,0,10,2
2003,7,257,GNB,Steve Josue,FALSE,LB,Carson-Newman,23,2004,0,0,0,0,4,1
2003,7,258,BAL,Antwoine Sanders,FALSE,DB,Utah,NA,NA,0,0,0,NA,NA,NA
2003,7,259,CIN,Elton Patterson,FALSE,DE,Central Florida,22,2004,0,0,0,1,8,1
2003,7,260,DET,Travis Anglin,FALSE,WR,Memphis,NA,NA,0,0,0,NA,NA,NA
2003,7,261,CHI,Bryan Anderson,FALSE,OG,Pittsburgh,23,2004,0,0,0,0,4,1
2003,7,262,OAK,Ryan Hoag,FALSE,WR,Gustavus Adolphus,NA,NA,0,0,0,NA,NA,NA
2004,1,1,SDG,Eli Manning,FALSE,QB,Mississippi,23,2019,0,4,14,121,236,15
2004,1,2,OAK,Robert Gallery,FALSE,OT,Iowa,24,2011,0,0,7,38,104,7
2004,1,3,ARI,Larry Fitzgerald,TRUE,WR,Pittsburgh,21,2020,1,11,17,93,263,16
2004,1,4,NYG,Philip Rivers,FALSE,QB,North Carolina St.,22,2025,0,8,15,150,247,21
2004,1,5,WAS,Sean Taylor,FALSE,DB,Miami (FL),21,2007,0,2,4,32,55,3
2004,1,6,CLE,Kellen Winslow,FALSE,TE,Miami (FL),21,2013,0,1,5,37,105,9
2004,1,7,DET,Roy Williams,FALSE,WR,Texas,22,2011,0,1,7,42,115,7
2004,1,8,ATL,DeAngelo Hall,FALSE,DB,Virginia Tech,20,2017,0,3,10,61,171,13
2004,1,9,JAX,Reggie Williams,FALSE,WR,Washington,21,2008,0,0,3,23,79,4
2004,1,10,HOU,Dunta Robinson,FALSE,DB,South Carolina,22,2013,0,0,8,41,139,9
2004,1,11,PIT,Ben Roethlisberger,FALSE,QB,Miami (OH),22,2021,0,6,17,131,249,17
2004,1,12,NYJ,Jonathan Vilma,FALSE,LB,Miami (FL),22,2013,0,3,8,56,125,9
2004,1,13,BUF,Lee Evans,FALSE,WR,Wisconsin,23,2011,0,0,7,47,118,7
2004,1,14,CHI,Tommie Harris,FALSE,DT,Oklahoma,21,2011,0,3,6,56,117,7
2004,1,15,TAM,Michael Clayton,FALSE,WR,LSU,21,2011,0,0,5,22,95,7
2004,1,16,PHI,Shawn Andrews,FALSE,OG,Arkansas,21,2010,1,2,3,35,63,6
2004,1,17,DEN,D.J. Williams,FALSE,LB,Miami (FL),22,2014,0,0,9,48,145,10
2004,1,18,NOR,Will Smith,FALSE,DE,Ohio St.,23,2012,0,1,7,52,139,8
2004,1,19,MIA,Vernon Carey,FALSE,OT,Miami (FL),23,2011,0,0,7,44,121,7
2004,1,20,MIN,Kenechi Udeze,FALSE,DE,USC,21,2007,0,0,3,20,51,3
2004,1,21,NWE,Vince Wilfork,FALSE,DT,Miami (FL),22,2016,1,5,11,90,189,12
2004,1,22,BUF,J.P. Losman,FALSE,QB,Tulane,23,2011,0,0,1,19,45,7
2004,1,23,SEA,Marcus Tubbs,FALSE,DT,Texas,23,2006,0,0,1,9,29,2
2004,1,24,STL,Steven Jackson,FALSE,RB,Oregon St.,21,2015,0,3,10,75,160,11
2004,1,25,GNB,Ahmad Carroll,FALSE,DB,Arkansas,21,2009,0,0,2,14,57,5
2004,1,26,CIN,Chris Perry,FALSE,RB,Michigan,22,2008,0,0,0,9,35,4
2004,1,27,HOU,Jason Babin,FALSE,LB,Western Michigan,24,2015,0,2,5,46,148,11
2004,1,28,CAR,Chris Gamble,FALSE,DB,Ohio St.,21,2012,0,0,8,44,123,8
2004,1,29,ATL,Michael Jenkins,FALSE,WR,Ohio St.,22,2012,0,0,6,39,130,8
2004,1,30,DET,Kevin Jones,FALSE,RB,Virginia Tech,22,2008,0,0,4,27,64,4
2004,1,31,SFO,Rashaun Woods,FALSE,WR,Oklahoma St.,23,2004,0,0,0,1,14,0
2004,1,32,NWE,Ben Watson,FALSE,TE,Georgia,23,2019,0,0,11,40,205,15
2004,2,33,ARI,Karlos Dansby,FALSE,LB,Auburn,22,2017,0,0,13,81,212,13
2004,2,34,NYG,Chris Snee,FALSE,OG,Boston Col.,22,2013,1,4,9,75,141,9
2004,2,35,SDG,Igor Olshansky,FALSE,DE,Oregon,22,2011,0,0,7,39,115,7
2004,2,36,KAN,Junior Siavii,FALSE,DT,Oregon,25,2010,0,0,0,6,56,6
2004,2,37,DET,Teddy Lehman,FALSE,LB,Oklahoma,22,2008,0,0,1,9,45,4
2004,2,38,PIT,Ricardo Colclough,FALSE,DB,Tusculum,20,2009,0,0,0,2,43,5
2004,2,39,JAX,Daryl Smith,FALSE,LB,Georgia Tech,22,2016,0,0,12,72,190,12
2004,2,40,TEN,Ben Troupe,FALSE,TE,Florida,22,2008,0,0,2,8,57,4
2004,2,41,DEN,Tatum Bell,FALSE,RB,Oklahoma St.,23,2008,0,0,1,22,54,4
2004,2,42,TEN,Travis LaBoy,FALSE,DE,Hawaii,23,2011,0,0,3,21,95,7
2004,2,43,DAL,Julius Jones,FALSE,RB,Notre Dame,23,2010,0,0,6,38,94,6
2004,2,44,IND,Bob Sanders,FALSE,DB,Iowa,23,2011,2,2,2,33,50,7
2004,2,45,OAK,Jake Grove,FALSE,OC,Virginia Tech,24,2009,0,0,4,20,66,5
2004,2,46,SFO,Justin Smiley,FALSE,OG,Alabama,22,2010,0,0,5,30,88,6
2004,2,47,CHI,Tank Johnson,FALSE,DT,Washington,22,2010,0,0,2,22,91,6
2004,2,48,MIN,Dontarrious Thomas,FALSE,LB,Auburn,24,2008,0,0,0,8,63,4
2004,2,49,CIN,Keiwan Ratliff,FALSE,DB,Florida,23,2010,0,0,0,9,76,6
2004,2,50,NOR,Devery Henderson,FALSE,WR,LSU,22,2012,0,0,6,36,124,8
2004,2,51,BAL,Dwan Edwards,FALSE,DT,Oregon St.,23,2015,0,0,5,32,136,11
2004,2,52,DAL,Jacob Rogers,FALSE,OT,USC,23,2004,0,0,0,0,2,0
2004,2,53,SEA,Michael Boulware,FALSE,DB,Florida St.,22,2007,0,0,2,16,64,3
2004,2,54,DEN,Darius Watts,FALSE,WR,Marshall,22,2005,0,0,0,4,22,1
2004,2,55,JAX,Greg Jones,FALSE,RB,Florida St.,23,2013,0,0,5,9,131,9
2004,2,56,CIN,Madieu Williams,FALSE,DB,Maryland,22,2012,0,0,7,33,119,8
2004,2,57,TEN,Antwan Odom,FALSE,DE,Alabama,22,2010,0,0,4,24,74,6
2004,2,58,SFO,Shawntae Spencer,FALSE,DB,Pittsburgh,22,2012,0,0,5,26,100,8
2004,2,59,CLE,Sean Jones,FALSE,DB,Georgia,22,2011,0,0,6,31,107,7
2004,2,60,NOR,Courtney Watson,FALSE,LB,Notre Dame,23,2005,0,0,1,7,21,1
2004,2,61,KAN,Kris Wilson,FALSE,TE,Pittsburgh,23,2011,0,0,2,3,97,7
2004,2,62,CAR,Keary Colbert,FALSE,WR,USC,22,2011,0,0,3,14,75,7
2004,2,63,NWE,Marquise Hill,FALSE,DE,LSU,22,2006,0,0,0,1,13,2
2004,3,64,ARI,Darnell Dockett,FALSE,DT,Florida St.,23,2013,0,3,10,69,158,9
2004,3,65,SDG,Nate Kaeding,FALSE,PK,Iowa,22,2012,1,2,0,21,115,8
2004,3,66,SDG,Nick Hardwick,FALSE,OC,Purdue,23,2014,0,1,9,67,136,10
2004,3,67,OAK,Stuart Schweigert,FALSE,DB,Purdue,23,2008,0,0,3,15,69,4
2004,3,68,IND,Ben Hartsock,FALSE,TE,Ohio St.,24,2013,0,0,2,2,131,9
2004,3,69,IND,Gilbert Gardner,FALSE,LB,Purdue,22,2008,0,0,1,8,53,4
2004,3,70,GNB,Joey Thomas,FALSE,DB,Montana St.,24,2008,0,0,0,3,31,4
2004,3,71,TEN,Randy Starks,FALSE,DT,Maryland,20,2015,0,2,8,61,186,11
2004,3,72,GNB,Donnell Washington,FALSE,DT,Clemson,NA,NA,0,0,0,NA,NA,NA
2004,3,73,DET,Keith Smith,FALSE,DB,McNeese St.,24,2009,0,0,0,6,74,5
2004,3,74,BUF,Tim Anderson,FALSE,DT,Ohio St.,23,2007,0,0,1,7,43,3
2004,3,75,PIT,Max Starks,FALSE,OT,Florida,22,2013,0,0,6,44,125,9
2004,3,76,NYJ,Derrick Strait,FALSE,DB,Oklahoma,24,2006,0,0,0,4,29,2
2004,3,77,SFO,Derrick Hamilton,FALSE,WR,Clemson,22,2004,0,0,0,0,2,0
2004,3,78,CHI,Bernard Berrian,FALSE,WR,Fresno St.,23,2011,0,0,5,32,109,7
2004,3,79,TAM,Marquis Cooper,FALSE,LB,Washington,22,2008,0,0,0,2,42,4
2004,3,80,CIN,Caleb Miller,FALSE,LB,Arkansas,24,2007,0,0,0,8,39,3
2004,3,81,WAS,Chris Cooley,FALSE,TE,Utah St.,22,2012,0,2,6,34,117,8
2004,3,82,BAL,Devard Darling,FALSE,WR,Washington St.,22,2008,0,0,1,4,46,4
2004,3,83,DAL,Stephen Peterman,FALSE,OG,LSU,22,2012,0,0,6,34,90,8
2004,3,84,SEA,Sean Locklear,FALSE,OT,North Carolina St.,23,2012,0,0,6,39,117,8
2004,3,85,DEN,Jeremy LeSueur,FALSE,DB,Michigan,23,2005,0,0,0,0,2,1
2004,3,86,JAX,Jorge Cordova,FALSE,LB,Nevada,22,2007,0,0,0,1,17,3
2004,3,87,GNB,B.J. Sander,FALSE,P,Ohio St.,24,2005,0,0,0,1,14,1
2004,3,88,MIN,Darrion Scott,FALSE,DE,Ohio St.,22,2011,0,0,2,15,57,7
2004,3,89,PHI,Matt Ware,FALSE,DB,UCLA,21,2010,0,0,0,6,95,6
2004,3,90,ATL,Matt Schaub,FALSE,QB,Virginia,23,2020,0,2,7,68,155,16
2004,3,91,STL,Anthony Hargrove,FALSE,DE,Georgia Tech,21,2011,0,0,1,16,102,7
2004,3,92,TEN,Rich Gardner,FALSE,DB,Penn St.,23,2006,0,0,0,2,28,2
2004,3,93,KAN,Keyaron Fox,FALSE,LB,Georgia Tech,22,2011,0,0,0,13,98,7
2004,3,94,CAR,Travelle Wharton,FALSE,OT,South Carolina,23,2013,0,0,8,45,115,9
2004,3,95,NWE,Guss Scott,FALSE,DB,Florida,23,2006,0,0,0,1,11,2
2004,3,96,CIN,Landon Johnson,FALSE,LB,Purdue,23,2010,0,0,5,28,101,6
2004,4,97,NYG,Reggie Torbor,FALSE,LB,Auburn,23,2010,0,0,2,17,104,6
2004,4,98,SDG,Shaun Phillips,FALSE,DE,Purdue,23,2014,0,1,8,54,168,10
2004,4,99,OAK,Carlos Francis,FALSE,WR,Texas Tech,23,2004,0,0,0,0,5,0
2004,4,100,ARI,Alex Stepanovich,FALSE,OC,Ohio St.,22,2008,0,0,1,14,46,4
2004,4,101,ATL,Demorrio Williams,FALSE,LB,Nebraska,24,2012,0,0,5,33,138,8
2004,4,102,MIA,Will Poole,FALSE,DB,USC,23,2004,0,0,0,1,15,0
2004,4,103,TEN,Bo Schobel,FALSE,DE,TCU,23,2007,0,0,0,3,29,3
2004,4,104,SFO,Isaac Sopoaga,FALSE,DT,Hawaii,23,2013,0,0,5,38,139,9
2004,4,105,KAN,Samie Parker,FALSE,WR,Oregon,23,2007,0,0,2,13,47,3
2004,4,106,CLE,Luke McCown,FALSE,QB,Louisiana Tech,23,2015,0,0,0,8,62,11
2004,4,107,IND,Kendyll Pope,FALSE,LB,Florida St.,23,2004,0,0,0,0,2,0
2004,4,108,NYJ,Jerricho Cotchery,FALSE,WR,North Carolina St.,22,2015,0,0,6,51,175,11
2004,4,109,BUF,Tim Euhus,FALSE,TE,Oregon St.,23,2007,0,0,0,1,34,3
2004,4,110,CHI,Nathan Vasher,FALSE,DB,Texas,22,2010,0,1,2,30,87,6
2004,4,111,TAM,Will Allen,FALSE,DB,Ohio St.,22,2015,0,0,2,24,176,11
2004,4,112,CHI,Leon Joe,FALSE,LB,Maryland,22,2007,0,0,0,4,36,3
2004,4,113,NWE,Dexter Reid,FALSE,DB,North Carolina,23,2006,0,0,0,4,39,2
2004,4,114,CIN,Matthias Askew,FALSE,DT,Michigan St.,22,2005,0,0,0,0,6,1
2004,4,115,MIN,Nat Dorsey,FALSE,OT,Georgia Tech,20,2007,0,0,1,7,40,3
2004,4,116,SEA,Niko Koutouvides,FALSE,LB,Purdue,23,2012,0,0,0,8,125,8
2004,4,117,CIN,Robert Geathers,FALSE,DE,Georgia,21,2014,0,0,7,46,152,10
2004,4,118,JAX,Anthony Maddox,FALSE,DT,Delta St.,25,2007,0,0,1,7,35,3
2004,4,119,MIN,Mewelde Moore,FALSE,RB,Tulane,22,2012,0,0,1,29,122,8
2004,4,120,JAX,Ernest Wilford,FALSE,WR,Virginia Tech,25,2010,0,0,4,22,87,6
2004,4,121,DAL,Bruce Thornton,FALSE,DB,Georgia,24,2005,0,0,1,4,13,1
2004,4,122,HOU,Glenn Earl,FALSE,DB,Notre Dame,23,2006,0,0,2,10,37,2
2004,4,123,CIN,Stacy Andrews,FALSE,OT,Mississippi,23,2011,0,0,3,23,94,7
2004,4,124,TEN,Michael Waddell,FALSE,DB,North Carolina,23,2008,0,0,0,4,33,4
2004,4,125,IND,Jason David,FALSE,DB,Washington St.,22,2008,0,0,5,24,75,4
2004,4,126,KAN,Jared Allen,TRUE,DE,Idaho St.,22,2015,4,5,12,101,187,11
2004,4,127,SFO,Richard Seigler,FALSE,LB,Oregon St.,23,2006,0,0,0,0,9,2
2004,4,128,NWE,Cedric Cobbs,FALSE,RB,Arkansas,23,2006,0,0,0,0,5,2
2004,4,129,PHI,J.R. Reed,FALSE,DB,South Florida,22,2008,0,0,0,3,40,4
2004,4,130,STL,Brandon Chillar,FALSE,LB,UCLA,21,2010,0,0,2,22,97,6
2004,4,131,PHI,Trey Darilek,FALSE,OG,Texas-El Paso,23,2005,0,0,0,1,18,1
2004,4,132,NYJ,Adrian Jones,FALSE,OT,Kansas,23,2008,0,0,2,12,55,4
2004,5,133,SDG,Dave Ball,FALSE,DE,UCLA,23,2011,0,0,1,15,72,7
2004,5,134,OAK,Johnnie Morant,FALSE,WR,Syracuse,22,2006,0,0,0,0,15,2
2004,5,135,ARI,Antonio Smith,FALSE,DE,Oklahoma St.,22,2016,0,1,8,56,186,12
2004,5,136,NYG,Gibril Wilson,FALSE,DB,Tennessee,22,2011,0,0,6,32,100,7
2004,5,137,JAX,Josh Scobee,FALSE,PK,Louisiana Tech,22,2015,0,0,0,26,172,11
2004,5,138,TEN,Jacob Bell,FALSE,OG,Miami (OH),23,2011,0,0,7,32,109,7
2004,5,139,NOR,Rodney Leisle,FALSE,DT,UCLA,23,2009,0,0,0,2,18,5
2004,5,140,DET,Alex Lewis,FALSE,LB,Wisconsin,23,2008,0,0,1,7,52,4
2004,5,141,IND,Jake Scott,FALSE,OG,Idaho,23,2012,0,0,9,58,131,8
2004,5,142,ATL,Chad Lavalais,FALSE,DT,LSU,25,2005,0,0,1,9,30,1
2004,5,143,NYJ,Erik Coleman,FALSE,DB,Washington St.,22,2012,0,0,6,33,123,8
2004,5,144,DAL,Sean Ryan,FALSE,TE,Boston Col.,24,2009,0,0,0,1,53,5
2004,5,145,PIT,Nathaniel Adibi,FALSE,DE,Virginia Tech,NA,NA,0,0,0,NA,NA,NA
2004,5,146,TAM,Jeb Terry,FALSE,OG,North Carolina,23,2006,0,0,0,2,30,2
2004,5,147,CHI,Claude Harriott,FALSE,DE,Pittsburgh,NA,NA,0,0,0,NA,NA,NA
2004,5,148,CHI,Craig Krenzel,FALSE,QB,Ohio St.,23,2004,0,0,0,1,6,0
2004,5,149,CIN,Maurice Mann,FALSE,WR,Nevada,21,2006,0,0,0,0,1,2
2004,5,150,JAX,Chris Thompson,FALSE,DB,Nicholls St.,22,2005,0,0,0,1,12,1
2004,5,151,WAS,Mark Wilson,FALSE,TE,California,23,2004,0,0,0,0,2,0
2004,5,152,DEN,Jeff Shoate,FALSE,DB,San Diego St.,23,2007,0,0,0,0,14,3
2004,5,153,BAL,Roderick Green,FALSE,LB,Central Missouri St.,22,2008,0,0,0,6,54,4
2004,5,154,SDG,Michael Turner,FALSE,RB,Northern Illinois,22,2012,1,2,5,55,134,8
2004,5,155,MIN,Rod Davis,FALSE,LB,Southern Miss,23,2006,0,0,0,3,40,2
2004,5,156,NOR,Mike Karney,FALSE,FB,Arizona St.,23,2010,0,0,7,2,101,6
2004,5,157,SEA,D.J. Hackett,FALSE,WR,Colorado,23,2008,0,0,0,14,42,4
2004,5,158,STL,Jason Shivers,FALSE,DB,Arizona St.,21,2004,0,0,0,0,1,0
2004,5,159,JAX,Sean Bubin,FALSE,OT,Illinois,NA,NA,0,0,0,NA,NA,NA
2004,5,160,MIA,Tony Bua,FALSE,LB,Arkansas,24,2004,0,0,0,1,7,0
2004,5,161,CLE,Amon Gordon,FALSE,DT,Stanford,22,2011,0,0,0,4,33,7
2004,5,162,PHI,Thomas Tapeh,FALSE,FB,Minnesota,24,2008,0,0,2,2,41,4
2004,5,163,CAR,Drew Carter,FALSE,WR,Ohio St.,23,2007,0,0,0,8,33,3
2004,5,164,NWE,P.K. Sam,FALSE,WR,Florida St.,20,2004,0,0,0,0,2,0
2004,5,165,TEN,Robert Reynolds,FALSE,LB,Ohio St.,23,2006,0,0,0,2,33,2
2004,6,166,OAK,Shawn Johnson,FALSE,DE,Delaware,NA,NA,0,0,0,NA,NA,NA
2004,6,167,ARI,Nick Leckey,FALSE,OC,Kansas St.,22,2009,0,0,3,14,65,5
2004,6,168,NYG,Jamaar Taylor,FALSE,WR,Texas A&M,23,2005,0,0,0,1,13,1
2004,6,169,SDG,Ryan Krause,FALSE,TE,Nebraska-Omaha,23,2007,0,0,0,1,14,3
2004,6,170,HOU,Vontez Duff,FALSE,DB,Notre Dame,NA,NA,0,0,0,NA,NA,NA
2004,6,171,DEN,Triandos Luke,FALSE,WR,Alabama,22,2004,0,0,0,0,10,0
2004,6,172,DET,Kelly Butler,FALSE,OT,Purdue,22,2006,0,0,1,8,22,2
2004,6,173,IND,Von Hutchins,FALSE,DB,Mississippi,23,2007,0,0,1,5,38,3
2004,6,174,MIA,Rex Hadnot,FALSE,OG,Houston,22,2012,0,0,5,35,129,8
2004,6,175,HOU,Jammal Lord,FALSE,DB,Nebraska,23,2004,0,0,0,0,1,0
2004,6,176,CLE,Kirk Chambers,FALSE,OT,Stanford,25,2011,0,0,1,9,70,7
2004,6,177,PIT,Bo Lacy,FALSE,OT,Arkansas,NA,NA,0,0,0,NA,NA,NA
2004,6,178,NYJ,Marko Cavka,FALSE,OT,Sacramento St.,NA,NA,0,0,0,NA,NA,NA
2004,6,179,GNB,Corey Williams,FALSE,DT,Arkansas St.,24,2012,0,0,5,33,126,8
2004,6,180,WAS,Jim Molinaro,FALSE,OT,Notre Dame,23,2006,0,0,0,1,15,2
2004,6,181,TAM,Nate Lawrie,FALSE,TE,Yale,22,2008,0,0,0,0,26,4
2004,6,182,OAK,Cody Spencer,FALSE,LB,North Texas,23,2008,0,0,0,4,50,4
2004,6,183,CIN,Greg Brooks,FALSE,DB,Southern Miss,23,2006,0,0,0,1,16,2
2004,6,184,MIN,Deandre Eiland,FALSE,DB,South Carolina,NA,NA,0,0,0,NA,NA,NA
2004,6,185,PHI,Andy Hall,FALSE,QB,Delaware,23,NA,0,0,0,NA,NA,NA
2004,6,186,ATL,Etric Pruitt,FALSE,DB,Southern Miss,23,2005,0,0,0,0,9,1
2004,6,187,BAL,Josh Harris,FALSE,QB,Bowling Green,NA,NA,0,0,0,NA,NA,NA
2004,6,188,SFO,Andy Lee,FALSE,P,Pittsburgh,22,2022,3,3,1,34,297,18
2004,6,189,SEA,Craig Terrill,FALSE,DT,Purdue,24,2010,0,0,0,9,88,6
2004,6,190,DEN,Josh Sewell,FALSE,OC,Nebraska,NA,NA,0,0,0,NA,NA,NA
2004,6,191,TEN,Troy Fleming,FALSE,RB,Tennessee,23,2005,0,0,0,3,29,1
2004,6,192,PHI,Dexter Wynn,FALSE,DB,Colorado St.,23,2008,0,0,0,4,47,4
2004,6,193,IND,Jim Sorgi,FALSE,QB,Wisconsin,23,2009,0,0,0,5,16,5
2004,6,194,PIT,Matt Kranchick,FALSE,TE,Penn St.,24,2005,0,0,0,0,8,1
2004,6,195,KAN,Jeris McIntyre,FALSE,WR,Auburn,NA,NA,0,0,0,NA,NA,NA
2004,6,196,CAR,Sean Tufts,FALSE,LB,Colorado,22,2005,0,0,0,1,15,1
2004,6,197,PIT,Drew Caylor,FALSE,OC,Stanford,NA,NA,0,0,0,NA,NA,NA
2004,6,198,SFO,Keith Lewis,FALSE,DB,Oregon,22,2008,0,0,1,8,76,4
2004,6,199,BAL,Clarence Moore,FALSE,WR,Northern Arizona,21,2006,0,0,0,2,29,2
2004,6,200,HOU,Charlie Anderson,FALSE,LB,Mississippi,22,2010,0,0,0,9,94,6
2004,6,201,STL,Jeff Smoker,FALSE,QB,Michigan St.,NA,NA,0,0,0,NA,NA,NA
2004,7,202,ARI,John Navarre,FALSE,QB,Michigan,23,2005,0,0,0,0,2,1
2004,7,203,NYG,Drew Strojny,FALSE,OT,Duke,NA,NA,0,0,0,NA,NA,NA
2004,7,204,SDG,Ryon Bingham,FALSE,DT,Nebraska,23,2008,0,0,0,6,49,4
2004,7,205,DAL,Nate Jones,FALSE,DB,Rutgers,22,2011,0,0,0,9,106,7
2004,7,206,TAM,Mark Jones,FALSE,WR,Tennessee,23,2009,0,0,0,0,62,5
2004,7,207,BUF,Dylan McFarland,FALSE,OT,Montana,24,2005,0,0,0,0,3,1
2004,7,208,CLE,Adimchinobe Echemandu,FALSE,RB,California,23,2007,0,0,0,1,19,3
2004,7,209,SDG,Shane Olivea,FALSE,OT,Ohio St.,22,2007,0,0,4,31,60,3
2004,7,210,HOU,Raheem Orr,FALSE,LB,Rutgers,23,2004,0,0,0,0,2,0
2004,7,211,HOU,Sloan Thomas,FALSE,WR,Texas,22,2005,0,0,0,0,1,1
2004,7,212,PIT,Eric Taylor,FALSE,DT,Memphis,22,2005,0,0,0,0,1,1
2004,7,213,NYJ,Darrell McClover,FALSE,LB,Miami (FL),23,2009,0,0,0,4,51,5
2004,7,214,BUF,Jonathan Smith,FALSE,WR,Georgia Tech,22,2006,0,0,0,2,18,2
2004,7,215,CHI,Alfonso Marshall,FALSE,DB,Miami (FL),23,2004,0,0,0,0,7,0
2004,7,216,DAL,Patrick Crayton,FALSE,WR,NW Oklahoma St.,25,2011,0,0,3,33,105,7
2004,7,217,SFO,Cody Pickett,FALSE,QB,Washington,24,2005,0,0,0,1,6,1
2004,7,218,CIN,Casey Bramlet,FALSE,QB,Wyoming,NA,NA,0,0,0,NA,NA,NA
2004,7,219,ATL,Quincy Wilson,FALSE,RB,West Virginia,23,2007,0,0,0,0,4,3
2004,7,220,MIN,Jeff Dugan,FALSE,TE,Maryland,23,2010,0,0,0,2,79,6
2004,7,221,MIA,Tony Pape,FALSE,OG,Michigan,NA,NA,0,0,0,NA,NA,NA
2004,7,222,MIA,Derrick Pope,FALSE,LB,Alabama,22,2007,0,0,1,10,55,3
2004,7,223,DAL,Jacques Reeves,FALSE,DB,Purdue,21,2012,0,0,2,15,90,8
2004,7,224,SEA,Donnie Jones,FALSE,P,LSU,24,2018,0,0,0,27,226,14
2004,7,225,DEN,Matt Mauck,FALSE,QB,LSU,25,2005,0,0,0,1,2,1
2004,7,226,SFO,Christian Ferrara,FALSE,DT,Syracuse,NA,NA,0,0,0,NA,NA,NA
2004,7,227,PHI,Adrien Clarke,FALSE,OG,Ohio St.,23,2007,0,0,1,8,28,3
2004,7,228,TAM,Casey Cramer,FALSE,RB,Dartmouth,22,2008,0,0,0,0,36,4
2004,7,229,IND,David Kimball,FALSE,PK,Penn St.,NA,NA,0,0,0,NA,NA,NA
2004,7,230,TEN,Jared Clauss,FALSE,DT,Iowa,23,2005,0,0,0,3,29,1
2004,7,231,KAN,Kevin Sampson,FALSE,OT,Syracuse,23,2006,0,0,1,5,16,2
2004,7,232,CAR,Michael Gaines,FALSE,TE,Central Florida,24,2009,0,0,2,7,83,5
2004,7,233,NWE,Christian Morton,FALSE,DB,Illinois,23,2006,0,0,0,2,14,2
2004,7,234,NYJ,Trevor Johnson,FALSE,DE,Nebraska,23,2007,0,0,0,4,35,3
2004,7,235,NYJ,Derrick Ward,FALSE,RB,Ottawa (KS),24,2011,0,0,0,25,93,7
2004,7,236,NYJ,Rashad Washington,FALSE,DB,Kansas St.,24,2007,0,0,0,3,47,3
2004,7,237,STL,Erik Jensen,FALSE,TE,Iowa,NA,NA,0,0,0,NA,NA,NA
2004,7,238,STL,Larry Turner,FALSE,OC,Eastern Kentucky,22,2006,0,0,0,1,21,2
2004,7,239,TEN,Eugene Amano,FALSE,OC,SE Missouri St.,22,2011,0,0,4,30,124,7
2004,7,240,NOR,Colby Bockwoldt,FALSE,LB,BYU,23,2007,0,0,1,12,49,3
2004,7,241,TEN,Sean McHugh,FALSE,FB,Penn St.,22,2008,0,0,1,2,40,4
2004,7,242,PHI,Bruce Perry,FALSE,RB,Maryland,23,2006,0,0,0,0,5,2
2004,7,243,PHI,Dominic Furio,FALSE,OC,UNLV,NA,NA,0,0,0,NA,NA,NA
2004,7,244,BAL,Derek Abney,FALSE,WR,Kentucky,NA,NA,0,0,0,NA,NA,NA
2004,7,245,OAK,Courtney Anderson,FALSE,TE,San Jose St.,23,2007,0,0,2,6,43,3
2004,7,246,BAL,Brian Rimpf,FALSE,OG,East Carolina,23,2005,0,0,0,3,16,1
2004,7,247,DEN,Brandon Miree,FALSE,RB,Pittsburgh,23,2006,0,0,0,0,10,2
2004,7,248,HOU,B.J. Symons,FALSE,QB,Texas Tech,NA,NA,0,0,0,NA,NA,NA
2004,7,249,JAX,Bobby McCray,FALSE,DE,Florida,22,2010,0,0,2,24,94,6
2004,7,250,DEN,Bradlee Van Pelt,FALSE,QB,Colorado St.,24,2005,0,0,0,0,3,1
2004,7,251,GNB,Scott Wells,FALSE,OG,Tennessee,23,2014,0,1,9,64,146,10
2004,7,252,TAM,Lenny Williams,FALSE,DB,Southern,NA,NA,0,0,0,NA,NA,NA
2004,7,253,NYG,Isaac Hilton,FALSE,DE,Hampton,NA,NA,0,0,0,NA,NA,NA
2004,7,254,SDG,Carlos Joseph,FALSE,OT,Miami (FL),NA,NA,0,0,0,NA,NA,NA
2004,7,255,OAK,Andre Sommersell,FALSE,LB,Colorado St.,NA,NA,0,0,0,NA,NA,NA
2005,1,1,SFO,Alex Smith,FALSE,QB,Utah,21,2020,0,3,14,98,174,15
2005,1,2,MIA,Ronnie Brown,FALSE,RB,Auburn,23,2014,0,1,6,41,132,9
2005,1,3,CLE,Braylon Edwards,FALSE,WR,Michigan,22,2012,0,1,5,41,112,7
2005,1,4,CHI,Cedric Benson,FALSE,RB,Texas,22,2012,0,0,6,36,96,7
2005,1,5,TAM,Cadillac Williams,FALSE,RB,Auburn,23,2011,0,0,4,28,81,6
2005,1,6,TEN,Adam Jones,FALSE,DB,West Virginia,21,2018,1,1,6,50,146,13
2005,1,7,MIN,Troy Williamson,FALSE,WR,South Carolina,22,2009,0,0,1,8,49,4
2005,1,8,ARI,Antrel Rolle,FALSE,DB,Miami (FL),22,2015,0,3,9,57,155,10
2005,1,9,WAS,Carlos Rogers,FALSE,DB,Auburn,24,2014,0,1,7,47,133,9
2005,1,10,DET,Mike Williams,FALSE,WR,USC,21,2011,0,0,2,12,56,6
2005,1,11,DAL,DeMarcus Ware,TRUE,LB,Troy,23,2016,4,9,11,100,178,11
2005,1,12,SDG,Shawne Merriman,FALSE,LB,Maryland,21,2012,1,3,4,40,75,7
2005,1,13,NOR,Jammal Brown,FALSE,OT,Oklahoma,24,2011,1,2,6,49,85,6
2005,1,14,CAR,Thomas Davis,FALSE,LB,Georgia,22,2020,1,3,12,80,199,15
2005,1,15,KAN,Derrick Johnson,FALSE,LB,Texas,22,2018,1,4,11,80,188,13
2005,1,16,HOU,Travis Johnson,FALSE,DT,Florida St.,23,2010,0,0,3,17,76,5
2005,1,17,CIN,David Pollack,FALSE,LB,Georgia,23,2006,0,0,0,3,16,1
2005,1,18,MIN,Erasmus James,FALSE,DE,Wisconsin,22,2008,0,0,1,6,28,3
2005,1,19,STL,Alex Barron,FALSE,OT,Florida St.,22,2010,0,0,5,27,87,5
2005,1,20,DAL,Marcus Spears,FALSE,DE,LSU,22,2013,0,0,6,36,124,8
2005,1,21,JAX,Matt Jones,FALSE,WR,Arkansas,22,2008,0,0,1,22,54,3
2005,1,22,BAL,Mark Clayton,FALSE,WR,Oklahoma,23,2011,0,0,5,28,83,6
2005,1,23,OAK,Fabian Washington,FALSE,DB,Nebraska,22,2010,0,0,4,20,81,5
2005,1,24,GNB,Aaron Rodgers,FALSE,QB,California,21,2025,4,10,16,169,264,20
2005,1,25,WAS,Jason Campbell,FALSE,QB,Auburn,23,2014,0,0,5,48,90,9
2005,1,26,SEA,Chris Spencer,FALSE,OC,Mississippi,23,2014,0,0,6,38,137,9
2005,1,27,ATL,Roddy White,FALSE,WR,Ala-Birmingham,23,2015,1,4,10,88,171,10
2005,1,28,SDG,Luis Castillo,FALSE,DE,Northwestern,22,2011,0,0,6,33,82,6
2005,1,29,IND,Marlin Jackson,FALSE,DB,Michigan,22,2009,0,0,2,14,56,4
2005,1,30,PIT,Heath Miller,FALSE,TE,Virginia,22,2015,0,2,11,45,168,10
2005,1,31,PHI,Mike Patterson,FALSE,DT,USC,22,2014,0,0,6,48,147,9
2005,1,32,NWE,Logan Mankins,FALSE,OG,Fresno St.,23,2015,1,7,11,102,161,10
2005,2,33,SFO,David Baas,FALSE,OG,Michigan,23,2013,0,0,6,36,122,8
2005,2,34,CLE,Brodney Pool,FALSE,DB,Oklahoma,21,2011,0,0,4,27,100,6
2005,2,35,PHI,Reggie Brown,FALSE,WR,Georgia,24,2009,0,0,3,20,72,4
2005,2,36,TAM,Barrett Ruud,FALSE,LB,Nebraska,22,2012,0,0,5,41,116,7
2005,2,37,DET,Shaun Cody,FALSE,DT,USC,22,2012,0,0,4,28,112,7
2005,2,38,OAK,Stanford Routt,FALSE,DB,Houston,22,2012,0,0,3,22,119,7
2005,2,39,CHI,Mark Bradley,FALSE,WR,Oklahoma,23,2009,0,0,0,10,57,4
2005,2,40,NOR,Josh Bullocks,FALSE,DB,Nebraska,22,2010,0,0,3,21,90,5
2005,2,41,TEN,Michael Roos,FALSE,OT,Eastern Washington,22,2014,1,1,9,63,148,9
2005,2,42,DAL,Kevin Burnett,FALSE,LB,Tennessee,22,2013,0,0,4,40,136,8
2005,2,43,NYG,Corey Webster,FALSE,DB,LSU,23,2013,0,0,6,33,121,8
2005,2,44,ARI,J.J. Arrington,FALSE,RB,California,22,2008,0,0,0,12,58,3
2005,2,45,SEA,Lofa Tatupu,FALSE,LB,USC,22,2010,1,3,5,49,84,5
2005,2,46,MIA,Matt Roth,FALSE,DE,Iowa,22,2011,0,0,5,27,96,6
2005,2,47,NYJ,Mike Nugent,FALSE,PK,Ohio St.,23,2020,0,0,0,22,172,15
2005,2,48,CIN,Odell Thurman,FALSE,LB,Georgia,22,2005,0,0,1,7,16,0
2005,2,49,MIN,Marcus Johnson,FALSE,OG,Mississippi,21,2009,0,0,1,8,53,4
2005,2,50,STL,Ron Bartell,FALSE,DB,Howard,23,2012,0,0,4,25,96,7
2005,2,51,GNB,Nick Collins,FALSE,DB,Bethune-Cookman,22,2011,0,3,6,48,95,6
2005,2,52,JAX,Khalif Barnes,FALSE,OT,Washington,23,2017,0,0,7,51,154,12
2005,2,53,BAL,Dan Cody,FALSE,DE,Oklahoma,23,2006,0,0,0,0,2,1
2005,2,54,CAR,Eric Shelton,FALSE,RB,Louisville,22,2006,0,0,0,0,9,1
2005,2,55,BUF,Roscoe Parrish,FALSE,WR,Miami (FL),23,2012,0,0,0,14,90,7
2005,2,56,DEN,Darrent Williams,FALSE,DB,Oklahoma St.,22,2006,0,0,2,11,27,1
2005,2,57,NYJ,Justin Miller,FALSE,DB,Clemson,21,2012,0,1,0,15,46,7
2005,2,58,GNB,Terrence Murphy,FALSE,WR,Texas A&M,22,2005,0,0,0,0,3,0
2005,2,59,ATL,Jonathan Babineaux,FALSE,DE,Iowa,23,2016,0,0,10,52,185,11
2005,2,60,IND,Kelvin Hayden,FALSE,DB,Illinois,22,2012,0,0,4,24,101,7
2005,2,61,SDG,Vincent Jackson,FALSE,WR,Northern Colorado,22,2016,0,3,8,77,155,11
2005,2,62,PIT,Bryant McFadden,FALSE,DB,Florida St.,23,2011,0,0,3,27,96,6
2005,2,63,PHI,Matt McCoy,FALSE,LB,San Diego St.,22,2011,0,0,1,9,65,6
2005,2,64,BAL,Adam Terry,FALSE,OT,Syracuse,23,2010,0,0,0,9,50,5
2005,3,65,SFO,Frank Gore,FALSE,RB,Miami (FL),22,2020,0,5,14,94,241,15
2005,3,66,STL,O.J. Atogwe,FALSE,DB,Stanford,24,2011,0,0,6,34,101,6
2005,3,67,CLE,Charlie Frye,FALSE,QB,Akron,24,2009,0,0,1,8,26,4
2005,3,68,TEN,Courtney Roby,FALSE,WR,Indiana,22,2014,0,0,0,4,92,9
2005,3,69,OAK,Andrew Walter,FALSE,QB,Arizona St.,23,2008,0,0,1,1,15,3
2005,3,70,MIA,Channing Crowder,FALSE,LB,Florida,21,2010,0,0,6,31,82,5
2005,3,71,TAM,Alex Smith,FALSE,TE,Stanford,23,2015,0,0,3,11,124,10
2005,3,72,DET,Stanley Wilson,FALSE,DB,Stanford,22,2007,0,0,0,5,32,2
2005,3,73,HOU,Vernand Morency,FALSE,RB,Oklahoma St.,25,2007,0,0,0,8,39,2
2005,3,74,NYG,Justin Tuck,FALSE,DE,Notre Dame,22,2015,1,2,7,65,147,10
2005,3,75,ARI,Eric Green,FALSE,DB,Virginia Tech,23,2008,0,0,2,12,51,3
2005,3,76,DEN,Karl Paymah,FALSE,DB,Washington St.,22,2010,0,0,0,6,74,5
2005,3,77,PHI,Ryan Moats,FALSE,RB,Louisiana Tech,22,2009,0,0,0,7,38,4
2005,3,78,OAK,Kirk Morrison,FALSE,LB,San Diego St.,23,2012,0,0,6,38,112,7
2005,3,79,CAR,Evan Mathis,FALSE,OG,Alabama,23,2016,1,2,6,46,134,11
2005,3,80,MIN,Dustin Fox,FALSE,DB,Ohio St.,22,2008,0,0,0,0,12,3
2005,3,81,STL,Richie Incognito,FALSE,OG,Oregon,22,2020,0,4,10,62,164,15
2005,3,82,NOR,Alfred Fincher,FALSE,LB,Connecticut,22,2008,0,0,0,3,38,3
2005,3,83,CIN,Chris Henry,FALSE,WR,West Virginia,22,2009,0,0,0,16,55,4
2005,3,84,NWE,Ellis Hobbs,FALSE,DB,Iowa St.,22,2010,0,0,4,28,79,5
2005,3,85,SEA,David Greene,FALSE,QB,Georgia,NA,NA,0,0,0,NA,NA,NA
2005,3,86,BUF,Kevin Everett,FALSE,TE,Miami (FL),23,2007,0,0,0,0,17,2
2005,3,87,JAX,Scott Starks,FALSE,DB,Wisconsin,22,2009,0,0,0,4,54,4
2005,3,88,NYJ,Sione Pouha,FALSE,DT,Utah,26,2012,0,0,4,36,106,7
2005,3,89,CAR,Atiyyah Ellison,FALSE,DT,Missouri,23,2009,0,0,0,0,15,4
2005,3,90,ATL,Jordan Beck,FALSE,LB,Cal Poly-San Luis Obispo,22,2007,0,0,0,2,26,2
2005,3,91,TAM,Chris Colmer,FALSE,OT,North Carolina St.,NA,NA,0,0,0,NA,NA,NA
2005,3,92,IND,Vincent Burns,FALSE,DE,Kentucky,NA,NA,0,0,0,NA,NA,NA
2005,3,93,PIT,Trai Essex,FALSE,OT,Northwestern,22,2012,0,0,1,19,76,7
2005,3,94,SFO,Adam Snyder,FALSE,OT,Oregon,23,2014,0,0,5,34,141,9
2005,3,95,ARI,Darryl Blackstock,FALSE,LB,Virginia,22,2011,0,0,0,6,74,6
2005,3,96,TEN,Brandon Jones,FALSE,WR,Oklahoma,23,2009,0,0,2,11,59,4
2005,3,97,DEN,Domonique Foxworth,FALSE,DB,Maryland,22,2011,0,0,2,19,78,6
2005,3,98,SEA,LeRoy Hill,FALSE,LB,Clemson,22,2012,0,0,6,37,97,7
2005,3,99,KAN,Dustin Colquitt,FALSE,P,Tennessee,23,2021,0,2,0,24,255,16
2005,3,100,NWE,Nick Kaczur,FALSE,OT,Toledo,26,2009,0,0,5,37,68,4
2005,3,101,DEN,Maurice Clarett,FALSE,RB,Ohio St.,NA,NA,0,0,0,NA,NA,NA
2005,4,102,PHI,Sean Considine,FALSE,DB,Iowa,22,2012,0,0,2,15,99,7
2005,4,103,CLE,Antonio Perkins,FALSE,DB,Oklahoma,23,2006,0,0,0,0,6,1
2005,4,104,MIA,Travis Daniels,FALSE,DB,LSU,22,2012,0,0,1,13,107,7
2005,4,105,SEA,Ray Willis,FALSE,OT,Florida St.,23,2009,0,0,1,10,44,4
2005,4,106,CHI,Kyle Orton,FALSE,QB,Purdue,22,2014,0,0,5,40,87,9
2005,4,107,TAM,Dan Buenning,FALSE,OG,Wisconsin,23,2008,0,0,1,10,36,3
2005,4,108,TEN,Vincent Fuller,FALSE,DB,Virginia Tech,23,2011,0,0,0,8,76,6
2005,4,109,DAL,Marion Barber III,FALSE,RB,Minnesota,22,2011,0,1,3,39,99,6
2005,4,110,NYG,Brandon Jacobs,FALSE,RB,Southern Illinois,23,2013,0,0,3,36,109,8
2005,4,111,ARI,Elton Brown,FALSE,OG,Virginia,23,2008,0,0,1,8,34,3
2005,4,112,MIN,Ciatrick Fason,FALSE,RB,Florida,22,2006,0,0,0,1,18,1
2005,4,113,TEN,David Stewart,FALSE,OT,Mississippi St.,23,2013,0,0,8,48,116,8
2005,4,114,HOU,Jerome Mathis,FALSE,WR,Hampton,22,2007,1,1,0,4,17,2
2005,4,115,GNB,Marviel Underwood,FALSE,DB,San Diego St.,23,2005,0,0,0,1,16,0
2005,4,116,KAN,Craphonso Thorpe,FALSE,WR,Florida St.,22,2007,0,0,0,1,5,2
2005,4,117,STL,Jerome Carter,FALSE,DB,Florida St.,22,2007,0,0,0,3,33,2
2005,4,118,NOR,Chase Lyman,FALSE,WR,California,NA,NA,0,0,0,NA,NA,NA
2005,4,119,CIN,Eric Ghiaciuc,FALSE,OC,Central Michigan,24,2008,0,0,3,19,48,3
2005,4,120,WAS,Manuel White,FALSE,RB,UCLA,NA,NA,0,0,0,NA,NA,NA
2005,4,121,CAR,Stefan Lefors,FALSE,QB,Louisville,NA,NA,0,0,0,NA,NA,NA
2005,4,122,BUF,Duke Preston,FALSE,OC,Illinois,23,2008,0,0,1,11,59,3
2005,4,123,NYJ,Kerry Rhodes,FALSE,DB,Louisville,23,2012,0,0,7,49,118,7
2005,4,124,BAL,Jason Brown,FALSE,OC,North Carolina,22,2011,0,0,6,30,100,6
2005,4,125,GNB,Brady Poppinga,FALSE,LB,BYU,25,2012,0,0,4,25,100,7
2005,4,126,PHI,Todd Herremans,FALSE,OT,Saginaw Valley St.,22,2015,0,0,9,51,135,10
2005,4,127,JAX,Alvin Pearman,FALSE,RB,Virginia,23,2009,0,0,0,5,38,4
2005,4,128,ATL,Chauncey Davis,FALSE,DE,Florida St.,22,2011,0,0,1,20,102,6
2005,4,129,IND,Dylan Gandy,FALSE,OG,Texas Tech,23,2013,0,0,1,19,120,8
2005,4,130,SDG,Darren Sproles,FALSE,RB,Kansas St.,22,2019,0,3,1,62,183,14
2005,4,131,PIT,Fred Gibson,FALSE,WR,Georgia,NA,NA,0,0,0,NA,NA,NA
2005,4,132,DAL,Chris Canty,FALSE,DE,Virginia,22,2015,0,0,9,46,148,10
2005,4,133,NWE,James Sanders,FALSE,DB,Fresno St.,21,2012,0,0,2,25,114,7
2005,4,134,STL,Claude Terrell,FALSE,OG,New Mexico,23,2007,0,0,1,6,20,2
2005,4,135,IND,Matt Giordano,FALSE,DB,California,22,2013,0,0,1,16,116,8
2005,4,136,TEN,Roydell Williams,FALSE,WR,Tulane,24,2010,0,0,1,10,56,5
2005,5,137,SFO,Ronald Fields,FALSE,DT,Mississippi St.,23,2011,0,0,2,13,87,6
2005,5,138,KAN,Boomer Grigsby,FALSE,LB,Illinois St.,23,2008,0,0,0,3,45,3
2005,5,139,CLE,David McMillan,FALSE,DE,Kansas,23,2007,0,0,0,2,29,2
2005,5,140,CHI,Airese Currie,FALSE,WR,Clemson,22,2006,0,0,0,0,1,1
2005,5,141,TAM,Donte Nicholson,FALSE,DB,Oklahoma,23,2008,0,0,0,1,16,3
2005,5,142,TEN,Damien Nash,FALSE,RB,Missouri,23,2006,0,0,0,1,6,1
2005,5,143,GNB,Junius Coston,FALSE,OG,North Carolina A&T,21,2007,0,0,0,5,16,2
2005,5,144,STL,Jerome Collins,FALSE,TE,Notre Dame,23,2005,0,0,0,0,3,0
2005,5,145,DET,Dan Orlovsky,FALSE,QB,Connecticut,22,2015,0,0,1,7,26,10
2005,5,146,PHI,Trent Cole,FALSE,DE,Cincinnati,22,2016,0,2,9,68,176,11
2005,5,147,KAN,Alphonso Hodge,FALSE,DB,Miami (OH),NA,NA,0,0,0,NA,NA,NA
2005,5,148,IND,Jonathan Welsh,FALSE,DE,Wisconsin,23,2005,0,0,0,0,6,0
2005,5,149,CAR,Adam Seward,FALSE,LB,UNLV,23,2009,0,0,0,4,43,4
2005,5,150,TEN,Daniel Loper,FALSE,OT,Texas Tech,23,2010,0,0,0,7,58,5
2005,5,151,HOU,Drew Hodgdon,FALSE,OC,Arizona St.,23,2007,0,0,0,3,14,2
2005,5,152,NOR,Adrian McPherson,FALSE,QB,Florida St.,NA,NA,0,0,0,NA,NA,NA
2005,5,153,CIN,Adam Kieft,FALSE,OT,Central Michigan,NA,NA,0,0,0,NA,NA,NA
2005,5,154,WAS,Robert McCune,FALSE,LB,Louisville,26,2008,0,0,0,0,8,3
2005,5,155,TAM,Larry Brackins,FALSE,WR,Pearl River CC,NA,NA,0,0,0,NA,NA,NA
2005,5,156,BUF,Eric King,FALSE,DB,Wake Forest,23,2010,0,0,0,4,63,5
2005,5,157,JAX,Gerald Sensabaugh,FALSE,DB,North Carolina,22,2012,0,0,5,31,112,7
2005,5,158,BAL,Justin Green,FALSE,FB,Montana,23,2007,0,0,0,0,39,2
2005,5,159,SEA,Jeb Huckeba,FALSE,LB,Arkansas,NA,NA,0,0,0,NA,NA,NA
2005,5,160,ATL,Michael Boley,FALSE,LB,Southern Miss,23,2013,0,0,8,41,131,8
2005,5,161,NYJ,Andre Maddox,FALSE,DB,North Carolina St.,NA,NA,0,0,0,NA,NA,NA
2005,5,162,MIA,Anthony Alabi,FALSE,OT,TCU,24,2007,0,0,0,1,16,2
2005,5,163,ATL,Frank Omiyale,FALSE,OT,Tennessee Tech,22,2012,0,0,2,17,75,7
2005,5,164,SDG,Wesley Britt,FALSE,OT,Alabama,23,2008,0,0,0,3,16,3
2005,5,165,IND,Robert Hunt,FALSE,OC,North Dakota St.,NA,NA,0,0,0,NA,NA,NA
2005,5,166,PIT,Rian Wallace,FALSE,LB,Temple,23,2006,0,0,0,2,16,1
2005,5,167,GNB,Michael Hawkins,FALSE,DB,Oklahoma,22,2006,0,0,0,1,18,1
2005,5,168,ARI,Lance Mitchell,FALSE,LB,Oklahoma,23,2005,0,0,0,1,12,0
2005,5,169,CAR,Geoff Hangartner,FALSE,OC,Texas A&M,23,2013,0,0,5,36,118,8
2005,5,170,NWE,Ryan Claridge,FALSE,LB,UNLV,NA,NA,0,0,0,NA,NA,NA
2005,5,171,CAR,Ben Emanuel,FALSE,DB,UCLA,23,2005,0,0,0,3,11,0
2005,5,172,PHI,Scott Young,FALSE,OG,BYU,24,2008,0,0,0,1,14,3
2005,5,173,IND,Tyjuan Hagler,FALSE,LB,Cincinnati,23,2010,0,0,1,12,50,5
2005,5,174,SFO,Rasheed Marshall,FALSE,WR,West Virginia,24,2005,0,0,0,0,12,0
2005,6,175,OAK,Anttaj Hawthorne,FALSE,DT,Wisconsin,23,2006,0,0,0,1,18,1
2005,6,176,CLE,Nick Speegle,FALSE,LB,New Mexico,23,2006,0,0,0,1,16,1
2005,6,177,SDG,Wes Sims,FALSE,OG,Oklahoma,24,2005,0,0,0,0,1,0
2005,6,178,TAM,Anthony Bryant,FALSE,DT,Alabama,23,2010,0,0,0,2,15,5
2005,6,179,TEN,Bo Scaife,FALSE,TE,Texas,24,2010,0,0,4,20,90,5
2005,6,180,GNB,Mike Montgomery,FALSE,DT,Texas A&M,22,2010,0,0,1,8,58,5
2005,6,181,CHI,Chris Harris,FALSE,DB,La-Monroe,23,2012,0,0,6,38,101,7
2005,6,182,NYJ,Cedric Houston,FALSE,RB,Tennessee,23,2006,0,0,0,5,20,1
2005,6,183,WAS,Jared Newberry,FALSE,LB,Stanford,NA,NA,0,0,0,NA,NA,NA
2005,6,184,DET,Bill Swancutt,FALSE,DE,Oregon St.,23,2005,0,0,0,0,8,0
2005,6,185,JAX,Chad Owens,FALSE,WR,Hawaii,23,2007,0,0,0,0,6,2
2005,6,186,NYG,Eric Moore,FALSE,DE,Florida St.,24,2011,0,0,0,5,35,6
2005,6,187,KAN,Will Svitek,FALSE,OT,Stanford,23,2014,0,0,1,14,79,9
2005,6,188,HOU,C.C. Brown,FALSE,DB,Louisiana,22,2011,0,0,3,19,83,6
2005,6,189,CAR,Jovan Haye,FALSE,DE,Vanderbilt,23,2011,0,0,3,25,73,6
2005,6,190,CIN,Tab Perry,FALSE,WR,UCLA,23,2007,0,0,0,1,20,2
2005,6,191,MIN,C.J. Mosley,FALSE,DT,Missouri,22,2015,0,0,1,21,140,10
2005,6,192,STL,Dante Ridgeway,FALSE,WR,Ball St.,21,2005,0,0,0,0,8,0
2005,6,193,NOR,Jason Jefferson,FALSE,DT,Wisconsin,23,2008,0,0,0,3,34,3
2005,6,194,JAX,Pat Thomas,FALSE,LB,North Carolina St.,22,2008,0,0,1,5,31,3
2005,6,195,GNB,Craig Bragg,FALSE,WR,UCLA,NA,NA,0,0,0,NA,NA,NA
2005,6,196,SEA,Tony Jackson,FALSE,TE,Iowa,NA,NA,0,0,0,NA,NA,NA
2005,6,197,BUF,Justin Geisinger,FALSE,OG,Vanderbilt,23,2008,0,0,0,0,6,3
2005,6,198,NYJ,Joel Dreessen,FALSE,TE,Colorado St.,23,2013,0,0,4,16,120,8
2005,6,199,KAN,Khari Long,FALSE,DE,Baylor,23,2005,0,0,0,0,1,0
2005,6,200,DEN,Chris Myers,FALSE,OG,Miami (FL),23,2014,0,2,8,59,153,9
2005,6,201,ATL,DeAndra Cobb,FALSE,RB,Michigan St.,24,2005,0,0,0,0,3,0
2005,6,202,IND,Dave Rayner,FALSE,PK,Michigan St.,22,2011,0,0,0,3,59,6
2005,6,203,CLE,Andrew Hoffman,FALSE,DT,Virginia,NA,NA,0,0,0,NA,NA,NA
2005,6,204,PIT,Chris Kemoeatu,FALSE,OG,Utah,22,2011,0,0,3,27,75,6
2005,6,205,SFO,Derrick Johnson,FALSE,DB,Washington,23,2006,0,0,0,2,19,1
2005,6,206,DET,Jonathan Goddard,FALSE,DE,Marshall,24,2005,0,0,0,0,1,0
2005,6,207,CAR,Joe Berger,FALSE,OT,Michigan Tech,23,2017,0,0,5,36,145,12
2005,6,208,DAL,Justin Beriault,FALSE,DB,Ball St.,NA,NA,0,0,0,NA,NA,NA
2005,6,209,DAL,Rob Petitti,FALSE,OT,Pittsburgh,23,2010,0,0,1,9,27,5
2005,6,210,STL,Reggie Hodges,FALSE,P,Ball St.,23,2012,0,0,0,5,64,7
2005,6,211,PHI,Calvin Armstrong,FALSE,OT,Washington St.,NA,NA,0,0,0,NA,NA,NA
2005,6,212,OAK,Ryan Riddle,FALSE,DE,California,24,2006,0,0,0,1,17,1
2005,6,213,BAL,Derek Anderson,FALSE,QB,Oregon St.,22,2018,0,1,3,23,78,13
2005,6,214,OAK,Pete McMahon,FALSE,OT,Iowa,NA,NA,0,0,0,NA,NA,NA
2005,7,215,SFO,Daven Holly,FALSE,DB,Cincinnati,23,2007,0,0,1,10,32,2
2005,7,216,MIA,Kevin Vickerson,FALSE,DT,Michigan St.,22,2014,0,0,3,21,86,9
2005,7,217,CLE,Jon Dunn,FALSE,OT,Virginia Tech,NA,NA,0,0,0,NA,NA,NA
2005,7,218,TEN,Reynaldo Hill,FALSE,DB,Florida,23,2008,0,0,2,11,48,3
2005,7,219,MIN,Adrian Ward,FALSE,DB,Texas-El Paso,NA,NA,0,0,0,NA,NA,NA
2005,7,220,CHI,Rod Wilson,FALSE,DB,South Carolina,23,2010,0,0,0,7,51,5
2005,7,221,TAM,Rick Razzano,FALSE,RB,Mississippi,NA,NA,0,0,0,NA,NA,NA
2005,7,222,WAS,Nehemiah Broughton,FALSE,FB,The Citadel,22,2006,0,0,0,0,6,1
2005,7,223,SFO,Marcus Maxwell,FALSE,WR,Oregon,22,2007,0,0,0,0,9,2
2005,7,224,DAL,Jay Ratliff,FALSE,DE,Auburn,24,2015,1,4,7,55,122,10
2005,7,225,TAM,Paris Warren,FALSE,WR,Utah,23,2006,0,0,0,0,8,1
2005,7,226,ARI,LeRon McCoy,FALSE,WR,Indiana (PA),23,2005,0,0,0,1,10,0
2005,7,227,HOU,Kenneth Pettway,FALSE,DE,Grambling St.,22,2008,0,0,0,3,25,3
2005,7,228,PIT,Shaun Nua,FALSE,DE,BYU,NA,NA,0,0,0,NA,NA,NA
2005,7,229,KAN,James Kilian,FALSE,QB,Tulsa,NA,NA,0,0,0,NA,NA,NA
2005,7,230,NWE,Matt Cassel,FALSE,QB,USC,23,2018,0,1,6,47,107,13
2005,7,231,TAM,Hamza Abdullah,FALSE,DB,Washington St.,22,2011,0,0,1,5,47,6
2005,7,232,NOR,Jimmy Verdon,FALSE,DT,Arizona St.,20,2005,0,0,0,0,4,0
2005,7,233,CIN,Jonathan Fanene,FALSE,DE,Utah,23,2011,0,0,1,12,71,6
2005,7,234,BAL,Mike Smith,FALSE,LB,Texas Tech,24,2006,0,0,0,1,14,1
2005,7,235,SEA,Cornelius Wortham,FALSE,LB,Alabama,23,2005,0,0,0,1,8,0
2005,7,236,BUF,Lionel Gates,FALSE,RB,Louisville,23,2007,0,0,0,0,1,2
2005,7,237,JAX,Chris Roberson,FALSE,DB,Eastern Michigan,22,2008,0,0,0,0,7,3
2005,7,238,KAN,Jeremy Parquet,FALSE,OT,Southern Miss,NA,NA,0,0,0,NA,NA,NA
2005,7,239,DEN,Paul Ernster,FALSE,PK,Northern Arizona,23,2008,0,0,0,2,22,3
2005,7,240,NYJ,Harry Williams,FALSE,WR,Tuskegee,23,2007,0,0,0,0,3,2
2005,7,241,ATL,Darrell Shropshire,FALSE,DT,South Carolina,22,2006,0,0,0,2,23,1
2005,7,242,SDG,Scott Mruczkowski,FALSE,OC,Bowling Green,23,2011,0,0,1,15,83,6
2005,7,243,IND,Anthony Davis,FALSE,RB,Wisconsin,NA,NA,0,0,0,NA,NA,NA
2005,7,244,PIT,Noah Herron,FALSE,RB,Northwestern,23,2006,0,0,0,3,23,1
2005,7,245,GNB,Kurt Campbell,FALSE,DB,Albany (NY),NA,NA,0,0,0,NA,NA,NA
2005,7,246,GNB,Will Whitticker,FALSE,OG,Michigan St.,23,2005,0,0,1,6,15,0
2005,7,247,PHI,Keyonta Marshall,FALSE,DT,Grand Valley St.,24,2005,0,0,0,0,1,0
2005,7,248,SFO,Patrick Estes,FALSE,TE,Virginia,22,2007,0,0,0,0,8,2
2005,7,249,SFO,Billy Bajema,FALSE,TE,Oklahoma St.,22,2013,0,0,4,2,120,8
2005,7,250,STL,Ryan Fitzpatrick,FALSE,QB,Harvard,22,2021,0,0,10,78,166,16
2005,7,251,STL,Madison Hedgecock,FALSE,FB,North Carolina,24,2010,0,0,4,2,84,5
2005,7,252,PHI,David Bergeron,FALSE,LB,Stanford,NA,NA,0,0,0,NA,NA,NA
2005,7,253,TAM,J.R. Russell,FALSE,WR,Louisville,NA,NA,0,0,0,NA,NA,NA
2005,7,254,SEA,Doug Nienhuis,FALSE,OT,Oregon St.,23,2005,0,0,0,0,7,0
2005,7,255,NWE,Andy Stokes,FALSE,TE,William Penn,NA,NA,0,0,0,NA,NA,NA
2006,1,1,HOU,Mario Williams,FALSE,DE,North Carolina St.,21,2016,1,4,9,79,158,10
2006,1,2,NOR,Reggie Bush,FALSE,RB,USC,21,2016,0,0,8,61,134,10
2006,1,3,TEN,Vince Young,FALSE,QB,Texas,23,2011,0,2,4,33,60,5
2006,1,4,NYJ,D'Brickashaw Ferguson,FALSE,OT,Virginia,22,2015,0,3,10,58,160,9
2006,1,5,GNB,A.J. Hawk,FALSE,LB,Ohio St.,22,2016,0,1,10,55,159,10
2006,1,6,SFO,Vernon Davis,FALSE,TE,Maryland,22,2019,0,2,11,51,198,13
2006,1,7,OAK,Michael Huff,FALSE,DB,Texas,23,2013,0,0,6,33,118,7
2006,1,8,BUF,Donte Whitner,FALSE,DB,Ohio St.,21,2016,0,2,10,47,157,10
2006,1,9,DET,Ernie Sims,FALSE,LB,Florida St.,21,2013,0,0,4,29,109,7
2006,1,10,ARI,Matt Leinart,FALSE,QB,USC,23,2012,0,0,1,12,33,6
2006,1,11,DEN,Jay Cutler,FALSE,QB,Vanderbilt,23,2017,0,1,10,86,153,11
2006,1,12,BAL,Haloti Ngata,FALSE,DT,Oregon,22,2018,2,5,12,100,180,12
2006,1,13,CLE,Kamerion Wimbley,FALSE,DE,Florida St.,22,2014,0,0,8,44,140,8
2006,1,14,PHI,Brodrick Bunkley,FALSE,DT,Florida St.,22,2014,0,0,7,40,130,8
2006,1,15,STL,Tye Hill,FALSE,DB,Clemson,24,2010,0,0,0,9,40,4
2006,1,16,MIA,Jason Allen,FALSE,DB,Tennessee,23,2012,0,0,1,13,98,6
2006,1,17,MIN,Chad Greenway,FALSE,LB,Iowa,23,2016,0,2,10,66,156,10
2006,1,18,DAL,Bobby Carpenter,FALSE,LB,Ohio St.,23,2012,0,0,0,11,93,6
2006,1,19,SDG,Antonio Cromartie,FALSE,DB,Florida St.,22,2016,1,4,8,66,162,10
2006,1,20,KAN,Tamba Hali,FALSE,DE,Penn St.,22,2017,0,5,10,75,177,11
2006,1,21,NWE,Laurence Maroney,FALSE,RB,Minnesota,21,2010,0,0,0,26,49,4
2006,1,22,SFO,Manny Lawson,FALSE,DE,North Carolina St.,22,2015,0,0,7,47,143,9
2006,1,23,TAM,Davin Joseph,FALSE,OG,Oklahoma,22,2014,0,2,8,42,116,8
2006,1,24,CIN,Johnathan Joseph,FALSE,DB,South Carolina,22,2020,0,2,15,67,211,14
2006,1,25,PIT,Santonio Holmes,FALSE,WR,Ohio St.,22,2014,0,0,6,47,112,8
2006,1,26,BUF,John McCargo,FALSE,DT,North Carolina St.,23,2011,0,0,0,4,44,5
2006,1,27,CAR,DeAngelo Williams,FALSE,RB,Memphis,23,2016,0,1,6,61,142,10
2006,1,28,JAX,Marcedes Lewis,FALSE,TE,UCLA,22,2025,0,1,15,35,290,19
2006,1,29,NYJ,Nick Mangold,FALSE,OC,Ohio St.,22,2016,2,7,11,73,164,10
2006,1,30,IND,Joseph Addai,FALSE,RB,LSU,23,2011,0,1,4,50,78,5
2006,1,31,SEA,Kelly Jennings,FALSE,DB,Miami (FL),23,2011,0,0,2,18,91,5
2006,1,32,NYG,Mathias Kiwanuka,FALSE,DE,Boston Col.,23,2014,0,0,5,37,120,8
2006,2,33,HOU,DeMeco Ryans,FALSE,LB,Alabama,22,2015,0,2,8,58,140,9
2006,2,34,CLE,D'Qwell Jackson,FALSE,LB,Maryland,22,2016,0,1,9,61,141,10
2006,2,35,WAS,Rocky McIntosh,FALSE,LB,Miami (FL),23,2013,0,0,5,38,124,7
2006,2,36,NWE,Chad Jackson,FALSE,WR,Florida,21,2008,0,0,0,2,18,2
2006,2,37,ATL,Jimmy Williams,FALSE,DB,Virginia Tech,22,2007,0,0,0,5,27,1
2006,2,38,OAK,Thomas Howard,FALSE,LB,Texas-El Paso,23,2013,0,0,5,33,95,7
2006,2,39,PHI,Winston Justice,FALSE,OT,USC,21,2013,0,0,3,21,63,7
2006,2,40,DET,Daniel Bullocks,FALSE,DB,Nebraska,23,2008,0,0,1,7,31,2
2006,2,41,ARI,Deuce Lutui,FALSE,OG,USC,23,2012,0,0,5,34,101,6
2006,2,42,CHI,Danieal Manning,FALSE,DB,Abilene Christian,24,2014,0,0,6,35,128,8
2006,2,43,NOR,Roman Harper,FALSE,DB,Alabama,23,2016,0,2,8,49,156,10
2006,2,44,NYG,Sinorice Moss,FALSE,WR,Miami (FL),22,2009,0,0,0,4,37,3
2006,2,45,TEN,LenDale White,FALSE,RB,USC,21,2009,0,0,1,14,58,3
2006,2,46,STL,Joe Klopfenstein,FALSE,TE,Colorado,22,2009,0,0,3,3,49,3
2006,2,47,GNB,Daryn Colledge,FALSE,OT,Boise St.,24,2014,0,0,9,57,141,8
2006,2,48,MIN,Cedric Griffin,FALSE,DB,Texas,23,2012,0,0,4,23,89,6
2006,2,49,NYJ,Kellen Clemens,FALSE,QB,Oregon,23,2017,0,0,2,10,64,11
2006,2,50,SDG,Marcus McNeill,FALSE,OT,Auburn,22,2011,0,2,6,48,82,5
2006,2,51,MIN,Ryan Cook,FALSE,OC,New Mexico,23,2012,0,0,3,23,90,6
2006,2,52,GNB,Greg Jennings,FALSE,WR,Western Michigan,22,2015,0,2,8,66,143,9
2006,2,53,DAL,Anthony Fasano,FALSE,TE,Notre Dame,22,2017,0,0,8,22,180,11
2006,2,54,KAN,Bernard Pollard,FALSE,DB,Purdue,21,2014,0,1,7,34,126,8
2006,2,55,CIN,Andrew Whitworth,FALSE,OT,LSU,24,2021,2,4,16,100,239,15
2006,2,56,BAL,Chris Chester,FALSE,OG,Oklahoma,23,2016,0,0,9,59,169,10
2006,2,57,CHI,Devin Hester,TRUE,DB,Miami (FL),23,2016,3,4,3,47,156,10
2006,2,58,CAR,Richard Marshall,FALSE,DB,Fresno St.,21,2014,0,0,3,31,124,8
2006,2,59,TAM,Jeremy Trueblood,FALSE,OT,Boston Col.,23,2013,0,0,6,35,116,7
2006,2,60,JAX,Maurice Jones-Drew,FALSE,RB,UCLA,21,2014,1,3,4,74,126,8
2006,2,61,DEN,Tony Scheffler,FALSE,TE,Western Michigan,23,2013,0,0,2,24,107,7
2006,2,62,IND,Tim Jennings,FALSE,DB,Georgia,22,2015,0,2,6,43,137,9
2006,2,63,SEA,Darryl Tapp,FALSE,DE,Virginia Tech,21,2017,0,0,2,30,165,11
2006,2,64,MIN,Tarvaris Jackson,FALSE,QB,Alabama St.,23,2015,0,0,2,22,59,9
2006,3,65,HOU,Charles Spencer,FALSE,OG,Pittsburgh,24,2006,0,0,0,1,2,0
2006,3,66,HOU,Eric Winston,FALSE,OT,Miami (FL),22,2017,0,0,7,53,165,11
2006,3,67,GNB,Abdul Hodge,FALSE,LB,Iowa,23,2010,0,0,0,2,35,4
2006,3,68,STL,Claude Wroten,FALSE,DT,LSU,22,2007,0,0,0,2,26,1
2006,3,69,OAK,Paul McQuistan,FALSE,OT,Weber St.,23,2014,0,0,2,24,97,8
2006,3,70,BUF,Ashton Youboty,FALSE,DB,Ohio St.,22,2011,0,0,0,8,49,5
2006,3,71,PHI,Chris Gocong,FALSE,DE,Cal Poly-San Luis Obispo,22,2011,0,0,5,29,79,5
2006,3,72,ARI,Leonard Pope,FALSE,TE,Georgia,22,2012,0,0,4,6,103,6
2006,3,73,CHI,Dusty Dvoracek,FALSE,DT,Oklahoma,25,2008,0,0,1,6,13,2
2006,3,74,DET,Brian Calhoun,FALSE,RB,Wisconsin,22,2007,0,0,0,1,11,1
2006,3,75,GNB,Jason Spitz,FALSE,OG,Louisville,23,2011,0,0,3,24,75,5
2006,3,76,NYJ,Anthony Schlegel,FALSE,LB,Ohio St.,25,2007,0,0,0,2,17,1
2006,3,77,STL,Jon Alston,FALSE,LB,Stanford,23,2009,0,0,0,5,39,3
2006,3,78,CLE,Travis Wilson,FALSE,WR,Oklahoma,22,2006,0,0,0,0,4,0
2006,3,79,ATL,Jerious Norwood,FALSE,RB,Mississippi St.,23,2011,0,0,0,20,66,5
2006,3,80,JAX,Clint Ingram,FALSE,LB,Oklahoma,23,2009,0,0,3,21,56,3
2006,3,81,SDG,Charlie Whitehurst,FALSE,QB,Clemson,24,2016,0,0,0,7,25,10
2006,3,82,MIA,Derek Hagan,FALSE,WR,Arizona St.,21,2014,0,0,0,12,99,8
2006,3,83,PIT,Anthony Smith,FALSE,DB,Syracuse,22,2011,0,0,1,12,76,5
2006,3,84,SFO,Brandon Williams,FALSE,WR,Wisconsin,22,2007,0,0,0,0,23,1
2006,3,85,KAN,Brodie Croyle,FALSE,QB,Alabama,23,2010,0,0,0,2,18,4
2006,3,86,NWE,David Thomas,FALSE,TE,Texas,23,2012,0,0,3,9,80,6
2006,3,87,BAL,David Pittman,FALSE,DB,Northwestern St. (LA),22,2007,0,0,0,1,7,1
2006,3,88,CAR,James Anderson,FALSE,LB,Virginia Tech,22,2015,0,0,4,31,123,9
2006,3,89,CAR,Rashad Butler,FALSE,OT,Miami (FL),23,2013,0,0,0,7,51,7
2006,3,90,TAM,Maurice Stovall,FALSE,WR,Notre Dame,21,2012,0,0,0,5,81,6
2006,3,91,CIN,Frostee Rucker,FALSE,DE,USC,22,2018,0,0,5,39,157,12
2006,3,92,DAL,Jason Hatcher,FALSE,DE,Grambling St.,24,2015,0,1,5,34,147,9
2006,3,93,STL,Dominique Byrd,FALSE,TE,USC,22,2011,0,0,0,0,17,5
2006,3,94,IND,Freddy Keiaho,FALSE,LB,San Diego St.,23,2009,0,0,2,15,55,3
2006,3,95,PIT,Willie Reid,FALSE,WR,Florida St.,23,2007,0,0,0,1,7,1
2006,3,96,NYG,Gerris Wilkinson,FALSE,LB,Georgia Tech,23,2010,0,0,0,6,58,4
2006,3,97,NYJ,Eric Smith,FALSE,DB,Michigan St.,23,2012,0,0,1,18,96,6
2006,4,98,HOU,Owen Daniels,FALSE,TE,Wisconsin,23,2015,0,2,9,41,131,9
2006,4,99,PHI,Max Jean-Gilles,FALSE,OG,Georgia,22,2010,0,0,2,14,42,4
2006,4,100,SFO,Michael Robinson,FALSE,WR,Penn St.,23,2013,0,1,1,7,112,7
2006,4,101,OAK,Darnell Bing,FALSE,DB,USC,21,2009,0,0,0,1,5,3
2006,4,102,TEN,Calvin Lowry,FALSE,DB,Penn St.,23,2008,0,0,0,7,43,2
2006,4,103,NYJ,Brad Smith,FALSE,QB,Missouri,22,2014,0,0,1,17,125,8
2006,4,104,GNB,Cory Rodgers,FALSE,WR,TCU,NA,NA,0,0,0,NA,NA,NA
2006,4,105,BUF,Ko Simpson,FALSE,DB,South Carolina,22,2009,0,0,2,12,41,3
2006,4,106,NWE,Garrett Mills,FALSE,FB,Tulsa,22,2010,0,0,0,1,16,4
2006,4,107,ARI,Gabe Watson,FALSE,DT,Michigan,22,2010,0,0,1,11,62,4
2006,4,108,NOR,Jahri Evans,FALSE,OT,Bloomsburg,23,2017,4,6,12,114,183,11
2006,4,109,PHI,Jason Avant,FALSE,WR,Michigan,23,2015,0,0,3,29,148,9
2006,4,110,CLE,Leon Williams,FALSE,LB,Miami (FL),23,2012,0,0,0,9,61,6
2006,4,111,BAL,Demetrius Williams,FALSE,WR,Oregon,23,2010,0,0,0,9,46,4
2006,4,112,CLE,Isaac Sowells,FALSE,OT,Indiana,24,2008,0,0,0,1,17,2
2006,4,113,STL,Victor Adeyanju,FALSE,DE,Indiana,23,2009,0,0,2,13,53,3
2006,4,114,MIA,Joe Toledo,FALSE,OT,Washington,NA,NA,0,0,0,NA,NA,NA
2006,4,115,GNB,Will Blackmon,FALSE,DB,Boston Col.,21,2016,0,0,2,16,96,10
2006,4,116,TEN,Stephen Tulloch,FALSE,LB,North Carolina St.,21,2016,0,0,7,49,159,10
2006,4,117,NYJ,Leon Washington,FALSE,RB,Florida St.,24,2014,1,2,1,30,126,8
2006,4,118,NWE,Stephen Gostkowski,FALSE,PK,Memphis,22,2020,2,4,0,37,219,14
2006,4,119,DEN,Brandon Marshall,FALSE,WR,Central Florida,22,2018,1,6,10,83,179,12
2006,4,120,CHI,Jamar Williams,FALSE,LB,Arizona St.,22,2010,0,0,0,5,54,4
2006,4,121,CAR,Nate Salley,FALSE,DB,Ohio St.,22,2008,0,0,0,1,24,2
2006,4,122,TAM,Alan Zemaitis,FALSE,DB,Penn St.,NA,NA,0,0,0,NA,NA,NA
2006,4,123,CIN,Domata Peko,FALSE,DT,Michigan St.,21,2020,0,0,12,68,214,14
2006,4,124,NYG,Barry Cofield,FALSE,DT,Northwestern,22,2015,0,0,8,46,138,9
2006,4,125,DAL,Skyler Green,FALSE,WR,LSU,21,2008,0,0,0,0,11,2
2006,4,126,DEN,Elvis Dumervil,FALSE,DE,Louisville,22,2017,2,5,6,63,162,11
2006,4,127,MIN,Ray Edwards,FALSE,DE,Purdue,21,2012,0,0,5,37,97,6
2006,4,128,SEA,Rob Sims,FALSE,OG,Ohio St.,22,2014,0,0,7,46,125,8
2006,4,129,NYG,Guy Whimper,FALSE,DE,East Carolina,23,2013,0,0,1,13,78,7
2006,4,130,DEN,Domenik Hixon,FALSE,WR,Akron,21,2013,0,0,0,17,76,7
2006,4,131,PIT,Willie Colon,FALSE,OG,Hofstra,23,2015,0,0,6,40,100,9
2006,4,132,BAL,P.J. Daniels,FALSE,RB,Georgia Tech,23,NA,0,0,0,NA,NA,NA
2006,4,133,PIT,Orien Harris,FALSE,DT,Miami (FL),23,2009,0,0,0,1,20,3
2006,5,134,BUF,Kyle Williams,FALSE,DT,LSU,23,2018,0,6,11,79,183,12
2006,5,135,NOR,Rob Ninkovich,FALSE,DE,Purdue,22,2016,0,0,7,51,131,10
2006,5,136,NWE,Ryan O'Callaghan,FALSE,OT,California,23,2010,0,0,1,11,51,4
2006,5,137,TEN,Terna Nande,FALSE,LB,Miami (OH),23,2006,0,0,0,0,1,0
2006,5,138,DAL,Pat Watkins,FALSE,DB,Florida St.,23,2010,0,0,1,6,53,4
2006,5,139,ATL,Quinn Ojinnaka,FALSE,OG,Syracuse,22,2012,0,0,2,11,62,6
2006,5,140,SFO,Parys Haralson,FALSE,DE,Tennessee,22,2014,0,0,7,38,118,8
2006,5,141,DET,Jonathan Scott,FALSE,OT,Texas,23,2014,0,0,1,17,71,8
2006,5,142,ARI,Brandon Johnson,FALSE,LB,Louisville,23,2012,0,0,1,13,87,6
2006,5,143,BUF,Brad Butler,FALSE,OT,Virginia,22,2009,0,0,2,13,33,3
2006,5,144,STL,Marques Hagans,FALSE,WR,Virginia,23,2008,0,0,0,1,6,2
2006,5,145,CLE,Jerome Harrison,FALSE,RB,Washington St.,23,2011,0,0,0,12,63,5
2006,5,146,BAL,Dawan Landry,FALSE,DB,Georgia Tech,23,2014,0,0,8,43,130,8
2006,5,147,PHI,Jeremy Bloom,FALSE,DB,Colorado,NA,NA,0,0,0,NA,NA,NA
2006,5,148,GNB,Ingle Martin,FALSE,QB,Furman,24,2006,0,0,0,0,1,0
2006,5,149,MIN,Greg Blue,FALSE,DB,Georgia,24,2007,0,0,0,2,20,1
2006,5,150,NYJ,Jason Pociask,FALSE,TE,Wisconsin,23,2007,0,0,0,0,4,1
2006,5,151,SDG,Tim Dobbins,FALSE,LB,Iowa St.,23,2013,0,0,1,19,110,7
2006,5,152,CLE,DeMario Minter,FALSE,DB,Georgia,NA,NA,0,0,0,NA,NA,NA
2006,5,153,WAS,Anthony Montgomery,FALSE,DT,Minnesota,22,2009,0,0,1,14,42,3
2006,5,154,KAN,Marcus Maxey,FALSE,DB,Miami (FL),23,2006,0,0,0,0,2,0
2006,5,155,CAR,Jeff King,FALSE,TE,Virginia Tech,23,2012,0,0,6,10,108,6
2006,5,156,TAM,Julian Jenkins,FALSE,DE,Stanford,22,2006,0,0,0,1,12,0
2006,5,157,CIN,A.J. Nicholson,FALSE,LB,Florida St.,23,2006,0,0,0,0,2,0
2006,5,158,NYG,Charlie Peprah,FALSE,DB,Alabama,23,2012,0,0,2,12,74,6
2006,5,159,CHI,Mark Anderson,FALSE,DE,Alabama,23,2012,0,0,1,21,98,6
2006,5,160,JAX,Brent Hawkins,FALSE,DE,Illinois St.,23,2007,0,0,0,3,20,1
2006,5,161,DEN,Chris Kuper,FALSE,OG,North Dakota,23,2013,0,0,5,35,90,7
2006,5,162,IND,Michael Toudouze,FALSE,OG,TCU,23,2011,0,0,0,1,9,5
2006,5,163,SEA,David Kirtman,FALSE,RB,USC,23,2008,0,0,0,0,7,2
2006,5,164,PIT,Omar Jacobs,FALSE,QB,Bowling Green,NA,NA,0,0,0,NA,NA,NA
2006,5,165,GNB,Tony Moll,FALSE,OT,Nevada,23,2011,0,0,0,13,63,5
2006,5,166,BAL,Quinn Sypniewski,FALSE,TE,Colorado,24,2007,0,0,1,2,31,1
2006,5,167,PIT,Charles Davis,FALSE,TE,Purdue,NA,NA,0,0,0,NA,NA,NA
2006,5,168,PHI,Omar Gaither,FALSE,LB,Tennessee,22,2013,0,0,2,25,92,7
2006,5,169,TEN,Jesse Mahelona,FALSE,DT,Tennessee,23,2007,0,0,0,1,11,1
2006,6,170,HOU,Wali Lundy,FALSE,RB,Virginia,22,2006,0,0,1,5,14,0
2006,6,171,NOR,Mike Hass,FALSE,WR,Oregon St.,23,2009,0,0,0,0,2,3
2006,6,172,TEN,Jonathan Orr,FALSE,WR,Wisconsin,NA,NA,0,0,0,NA,NA,NA
2006,6,173,WAS,Reed Doughty,FALSE,DB,Northern Colorado,23,2013,0,0,3,20,107,7
2006,6,174,NOR,Josh Lay,FALSE,DB,Pittsburgh,NA,NA,0,0,0,NA,NA,NA
2006,6,175,SFO,Delanie Walker,FALSE,WR,Central Missouri St.,22,2019,0,3,7,39,183,13
2006,6,176,OAK,Kevin Boothe,FALSE,OT,Cornell,23,2014,0,0,4,27,114,8
2006,6,177,ARI,Jonathan Lewis,FALSE,DT,Virginia Tech,22,2006,0,0,0,0,4,0
2006,6,178,BUF,Keith Ellison,FALSE,LB,Oregon St.,22,2010,0,0,3,19,58,4
2006,6,179,DET,Dee McCann,FALSE,DB,West Virginia,NA,NA,0,0,0,NA,NA,NA
2006,6,180,CLE,Lawrence Vickers,FALSE,FB,Colorado,23,2012,0,0,3,3,106,6
2006,6,181,CLE,Babatunde Oshinowo,FALSE,DT,Stanford,23,2007,0,0,0,0,2,1
2006,6,182,DAL,Montavious Stanley,FALSE,DT,Louisville,24,2009,0,0,0,5,33,3
2006,6,183,GNB,Johnny Jolly,FALSE,DT,Texas A&M,23,2013,0,0,3,21,61,7
2006,6,184,ATL,Adam Jennings,FALSE,WR,Fresno St.,23,2009,0,0,0,0,46,3
2006,6,185,GNB,Tyrone Culver,FALSE,DB,Fresno St.,23,2012,0,0,0,7,80,6
2006,6,186,KAN,Tre Stallings,FALSE,OG,Mississippi St.,23,2007,0,0,0,0,1,1
2006,6,187,SDG,Jeromey Clary,FALSE,OT,Kansas St.,22,2013,0,0,6,47,103,7
2006,6,188,SDG,Kurt Smith,FALSE,PK,Virginia,NA,NA,0,0,0,NA,NA,NA
2006,6,189,NYJ,Drew Coleman,FALSE,DB,TCU,23,2011,0,0,0,11,83,5
2006,6,190,KAN,Jeff Webb,FALSE,WR,San Diego St.,24,2008,0,0,0,2,31,2
2006,6,191,NWE,Jeremy Mincey,FALSE,DE,Florida,22,2015,0,0,4,29,96,9
2006,6,192,SFO,Marcus Hudson,FALSE,DB,North Carolina St.,23,2010,0,0,0,5,62,4
2006,6,193,CIN,Reggie McNeal,FALSE,QB,Texas A&M,22,2006,0,0,0,0,7,0
2006,6,194,TAM,Bruce Gradkowski,FALSE,QB,Toledo,23,2014,0,0,1,8,37,8
2006,6,195,CHI,J.D. Runnels,FALSE,RB,Oklahoma,22,2006,0,0,0,0,2,0
2006,6,196,WAS,Kedric Golston,FALSE,DT,Georgia,23,2016,0,0,4,27,142,10
2006,6,197,SFO,Melvin Oliver,FALSE,DE,LSU,23,2006,0,0,1,5,16,0
2006,6,198,DEN,Greg Eslinger,FALSE,OC,Minnesota,NA,NA,0,0,0,NA,NA,NA
2006,6,199,IND,Charlie Johnson,FALSE,OT,Oklahoma St.,22,2014,0,0,7,52,134,8
2006,6,200,CHI,Tyler Reed,FALSE,OG,Penn St.,NA,NA,0,0,0,NA,NA,NA
2006,6,201,PIT,Marvin Philip,FALSE,OC,California,NA,NA,0,0,0,NA,NA,NA
2006,6,202,TAM,T.J. Williams,FALSE,TE,North Carolina St.,NA,NA,0,0,0,NA,NA,NA
2006,6,203,BAL,Sam Koch,FALSE,P,Nebraska,24,2021,0,1,0,25,256,15
2006,6,204,PHI,LaJuan Ramsey,FALSE,DT,USC,22,2009,0,0,0,4,34,3
2006,6,205,NWE,Dan Stevenson,FALSE,OG,Notre Dame,NA,NA,0,0,0,NA,NA,NA
2006,6,206,NWE,Le Kevin Smith,FALSE,DT,Nebraska,24,2010,0,0,0,5,45,4
2006,6,207,IND,Antoine Bethea,FALSE,DB,Howard,22,2019,0,3,12,63,209,13
2006,6,208,BAL,Derrick Martin,FALSE,DB,Wyoming,21,2013,0,0,0,5,73,7
2006,7,209,CIN,Ethan Kilmer,FALSE,WR,Penn St.,23,2006,0,0,0,0,16,0
2006,7,210,NOR,Zach Strief,FALSE,OG,Northwestern,22,2017,0,0,6,50,158,11
2006,7,211,DAL,Pat McQuistan,FALSE,OT,Weber St.,23,2012,0,0,0,8,72,6
2006,7,212,MIA,Fred Evans,FALSE,DT,Texas St.,22,2013,0,0,0,9,95,7
2006,7,213,JAX,James Wyche,FALSE,DE,Syracuse,24,2009,0,0,0,0,3,3
2006,7,214,OAK,Chris Morris,FALSE,OC,Michigan St.,23,2010,0,0,1,5,51,4
2006,7,215,TEN,Cortland Finnegan,FALSE,DB,Samford,22,2015,1,1,7,53,133,9
2006,7,216,BUF,Terrance Pennington,FALSE,OT,New Mexico,22,2007,0,0,1,4,16,1
2006,7,217,DET,Fred Matua,FALSE,OG,USC,NA,NA,0,0,0,NA,NA,NA
2006,7,218,ARI,Todd Watkins,FALSE,WR,BYU,23,2009,0,0,0,1,21,3
2006,7,219,BAL,Ryan LaCasse,FALSE,LB,Syracuse,23,2006,0,0,0,1,12,0
2006,7,220,NYJ,Titus Adams,FALSE,DT,Nebraska,23,2009,0,0,0,0,2,3
2006,7,221,STL,Tim McGarigle,FALSE,LB,Northwestern,22,2007,0,0,0,1,12,1
2006,7,222,CLE,Justin Hamilton,FALSE,RB,Virginia Tech,23,2008,0,0,0,1,12,2
2006,7,223,ATL,D.J. Shockley,FALSE,QB,Georgia,NA,NA,0,0,0,NA,NA,NA
2006,7,224,DAL,E.J. Whitley,FALSE,OC,Texas Tech,NA,NA,0,0,0,NA,NA,NA
2006,7,225,SDG,Chase Page,FALSE,DT,North Carolina,23,2007,0,0,0,0,6,1
2006,7,226,MIA,Rodrique Wright,FALSE,DT,Texas,22,2008,0,0,0,4,13,2
2006,7,227,SDG,Jimmy Martin,FALSE,OC,Virginia Tech,NA,NA,0,0,0,NA,NA,NA
2006,7,228,KAN,Jarrad Page,FALSE,DB,UCLA,21,2011,0,0,2,18,74,5
2006,7,229,NWE,Willie Andrews,FALSE,DB,Baylor,22,2007,0,0,0,3,30,1
2006,7,230,WAS,Kili Lefotu,FALSE,OG,Arizona,NA,NA,0,0,0,NA,NA,NA
2006,7,231,CIN,Bennie Brazell,FALSE,WR,LSU,NA,NA,0,0,0,NA,NA,NA
2006,7,232,NYG,Gerrick McPhearson,FALSE,DB,Maryland,NA,NA,0,0,0,NA,NA,NA
2006,7,233,MIA,Devin Aromashodu,FALSE,WR,Auburn,22,2012,0,0,0,10,61,6
2006,7,234,CAR,Will Montgomery,FALSE,OG,Virginia Tech,23,2015,0,0,4,34,110,9
2006,7,235,TAM,Justin Phinisee,FALSE,DB,Oregon,NA,NA,0,0,0,NA,NA,NA
2006,7,236,JAX,Dee Webb,FALSE,DB,Florida,21,2006,0,0,0,1,11,0
2006,7,237,CAR,Stanley McClover,FALSE,DE,Auburn,21,2008,0,0,0,1,14,2
2006,7,238,IND,T.J. Rushing,FALSE,DB,Stanford,23,2009,0,0,0,3,35,3
2006,7,239,SEA,Ryan Plackemeier,FALSE,P,Wake Forest,22,2008,0,0,0,5,43,2
2006,7,240,PIT,Cedric Humes,FALSE,RB,Virginia Tech,NA,NA,0,0,0,NA,NA,NA
2006,7,241,TAM,Charles Bennett,FALSE,LB,Clemson,23,2006,0,0,0,0,3,0
2006,7,242,STL,Mark Setterstrom,FALSE,OG,Minnesota,22,2009,0,0,0,5,19,3
2006,7,243,STL,Tony Palmer,FALSE,OG,Missouri,23,2007,0,0,0,0,8,1
2006,7,244,TAM,Tim Massaquoi,FALSE,TE,Michigan,24,2007,0,0,0,0,11,1
2006,7,245,TEN,Spencer Toone,FALSE,LB,Utah,26,2006,0,0,0,0,3,0
2006,7,246,TEN,Quinton Ganther,FALSE,RB,Utah,22,2010,0,0,0,3,36,4
2006,7,247,DET,Anthony Cannon,FALSE,LB,Tulane,21,2008,0,0,0,3,32,2
2006,7,248,BUF,Aaron Merz,FALSE,OG,California,23,2006,0,0,0,1,7,0
2006,7,249,SEA,Ben Obomanu,FALSE,WR,Auburn,22,2013,0,0,0,10,69,7
2006,7,250,WAS,Kevin Simon,FALSE,LB,Tennessee,NA,NA,0,0,0,NA,NA,NA
2006,7,251,HOU,David Anderson,FALSE,WR,Colorado St.,23,2011,0,0,0,7,67,5
2006,7,252,NOR,Marques Colston,FALSE,WR,Hofstra,23,2015,0,0,7,72,146,9
2006,7,253,GNB,Dave Tollefson,FALSE,DE,NW Missouri St.,24,2012,0,0,0,6,78,6
2006,7,254,SFO,Vickiel Vaughn,FALSE,DB,Arkansas,NA,NA,0,0,0,NA,NA,NA
2006,7,255,OAK,Kevin McMahan,FALSE,WR,Maine,NA,NA,0,0,0,NA,NA,NA
2007,1,1,OAK,JaMarcus Russell,FALSE,QB,LSU,22,2009,0,0,2,6,31,2
2007,1,2,DET,Calvin Johnson,TRUE,WR,Georgia Tech,21,2015,3,6,9,78,135,8
2007,1,3,CLE,Joe Thomas,TRUE,OT,Wisconsin,22,2017,6,10,10,85,167,10
2007,1,4,TAM,Gaines Adams,FALSE,DE,Clemson,24,2009,0,0,1,17,47,2
2007,1,5,ARI,Levi Brown,FALSE,OT,Penn St.,23,2013,0,0,5,34,81,6
2007,1,6,WAS,LaRon Landry,FALSE,DB,LSU,22,2014,0,1,7,39,103,7
2007,1,7,MIN,Adrian Peterson,FALSE,RB,Oklahoma,22,2021,4,7,12,101,184,14
2007,1,8,ATL,Jamaal Anderson,FALSE,DE,Arkansas,21,2012,0,0,3,20,77,5
2007,1,9,MIA,Ted Ginn Jr.,FALSE,WR,Ohio St.,22,2020,0,0,7,52,193,13
2007,1,10,HOU,Amobi Okoye,FALSE,DT,Louisville,20,2012,0,0,4,24,87,5
2007,1,11,SFO,Patrick Willis,TRUE,LB,Mississippi,22,2014,5,7,7,93,112,7
2007,1,12,BUF,Marshawn Lynch,FALSE,RB,California,21,2019,1,5,8,74,149,12
2007,1,13,STL,Adam Carriker,FALSE,DE,Nebraska,23,2012,0,0,3,22,65,5
2007,1,14,NYJ,Darrelle Revis,TRUE,DB,Pittsburgh,22,2017,4,7,9,93,145,10
2007,1,15,PIT,Lawrence Timmons,FALSE,LB,Florida St.,21,2017,0,1,9,72,172,10
2007,1,16,GNB,Justin Harrell,FALSE,DT,Tennessee,23,2010,0,0,0,2,14,3
2007,1,17,DEN,Jarvis Moss,FALSE,DE,Florida,23,2011,0,0,0,3,53,4
2007,1,18,CIN,Leon Hall,FALSE,DB,Michigan,22,2018,0,0,6,51,152,11
2007,1,19,TEN,Michael Griffin,FALSE,DB,Texas,22,2016,0,2,9,55,154,9
2007,1,20,NYG,Aaron Ross,FALSE,DB,Texas,24,2013,0,0,4,20,83,6
2007,1,21,JAX,Reggie Nelson,FALSE,DB,Florida,23,2018,0,2,11,63,181,11
2007,1,22,CLE,Brady Quinn,FALSE,QB,Notre Dame,22,2012,0,0,1,2,24,5
2007,1,23,KAN,Dwayne Bowe,FALSE,WR,LSU,22,2015,0,1,8,50,125,8
2007,1,24,NWE,Brandon Meriweather,FALSE,DB,Miami (FL),23,2015,0,2,6,33,112,8
2007,1,25,CAR,Jon Beason,FALSE,LB,Miami (FL),22,2015,1,3,5,55,93,8
2007,1,26,DAL,Anthony Spencer,FALSE,DE,Purdue,23,2014,0,1,4,34,104,7
2007,1,27,NOR,Robert Meachem,FALSE,WR,Tennessee,22,2014,0,0,1,26,103,7
2007,1,28,SFO,Joe Staley,FALSE,OT,Central Michigan,23,2019,0,6,12,81,181,12
2007,1,29,BAL,Ben Grubbs,FALSE,OG,Auburn,23,2015,0,2,9,56,129,8
2007,1,30,SDG,Craig Davis,FALSE,WR,LSU,21,2010,0,0,0,7,25,3
2007,1,31,CHI,Greg Olsen,FALSE,TE,Miami (FL),22,2020,0,3,11,60,199,13
2007,1,32,IND,Anthony Gonzalez,FALSE,WR,Ohio St.,22,2011,0,0,1,16,40,4
2007,2,33,ARI,Alan Branch,FALSE,DT,Michigan,22,2017,0,0,6,42,146,10
2007,2,34,BUF,Paul Posluszny,FALSE,LB,Penn St.,22,2017,0,1,9,58,145,10
2007,2,35,TAM,Arron Sears,FALSE,OG,Tennessee,22,2008,0,0,2,14,31,1
2007,2,36,PHI,Kevin Kolb,FALSE,QB,Houston,23,2012,0,0,1,12,34,5
2007,2,37,SDG,Eric Weddle,FALSE,DB,Utah,22,2021,2,6,12,88,201,14
2007,2,38,OAK,Zach Miller,FALSE,TE,Arizona St.,21,2014,0,1,7,28,110,7
2007,2,39,ATL,Justin Blalock,FALSE,OG,Texas,23,2014,0,0,8,55,125,7
2007,2,40,MIA,John Beck,FALSE,QB,BYU,26,2011,0,0,0,4,9,4
2007,2,41,ATL,Chris Houston,FALSE,DB,Arkansas,22,2013,0,0,7,32,99,6
2007,2,42,IND,Tony Ugoh,FALSE,OT,Arkansas,23,2011,0,0,2,17,40,4
2007,2,43,DET,Drew Stanton,FALSE,QB,Michigan St.,23,2017,0,0,1,10,38,10
2007,2,44,MIN,Sidney Rice,FALSE,WR,South Carolina,21,2013,0,1,3,33,81,6
2007,2,45,CAR,Dwayne Jarrett,FALSE,WR,USC,20,2010,0,0,0,4,32,3
2007,2,46,PIT,LaMarr Woodley,FALSE,DE,Michigan,22,2015,0,1,7,54,110,8
2007,2,47,NYJ,David Harris,FALSE,LB,Michigan,23,2017,0,0,11,75,164,10
2007,2,48,JAX,Justin Durant,FALSE,LB,Hampton,21,2017,0,0,6,36,128,10
2007,2,49,CIN,Kenny Irons,FALSE,RB,Auburn,NA,NA,0,0,0,NA,NA,NA
2007,2,50,TEN,Chris Henry,FALSE,RB,Arizona,22,2010,0,0,0,1,11,3
2007,2,51,NYG,Steve Smith,FALSE,WR,USC,22,2012,0,1,1,23,64,5
2007,2,52,STL,Brian Leonard,FALSE,RB,Rutgers,23,2014,0,0,0,11,88,7
2007,2,53,CLE,Eric Wright,FALSE,DB,UNLV,22,2013,0,0,6,32,92,6
2007,2,54,KAN,Turk McBride,FALSE,DT,Tennessee,22,2012,0,0,1,13,66,5
2007,2,55,SEA,Josh Wilson,FALSE,DB,Maryland,22,2015,0,0,6,32,126,8
2007,2,56,DEN,Tim Crowder,FALSE,DE,Texas,22,2011,0,0,1,11,60,4
2007,2,57,PHI,Victor Abiamiri,FALSE,DE,Notre Dame,21,2009,0,0,0,5,29,2
2007,2,58,DET,Ikaika Alama-Francis,FALSE,DE,Hawaii,22,2011,0,0,0,2,35,4
2007,2,59,CAR,Ryan Kalil,FALSE,OC,USC,22,2019,2,5,9,72,155,12
2007,2,60,MIA,Samson Satele,FALSE,OC,Hawaii,22,2014,0,0,8,48,118,7
2007,2,61,DET,Gerald Alexander,FALSE,DB,Boise St.,23,2011,0,0,2,11,44,4
2007,2,62,CHI,Dan Bazuin,FALSE,DE,Central Michigan,NA,NA,0,0,0,NA,NA,NA
2007,2,63,GNB,Brandon Jackson,FALSE,RB,Nebraska,21,2012,0,0,1,16,54,5
2007,2,64,TAM,Sabby Piscitelli,FALSE,LB,Oregon St.,24,2011,0,0,1,15,66,4
2007,3,65,OAK,Quentin Moses,FALSE,DE,Georgia,23,2010,0,0,0,5,44,3
2007,3,66,NOR,Usama Young,FALSE,DB,Kent St.,22,2014,0,0,1,17,99,7
2007,3,67,DAL,James Marten,FALSE,OT,Boston Col.,23,2008,0,0,0,0,1,1
2007,3,68,TAM,Quincy Black,FALSE,LB,New Mexico,23,2012,0,0,3,18,81,5
2007,3,69,ARI,Buster Davis,FALSE,LB,Florida St.,23,2008,0,0,0,2,7,1
2007,3,70,DEN,Ryan Harris,FALSE,OT,Notre Dame,22,2016,0,0,5,33,114,9
2007,3,71,MIA,Lorenzo Booker,FALSE,RB,Florida St.,23,2011,0,0,0,4,36,4
2007,3,72,MIN,Marcus McCauley,FALSE,DB,Fresno St.,24,2009,0,0,0,4,27,2
2007,3,73,HOU,Jacoby Jones,FALSE,WR,Lane,23,2015,1,1,2,30,128,8
2007,3,74,BAL,Yamon Figurs,FALSE,WR,Kansas St.,24,2010,0,0,0,2,34,3
2007,3,75,ATL,Laurent Robinson,FALSE,WR,Illinois St.,22,2012,0,0,1,16,59,5
2007,3,76,SFO,Jason Hill,FALSE,WR,Washington St.,22,2012,0,0,1,9,54,5
2007,3,77,PIT,Matt Spaeth,FALSE,TE,Minnesota,23,2015,0,0,6,2,123,8
2007,3,78,GNB,James Jones,FALSE,WR,San Jose St.,23,2015,0,0,4,46,136,8
2007,3,79,JAX,Mike Sims-Walker,FALSE,WR,Central Florida,22,2011,0,0,2,16,44,4
2007,3,80,TEN,Paul Williams,FALSE,WR,Fresno St.,23,2008,0,0,0,0,5,1
2007,3,81,NYG,Jay Alford,FALSE,DT,Penn St.,24,2010,0,0,0,4,36,3
2007,3,82,KAN,Tank Tyler,FALSE,DT,North Carolina St.,22,2009,0,0,1,11,43,2
2007,3,83,CAR,Charles Johnson,FALSE,DE,Georgia,21,2017,0,0,8,47,143,10
2007,3,84,STL,Jonathan Wade,FALSE,DB,Tennessee,23,2011,0,0,0,7,61,4
2007,3,85,SEA,Brandon Mebane,FALSE,DT,California,22,2019,0,0,13,63,182,12
2007,3,86,BAL,Marshal Yanda,FALSE,OT,Iowa,22,2019,2,8,10,92,177,12
2007,3,87,PHI,Stewart Bradley,FALSE,LB,Nebraska,23,2012,0,0,2,19,76,5
2007,3,88,NOR,Andy Alleman,FALSE,OG,Akron,23,2009,0,0,0,5,24,2
2007,3,89,GNB,Aaron Rouse,FALSE,DB,Virginia Tech,23,2009,0,0,2,8,41,2
2007,3,90,PHI,Tony Hunt,FALSE,RB,Penn St.,21,2008,0,0,0,0,14,1
2007,3,91,OAK,Mario Henderson,FALSE,DT,Florida St.,22,2010,0,0,1,11,44,3
2007,3,92,BUF,Trent Edwards,FALSE,QB,Stanford,23,2012,0,0,2,16,38,5
2007,3,93,CHI,Garrett Wolfe,FALSE,RB,Northern Illinois,23,2010,0,0,0,2,50,3
2007,3,94,CHI,Michael Okwo,FALSE,LB,Stanford,NA,NA,0,0,0,NA,NA,NA
2007,3,95,IND,Dante Hughes,FALSE,DB,California,22,2011,0,0,0,4,53,4
2007,3,96,SDG,Anthony Waters,FALSE,LB,Clemson,23,2010,0,0,0,2,20,3
2007,3,97,SFO,Ray McDonald,FALSE,DE,Florida,22,2014,0,0,5,35,115,7
2007,3,98,IND,Quinn Pitcock,FALSE,DT,Ohio St.,23,2007,0,0,0,1,9,0
2007,3,99,OAK,Johnnie Lee Higgins,FALSE,WR,Texas-El Paso,23,2010,0,0,0,9,60,3
2007,4,100,OAK,Michael Bush,FALSE,RB,Louisville,23,2013,0,0,2,25,89,6
2007,4,101,JAX,Adam Podlesh,FALSE,P,Maryland,24,2013,0,0,0,8,107,6
2007,4,102,MIN,Brian Robison,FALSE,DE,Texas,24,2017,0,0,6,46,173,10
2007,4,103,DAL,Isaiah Stanback,FALSE,QB,Washington,23,2012,0,0,0,0,22,5
2007,4,104,SFO,Jay Moore,FALSE,DE,Nebraska,NA,NA,0,0,0,NA,NA,NA
2007,4,105,DET,A.J. Davis,FALSE,DB,North Carolina St.,NA,NA,0,0,0,NA,NA,NA
2007,4,106,TAM,Tanard Jackson,FALSE,DB,Syracuse,22,2011,0,0,4,24,56,4
2007,4,107,NOR,Antonio Pittman,FALSE,RB,Ohio St.,21,2008,0,0,0,3,23,1
2007,4,108,MIA,Paul Soliai,FALSE,DT,Utah,23,2016,0,1,6,41,138,9
2007,4,109,ATL,Stephen Nicholas,FALSE,LB,South Florida,24,2013,0,0,4,27,101,6
2007,4,110,OAK,John Bowie,FALSE,DB,Cincinnati,23,2009,0,0,0,0,5,2
2007,4,111,BUF,Dwayne Wright,FALSE,RB,Fresno St.,24,2007,0,0,0,1,15,0
2007,4,112,PIT,Daniel Sepulveda,FALSE,P,Baylor,23,2011,0,0,0,7,52,4
2007,4,113,JAX,Brian Smith,FALSE,DE,Missouri,NA,NA,0,0,0,NA,NA,NA
2007,4,114,CIN,Marvin White,FALSE,DB,TCU,23,2010,0,0,2,8,43,3
2007,4,115,TEN,Leroy Harris,FALSE,OC,North Carolina St.,23,2013,0,0,3,19,76,6
2007,4,116,NYG,Zak DeOssie,FALSE,LB,Brown,23,2019,0,2,0,21,199,12
2007,4,117,DET,Manuel Ramirez,FALSE,OG,Texas Tech,24,2015,0,0,4,33,83,8
2007,4,118,CAR,Ryne Robinson,FALSE,WR,Miami (OH),22,2007,0,0,0,0,16,0
2007,4,119,GNB,Allen Barbre,FALSE,OT,Missouri Southern,23,2017,0,0,2,23,92,10
2007,4,120,SEA,Baraka Atkins,FALSE,DE,Miami (FL),22,2008,0,0,0,2,21,1
2007,4,121,DEN,Marcus Thomas,FALSE,DT,Florida,21,2011,0,0,2,14,76,4
2007,4,122,DAL,Doug Free,FALSE,OT,Northern Illinois,23,2016,0,0,7,49,124,9
2007,4,123,HOU,Fred Bennett,FALSE,DB,South Carolina,23,2010,0,0,1,7,49,3
2007,4,124,SEA,Mansfield Wrotto,FALSE,OG,Georgia Tech,22,2010,0,0,1,6,27,3
2007,4,125,NOR,Jermon Bushrod,FALSE,OT,Towson,23,2018,0,2,8,62,145,11
2007,4,126,SFO,Dashon Goldson,FALSE,DB,Washington,22,2016,1,2,7,41,127,9
2007,4,127,NWE,Kareem Brown,FALSE,DT,Miami (FL),24,2007,0,0,0,0,1,0
2007,4,128,TEN,Chris Davis,FALSE,WR,Florida St.,23,2008,0,0,0,0,17,1
2007,4,129,SDG,Scott Chandler,FALSE,TE,Iowa,22,2015,0,0,2,18,90,8
2007,4,130,CHI,Josh Beekman,FALSE,OC,Boston Col.,24,2009,0,0,1,10,28,2
2007,4,131,IND,Brannon Condren,FALSE,DB,Troy,24,2008,0,0,0,1,12,1
2007,4,132,PIT,Ryan McBean,FALSE,DT,Oklahoma St.,23,2011,0,0,1,11,47,4
2007,4,133,ATL,Martrez Milner,FALSE,TE,Georgia,23,2007,0,0,0,0,8,0
2007,4,134,BAL,Antwan Barnes,FALSE,LB,Florida International,22,2014,0,0,0,7,88,7
2007,4,135,SFO,Joe Cohen,FALSE,DT,Florida,23,2009,0,0,0,0,7,2
2007,4,136,IND,Clint Session,FALSE,LB,Pittsburgh,22,2011,0,0,2,20,57,4
2007,4,137,BAL,Le'Ron McClain,FALSE,RB,Alabama,22,2013,1,2,6,13,111,6
2007,5,138,OAK,Jay Richardson,FALSE,DE,Ohio St.,23,2013,0,0,2,12,59,6
2007,5,139,STL,Dustin Fry,FALSE,OC,Clemson,23,2007,0,0,0,0,4,0
2007,5,140,CLE,Brandon McDonald,FALSE,DB,Memphis,22,2012,0,0,2,15,80,5
2007,5,141,TAM,Greg Peterson,FALSE,DE,North Carolina Central,23,2009,0,0,0,2,14,2
2007,5,142,ARI,Steve Breaston,FALSE,WR,Michigan,24,2012,0,0,3,26,86,5
2007,5,143,WAS,Dallas Sartz,FALSE,LB,USC,NA,NA,0,0,0,NA,NA,NA
2007,5,144,HOU,Brandon Harrison,FALSE,DB,Stanford,22,2008,0,0,0,2,15,1
2007,5,145,NOR,David Jones,FALSE,DB,Wingate,21,2012,0,0,0,6,59,5
2007,5,146,MIN,Aundrae Allison,FALSE,WR,East Carolina,21,2008,0,0,0,3,26,1
2007,5,147,SFO,Tarell Brown,FALSE,DB,Texas,22,2015,0,0,4,24,117,8
2007,5,148,KAN,Kolby Smith,FALSE,RB,Louisville,22,2009,0,0,0,4,27,2
2007,5,149,JAX,Uche Nwaneri,FALSE,OG,Purdue,23,2013,0,0,6,37,104,6
2007,5,150,JAX,Josh Gattis,FALSE,DB,Wake Forest,23,2007,0,0,0,0,4,0
2007,5,151,CIN,Jeff Rowe,FALSE,QB,Nevada,23,NA,0,0,0,NA,NA,NA
2007,5,152,TEN,Antonio Johnson,FALSE,DT,Mississippi St.,22,2013,0,0,3,21,83,6
2007,5,153,NYG,Kevin Boss,FALSE,TE,Western Oregon,23,2012,0,0,4,17,74,5
2007,5,154,STL,Clifton Ryan,FALSE,DT,Michigan St.,23,2010,0,0,2,13,49,3
2007,5,155,CAR,Dante Rosario,FALSE,TE,Oregon,22,2014,0,0,1,9,122,7
2007,5,156,PIT,Cameron Stephenson,FALSE,OG,Rutgers,NA,NA,0,0,0,NA,NA,NA
2007,5,157,GNB,David Clowney,FALSE,WR,Virginia Tech,22,2010,0,0,0,3,28,3
2007,5,158,DET,Johnny Baldwin,FALSE,LB,Arkansas–Monticello,23,2007,0,0,0,0,3,0
2007,5,159,PHI,C.J. Gaddis,FALSE,DB,Clemson,NA,NA,0,0,0,NA,NA,NA
2007,5,160,KAN,Justin Medlock,FALSE,PK,UCLA,23,2012,0,0,0,1,11,5
2007,5,161,SEA,Will Herring,FALSE,LB,Auburn,24,2014,0,0,0,10,109,7
2007,5,162,PHI,Brent Celek,FALSE,TE,Cincinnati,22,2017,0,0,9,35,175,10
2007,5,163,HOU,Brandon Frye,FALSE,OT,Virginia Tech,24,2009,0,0,0,2,11,2
2007,5,164,CAR,Tim Shaw,FALSE,LB,Penn St.,23,2012,0,0,0,6,80,5
2007,5,165,OAK,Eric Frampton,FALSE,DB,Washington St.,23,2013,0,0,0,5,91,6
2007,5,166,JAX,Derek Landri,FALSE,DT,Notre Dame,23,2013,0,0,1,15,88,6
2007,5,167,CHI,Kevin Payne,FALSE,DB,La-Monroe,23,2009,0,0,1,10,32,2
2007,5,168,CHI,Corey Graham,FALSE,DB,New Hampshire,22,2018,0,1,5,33,184,11
2007,5,169,IND,Roy Hall,FALSE,WR,Ohio St.,23,2008,0,0,0,0,7,1
2007,5,170,PIT,William Gay,FALSE,DB,Louisville,22,2017,0,0,7,41,176,10
2007,5,171,NWE,Clint Oldenburg,FALSE,OT,Colorado St.,23,2007,0,0,0,0,2,0
2007,5,172,SDG,Legedu Naanee,FALSE,WR,Boise St.,23,2012,0,0,2,13,73,5
2007,5,173,IND,Michael Coe,FALSE,DB,Alabama St.,23,2012,0,0,0,2,38,5
2007,5,174,BAL,Troy Smith,FALSE,QB,Ohio St.,23,2010,0,0,0,6,20,3
2007,6,175,OAK,Oren O'Neal,FALSE,FB,Arkansas St.,23,2009,0,0,0,0,18,2
2007,6,176,MIN,Rufus Alexander,FALSE,LB,Oklahoma,24,2008,0,0,0,0,1,1
2007,6,177,NYJ,Jacob Bender,FALSE,OT,Nicholls St.,22,2007,0,0,0,0,2,0
2007,6,178,DAL,Nick Folk,FALSE,PK,Arizona,22,2025,0,1,3,38,258,18
2007,6,179,WAS,H.B. Blades,FALSE,LB,Pittsburgh,22,2010,0,0,0,9,64,3
2007,6,180,NWE,Justin Rogers,FALSE,LB,SMU,24,2009,0,0,0,2,32,2
2007,6,181,MIA,Reagan Maui'a,FALSE,RB,Hawaii,23,2012,0,0,1,0,39,5
2007,6,182,TAM,Adam Hayward,FALSE,LB,Portland St.,23,2014,0,0,1,11,118,7
2007,6,183,HOU,Kasey Studdard,FALSE,OG,Texas,23,2010,0,0,1,8,25,3
2007,6,184,BUF,John Wendling,FALSE,DB,Wyoming,24,2013,0,0,0,7,110,6
2007,6,185,ATL,Trey Lewis,FALSE,DT,Washburn,22,2010,0,0,0,4,18,3
2007,6,186,SFO,Thomas Clayton,FALSE,RB,Kansas St.,NA,NA,0,0,0,NA,NA,NA
2007,6,187,CIN,Matt Toeaina,FALSE,DT,Oregon,22,2012,0,0,2,12,36,5
2007,6,188,TEN,Joel Filani,FALSE,WR,Texas Tech,NA,NA,0,0,0,NA,NA,NA
2007,6,189,NYG,Adam Koets,FALSE,OT,Oregon St.,23,2010,0,0,0,3,11,3
2007,6,190,STL,Ken Shackleford,FALSE,OT,Georgia,NA,NA,0,0,0,NA,NA,NA
2007,6,191,GNB,Korey Hall,FALSE,LB,Boise St.,24,2011,0,0,2,0,61,4
2007,6,192,GNB,Desmond Bishop,FALSE,LB,California,23,2014,0,0,2,18,75,7
2007,6,193,GNB,Mason Crosby,FALSE,PK,Colorado,23,2023,0,0,1,33,261,16
2007,6,194,ATL,David Irons,FALSE,DB,Auburn,24,2008,0,0,0,1,20,1
2007,6,195,DAL,Deon Anderson,FALSE,FB,Connecticut,24,2010,0,0,1,1,39,3
2007,6,196,KAN,Herbert Taylor,FALSE,OT,TCU,22,2012,0,0,0,2,20,5
2007,6,197,SEA,Courtney Taylor,FALSE,WR,Auburn,23,2008,0,0,0,1,18,1
2007,6,198,ATL,Doug Datish,FALSE,OC,Ohio St.,NA,NA,0,0,0,NA,NA,NA
2007,6,199,MIA,Drew Mormino,FALSE,OC,Central Michigan,NA,NA,0,0,0,NA,NA,NA
2007,6,200,CLE,Melila Purcell,FALSE,DE,Hawaii,NA,NA,0,0,0,NA,NA,NA
2007,6,201,PHI,Rashad Barksdale,FALSE,DB,Albany (NY),23,2007,0,0,0,0,6,0
2007,6,202,NWE,Mike Richardson,FALSE,DB,Notre Dame,23,2010,0,0,0,2,22,3
2007,6,203,ATL,Daren Stone,FALSE,DB,Maine,22,2008,0,0,0,2,20,1
2007,6,204,TEN,Jacob Ford,FALSE,DE,Central Arkansas,24,2010,0,0,0,7,43,3
2007,6,205,WAS,Jordan Palmer,FALSE,QB,Texas-El Paso,23,2014,0,0,0,0,5,7
2007,6,206,TEN,Ryan Smith,FALSE,DB,Florida,NA,NA,0,0,0,NA,NA,NA
2007,6,207,BAL,Prescott Burgess,FALSE,LB,Michigan,23,2011,0,0,0,2,40,4
2007,6,208,NWE,Justise Hairston,FALSE,RB,Central Connecticut St.,NA,NA,0,0,0,NA,NA,NA
2007,6,209,NWE,Corey Hilliard,FALSE,OT,Oklahoma St.,22,2014,0,0,0,9,47,7
2007,6,210,SEA,Jordan Kent,FALSE,WR,Oregon,23,2009,0,0,0,0,14,2
2007,7,211,NWE,Oscar Lua,FALSE,LB,USC,NA,NA,0,0,0,NA,NA,NA
2007,7,212,DAL,Courtney Brown,FALSE,DB,Cal Poly-San Luis Obispo,23,2008,0,0,0,2,17,1
2007,7,213,CLE,Chase Pittman,FALSE,DE,LSU,NA,NA,0,0,0,NA,NA,NA
2007,7,214,TAM,Chris Denman,FALSE,OT,Fresno St.,NA,NA,0,0,0,NA,NA,NA
2007,7,215,ARI,Ben Patrick,FALSE,TE,Delaware,23,2010,0,0,2,4,42,3
2007,7,216,WAS,Tyler Ecker,FALSE,TE,Michigan,NA,NA,0,0,0,NA,NA,NA
2007,7,217,MIN,Tyler Thigpen,FALSE,QB,Coastal Carolina,23,2012,0,0,1,10,29,5
2007,7,218,HOU,Zach Diles,FALSE,LB,Kansas St.,22,2014,0,0,3,15,74,7
2007,7,219,MIA,Kelvin Smith,FALSE,LB,Syracuse,23,2009,0,0,0,0,7,2
2007,7,220,NOR,Marvin Mitchell,FALSE,LB,Tennessee,22,2013,0,0,1,12,98,6
2007,7,221,CHI,Trumaine McBride,FALSE,DB,Mississippi,21,2015,0,0,2,14,84,8
2007,7,222,BUF,Derek Schouman,FALSE,TE,Boise St.,22,2010,0,0,1,2,25,3
2007,7,223,TEN,Michael Otto,FALSE,OT,Purdue,24,2013,0,0,0,7,62,6
2007,7,224,NYG,Michael Johnson,FALSE,DB,Arizona,23,2010,0,0,2,14,49,3
2007,7,225,MIA,Brandon Fields,FALSE,P,Michigan St.,23,2015,0,1,0,21,130,8
2007,7,226,CAR,C.J. Wilson,FALSE,DB,Baylor,22,2010,0,0,0,1,23,3
2007,7,227,PIT,Dallas Baker,FALSE,WR,Florida,24,2008,0,0,0,0,8,1
2007,7,228,GNB,DeShawn Wynn,FALSE,RB,Florida,23,2010,0,0,0,3,23,3
2007,7,229,JAX,John Broussard,FALSE,WR,San Jose St.,23,2007,0,0,0,2,8,0
2007,7,230,CIN,Dan Santucci,FALSE,OG,Notre Dame,24,2007,0,0,0,0,2,0
2007,7,231,KAN,Michael Allan,FALSE,TE,Whitworth,NA,NA,0,0,0,NA,NA,NA
2007,7,232,SEA,Steve Vallos,FALSE,OG,Wake Forest,23,2013,0,0,0,7,59,6
2007,7,233,MIN,Chandler Williams,FALSE,WR,Florida International,NA,NA,0,0,0,NA,NA,NA
2007,7,234,CLE,Syndric Steptoe,FALSE,WR,Arizona,22,2008,0,0,0,1,16,1
2007,7,235,NYJ,Chansi Stuckey,FALSE,WR,Clemson,23,2011,0,0,0,10,55,4
2007,7,236,PHI,Nate Ilaoa,FALSE,RB,Hawaii,NA,NA,0,0,0,NA,NA,NA
2007,7,237,DAL,Alan Ball,FALSE,DB,Illinois,22,2015,0,0,2,19,108,8
2007,7,238,MIA,Abraham Wright,FALSE,DE,Colorado,NA,NA,0,0,0,NA,NA,NA
2007,7,239,BUF,C.J. Ah You,FALSE,DE,Oklahoma,25,2011,0,0,0,4,33,4
2007,7,240,SDG,Brandon Siler,FALSE,LB,Florida,21,2012,0,0,1,12,74,5
2007,7,241,CHI,Aaron Brant,FALSE,OG,Iowa St.,NA,NA,0,0,0,NA,NA,NA
2007,7,242,IND,Keyunta Dawson,FALSE,DE,Texas Tech,21,2013,0,0,1,14,71,6
2007,7,243,GNB,Clark Harris,FALSE,TE,Rutgers,23,2022,0,1,0,11,206,15
2007,7,244,ATL,Jason Snelling,FALSE,RB,Virginia,23,2013,0,0,0,21,96,6
2007,7,245,TAM,Marcus Hamilton,FALSE,DB,Virginia,23,2009,0,0,0,1,10,2
2007,7,246,TAM,Kenneth Darby,FALSE,RB,Alabama,24,2010,0,0,0,4,41,3
2007,7,247,NWE,Mike Elgin,FALSE,OG,Iowa,NA,NA,0,0,0,NA,NA,NA
2007,7,248,STL,Keith Jackson,FALSE,DT,Arkansas,NA,NA,0,0,0,NA,NA,NA
2007,7,249,STL,Derek Stanley,FALSE,WR,Wisconsin–Whitewater,22,2009,0,0,0,1,15,2
2007,7,250,NYG,Ahmad Bradshaw,FALSE,RB,Marshall,21,2015,0,0,3,42,103,8
2007,7,251,JAX,Chad Nkang,FALSE,LB,Elon,22,2008,0,0,0,3,23,1
2007,7,252,JAX,Andrew Carnahan,FALSE,OT,Arizona St.,NA,NA,0,0,0,NA,NA,NA
2007,7,253,CIN,Nedu Ndukwe,FALSE,DB,Notre Dame,22,2011,0,0,2,15,55,4
2007,7,254,OAK,Jonathan Holland,FALSE,WR,Louisiana Tech,22,2009,0,0,0,1,17,2
2007,7,255,DET,Ramzee Robinson,FALSE,DB,Alabama,23,2009,0,0,0,1,26,2
2008,1,1,MIA,Jake Long,FALSE,OT,Michigan,23,2016,1,4,6,54,104,8
2008,1,2,STL,Chris Long,FALSE,DE,Virginia,23,2018,0,0,6,48,162,10
2008,1,3,ATL,Matt Ryan,FALSE,QB,Boston Col.,23,2022,1,4,15,146,234,14
2008,1,4,OAK,Darren McFadden,FALSE,RB,Arkansas,21,2017,0,0,4,39,103,9
2008,1,5,KAN,Glenn Dorsey,FALSE,DT,LSU,23,2016,0,0,7,37,104,8
2008,1,6,NYJ,Vernon Gholston,FALSE,DE,Ohio St.,22,2010,0,0,0,6,45,2
2008,1,7,NOR,Sedrick Ellis,FALSE,DT,USC,23,2012,0,0,5,26,70,4
2008,1,8,JAX,Derrick Harvey,FALSE,DE,Florida,21,2011,0,0,1,14,52,3
2008,1,9,CIN,Keith Rivers,FALSE,LB,USC,22,2014,0,0,4,24,74,6
2008,1,10,NWE,Jerod Mayo,FALSE,LB,Tennessee,22,2015,1,2,7,51,103,7
2008,1,11,BUF,Leodis McKelvin,FALSE,DB,Troy,23,2016,0,0,4,29,111,8
2008,1,12,DEN,Ryan Clady,FALSE,OT,Boise St.,22,2016,2,4,7,65,107,8
2008,1,13,CAR,Jonathan Stewart,FALSE,RB,Oregon,21,2018,0,1,5,48,134,10
2008,1,14,CHI,Chris Williams,FALSE,OT,Vanderbilt,23,2014,0,0,4,25,72,6
2008,1,15,KAN,Branden Albert,FALSE,OG,Virginia,23,2016,0,2,9,41,120,8
2008,1,16,ARI,Dominique Rodgers-Cromartie,FALSE,DB,Tennessee St.,22,2019,0,2,7,53,162,11
2008,1,17,DET,Gosder Cherilus,FALSE,OT,Boston Col.,24,2016,0,0,8,48,132,8
2008,1,18,BAL,Joe Flacco,FALSE,QB,Delaware,23,2025,0,1,12,97,209,17
2008,1,19,CAR,Jeff Otah,FALSE,OT,Pittsburgh,22,2011,0,0,2,14,29,3
2008,1,20,TAM,Aqib Talib,FALSE,DB,Kansas,22,2019,1,5,9,68,148,11
2008,1,21,ATL,Sam Baker,FALSE,OT,USC,23,2013,0,0,3,32,70,5
2008,1,22,DAL,Felix Jones,FALSE,RB,Arkansas,21,2013,0,0,1,27,80,5
2008,1,23,PIT,Rashard Mendenhall,FALSE,RB,Illinois,21,2013,0,0,4,29,72,5
2008,1,24,TEN,Chris Johnson,FALSE,RB,East Carolina,22,2017,1,3,7,70,130,9
2008,1,25,DAL,Mike Jenkins,FALSE,DB,South Florida,23,2015,0,1,4,27,101,7
2008,1,26,HOU,Duane Brown,FALSE,OT,Virginia Tech,23,2023,1,5,15,91,220,15
2008,1,27,SDG,Antoine Cason,FALSE,DB,Arizona,22,2014,0,0,4,27,110,6
2008,1,28,SEA,Lawrence Jackson,FALSE,DE,USC,23,2012,0,0,2,15,69,4
2008,1,29,SFO,Kentwan Balmer,FALSE,DT,North Carolina,21,2011,0,0,1,7,46,3
2008,1,30,NYJ,Dustin Keller,FALSE,TE,Purdue,23,2012,0,0,3,22,72,4
2008,1,31,NYG,Kenny Phillips,FALSE,DB,Miami (FL),21,2015,0,0,2,16,59,7
2008,2,32,MIA,Phillip Merling,FALSE,DE,Clemson,23,2013,0,0,0,6,53,5
2008,2,33,STL,Donnie Avery,FALSE,WR,Houston,24,2014,0,0,4,21,77,6
2008,2,34,WAS,Devin Thomas,FALSE,WR,Michigan St.,21,2011,0,0,1,4,55,3
2008,2,35,KAN,Brandon Flowers,FALSE,DB,Virginia Tech,22,2016,0,1,9,42,119,8
2008,2,36,GNB,Jordy Nelson,FALSE,WR,Kansas St.,23,2018,0,1,7,73,151,10
2008,2,37,ATL,Curtis Lofton,FALSE,LB,Oklahoma,22,2015,0,0,8,49,128,7
2008,2,38,SEA,John Carlson,FALSE,TE,Notre Dame,24,2014,0,0,4,16,90,6
2008,2,39,SFO,Chilo Rachal,FALSE,OG,USC,22,2012,0,0,3,20,64,4
2008,2,40,NOR,Tracy Porter,FALSE,DB,Indiana,22,2016,0,0,6,31,98,8
2008,2,41,BUF,James Hardy,FALSE,WR,Indiana,22,2009,0,0,0,1,16,1
2008,2,42,DEN,Eddie Royal,FALSE,WR,Virginia Tech,22,2016,0,0,6,35,116,8
2008,2,43,MIN,Tyrell Johnson,FALSE,DB,Arkansas St.,23,2012,0,0,1,10,53,4
2008,2,44,CHI,Matt Forte,FALSE,RB,Tulane,22,2017,0,2,9,84,146,9
2008,2,45,DET,Jordon Dizon,FALSE,LB,Colorado,22,2009,0,0,0,2,28,1
2008,2,46,CIN,Jerome Simpson,FALSE,WR,Coastal Carolina,22,2015,0,0,3,18,63,7
2008,2,47,PHI,Trevor Laws,FALSE,DT,Notre Dame,23,2011,0,0,0,7,56,3
2008,2,48,WAS,Fred Davis,FALSE,TE,USC,22,2013,0,0,3,14,72,5
2008,2,49,PHI,DeSean Jackson,FALSE,WR,California,21,2022,0,3,11,75,183,14
2008,2,50,ARI,Calais Campbell,FALSE,DE,Miami (FL),22,2025,1,6,17,113,278,17
2008,2,51,WAS,Malcolm Kelly,FALSE,WR,Oklahoma,21,2009,0,0,1,3,21,1
2008,2,52,JAX,Quentin Groves,FALSE,DE,Auburn,24,2014,0,0,2,17,100,6
2008,2,53,PIT,Limas Sweed,FALSE,WR,Texas,23,2009,0,0,0,1,20,1
2008,2,54,TEN,Jason Jones,FALSE,DE,Eastern Michigan,22,2016,0,0,4,32,109,8
2008,2,55,BAL,Ray Rice,FALSE,RB,Rutgers,21,2013,0,3,5,63,92,5
2008,2,56,GNB,Brian Brohm,FALSE,QB,Louisville,22,2010,0,0,0,0,3,2
2008,2,57,MIA,Chad Henne,FALSE,QB,Michigan,23,2022,0,0,3,26,78,14
2008,2,58,TAM,Dexter Jackson,FALSE,WR,Appalachian St.,22,2008,0,0,0,0,7,0
2008,2,59,IND,Mike Pollak,FALSE,OT,Arizona St.,23,2014,0,0,2,26,81,6
2008,2,60,GNB,Pat Lee,FALSE,DB,Auburn,24,2012,0,0,1,4,47,4
2008,2,61,DAL,Martellus Bennett,FALSE,TE,Texas A&M,21,2017,0,1,8,35,144,9
2008,2,62,NWE,Terrence Wheatley,FALSE,DB,Colorado,23,2010,0,0,0,1,12,2
2008,2,63,NYG,Terrell Thomas,FALSE,DB,USC,23,2013,0,0,2,18,60,5
2008,3,64,DET,Kevin Smith,FALSE,RB,Central Florida,21,2012,0,0,2,19,54,4
2008,3,65,STL,John Greco,FALSE,OT,Toledo,23,2018,0,0,5,29,132,10
2008,3,66,MIA,Kendall Langford,FALSE,DE,Hampton,22,2017,0,0,8,43,136,9
2008,3,67,CAR,Charles Godfrey,FALSE,DB,Iowa,22,2015,0,0,5,27,95,7
2008,3,68,ATL,Chevis Jackson,FALSE,DB,LSU,22,2010,0,0,0,4,33,2
2008,3,69,SDG,Jacob Hester,FALSE,FB,LSU,23,2012,0,0,1,6,65,4
2008,3,70,CHI,Earl Bennett,FALSE,WR,Vanderbilt,21,2013,0,0,1,19,78,5
2008,3,71,BAL,Tavares Gooden,FALSE,LB,Miami (FL),23,2013,0,0,1,9,58,5
2008,3,72,BUF,Chris Ellis,FALSE,DE,Virginia Tech,23,2010,0,0,0,2,15,2
2008,3,73,KAN,Jamaal Charles,FALSE,RB,Texas,21,2018,2,4,4,66,119,10
2008,3,74,CAR,Dan Connor,FALSE,LB,Penn St.,22,2013,0,0,2,13,62,5
2008,3,75,SFO,Reggie Smith,FALSE,DB,Oklahoma,21,2011,0,0,1,5,45,3
2008,3,76,KAN,Brad Cottam,FALSE,TE,Tennessee,23,2009,0,0,1,2,24,1
2008,3,77,CIN,Pat Sims,FALSE,DT,Auburn,22,2017,0,0,3,27,130,9
2008,3,78,NWE,Shawn Crable,FALSE,LB,Michigan,23,2010,0,0,0,0,6,2
2008,3,79,HOU,Antwaun Molden,FALSE,DB,Eastern Kentucky,23,2012,0,0,0,4,51,4
2008,3,80,PHI,Bryan Smith,FALSE,LB,McNeese St.,24,2009,0,0,0,1,6,1
2008,3,81,ARI,Early Doucet,FALSE,WR,LSU,22,2012,0,0,0,10,54,4
2008,3,82,KAN,DaJuan Morgan,FALSE,DB,North Carolina St.,22,2010,0,0,0,3,30,2
2008,3,83,TAM,Jeremy Zuttah,FALSE,OG,Rutgers,22,2016,0,1,8,46,131,8
2008,3,84,ATL,Harry Douglas,FALSE,WR,Louisville,23,2017,0,0,2,31,118,9
2008,3,85,TEN,Craig Stevens,FALSE,TE,California,24,2015,0,0,5,5,109,7
2008,3,86,BAL,Tom Zbikowski,FALSE,DB,Notre Dame,23,2012,0,0,1,11,64,4
2008,3,87,DET,Andre Fluellen,FALSE,DT,Florida St.,23,2015,0,0,0,8,81,7
2008,3,88,PIT,Bruce Davis,FALSE,LB,UCLA,23,2011,0,0,0,0,15,3
2008,3,89,HOU,Steve Slaton,FALSE,RB,West Virginia,22,2011,0,0,2,21,45,3
2008,3,90,CHI,Marcus Harrison,FALSE,DT,Arkansas,24,2010,0,0,1,6,37,2
2008,3,91,GNB,Jermichael Finley,FALSE,TE,Texas,21,2013,0,0,3,27,70,5
2008,3,92,DET,Cliff Avril,FALSE,LB,Purdue,22,2017,0,1,7,51,140,9
2008,3,93,IND,Philip Wheeler,FALSE,LB,Georgia Tech,23,2016,0,0,3,29,133,8
2008,3,94,NWE,Kevin O'Connell,FALSE,QB,San Diego St.,23,2008,0,0,0,0,2,0
2008,3,95,NYG,Mario Manningham,FALSE,WR,Michigan,22,2013,0,0,4,22,67,5
2008,3,96,WAS,Chad Rinehart,FALSE,OT,Northern Iowa,23,2014,0,0,1,23,58,6
2008,3,97,CIN,Andre Caldwell,FALSE,WR,Florida,23,2015,0,0,0,12,105,7
2008,3,98,ATL,Thomas DeCoud,FALSE,DB,California,23,2014,0,1,6,37,104,6
2008,3,99,BAL,Oniel Cousins,FALSE,OG,Texas-El Paso,24,2014,0,0,0,10,75,6
2008,4,100,OAK,Tyvon Branch,FALSE,DB,Connecticut,21,2017,0,0,5,28,106,9
2008,4,101,STL,Justin King,FALSE,DB,Penn St.,21,2012,0,0,1,9,38,4
2008,4,102,GNB,Jeremy Thompson,FALSE,DE,Wake Forest,22,2009,0,0,0,1,15,1
2008,4,103,TEN,William Hayes,FALSE,DE,Winston-Salem St.,23,2018,0,0,4,32,137,10
2008,4,104,CLE,Beau Bell,FALSE,LB,UNLV,22,2008,0,0,0,0,5,0
2008,4,105,KAN,Will Franklin,FALSE,WR,Missouri,22,2008,0,0,0,1,13,0
2008,4,106,BAL,Marcus Smith,FALSE,WR,New Mexico,23,2010,0,0,0,0,21,2
2008,4,107,SFO,Cody Wallace,FALSE,OC,Texas A&M,23,2015,0,0,1,13,49,7
2008,4,108,DEN,Kory Lichtensteiger,FALSE,OC,Bowling Green,23,2016,0,0,4,34,93,8
2008,4,109,PHI,Mike McGlynn,FALSE,OT,Pittsburgh,23,2015,0,0,4,29,83,7
2008,4,110,MIA,Shawn Murphy,FALSE,OT,Utah St.,25,2009,0,0,0,0,1,1
2008,4,111,CLE,Martin Rucker,FALSE,TE,Missouri,23,2011,0,0,0,0,12,3
2008,4,112,CIN,Anthony Collins,FALSE,OT,Kansas,22,2014,0,0,1,16,69,6
2008,4,113,NYJ,Dwight Lowery,FALSE,DB,San Jose St.,22,2016,0,0,6,35,116,8
2008,4,114,BUF,Reggie Corner,FALSE,DB,Akron,24,2011,0,0,0,8,55,3
2008,4,115,TAM,Dre Moore,FALSE,DT,Maryland,23,2009,0,0,0,1,7,1
2008,4,116,ARI,Kenny Iwebema,FALSE,DE,Iowa,23,2010,0,0,0,2,31,2
2008,4,117,PHI,Quintin Demps,FALSE,DB,Texas-El Paso,23,2017,0,0,3,22,110,9
2008,4,118,HOU,Xavier Adibi,FALSE,LB,Virginia Tech,23,2012,0,0,0,4,44,4
2008,4,119,DEN,Jack Williams,FALSE,DB,Kent St.,23,2009,0,0,0,2,22,1
2008,4,120,CHI,Craig Steltz,FALSE,DB,LSU,22,2013,0,0,0,6,77,5
2008,4,121,SEA,Red Bryant,FALSE,DT,Texas A&M,24,2015,0,0,4,31,86,7
2008,4,122,DAL,Tashard Choice,FALSE,RB,Georgia Tech,23,2013,0,0,0,13,88,5
2008,4,123,NYG,Bryan Kehl,FALSE,LB,BYU,24,2013,0,0,0,7,72,5
2008,4,124,WAS,Justin Tryon,FALSE,DB,Arizona St.,24,2012,0,0,0,6,63,4
2008,4,125,OAK,Arman Shields,FALSE,WR,Richmond,23,NA,0,0,0,NA,NA,NA
2008,4,126,TEN,Lavelle Hawkins,FALSE,WR,California,22,2013,0,0,0,7,56,5
2008,4,127,IND,Jacob Tamme,FALSE,TE,Kentucky,23,2016,0,0,2,21,130,8
2008,4,128,STL,Keenan Burton,FALSE,WR,Kentucky,23,2009,0,0,1,3,22,1
2008,4,129,NWE,Jonathan Wilhite,FALSE,DB,Auburn,24,2011,0,0,0,10,54,3
2008,4,130,PIT,Tony Hills,FALSE,OT,Texas,23,2016,0,0,0,3,32,8
2008,4,131,PHI,Jack Ikegwuonu,FALSE,DB,Wisconsin,22,2009,0,0,0,0,1,1
2008,4,132,BUF,Derek Fine,FALSE,TE,Kansas,25,2009,0,0,1,2,18,1
2008,4,133,BAL,David Hale,FALSE,OT,Weber St.,25,2009,0,0,0,1,18,1
2008,4,134,TEN,Stanford Keglar,FALSE,LB,Purdue,23,2010,0,0,0,3,35,2
2008,4,135,GNB,Josh Sitton,FALSE,OT,Central Florida,22,2018,0,4,9,81,148,10
2008,5,136,DET,Kenny Moore,FALSE,WR,Wake Forest,23,2010,0,0,0,1,14,2
2008,5,137,MIN,John David Booty,FALSE,QB,USC,NA,NA,0,0,0,NA,NA,NA
2008,5,138,ATL,Robert James,FALSE,LB,Arizona St.,24,2013,0,0,0,1,19,5
2008,5,139,DEN,Ryan Torain,FALSE,RB,Arizona St.,22,2012,0,0,1,5,22,4
2008,5,140,KAN,Brandon Carr,FALSE,DB,Grand Valley St.,22,2020,0,0,12,53,195,12
2008,5,141,CAR,Gary Barnidge,FALSE,TE,Louisville,22,2016,0,1,4,14,124,8
2008,5,142,CHI,Zackary Bowman,FALSE,DB,Nebraska,23,2015,0,0,1,15,99,7
2008,5,143,DAL,Orlando Scandrick,FALSE,DB,Boise St.,21,2019,0,0,4,26,143,11
2008,5,144,NOR,DeMario Pressley,FALSE,DT,North Carolina St.,22,2011,0,0,0,1,8,3
2008,5,145,CIN,Jason Shirley,FALSE,DT,Fresno St.,22,2011,0,0,0,0,7,3
2008,5,146,DET,Jerome Felton,FALSE,FB,Furman,22,2016,0,1,3,3,132,8
2008,5,147,BUF,Alvin Bowen,FALSE,LB,Iowa St.,24,2010,0,0,0,0,2,2
2008,5,148,DEN,Carlton Powell,FALSE,DT,Virginia Tech,23,2011,0,0,0,0,3,3
2008,5,149,ARI,Tim Hightower,FALSE,RB,Richmond,22,2016,0,0,2,26,77,8
2008,5,150,GNB,Breno Giacomini,FALSE,OT,Louisville,22,2017,0,0,5,36,94,9
2008,5,151,HOU,Frank Okam,FALSE,DT,Texas,22,2011,0,0,0,3,25,3
2008,5,152,MIN,Letroy Guion,FALSE,DT,Florida St.,21,2016,0,0,4,28,112,8
2008,5,153,NWE,Matthew Slater,FALSE,WR,UCLA,22,2023,2,10,0,0,239,15
2008,5,154,ATL,Kroy Biermann,FALSE,LB,Montana,22,2015,0,0,3,24,114,7
2008,5,155,JAX,Thomas Williams,FALSE,LB,USC,23,2011,0,0,0,1,15,3
2008,5,156,PIT,Dennis Dixon,FALSE,QB,Oregon,23,2010,0,0,0,2,4,2
2008,5,157,STL,Roy Schuening,FALSE,OG,Oregon St.,24,2008,0,0,0,0,1,0
2008,5,158,CHI,Kellen Davis,FALSE,TE,Michigan St.,22,2016,0,0,4,5,125,8
2008,5,159,JAX,Trae Williams,FALSE,DB,South Florida,23,NA,0,0,0,NA,NA,NA
2008,5,160,TAM,Josh Johnson,FALSE,QB,San Diego,22,2025,0,0,0,9,50,17
2008,5,161,IND,Marcus Howard,FALSE,LB,Georgia,22,2008,0,0,0,1,9,0
2008,5,162,NYJ,Erik Ainge,FALSE,QB,Tennessee,22,NA,0,0,0,NA,NA,NA
2008,5,163,SEA,Owen Schmitt,FALSE,FB,West Virginia,23,2012,0,0,0,1,74,4
2008,5,164,NOR,Carl Nicks,FALSE,OT,Nebraska,23,2013,1,2,4,53,73,5
2008,5,165,NYG,Jonathan Goff,FALSE,LB,Vanderbilt,22,2010,0,0,1,9,37,2
2008,5,166,SDG,Marcus Thomas,FALSE,RB,Texas-El Paso,24,2008,0,0,0,0,3,0
2008,6,167,DAL,Erik Walden,FALSE,DE,Middle Tenn. St.,23,2017,0,0,6,37,145,9
2008,6,168,WAS,Durant Brooks,FALSE,P,Georgia Tech,23,2008,0,0,0,0,6,0
2008,6,169,OAK,Trevor Scott,FALSE,DE,Buffalo,24,2014,0,0,2,11,85,6
2008,6,170,KAN,Barry Richardson,FALSE,OT,Clemson,22,2013,0,0,3,19,65,5
2008,6,171,NYJ,Marcus Henry,FALSE,WR,Kansas,22,NA,0,0,0,NA,NA,NA
2008,6,172,ATL,Thomas Brown,FALSE,RB,Georgia,22,NA,0,0,0,NA,NA,NA
2008,6,173,HOU,Dominique Barber,FALSE,DB,Minnesota,22,2011,0,0,0,5,39,3
2008,6,174,SFO,Josh Morgan,FALSE,WR,Virginia Tech,23,2014,0,0,5,21,93,6
2008,6,175,TAM,Geno Hayes,FALSE,LB,Florida St.,21,2014,0,0,5,30,101,6
2008,6,176,MIA,Jalen Parmele,FALSE,RB,Toledo,22,2014,0,0,0,1,36,6
2008,6,177,CIN,Corey Lynch,FALSE,DB,Appalachian St.,23,2013,0,0,0,8,76,5
2008,6,178,NOR,Taylor Mehlhaff,FALSE,PK,Wisconsin,23,2008,0,0,0,0,3,0
2008,6,179,BUF,Xavier Omon,FALSE,RB,NW Missouri St.,23,2009,0,0,0,0,7,1
2008,6,180,WAS,Kareem Moore,FALSE,DB,Nicholls St.,24,2010,0,0,1,7,42,2
2008,6,181,CAR,Nick Hayden,FALSE,DT,Wisconsin,22,2015,0,0,4,25,76,7
2008,6,182,KAN,Kevin Robinson,FALSE,WR,Utah St.,23,2008,0,0,0,0,8,0
2008,6,183,DEN,Spencer Larsen,FALSE,LB,Arizona,24,2013,0,0,1,5,63,5
2008,6,184,PHI,Mike Gibson,FALSE,OT,California,22,2013,0,0,0,5,36,5
2008,6,185,ARI,Chris Harrington,FALSE,DE,Texas A&M,23,2009,0,0,0,0,6,1
2008,6,186,WAS,Colt Brennan,FALSE,QB,Hawaii,25,NA,0,0,0,NA,NA,NA
2008,6,187,MIN,John Sullivan,FALSE,OC,Notre Dame,23,2018,0,0,8,54,153,10
2008,6,188,PIT,Mike Humpal,FALSE,LB,Iowa,23,NA,0,0,0,NA,NA,NA
2008,6,189,SEA,Tyler Schmitt,FALSE,LB,San Diego St.,22,NA,0,0,0,NA,NA,NA
2008,6,190,CLE,Ahtyba Rubin,FALSE,DT,Iowa St.,22,2017,0,0,7,47,144,9
2008,6,191,CLE,Paul Hubbard,FALSE,WR,Wisconsin,23,2010,0,0,0,0,1,2
2008,6,192,SDG,DeJuan Tribble,FALSE,DB,Boston Col.,23,NA,0,0,0,NA,NA,NA
2008,6,193,MIN,Jaymar Johnson,FALSE,WR,Jackson St.,24,2011,0,0,0,0,7,3
2008,6,194,PIT,Ryan Mundy,FALSE,DB,West Virginia,23,2014,0,0,1,17,96,6
2008,6,195,MIA,Donald Thomas,FALSE,OG,Connecticut,22,2013,0,0,1,16,45,5
2008,6,196,IND,Tom Santi,FALSE,TE,Virginia,22,2009,0,0,0,2,9,1
2008,6,197,NWE,Bo Ruud,FALSE,LB,Nebraska,24,NA,0,0,0,NA,NA,NA
2008,6,198,NYG,Andre Woodson,FALSE,QB,Kentucky,24,NA,0,0,0,NA,NA,NA
2008,6,199,NYG,Robert Henderson,FALSE,DE,Southern Miss,24,NA,0,0,0,NA,NA,NA
2008,6,200,PHI,Joe Mays,FALSE,LB,North Dakota St.,23,2015,0,0,2,18,78,7
2008,6,201,IND,Steve Justice,FALSE,OC,Wake Forest,24,2008,0,0,0,1,8,0
2008,6,202,IND,Mike Hart,FALSE,RB,Michigan,22,2010,0,0,0,3,21,2
2008,6,203,PHI,Andy Studebaker,FALSE,LB,Wheaton,22,2015,0,0,0,11,97,7
2008,6,204,MIA,Lex Hilliard,FALSE,RB,Montana,24,2012,0,0,1,3,62,4
2008,6,205,IND,Pierre Garcon,FALSE,WR,Mount Union,22,2018,0,0,10,54,148,10
2008,6,206,BAL,Haruki Nakamura,FALSE,DB,Cincinnati,22,2012,0,0,1,10,69,4
2008,6,207,CIN,Matt Sherry,FALSE,TE,Villanova,23,NA,0,0,0,NA,NA,NA
2008,7,208,CHI,Ervin Baldwin,FALSE,DE,Michigan St.,22,2009,0,0,0,0,3,1
2008,7,209,GNB,Matt Flynn,FALSE,QB,LSU,23,2014,0,0,0,8,51,6
2008,7,210,KAN,Brian Johnston,FALSE,DE,Gardner-Webb,22,2008,0,0,0,0,9,0
2008,7,211,NYJ,Nate Garner,FALSE,OT,Arkansas,23,2014,0,0,0,13,74,6
2008,7,212,ATL,Wilrey Fontenot,FALSE,DB,Arizona,23,NA,0,0,0,NA,NA,NA
2008,7,213,JAX,Chauncey Washington,FALSE,RB,USC,23,2011,0,0,0,0,11,3
2008,7,214,SFO,Larry Grant,FALSE,LB,Ohio St.,23,2013,0,0,1,10,68,5
2008,7,215,BAL,Justin Harper,FALSE,WR,Virginia Tech,23,2009,0,0,0,0,2,1
2008,7,216,DET,Landon Cohen,FALSE,DT,Ohio,22,2014,0,0,0,4,40,6
2008,7,217,GNB,Brett Swain,FALSE,WR,San Diego St.,23,2011,0,0,0,1,27,3
2008,7,218,DET,Caleb Campbell,FALSE,DB,Army,23,2010,0,0,0,0,2,2
2008,7,219,BUF,Demetress Bell,FALSE,OT,Northwestern St. (LA),24,2012,0,0,2,13,40,4
2008,7,220,DEN,Josh Barrett,FALSE,DB,Arizona St.,23,2011,0,0,0,3,25,3
2008,7,221,CAR,Hilee Taylor,FALSE,LB,North Carolina,22,2009,0,0,0,1,16,1
2008,7,222,CHI,Chester Adams,FALSE,OG,Georgia,23,NA,0,0,0,NA,NA,NA
2008,7,223,HOU,Alex Brink,FALSE,QB,Washington St.,23,NA,0,0,0,NA,NA,NA
2008,7,224,BUF,Stevie Johnson,FALSE,WR,Kentucky,21,2015,0,0,5,33,99,7
2008,7,225,ARI,Brandon Keith,FALSE,OT,Northern Iowa,23,2011,0,0,2,8,26,3
2008,7,226,OAK,Chaz Schilens,FALSE,WR,San Diego St.,22,2012,0,0,1,7,59,4
2008,7,227,DEN,Peyton Hillis,FALSE,FB,Arkansas,22,2014,0,0,3,21,81,6
2008,7,228,STL,Chris Chamberlain,FALSE,DB,Tulsa,22,2011,0,0,1,11,59,3
2008,7,229,TEN,Cary Williams,FALSE,DB,Washburn,23,2015,0,0,5,30,97,7
2008,7,230,PHI,King Dunlap,FALSE,OT,Auburn,22,2016,0,0,4,32,98,8
2008,7,231,CLE,Alex Hall,FALSE,LB,St. Augustine's,23,2010,0,0,0,3,32,2
2008,7,232,ATL,Keith Zinger,FALSE,TE,LSU,23,2009,0,0,0,0,15,1
2008,7,233,SEA,Justin Forsett,FALSE,RB,California,22,2016,0,1,2,32,122,8
2008,7,234,SDG,Corey Clark,FALSE,OT,Texas A&M,24,2009,0,0,0,0,2,1
2008,7,235,SEA,Brandon Coutu,FALSE,PK,Georgia,23,2011,0,0,0,0,1,3
2008,7,236,IND,Jamey Richard,FALSE,OT,Buffalo,23,2011,0,0,0,11,48,3
2008,7,237,NOR,Adrian Arrington,FALSE,WR,Michigan,22,2011,0,0,0,1,5,3
2008,7,238,TAM,Cory Boyd,FALSE,RB,South Carolina,23,2008,0,0,0,0,1,0
2008,7,239,KAN,Mike Merritt,FALSE,TE,Central Florida,24,NA,0,0,0,NA,NA,NA
2008,7,240,BAL,Allen Patrick,FALSE,RB,Oklahoma,24,NA,0,0,0,NA,NA,NA
2008,7,241,CAR,Geoff Schwartz,FALSE,OT,Oregon,22,2015,0,0,2,18,74,7
2008,7,242,WAS,Rob Jackson,FALSE,DE,Kansas St.,22,2013,0,0,1,9,54,5
2008,7,243,CHI,Joey LaRocque,FALSE,LB,Oregon St.,22,2008,0,0,0,1,14,0
2008,7,244,CIN,Angelo Craig,FALSE,LB,Cincinnati,NA,NA,0,0,0,NA,NA,NA
2008,7,245,MIA,Lionel Dotson,FALSE,DT,Arizona,23,2011,0,0,0,0,12,3
2008,7,246,CIN,Mario Urrutia,FALSE,WR,Louisville,22,NA,0,0,0,NA,NA,NA
2008,7,247,CHI,Kirk Barton,FALSE,OT,Ohio St.,23,2008,0,0,0,0,1,0
2008,7,248,CHI,Marcus Monk,FALSE,WR,Arkansas,22,NA,0,0,0,NA,NA,NA
2008,7,249,WAS,Chris Horton,FALSE,DB,UCLA,23,2010,0,0,1,8,29,2
2008,7,250,CAR,Mackenzy Bernadeau,FALSE,OG,Bentley College,22,2015,0,0,2,25,111,7
2008,7,251,BUF,Kennard Cox,FALSE,DB,Pittsburgh,23,2011,0,0,0,2,29,3
2008,7,252,STL,David Vobora,FALSE,LB,Idaho,22,2011,0,0,1,8,40,3
2009,1,1,DET,Matthew Stafford,FALSE,QB,Georgia,21,2025,1,3,16,133,239,16
2009,1,2,STL,Jason Smith,FALSE,OT,Baylor,23,2012,0,0,2,10,45,3
2009,1,3,KAN,Tyson Jackson,FALSE,DE,LSU,23,2016,0,0,7,34,122,7
2009,1,4,SEA,Aaron Curry,FALSE,LB,Wake Forest,23,2012,0,0,3,16,48,3
2009,1,5,NYJ,Mark Sanchez,FALSE,QB,USC,22,2018,0,0,4,32,79,9
2009,1,6,CIN,Andre Smith,FALSE,OT,Alabama,22,2021,0,0,8,41,121,12
2009,1,7,OAK,Darrius Heyward-Bey,FALSE,WR,Maryland,22,2018,0,0,5,23,144,9
2009,1,8,JAX,Eugene Monroe,FALSE,OT,Virginia,22,2015,0,0,6,32,93,6
2009,1,9,GNB,B.J. Raji,FALSE,DT,Boston Col.,23,2015,0,1,5,33,91,6
2009,1,10,SFO,Michael Crabtree,FALSE,WR,Texas Tech,21,2019,0,0,10,53,143,10
2009,1,11,BUF,Aaron Maybin,FALSE,DE,Penn St.,21,2012,0,0,0,5,48,3
2009,1,12,DEN,Knowshon Moreno,FALSE,RB,Georgia,22,2014,0,0,3,33,63,5
2009,1,13,WAS,Brian Orakpo,FALSE,LB,Texas,23,2018,0,4,8,58,132,9
2009,1,14,NOR,Malcolm Jenkins,FALSE,DB,Ohio St.,21,2021,0,3,12,68,199,12
2009,1,15,HOU,Brian Cushing,FALSE,LB,USC,22,2017,0,1,7,52,104,8
2009,1,16,SDG,Larry English,FALSE,LB,Northern Illinois,23,2014,0,0,1,7,64,5
2009,1,17,TAM,Josh Freeman,FALSE,QB,Kansas St.,21,2015,0,0,4,37,62,6
2009,1,18,DEN,Robert Ayers,FALSE,DE,Tennessee,24,2017,0,0,5,27,120,8
2009,1,19,PHI,Jeremy Maclin,FALSE,WR,Missouri,21,2017,0,0,8,50,114,8
2009,1,20,DET,Brandon Pettigrew,FALSE,TE,Oklahoma St.,24,2015,0,0,7,22,93,6
2009,1,21,CLE,Alex Mack,FALSE,OC,California,23,2021,0,7,12,86,196,12
2009,1,22,MIN,Percy Harvin,FALSE,WR,Florida,21,2016,0,1,4,43,75,7
2009,1,23,BAL,Michael Oher,FALSE,OT,Mississippi,23,2016,0,0,7,42,110,7
2009,1,24,ATL,Peria Jerry,FALSE,DT,Mississippi,25,2013,0,0,2,13,64,4
2009,1,25,MIA,Vontae Davis,FALSE,DB,Illinois,21,2018,0,2,8,45,121,9
2009,1,26,GNB,Clay Matthews,FALSE,LB,USC,23,2019,1,6,10,77,156,10
2009,1,27,IND,Donald Brown,FALSE,RB,Connecticut,22,2015,0,0,1,25,89,6
2009,1,28,BUF,Eric Wood,FALSE,OC,Louisville,23,2017,0,1,9,47,120,8
2009,1,29,NYG,Hakeem Nicks,FALSE,WR,North Carolina,21,2015,0,0,4,40,92,6
2009,1,30,TEN,Kenny Britt,FALSE,WR,Rutgers,20,2017,0,0,5,35,116,8
2009,1,31,ARI,Beanie Wells,FALSE,RB,Ohio St.,21,2012,0,0,2,14,51,3
2009,1,32,PIT,Evander Hood,FALSE,DE,Missouri,22,2018,0,0,5,38,142,9
2009,2,33,DET,Louis Delmas,FALSE,DB,Western Michigan,22,2014,0,0,6,25,78,5
2009,2,34,NWE,Patrick Chung,FALSE,DB,Oregon,22,2019,0,0,10,38,153,10
2009,2,35,STL,James Laurinaitis,FALSE,LB,Ohio St.,22,2016,0,0,7,51,117,7
2009,2,36,CLE,Brian Robiskie,FALSE,WR,Ohio St.,21,2013,0,0,1,3,38,4
2009,2,37,DEN,Alphonso Smith,FALSE,DB,Wake Forest,23,2012,0,0,1,8,42,3
2009,2,38,CIN,Rey Maualuga,FALSE,LB,USC,22,2017,0,0,9,49,120,8
2009,2,39,JAX,Eben Britton,FALSE,OT,Arizona,21,2014,0,0,1,17,60,5
2009,2,40,NWE,Ron Brace,FALSE,DT,Boston Col.,22,2012,0,0,1,6,39,3
2009,2,41,NWE,Darius Butler,FALSE,DB,Connecticut,23,2017,0,0,0,22,124,8
2009,2,42,BUF,Jairus Byrd,FALSE,DB,Oregon,22,2017,0,3,7,38,118,8
2009,2,43,CAR,Everette Brown,FALSE,DE,Florida St.,22,2014,0,0,0,6,44,5
2009,2,44,MIA,Pat White,FALSE,QB,West Virginia,23,2009,0,0,0,1,13,0
2009,2,45,NYG,Clint Sintim,FALSE,LB,Virginia,23,2010,0,0,0,2,24,1
2009,2,46,HOU,Connor Barwin,FALSE,DE,Cincinnati,22,2018,0,1,7,51,142,9
2009,2,47,OAK,Mike Mitchell,FALSE,DB,Ohio,22,2018,0,0,5,33,145,9
2009,2,48,DEN,Darcel McBath,FALSE,DB,Texas Tech,23,2012,0,0,0,3,37,3
2009,2,49,SEA,Max Unger,FALSE,OC,Oregon,23,2018,1,3,9,69,130,9
2009,2,50,CLE,Mohamed Massaquoi,FALSE,WR,Georgia,22,2012,0,0,3,11,54,3
2009,2,51,BUF,Andy Levitre,FALSE,OG,Oregon St.,23,2018,0,0,9,55,143,9
2009,2,52,CLE,David Veikune,FALSE,LB,Hawaii,23,2010,0,0,0,1,14,1
2009,2,53,PHI,LeSean McCoy,FALSE,RB,Pittsburgh,21,2020,2,6,10,83,170,11
2009,2,54,MIN,Phil Loadholt,FALSE,OT,Oklahoma,23,2014,0,0,6,36,89,5
2009,2,55,ATL,William Moore,FALSE,DB,Missouri,24,2015,0,1,5,30,76,6
2009,2,56,IND,Fili Moala,FALSE,DT,USC,24,2013,0,0,3,19,64,4
2009,2,57,BAL,Paul Kruger,FALSE,DE,Utah,23,2016,0,0,4,29,114,7
2009,2,58,NWE,Sebastian Vollmer,FALSE,OT,Houston,25,2015,0,0,5,52,88,6
2009,2,59,CAR,Sherrod Martin,FALSE,DB,Troy,24,2015,0,0,2,16,84,6
2009,2,60,NYG,Will Beatty,FALSE,OT,Connecticut,24,2017,0,0,4,30,89,8
2009,2,61,MIA,Sean Smith,FALSE,DB,Utah,22,2017,0,0,8,38,137,8
2009,2,62,TEN,Sen'Derrick Marks,FALSE,DT,Auburn,22,2016,0,0,4,27,103,7
2009,2,63,ARI,Cody Brown,FALSE,LB,Connecticut,22,NA,0,0,0,NA,NA,NA
2009,2,64,DEN,Richard Quinn,FALSE,TE,North Carolina,23,2011,0,0,0,0,30,2
2009,3,65,NYJ,Shonn Greene,FALSE,RB,Iowa,24,2014,0,0,2,23,85,5
2009,3,66,STL,Bradley Fletcher,FALSE,DB,Iowa,23,2015,0,0,3,24,73,6
2009,3,67,KAN,Alex Magee,FALSE,DE,Purdue,22,2010,0,0,0,2,25,1
2009,3,68,CHI,Jarron Gilbert,FALSE,DT,San Jose St.,22,2010,0,0,0,0,5,1
2009,3,69,DAL,Jason Williams,FALSE,LB,Western Illinois,23,2014,0,0,0,4,60,5
2009,3,70,CIN,Michael Johnson,FALSE,DE,Georgia Tech,22,2018,0,0,8,54,155,9
2009,3,71,OAK,Matt Shaughnessy,FALSE,DE,Wisconsin,22,2014,0,0,3,22,75,5
2009,3,72,JAX,Terrance Knighton,FALSE,DT,Temple,23,2015,0,0,6,37,108,6
2009,3,73,JAX,Derek Cox,FALSE,DB,William & Mary,22,2013,0,0,4,20,63,4
2009,3,74,SFO,Glen Coffee,FALSE,RB,Alabama,22,2009,0,0,0,2,14,0
2009,3,75,DAL,Robert Brewster,FALSE,OT,Ball St.,23,2010,0,0,0,0,1,1
2009,3,76,DET,DeAndre Levy,FALSE,LB,Wisconsin,22,2016,0,0,6,45,95,7
2009,3,77,HOU,Antoine Caldwell,FALSE,OG,Alabama,23,2012,0,0,0,11,39,3
2009,3,78,SDG,Louis Vasquez,FALSE,OG,Texas Tech,22,2015,1,1,7,59,102,6
2009,3,79,PIT,Kraig Urbik,FALSE,OT,Wisconsin,23,2016,0,0,4,27,100,7
2009,3,80,WAS,Kevin Barnes,FALSE,DB,Maryland,22,2012,0,0,0,3,31,3
2009,3,81,TAM,Roy Miller,FALSE,DT,Texas,22,2017,0,0,5,33,119,8
2009,3,82,DET,Derrick Williams,FALSE,WR,Penn St.,23,2010,0,0,0,0,18,1
2009,3,83,NWE,Brandon Tate,FALSE,WR,North Carolina,21,2018,0,0,1,16,127,9
2009,3,84,PIT,Mike Wallace,FALSE,WR,Mississippi,23,2018,0,1,8,57,144,9
2009,3,85,NYG,Ramses Barden,FALSE,WR,Cal Poly-San Luis Obispo,23,2012,0,0,0,5,29,3
2009,3,86,MIN,Asher Allen,FALSE,DB,Georgia,21,2011,0,0,2,8,36,2
2009,3,87,MIA,Patrick Turner,FALSE,WR,USC,22,2012,0,0,0,1,24,3
2009,3,88,BAL,Lardarius Webb,FALSE,DB,Nicholls St.,23,2017,0,0,5,36,127,8
2009,3,89,TEN,Jared Cook,FALSE,TE,South Carolina,22,2021,0,2,5,48,194,12
2009,3,90,ATL,Chris Owens,FALSE,DB,San Jose St.,22,2015,0,0,1,11,87,6
2009,3,91,SEA,Deon Butler,FALSE,WR,Penn St.,23,2012,0,0,1,4,35,3
2009,3,92,IND,Jerraud Powers,FALSE,DB,Auburn,22,2016,0,0,7,30,100,7
2009,3,93,CAR,Corvey Irvin,FALSE,DT,Georgia,24,2013,0,0,0,1,24,4
2009,3,94,TEN,Ryan Mouton,FALSE,DB,Hawaii,22,2012,0,0,0,4,36,3
2009,3,95,ARI,Rashad Johnson,FALSE,DB,Alabama,23,2016,0,0,4,25,114,7
2009,3,96,PIT,Keenan Lewis,FALSE,DB,Oregon St.,23,2015,0,0,3,22,83,6
2009,3,97,NWE,Tyrone McKenzie,FALSE,LB,South Florida,23,2012,0,0,0,1,19,3
2009,3,98,CIN,Chase Coffman,FALSE,TE,Missouri,22,2016,0,0,0,0,39,7
2009,3,99,CHI,Juaquin Iglesias,FALSE,WR,Oklahoma,22,2009,0,0,0,0,1,0
2009,3,100,NYG,Travis Beckum,FALSE,TE,Wisconsin,22,2012,0,0,0,2,48,3
2009,4,101,DAL,Stephen McGee,FALSE,QB,Texas A&M,23,2011,0,0,0,2,3,2
2009,4,102,KAN,Donald Washington,FALSE,DB,Ohio St.,23,2011,0,0,0,4,32,2
2009,4,103,STL,Darell Scott,FALSE,DT,Clemson,23,2011,0,0,0,5,33,2
2009,4,104,CLE,Kaluka Maiava,FALSE,LB,USC,22,2014,0,0,1,13,63,5
2009,4,105,CHI,Henry Melton,FALSE,DE,Texas,22,2015,0,1,2,25,80,6
2009,4,106,CIN,Jonathan Luigs,FALSE,OC,Arkansas,23,2009,0,0,0,1,8,0
2009,4,107,JAX,Mike Thomas,FALSE,WR,Arizona,22,2012,0,0,2,21,61,3
2009,4,108,MIA,Brian Hartline,FALSE,WR,Ohio St.,22,2015,0,0,5,32,104,6
2009,4,109,GNB,T.J. Lang,FALSE,OT,Eastern Michigan,21,2018,0,2,7,61,138,9
2009,4,110,DAL,Victor Butler,FALSE,LB,Oregon St.,22,2014,0,0,0,6,65,5
2009,4,111,CAR,Mike Goodson,FALSE,RB,Texas A&M,22,2013,0,0,0,7,42,4
2009,4,112,HOU,Glover Quin,FALSE,DB,New Mexico,23,2018,0,1,10,51,159,9
2009,4,113,SDG,Vaughn Martin,FALSE,DT,Western Ontario,23,2013,0,0,2,12,51,4
2009,4,114,DEN,David Bruton,FALSE,DB,Notre Dame,22,2016,0,0,0,10,108,7
2009,4,115,DET,Sammie Lee Hill,FALSE,DT,Stillman,22,2015,0,0,3,21,97,6
2009,4,116,NOR,Chip Vaughn,FALSE,DB,Wake Forest,23,2010,0,0,0,0,3,1
2009,4,117,TAM,Kyle Moore,FALSE,DE,USC,22,2012,0,0,1,8,31,3
2009,4,118,NOR,Stanley Arnoux,FALSE,LB,Wake Forest,22,2010,0,0,0,1,9,1
2009,4,119,CHI,D.J. Moore,FALSE,DB,Vanderbilt,22,2013,0,0,0,6,47,4
2009,4,120,DAL,Brandon Williams,FALSE,DE,Texas Tech,21,2010,0,0,0,0,6,1
2009,4,121,BUF,Shawn Nelson,FALSE,TE,Southern Miss,23,2010,0,0,1,1,17,1
2009,4,122,HOU,Anthony Hill,FALSE,TE,North Carolina St.,24,2011,0,0,0,0,12,2
2009,4,123,NWE,Rich Ohrnberger,FALSE,OG,Penn St.,23,2014,0,0,1,8,39,5
2009,4,124,OAK,Louis Murphy,FALSE,WR,Florida,22,2017,0,0,1,19,95,8
2009,4,125,ATL,Lawrence Sidbury,FALSE,DE,Richmond,23,2015,0,0,0,5,50,6
2009,4,126,OAK,Slade Norris,FALSE,DE,Oregon St.,23,2010,0,0,0,0,9,1
2009,4,127,IND,Austin Collie,FALSE,WR,BYU,23,2013,0,0,0,18,49,4
2009,4,128,CAR,Tony Fiammetta,FALSE,RB,Syracuse,23,2014,0,0,2,1,51,5
2009,4,129,NYG,Andre Brown,FALSE,RB,North Carolina St.,22,2013,0,0,1,7,22,4
2009,4,130,TEN,Gerald McRath,FALSE,LB,Southern Miss,23,2011,0,0,1,7,40,2
2009,4,131,ARI,Greg Toler,FALSE,DB,St. Paul's,24,2016,0,0,4,21,88,7
2009,4,132,DEN,Seth Olsen,FALSE,OG,Iowa,23,2012,0,0,0,3,14,3
2009,4,133,SDG,Tyronne Green,FALSE,OG,Auburn,23,2012,0,0,2,15,41,3
2009,4,134,SDG,Gartrell Johnson,FALSE,RB,Colorado St.,23,2010,0,0,0,0,19,1
2009,4,135,TEN,Troy Kropog,FALSE,OT,Tulane,23,2012,0,0,0,0,7,3
2009,4,136,IND,Terrance Taylor,FALSE,DT,Michigan,NA,NA,0,0,0,NA,NA,NA
2009,5,137,BAL,Jason Phillips,FALSE,LB,TCU,23,2012,0,0,0,3,29,3
2009,5,138,ATL,William Middleton,FALSE,DB,Furman,23,2012,0,0,1,8,49,3
2009,5,139,KAN,Colin Brown,FALSE,OT,Missouri,24,2013,0,0,0,3,18,4
2009,5,140,CHI,Johnny Knox,FALSE,WR,Abilene Christian,22,2011,0,1,2,20,45,2
2009,5,141,DEN,Kenny McKinley,FALSE,WR,South Carolina,22,2009,0,0,0,0,8,0
2009,5,142,CIN,Kevin Huber,FALSE,P,Cincinnati,24,2022,0,1,1,23,216,13
2009,5,143,DAL,DeAngelo Smith,FALSE,DB,Cincinnati,23,2009,0,0,0,1,7,0
2009,5,144,JAX,Jarett Dillard,FALSE,WR,Rice,23,2011,0,0,0,4,21,2
2009,5,145,GNB,Quinn Johnson,FALSE,RB,LSU,22,2013,0,0,1,0,44,4
2009,5,146,SFO,Scott McKillop,FALSE,LB,Pittsburgh,23,2009,0,0,0,2,16,0
2009,5,147,BUF,Nic Harris,FALSE,LB,Oklahoma,22,2010,0,0,0,5,30,1
2009,5,148,SDG,Brandon Hughes,FALSE,DB,Oregon St.,23,2013,0,0,0,2,31,4
2009,5,149,BAL,Davon Drew,FALSE,TE,East Carolina,23,NA,0,0,0,NA,NA,NA
2009,5,150,MIN,Jasper Brinkley,FALSE,LB,South Carolina,24,2015,0,0,3,21,94,6
2009,5,151,NYG,Rhett Bomar,FALSE,QB,Sam Houston St.,24,NA,0,0,0,NA,NA,NA
2009,5,152,HOU,James Casey,FALSE,TE,Rice,24,2015,0,0,1,7,95,6
2009,5,153,PHI,Cornelius Ingram,FALSE,TE,Florida,24,NA,0,0,0,NA,NA,NA
2009,5,154,CHI,Marcus Freeman,FALSE,LB,Ohio St.,NA,NA,0,0,0,NA,NA,NA
2009,5,155,TAM,Xavier Fulton,FALSE,OT,Illinois,23,NA,0,0,0,NA,NA,NA
2009,5,156,ATL,Garrett Reynolds,FALSE,OT,North Carolina,22,2016,0,0,2,18,68,7
2009,5,157,PHI,Victor Harris,FALSE,DB,Virginia Tech,23,2010,0,0,0,3,18,1
2009,5,158,WAS,Cody Glenn,FALSE,LB,Nebraska,22,2010,0,0,0,2,19,1
2009,5,159,PHI,Fenuki Tupou,FALSE,OT,Oregon,24,NA,0,0,0,NA,NA,NA
2009,5,160,STL,Brooks Foster,FALSE,WR,North Carolina,23,NA,0,0,0,NA,NA,NA
2009,5,161,MIA,John Nalbone,FALSE,TE,Monmouth,23,2010,0,0,0,0,2,1
2009,5,162,GNB,Jamon Meredith,FALSE,OT,South Carolina,23,2015,0,0,2,14,67,6
2009,5,163,CAR,Duke Robinson,FALSE,OG,Oklahoma,22,NA,0,0,0,NA,NA,NA
2009,5,164,NOR,Thomas Morstead,FALSE,P,SMU,23,2025,0,1,3,29,272,16
2009,5,165,MIA,Chris Clemons,FALSE,DB,Clemson,23,2015,0,0,3,20,80,6
2009,5,166,DAL,Michael Hamlin,FALSE,DB,Clemson,23,2010,0,0,0,0,12,1
2009,5,167,ARI,Herman Johnson,FALSE,OT,LSU,24,NA,0,0,0,NA,NA,NA
2009,5,168,PIT,Joe Burnett,FALSE,DB,Central Florida,22,2009,0,0,0,1,15,0
2009,5,169,PIT,Frank Summers,FALSE,RB,UNLV,24,2014,0,0,1,1,27,5
2009,5,170,NWE,George Bussey,FALSE,OT,Louisville,24,NA,0,0,0,NA,NA,NA
2009,5,171,SFO,Nate Davis,FALSE,QB,Ball St.,22,NA,0,0,0,NA,NA,NA
2009,5,172,DAL,David Buehler,FALSE,PK,USC,22,2011,0,0,0,2,36,2
2009,5,173,TEN,Javon Ringer,FALSE,RB,Michigan St.,22,2012,0,0,0,5,37,3
2009,6,174,DEN,Tom Brandstater,FALSE,QB,Fresno St.,24,2011,0,0,0,0,1,2
2009,6,175,KAN,Quinten Lawrence,FALSE,WR,McNeese St.,24,2009,0,0,0,0,6,0
2009,6,176,ATL,Spencer Adkins,FALSE,LB,Miami (FL),22,2011,0,0,0,2,24,2
2009,6,177,CLE,Don Carey,FALSE,DB,Norfolk St.,22,2018,0,0,1,12,100,9
2009,6,178,SEA,Mike Teel,FALSE,QB,Rutgers,23,NA,0,0,0,NA,NA,NA
2009,6,179,CIN,Morgan Trent,FALSE,DB,Michigan,23,2011,0,0,0,4,36,2
2009,6,180,JAX,Zach Miller,FALSE,TE,Nebraska-Omaha,24,2017,0,0,2,12,66,8
2009,6,181,MIA,Andrew Gardner,FALSE,OT,Georgia Tech,23,2016,0,0,0,7,28,7
2009,6,182,GNB,Jarius Wynn,FALSE,DE,Georgia,23,2014,0,0,0,8,69,5
2009,6,183,BUF,Cary Harris,FALSE,DB,USC,22,2010,0,0,0,1,6,1
2009,6,184,SFO,Bear Pascoe,FALSE,TE,Fresno St.,23,2015,0,0,2,3,85,6
2009,6,185,BAL,Cedric Peerman,FALSE,RB,Virginia,22,2016,0,1,0,4,92,7
2009,6,186,WAS,Robert Henson,FALSE,LB,TCU,23,2009,0,0,0,0,6,0
2009,6,187,GNB,Brandon Underwood,FALSE,DB,Cincinnati,23,2010,0,0,0,2,23,1
2009,6,188,HOU,Brice McCain,FALSE,DB,Utah,22,2017,0,0,2,18,132,8
2009,6,189,SDG,Kevin Ellison,FALSE,LB,USC,22,2009,0,0,1,4,13,0
2009,6,190,CHI,Al Afalava,FALSE,DB,Oregon St.,22,2012,0,0,1,5,29,3
2009,6,191,CLE,Coye Francies,FALSE,DB,San Jose St.,22,2012,0,0,0,1,23,3
2009,6,192,DET,Aaron Brown,FALSE,RB,TCU,23,2011,0,0,0,2,22,2
2009,6,193,NYJ,Matt Slauson,FALSE,OG,Nebraska,23,2018,0,0,6,43,116,9
2009,6,194,PHI,Brandon Gibson,FALSE,WR,Washington St.,22,2014,0,0,3,17,76,5
2009,6,195,CLE,James Davis,FALSE,RB,Clemson,23,2010,0,0,0,1,9,1
2009,6,196,STL,Keith Null,FALSE,QB,West Texas A&M,23,2009,0,0,0,1,4,0
2009,6,197,DAL,Stephen Hodge,FALSE,DB,TCU,22,NA,0,0,0,NA,NA,NA
2009,6,198,NWE,Jake Ingram,FALSE,OC,Hawaii,23,2010,0,0,0,1,25,1
2009,6,199,OAK,Stryker Sulak,FALSE,DE,Missouri,NA,NA,0,0,0,NA,NA,NA
2009,6,200,NYG,DeAndre Wright,FALSE,DB,New Mexico,23,NA,0,0,0,NA,NA,NA
2009,6,201,IND,Curtis Painter,FALSE,QB,Purdue,24,2013,0,0,1,2,14,4
2009,6,202,OAK,Brandon Myers,FALSE,TE,Iowa,24,2016,0,0,5,12,115,7
2009,6,203,TEN,Jason McCourty,FALSE,DB,Rutgers,22,2021,0,0,9,45,173,12
2009,6,204,ARI,Will Davis,FALSE,DE,Illinois,23,2010,0,0,0,3,21,1
2009,6,205,PIT,Ra'Shon Harris,FALSE,DT,Oregon,23,2009,0,0,0,0,2,0
2009,6,206,TEN,Dominique Edison,FALSE,WR,S.F. Austin,23,2009,0,0,0,0,5,0
2009,6,207,NWE,Myron Pryor,FALSE,DT,Kentucky,23,2011,0,0,0,3,24,2
2009,6,208,DAL,John Phillips,FALSE,TE,Virginia,22,2018,0,0,1,2,120,9
2009,6,209,CIN,Bernard Scott,FALSE,RB,Abilene Christian,25,2013,0,0,0,9,49,4
2009,7,210,ATL,Vance Walker,FALSE,DT,Georgia Tech,22,2015,0,0,1,21,104,6
2009,7,211,STL,Chris Ogbonnaya,FALSE,RB,Texas,23,2014,0,0,1,7,53,5
2009,7,212,KAN,Javarris Williams,FALSE,RB,Tennessee St.,23,2009,0,0,0,0,4,0
2009,7,213,PHI,Paul Fanaika,FALSE,OG,Arizona St.,23,2014,0,0,2,13,33,5
2009,7,214,MIA,J.D. Folsom,FALSE,LB,Weber St.,25,2009,0,0,0,0,2,0
2009,7,215,CIN,Fui Vakapuna,FALSE,RB,BYU,25,NA,0,0,0,NA,NA,NA
2009,7,216,CAR,Captain Munnerlyn,FALSE,DB,South Carolina,21,2018,0,0,4,35,154,9
2009,7,217,TAM,E.J. Biggers,FALSE,DB,Western Michigan,22,2015,0,0,1,13,92,6
2009,7,218,GNB,Brad Jones,FALSE,LB,Colorado,23,2015,0,0,2,18,83,6
2009,7,219,SFO,Curtis Taylor,FALSE,DB,LSU,24,2013,0,0,0,0,13,4
2009,7,220,BUF,Ellis Lankster,FALSE,DB,West Virginia,22,2014,0,0,0,5,49,5
2009,7,221,WAS,Eddie Williams,FALSE,RB,Idaho,22,2011,0,0,0,0,6,2
2009,7,222,IND,Pat McAfee,FALSE,PK,West Virginia,22,2016,1,2,0,18,127,7
2009,7,223,HOU,Troy Nolan,FALSE,DB,Arizona St.,23,2012,0,0,0,5,38,3
2009,7,224,SDG,Demetrius Byrd,FALSE,WR,LSU,NA,NA,0,0,0,NA,NA,NA
2009,7,225,DEN,Blake Schlueter,FALSE,OC,TCU,23,NA,0,0,0,NA,NA,NA
2009,7,226,PIT,A.Q. Shipley,FALSE,OC,Penn St.,23,2020,0,0,4,33,110,11
2009,7,227,DAL,Mike Mickens,FALSE,DB,Cincinnati,22,NA,0,0,0,NA,NA,NA
2009,7,228,DET,Lydon Murtha,FALSE,OT,Nebraska,23,2010,0,0,0,2,9,1
2009,7,229,DAL,Manuel Johnson,FALSE,WR,Oklahoma,22,2010,0,0,0,0,2,1
2009,7,230,PHI,Moise Fokou,FALSE,LB,Maryland,24,2014,0,0,2,18,73,5
2009,7,231,MIN,Jamarca Sanford,FALSE,DB,Mississippi,24,2015,0,0,3,15,95,6
2009,7,232,NWE,Julian Edelman,FALSE,WR,Kent St.,23,2020,0,0,7,61,137,11
2009,7,233,TAM,Sammie Stroughter,FALSE,WR,Oregon St.,23,2012,0,0,0,5,33,3
2009,7,234,NWE,Darryl Richard,FALSE,DT,Georgia Tech,23,NA,0,0,0,NA,NA,NA
2009,7,235,DET,Zack Follett,FALSE,LB,California,22,2010,0,0,0,2,17,1
2009,7,236,IND,Jaimie Thomas,FALSE,OT,Maryland,23,2010,0,0,0,1,8,1
2009,7,237,KAN,Jake O'Connell,FALSE,TE,Miami (OH),23,2012,0,0,0,0,35,3
2009,7,238,NYG,Stoney Woodson,FALSE,DB,South Carolina,NA,NA,0,0,0,NA,NA,NA
2009,7,239,TEN,Ryan Durand,FALSE,OG,Syracuse,23,2010,0,0,0,0,1,1
2009,7,240,ARI,LaRod Stephens-Howling,FALSE,RB,Pittsburgh,22,2013,0,0,0,9,58,4
2009,7,241,PIT,David Johnson,FALSE,TE,Arkansas St.,22,2016,0,0,1,3,98,7
2009,7,242,TEN,Nick Schommer,FALSE,DB,North Dakota St.,23,2010,0,0,0,1,13,1
2009,7,243,WAS,Marko Mitchell,FALSE,WR,Nevada,24,2009,0,0,0,0,10,0
2009,7,244,SFO,Ricky Jean-Francois,FALSE,DT,LSU,22,2018,0,0,4,23,137,9
2009,7,245,SEA,Courtney Greene,FALSE,DB,Rutgers,22,2011,0,0,1,5,30,2
2009,7,246,CHI,Lance Louis,FALSE,OG,San Diego St.,24,2015,0,0,2,18,61,6
2009,7,247,SEA,Nick Reed,FALSE,DE,Oregon,22,2011,0,0,0,3,26,2
2009,7,248,SEA,Cameron Morrah,FALSE,TE,California,22,2011,0,0,0,2,27,2
2009,7,249,CIN,Clinton McDonald,FALSE,DT,Memphis,22,2019,0,0,2,26,121,10
2009,7,250,JAX,Rashad Jennings,FALSE,RB,Liberty,24,2016,0,0,5,31,93,7
2009,7,251,CHI,Derek Kinder,FALSE,WR,Pittsburgh,NA,NA,0,0,0,NA,NA,NA
2009,7,252,CIN,Freddie Brown,FALSE,WR,Utah,NA,NA,0,0,0,NA,NA,NA
2009,7,253,JAX,Tiquan Underwood,FALSE,WR,Rutgers,22,2013,0,0,1,9,45,4
2009,7,254,ARI,Trevor Canfield,FALSE,OG,Cincinnati,23,NA,0,0,0,NA,NA,NA
2009,7,255,DET,Dan Gronkowski,FALSE,TE,Maryland,24,2011,0,0,0,1,21,2
2009,7,256,KAN,Ryan Succop,FALSE,PK,South Carolina,22,2022,0,0,1,29,216,13
2010,1,1,STL,Sam Bradford,FALSE,QB,Oklahoma,22,2018,0,0,5,44,83,8
2010,1,2,DET,Ndamukong Suh,FALSE,DT,Nebraska,23,2022,3,5,12,100,199,12
2010,1,3,TAM,Gerald McCoy,FALSE,DT,Oklahoma,22,2021,1,6,10,69,140,11
2010,1,4,WAS,Trent Williams,FALSE,OT,Oklahoma,22,2025,3,12,15,109,204,15
2010,1,5,KAN,Eric Berry,FALSE,DB,Tennessee,21,2018,3,5,5,50,89,8
2010,1,6,SEA,Russell Okung,FALSE,OT,Oklahoma St.,21,2020,0,2,9,56,131,10
2010,1,7,CLE,Joe Haden,FALSE,DB,Florida,21,2021,0,3,10,62,158,11
2010,1,8,OAK,Rolando McClain,FALSE,LB,Alabama,21,2015,0,0,5,25,65,5
2010,1,9,BUF,C.J. Spiller,FALSE,RB,Clemson,23,2017,0,1,3,34,90,7
2010,1,10,JAX,Tyson Alualu,FALSE,DT,California,23,2023,0,0,7,45,193,13
2010,1,11,SFO,Anthony Davis,FALSE,OT,Rutgers,20,2016,0,0,4,31,72,6
2010,1,12,SDG,Ryan Mathews,FALSE,RB,Fresno St.,22,2016,0,1,5,44,86,6
2010,1,13,PHI,Brandon Graham,FALSE,DE,Michigan,22,2025,0,1,6,59,215,15
2010,1,14,SEA,Earl Thomas,FALSE,DB,Texas,21,2019,3,7,9,82,140,9
2010,1,15,NYG,Jason Pierre-Paul,FALSE,DE,South Florida,21,2025,1,3,11,74,185,15
2010,1,16,TEN,Derrick Morgan,FALSE,DE,Georgia Tech,21,2018,0,0,8,40,118,8
2010,1,17,SFO,Mike Iupati,FALSE,OG,Idaho,23,2020,1,4,10,67,140,10
2010,1,18,PIT,Maurkice Pouncey,FALSE,OC,Florida,21,2020,2,9,9,78,134,10
2010,1,19,ATL,Sean Weatherspoon,FALSE,LB,Missouri,22,2017,0,0,2,22,67,7
2010,1,20,HOU,Kareem Jackson,FALSE,DB,Alabama,22,2024,0,0,12,52,205,14
2010,1,21,CIN,Jermaine Gresham,FALSE,TE,Oklahoma,22,2018,0,2,9,28,132,8
2010,1,22,DEN,Demaryius Thomas,FALSE,WR,Georgia Tech,22,2019,0,5,8,69,143,9
2010,1,23,GNB,Bryan Bulaga,FALSE,OT,Iowa,21,2021,0,0,9,56,126,11
2010,1,24,DAL,Dez Bryant,FALSE,WR,Oklahoma St.,21,2020,1,3,7,61,119,10
2010,1,25,DEN,Tim Tebow,FALSE,QB,Florida,23,2012,0,0,1,12,35,2
2010,1,26,ARI,Dan Williams,FALSE,DT,Tennessee,23,2016,0,0,6,29,102,6
2010,1,27,NWE,Devin McCourty,FALSE,DB,Rutgers,23,2022,0,2,13,71,205,12
2010,1,28,MIA,Jared Odrick,FALSE,DE,Penn St.,22,2016,0,0,3,29,87,6
2010,1,29,NYJ,Kyle Wilson,FALSE,DB,Boise St.,23,2015,0,0,2,16,95,5
2010,1,30,DET,Jahvid Best,FALSE,RB,California,21,2011,0,0,2,13,22,1
2010,1,31,IND,Jerry Hughes,FALSE,DE,TCU,22,2024,0,0,9,68,225,14
2010,1,32,NOR,Patrick Robinson,FALSE,DB,Florida St.,23,2020,0,0,1,25,123,10
2010,2,33,STL,Rodger Saffold,FALSE,OT,Indiana,22,2022,0,2,11,71,176,12
2010,2,34,MIN,Chris Cook,FALSE,DB,Virginia,23,2014,0,0,2,10,40,4
2010,2,35,TAM,Brian Price,FALSE,DT,UCLA,21,2011,0,0,1,4,20,1
2010,2,36,KAN,Dexter McCluster,FALSE,WR,Mississippi,21,2016,0,1,1,21,89,6
2010,2,37,PHI,Nate Allen,FALSE,DB,South Florida,22,2017,0,0,5,29,100,7
2010,2,38,CLE,T.J. Ward,FALSE,DB,Oregon,23,2017,0,3,7,41,107,7
2010,2,39,TAM,Arrelious Benn,FALSE,WR,Illinois,21,2017,0,0,2,8,61,7
2010,2,40,MIA,Koa Misi,FALSE,LB,Utah,23,2016,0,0,6,30,84,6
2010,2,41,BUF,Torell Troup,FALSE,DT,Central Florida,21,2011,0,0,0,2,21,1
2010,2,42,NWE,Rob Gronkowski,FALSE,TE,Arizona,21,2021,4,5,11,78,143,11
2010,2,43,BAL,Sergio Kindle,FALSE,LB,Texas,22,2012,0,0,0,0,3,2
2010,2,44,OAK,Lamarr Houston,FALSE,DE,Texas,23,2017,0,0,5,31,100,7
2010,2,45,DEN,Zane Beadles,FALSE,OG,Utah,23,2018,0,1,7,53,137,8
2010,2,46,NYG,Linval Joseph,FALSE,DT,East Carolina,21,2024,0,2,11,70,203,14
2010,2,47,ARI,Daryl Washington,FALSE,LB,TCU,23,2013,0,1,4,34,59,3
2010,2,48,CAR,Jimmy Clausen,FALSE,QB,Notre Dame,22,2015,0,0,1,3,21,5
2010,2,49,SFO,Taylor Mays,FALSE,DB,USC,22,2015,0,0,0,9,80,5
2010,2,50,KAN,Javier Arenas,FALSE,DB,Alabama,22,2014,0,0,1,9,69,4
2010,2,51,MIN,Toby Gerhart,FALSE,RB,Stanford,23,2015,0,0,0,16,82,5
2010,2,52,PIT,Jason Worilds,FALSE,DE,Virginia Tech,22,2014,0,0,2,22,73,4
2010,2,53,NWE,Jermaine Cunningham,FALSE,LB,Florida,22,2013,0,0,1,8,38,3
2010,2,54,CIN,Carlos Dunlap,FALSE,DE,Florida,21,2022,0,2,7,67,197,12
2010,2,55,DAL,Sean Lee,FALSE,LB,Penn St.,24,2020,1,2,7,53,118,10
2010,2,56,GNB,Mike Neal,FALSE,DE,Purdue,23,2015,0,0,2,17,68,5
2010,2,57,BAL,Terrence Cody,FALSE,DT,Alabama,22,2014,0,0,1,14,57,4
2010,2,58,HOU,Ben Tate,FALSE,RB,Auburn,22,2014,0,0,0,14,51,4
2010,2,59,CLE,Montario Hardesty,FALSE,RB,Tennessee,23,2012,0,0,0,4,23,2
2010,2,60,SEA,Golden Tate,FALSE,WR,Notre Dame,22,2020,0,1,7,58,160,10
2010,2,61,NYJ,Vlad Ducasse,FALSE,OT,Massachusetts,22,2018,0,0,4,21,111,8
2010,2,62,NWE,Brandon Spikes,FALSE,LB,Florida,23,2016,0,0,5,25,78,6
2010,2,63,IND,Pat Angerer,FALSE,LB,Iowa,23,2013,0,0,3,18,54,3
2010,2,64,NOR,Charles Brown,FALSE,OT,USC,23,2015,0,0,1,15,54,5
2010,3,65,STL,Jerome Murphy,FALSE,DB,South Florida,23,2013,0,0,0,3,33,3
2010,3,66,DET,Amari Spievey,FALSE,DB,Iowa,22,2012,0,0,2,11,35,2
2010,3,67,TAM,Myron Lewis,FALSE,DB,Vanderbilt,22,2012,0,0,0,1,28,2
2010,3,68,KAN,Jon Asamoah,FALSE,OG,Illinois,22,2014,0,0,4,21,75,4
2010,3,69,OAK,Jared Veldheer,FALSE,OT,Hillsdale,23,2020,0,0,8,45,121,10
2010,3,70,BAL,Ed Dickson,FALSE,TE,Oregon,23,2018,0,0,7,16,134,8
2010,3,71,GNB,Morgan Burnett,FALSE,DB,Georgia Tech,21,2019,0,0,8,32,121,9
2010,3,72,BUF,Alex Carrington,FALSE,DE,Arkansas St.,23,2015,0,0,1,7,59,5
2010,3,73,MIA,John Jerry,FALSE,OT,Mississippi,24,2019,0,0,6,40,132,9
2010,3,74,JAX,D'Anthony Smith,FALSE,DT,Louisiana Tech,22,2015,0,0,0,1,12,5
2010,3,75,CHI,Major Wright,FALSE,DB,Florida,22,2016,0,0,3,20,77,6
2010,3,76,NYG,Chad Jones,FALSE,DB,LSU,NA,NA,0,0,0,NA,NA,NA
2010,3,77,TEN,Damian Williams,FALSE,WR,USC,22,2014,0,0,1,10,57,4
2010,3,78,CAR,Brandon LaFell,FALSE,WR,LSU,23,2018,0,0,5,43,125,8
2010,3,79,SDG,Donald Butler,FALSE,LB,Washington,21,2016,0,0,5,29,85,6
2010,3,80,DEN,J.D. Walton,FALSE,OC,Baylor,23,2015,0,0,3,22,56,5
2010,3,81,HOU,Earl Mitchell,FALSE,DT,Arizona,22,2019,0,0,4,29,130,9
2010,3,82,PIT,Emmanuel Sanders,FALSE,WR,SMU,23,2021,0,2,9,63,172,11
2010,3,83,ATL,Corey Peters,FALSE,DT,Kentucky,22,2022,0,0,9,49,164,12
2010,3,84,CIN,Jordan Shipley,FALSE,WR,Texas,24,2012,0,0,0,7,24,2
2010,3,85,CLE,Colt McCoy,FALSE,QB,Texas,24,2022,0,0,2,17,56,12
2010,3,86,PHI,Daniel Te'o-Nesheim,FALSE,DE,Washington,23,2013,0,0,2,12,39,3
2010,3,87,DEN,Eric Decker,FALSE,WR,Minnesota,23,2017,0,0,5,45,111,7
2010,3,88,ARI,Andre Roberts,FALSE,WR,The Citadel,22,2022,1,3,2,24,182,12
2010,3,89,CAR,Armanti Edwards,FALSE,WR,Appalachian St.,22,2013,0,0,0,1,41,3
2010,3,90,NWE,Taylor Price,FALSE,WR,Ohio,22,2011,0,0,0,1,6,1
2010,3,91,SFO,NaVorro Bowman,FALSE,LB,Penn St.,22,2017,4,3,5,71,99,7
2010,3,92,CLE,Shawn Lauvao,FALSE,OG,Arizona St.,22,2018,0,0,7,36,99,8
2010,3,93,KAN,Tony Moeaki,FALSE,TE,Iowa,23,2015,0,0,2,10,49,5
2010,3,94,IND,Kevin Thomas,FALSE,DB,USC,23,2011,0,0,0,2,9,1
2010,3,95,NOR,Jimmy Graham,FALSE,TE,Miami (FL),23,2023,1,5,10,61,197,13
2010,3,96,CIN,Brandon Ghee,FALSE,DB,Wake Forest,23,2014,0,0,0,2,29,4
2010,3,97,TEN,Rennie Curran,FALSE,LB,Georgia,21,2010,0,0,0,1,9,0
2010,3,98,ATL,Mike Johnson,FALSE,OG,Alabama,23,2012,0,0,0,2,18,2
2010,4,99,STL,Mardy Gilyard,FALSE,WR,Cincinnati,23,2012,0,0,0,1,19,2
2010,4,100,MIN,Everson Griffen,FALSE,DE,USC,22,2021,0,4,6,67,170,11
2010,4,101,TAM,Mike Williams,FALSE,WR,Syracuse,23,2014,0,0,3,25,63,4
2010,4,102,HOU,Darryl Sharpton,FALSE,LB,Miami (FL),22,2014,0,0,1,10,47,4
2010,4,103,WAS,Perry Riley,FALSE,LB,LSU,22,2016,0,0,6,30,90,6
2010,4,104,TEN,Alterraun Verner,FALSE,DB,UCLA,21,2017,0,1,4,33,125,7
2010,4,105,PHI,Trevard Lindley,FALSE,DB,Kentucky,24,2010,0,0,0,1,11,0
2010,4,106,OAK,Bruce Campbell,FALSE,OT,Maryland,22,2012,0,0,0,1,19,2
2010,4,107,BUF,Marcus Easley,FALSE,WR,Connecticut,22,2015,0,0,0,1,42,5
2010,4,108,OAK,Jacoby Ford,FALSE,WR,Clemson,23,2013,0,0,1,12,38,3
2010,4,109,CHI,Corey Wootton,FALSE,DE,Northwestern,23,2014,0,0,1,14,60,4
2010,4,110,SDG,Darrell Stuckey,FALSE,DB,Kansas,23,2016,0,1,0,8,89,6
2010,4,111,SEA,Walter Thurmond,FALSE,DB,Oregon,23,2015,0,0,1,12,52,5
2010,4,112,NYJ,Joe McKnight,FALSE,RB,USC,22,2014,0,0,0,7,41,4
2010,4,113,NWE,Aaron Hernandez,FALSE,TE,Florida,20,2012,0,0,2,21,38,2
2010,4,114,BAL,Dennis Pitta,FALSE,TE,BYU,25,2016,0,0,1,16,66,6
2010,4,115,NYG,Phillip Dillard,FALSE,LB,Nebraska,23,2010,0,0,0,0,7,0
2010,4,116,PIT,Thaddeus Gibson,FALSE,DE,Ohio St.,22,2011,0,0,0,0,4,1
2010,4,117,ATL,Joe Hawley,FALSE,OC,UNLV,21,2017,0,0,3,27,91,7
2010,4,118,HOU,Garrett Graham,FALSE,TE,Wisconsin,24,2015,0,0,2,7,60,5
2010,4,119,MIA,A.J. Edds,FALSE,LB,Iowa,22,2014,0,0,0,1,17,4
2010,4,120,CIN,Geno Atkins,FALSE,DT,Georgia,22,2020,2,8,9,89,161,10
2010,4,121,PHI,Keenan Clayton,FALSE,LB,Oklahoma,23,2012,0,0,0,3,36,2
2010,4,122,PHI,Mike Kafka,FALSE,QB,Northwestern,23,2011,0,0,0,0,4,1
2010,4,123,NOR,Al Woods,FALSE,DT,LSU,23,2023,0,0,6,34,161,13
2010,4,124,CAR,Eric Norwood,FALSE,LB,South Carolina,22,2011,0,0,0,2,28,1
2010,4,125,PHI,Clay Harbor,FALSE,TE,Missouri State,23,2016,0,0,2,7,98,6
2010,4,126,DAL,Akwasi Owusu-Ansah,FALSE,DB,Indiana (PA),22,2013,0,0,0,1,15,3
2010,4,127,SEA,E.J. Wilson,FALSE,DE,North Carolina,22,2010,0,0,0,0,2,0
2010,4,128,DET,Jason Fox,FALSE,OT,Miami (FL),22,2015,0,0,1,9,37,5
2010,4,129,IND,Jacques McClendon,FALSE,OG,Tennessee,22,2015,0,0,0,3,25,5
2010,4,130,ARI,O'Brien Schofield,FALSE,DE,Wisconsin,23,2016,0,0,2,15,84,6
2010,4,131,CIN,Roddrick Muckelroy,FALSE,LB,Texas,23,2012,0,0,0,1,19,2
2010,5,132,STL,Michael Hoomanawanui,FALSE,TE,Illinois,22,2017,0,0,3,5,87,7
2010,5,133,SEA,Kam Chancellor,FALSE,DB,Virginia Tech,22,2017,0,4,7,49,109,7
2010,5,134,PHI,Ricky Sapp,FALSE,DE,Clemson,23,2014,0,0,0,1,17,4
2010,5,135,ATL,Dominique Franks,FALSE,DB,Oklahoma,22,2014,0,0,0,6,52,4
2010,5,136,KAN,Kendrick Lewis,FALSE,DB,Mississippi,22,2018,0,0,6,30,103,8
2010,5,137,DEN,Perrish Cox,FALSE,DB,Oklahoma St.,23,2016,0,0,4,19,81,6
2010,5,138,OAK,Walter McFadden,FALSE,DB,Auburn,23,2010,0,0,0,0,4,0
2010,5,139,NYJ,John Conner,FALSE,RB,Kentucky,23,2014,0,0,1,0,62,4
2010,5,140,BUF,Ed Wang,FALSE,OT,Virginia Tech,23,2010,0,0,0,0,6,0
2010,5,141,CHI,Joshua Moore,FALSE,DB,Kansas St.,22,2010,0,0,0,0,3,0
2010,5,142,KAN,Cameron Sheffield,FALSE,DE,Troy,22,2012,0,0,0,1,17,2
2010,5,143,JAX,Larry Hart,FALSE,DE,Central Arkansas,23,2010,0,0,0,1,14,0
2010,5,144,HOU,Sherrick McManis,FALSE,DB,Northwestern,22,2020,0,0,0,9,142,10
2010,5,145,MIA,Nolan Carroll,FALSE,DB,Maryland,23,2017,0,0,4,20,103,7
2010,5,146,SDG,Cam Thomas,FALSE,DT,North Carolina,23,2017,0,0,2,16,103,7
2010,5,147,NYG,Mitch Petrus,FALSE,OG,Arkansas,23,2012,0,0,0,4,27,2
2010,5,148,TEN,Robert Johnson,FALSE,DB,Utah,23,2012,0,0,0,2,15,2
2010,5,149,STL,Hall Davis,FALSE,DE,Louisiana,23,2012,0,0,0,0,3,2
2010,5,150,NWE,Zoltan Mesko,FALSE,P,Michigan,24,2013,0,0,0,6,55,3
2010,5,151,PIT,Chris Scott,FALSE,OG,Tennessee,23,2016,0,0,0,9,45,6
2010,5,152,CIN,Otis Hudson,FALSE,OT,Eastern Illinois,24,NA,0,0,0,NA,NA,NA
2010,5,153,JAX,Austen Lane,FALSE,DE,Murray St.,22,2013,0,0,2,7,30,3
2010,5,154,GNB,Andrew Quarless,FALSE,TE,Penn St.,21,2015,0,0,2,9,60,5
2010,5,155,ARI,John Skelton,FALSE,QB,Fordham,22,2012,0,0,1,4,20,2
2010,5,156,BAL,David Reed,FALSE,WR,Utah,23,2013,0,0,0,2,36,3
2010,5,157,BAL,Arthur Jones,FALSE,DE,Syracuse,24,2017,0,0,2,18,64,7
2010,5,158,NOR,Matt Tennant,FALSE,OC,Boston Col.,23,2012,0,0,0,3,36,2
2010,5,159,PHI,Riley Cooper,FALSE,WR,Florida,22,2015,0,0,3,17,88,5
2010,5,160,CLE,Larry Asante,FALSE,DB,Nebraska,22,2015,0,0,0,2,39,5
2010,5,161,MIN,Chris DeGeare,FALSE,OG,Wake Forest,23,2010,0,0,0,2,8,0
2010,5,162,IND,Brody Eldridge,FALSE,TE,Oklahoma,23,2011,0,0,2,0,27,1
2010,5,163,MIA,Reshad Jones,FALSE,DB,Georgia,22,2019,0,2,8,44,128,9
2010,5,164,PIT,Crezdon Butler,FALSE,DB,Clemson,23,2016,0,0,0,2,46,6
2010,5,165,ATL,Kerry Meier,FALSE,WR,Kansas,23,2011,0,0,0,0,12,1
2010,5,166,PIT,Stevenson Sylvester,FALSE,LB,Utah,22,2013,0,0,0,6,50,3
2010,5,167,MIN,Nate Triplett,FALSE,LB,Minnesota,23,2011,0,0,0,0,8,1
2010,5,168,SDG,Jonathan Crompton,FALSE,QB,Tennessee,23,NA,0,0,0,NA,NA,NA
2010,5,169,GNB,Marshall Newhouse,FALSE,OG,TCU,21,2020,0,0,4,40,133,10
2010,6,170,STL,Fendi Onobun,FALSE,TE,Arizona,23,2011,0,0,0,0,4,1
2010,6,171,ATL,Shann Schillinger,FALSE,DB,Montana,24,2013,0,0,0,2,37,3
2010,6,172,TAM,Brent Bowden,FALSE,P,Virginia Tech,NA,NA,0,0,0,NA,NA,NA
2010,6,173,SFO,Anthony Dixon,FALSE,RB,Mississippi St.,22,2015,0,0,0,7,96,5
2010,6,174,WAS,Dennis Morris,FALSE,RB,Louisiana Tech,NA,NA,0,0,0,NA,NA,NA
2010,6,175,CAR,Greg Hardy,FALSE,DE,Mississippi,22,2015,0,1,4,33,75,5
2010,6,176,TEN,Rusty Smith,FALSE,QB,Florida Atlantic,23,2012,0,0,0,1,3,2
2010,6,177,CLE,Carlton Mitchell,FALSE,WR,South Florida,22,2011,0,0,0,0,16,1
2010,6,178,BUF,Arthur Moats,FALSE,LB,James Madison,22,2017,0,0,3,22,121,7
2010,6,179,DAL,Sam Young,FALSE,OT,Notre Dame,23,2020,0,0,1,16,103,10
2010,6,180,JAX,Deji Karim,FALSE,RB,Southern Illinois,23,2013,0,0,0,4,33,3
2010,6,181,CHI,Dan LeFevour,FALSE,QB,Central Michigan,23,NA,0,0,0,NA,NA,NA
2010,6,182,SFO,Nate Byham,FALSE,TE,Pittsburgh,22,2013,0,0,0,0,29,3
2010,6,183,DEN,Eric Olsen,FALSE,OC,Notre Dame,22,2014,0,0,0,3,23,4
2010,6,184,NYG,Adrian Tracy,FALSE,DE,William & Mary,23,2012,0,0,0,1,16,2
2010,6,185,SEA,Anthony McCoy,FALSE,TE,USC,22,2015,0,0,1,4,41,5
2010,6,186,CLE,Clifton Geathers,FALSE,DE,South Carolina,22,2014,0,0,0,3,37,4
2010,6,187,HOU,Shelley Smith,FALSE,OG,Colorado St.,23,2014,0,0,0,7,36,4
2010,6,188,PIT,Jonathan Dwyer,FALSE,RB,Georgia Tech,21,2014,0,0,1,8,38,4
2010,6,189,STL,Eugene Sims,FALSE,DE,West Texas A&M,24,2016,0,0,1,17,99,6
2010,6,190,OAK,Travis Goethel,FALSE,LB,Arizona St.,23,2012,0,0,0,1,16,2
2010,6,191,CIN,Dezmon Briscoe,FALSE,WR,Kansas,21,2012,0,0,0,4,25,2
2010,6,192,BUF,Danny Batten,FALSE,DE,South Dakota St.,22,2011,0,0,0,2,16,1
2010,6,193,GNB,James Starks,FALSE,RB,Buffalo,24,2016,0,0,0,26,76,6
2010,6,194,BAL,Ramon Harewood,FALSE,OT,Morehouse,23,2012,0,0,0,2,6,2
2010,6,195,PIT,Antonio Brown,FALSE,WR,Central Michigan,22,2021,4,7,7,92,146,11
2010,6,196,DAL,Jamar Wall,FALSE,DB,Texas Tech,22,2010,0,0,0,0,2,0
2010,6,197,HOU,Trindon Holliday,FALSE,WR,LSU,24,2014,0,0,0,4,33,4
2010,6,198,CAR,David Gettis,FALSE,WR,Baylor,23,2012,0,0,1,3,17,2
2010,6,199,MIN,Joe Webb,FALSE,WR,Ala-Birmingham,23,2020,0,0,0,4,104,10
2010,6,200,PHI,Charles Scott,FALSE,RB,LSU,NA,NA,0,0,0,NA,NA,NA
2010,6,201,ARI,Jorrick Calvin,FALSE,DB,Troy,23,2010,0,0,0,1,12,0
2010,6,202,CAR,Jordan Pugh,FALSE,DB,Texas A&M,22,2013,0,0,0,4,44,3
2010,6,203,JAX,Scotty McGee,FALSE,DB,James Madison,NA,NA,0,0,0,NA,NA,NA
2010,6,204,CAR,Tony Pike,FALSE,QB,Cincinnati,24,2010,0,0,0,0,1,0
2010,6,205,NWE,Ted Larsen,FALSE,OC,North Carolina St.,23,2020,0,0,5,36,137,10
2010,6,206,SFO,Kyle Williams,FALSE,WR,Arizona St.,22,2013,0,0,0,6,39,3
2010,6,207,TEN,Myron Rolle,FALSE,DB,Florida St.,NA,NA,0,0,0,NA,NA,NA
2010,7,208,NWE,Thomas Welch,FALSE,OT,Vanderbilt,23,2013,0,0,0,2,27,3
2010,7,209,BUF,Levi Brown,FALSE,QB,Troy,23,2010,0,0,0,0,1,0
2010,7,210,TAM,Cody Grimm,FALSE,DB,Virginia Tech,23,2012,0,0,1,5,23,2
2010,7,211,STL,Marquis Johnson,FALSE,DB,Alabama,22,2011,0,0,0,0,5,1
2010,7,212,MIA,Chris McCoy,FALSE,DE,Middle Tenn. St.,NA,NA,0,0,0,NA,NA,NA
2010,7,213,DET,Willie Young,FALSE,DE,North Carolina St.,24,2017,0,0,2,22,98,7
2010,7,214,MIN,Mickey Shuler,FALSE,TE,Penn St.,23,2015,0,0,0,0,10,5
2010,7,215,OAK,Jeremy Ware,FALSE,DB,Michigan St.,23,2010,0,0,0,1,8,0
2010,7,216,BUF,Kyle Calloway,FALSE,OT,Iowa,NA,NA,0,0,0,NA,NA,NA
2010,7,217,TAM,Dekoda Watson,FALSE,LB,Florida St.,22,2019,0,0,0,11,108,9
2010,7,218,CHI,J'Marcus Webb,FALSE,OT,West Texas A&M,22,2020,0,0,4,29,96,10
2010,7,219,WAS,Terrence Austin,FALSE,WR,UCLA,22,2011,0,0,0,1,18,1
2010,7,220,PHI,Jamar Chaney,FALSE,LB,Mississippi St.,23,2014,0,0,1,13,54,4
2010,7,221,NYG,Matt Dodge,FALSE,P,East Carolina,23,2010,0,0,0,2,16,0
2010,7,222,TEN,Marc Mariani,FALSE,WR,Montana,23,2016,0,1,0,5,70,6
2010,7,223,CAR,R.J. Stanford,FALSE,DB,Utah,22,2014,0,0,0,4,46,4
2010,7,224,SFO,Phillip Adams,FALSE,DB,South Carolina St.,22,2015,0,0,0,9,78,5
2010,7,225,DEN,Syd'Quan Thompson,FALSE,DB,California,23,2010,0,0,0,1,13,0
2010,7,226,STL,George Selvie,FALSE,DE,South Florida,23,2015,0,0,2,17,80,5
2010,7,227,HOU,Dorin Dickerson,FALSE,WR,Pittsburgh,22,2013,0,0,0,1,23,3
2010,7,228,CIN,Reggie Stephens,FALSE,OC,Iowa St.,23,NA,0,0,0,NA,NA,NA
2010,7,229,WAS,Erik Cook,FALSE,OC,New Mexico,23,2011,0,0,0,1,6,1
2010,7,230,GNB,C.J. Wilson,FALSE,DE,East Carolina,23,2016,0,0,2,13,84,6
2010,7,231,WAS,Selvish Capers,FALSE,OT,West Virginia,24,2012,0,0,0,0,3,2
2010,7,232,DEN,Jammie Kirlew,FALSE,DE,Indiana,23,2011,0,0,0,0,1,1
2010,7,233,ARI,Jim Dray,FALSE,TE,Stanford,23,2017,0,0,2,3,94,7
2010,7,234,DAL,Sean Lissemore,FALSE,DT,William & Mary,22,2015,0,0,2,13,69,5
2010,7,235,SDG,Dedrick Epps,FALSE,TE,Miami (FL),22,2012,0,0,0,0,6,2
2010,7,236,SEA,Dexter Davis,FALSE,LB,Arizona St.,23,2011,0,0,0,1,16,1
2010,7,237,MIN,Ryan D'Imperio,FALSE,RB,Rutgers,23,2011,0,0,0,0,12,1
2010,7,238,IND,Ricardo Mathews,FALSE,DT,Cincinnati,23,2016,0,0,0,14,96,6
2010,7,239,NOR,Sean Canfield,FALSE,QB,Oregon St.,24,NA,0,0,0,NA,NA,NA
2010,7,240,IND,Kavell Conner,FALSE,LB,Clemson,23,2015,0,0,3,20,78,5
2010,7,241,TEN,David Howard,FALSE,DT,Brown,NA,NA,0,0,0,NA,NA,NA
2010,7,242,PIT,Doug Worthington,FALSE,DT,Ohio St.,23,2015,0,0,0,0,8,5
2010,7,243,PHI,Jeff Owens,FALSE,DT,Georgia,23,2010,0,0,0,0,1,0
2010,7,244,PHI,Kurt Coleman,FALSE,DB,Ohio St.,22,2019,0,1,6,33,146,9
2010,7,245,SEA,Jameson Konz,FALSE,TE,Kent St.,24,2011,0,0,0,0,1,1
2010,7,246,IND,Ray Fisher,FALSE,DB,Indiana,NA,NA,0,0,0,NA,NA,NA
2010,7,247,NWE,Brandon Deaderick,FALSE,DE,Alabama,23,2014,0,0,0,9,60,4
2010,7,248,NWE,Kade Weston,FALSE,DT,Georgia,NA,NA,0,0,0,NA,NA,NA
2010,7,249,CAR,Robert McClain,FALSE,DB,Connecticut,22,2017,0,0,1,14,94,7
2010,7,250,NWE,Zac Robinson,FALSE,QB,Oklahoma St.,23,NA,0,0,0,NA,NA,NA
2010,7,251,OAK,Stevie Brown,FALSE,DB,Michigan,23,2014,0,0,1,10,55,4
2010,7,252,MIA,Austin Spitler,FALSE,LB,Ohio St.,23,2013,0,0,0,5,55,3
2010,7,253,TAM,Erik Lorig,FALSE,DE,Stanford,23,2014,0,0,1,2,66,4
2010,7,254,STL,Josh Hull,FALSE,LB,Penn St.,23,2013,0,0,0,3,39,3
2010,7,255,DET,Tim Toone,FALSE,WR,Weber St.,25,NA,0,0,0,NA,NA,NA
2011,1,1,CAR,Cam Newton,FALSE,QB,Auburn,22,2021,1,3,9,115,148,10
2011,1,2,DEN,Von Miller,FALSE,LB,Texas A&M,22,2025,3,8,10,105,203,14
2011,1,3,BUF,Marcell Dareus,FALSE,DT,Alabama,21,2019,1,2,7,56,121,8
2011,1,4,CIN,A.J. Green,FALSE,WR,Georgia,23,2022,0,7,10,77,158,11
2011,1,5,ARI,Patrick Peterson,FALSE,DB,LSU,21,2023,3,8,13,103,201,12
2011,1,6,ATL,Julio Jones,FALSE,WR,Alabama,22,2023,2,7,9,101,166,12
2011,1,7,SFO,Aldon Smith,FALSE,DE,Missouri,21,2020,1,1,4,34,75,9
2011,1,8,TEN,Jake Locker,FALSE,QB,Washington,23,2014,0,0,1,15,30,3
2011,1,9,DAL,Tyron Smith,FALSE,OT,USC,20,2024,2,8,12,91,171,13
2011,1,10,JAX,Blaine Gabbert,FALSE,QB,Missouri,21,2023,0,0,2,17,69,12
2011,1,11,HOU,J.J. Watt,FALSE,DE,Wisconsin,22,2022,5,5,10,110,151,11
2011,1,12,MIN,Christian Ponder,FALSE,QB,Florida St.,23,2014,0,0,3,22,38,3
2011,1,13,DET,Nick Fairley,FALSE,DT,Auburn,23,2016,0,0,4,23,77,5
2011,1,14,STL,Robert Quinn,FALSE,DE,North Carolina,21,2022,1,3,9,69,169,11
2011,1,15,MIA,Mike Pouncey,FALSE,OG,Florida,22,2019,0,4,7,52,114,8
2011,1,16,WAS,Ryan Kerrigan,FALSE,DE,Purdue,23,2021,0,4,9,63,172,10
2011,1,17,NWE,Nate Solder,FALSE,OT,Colorado,23,2021,0,0,9,64,146,10
2011,1,18,SDG,Corey Liuget,FALSE,DT,Illinois,21,2020,0,0,7,42,124,9
2011,1,19,NYG,Prince Amukamara,FALSE,DB,Nebraska,22,2019,0,0,8,36,113,8
2011,1,20,TAM,Adrian Clayborn,FALSE,DE,Iowa,23,2020,0,0,2,26,125,9
2011,1,21,CLE,Phil Taylor,FALSE,DT,Baylor,23,2014,0,0,2,19,44,3
2011,1,22,IND,Anthony Castonzo,FALSE,OT,Boston Col.,23,2020,0,0,10,58,144,9
2011,1,23,PHI,Danny Watkins,FALSE,OG,Baylor,26,2013,0,0,1,9,24,2
2011,1,24,NOR,Cameron Jordan,FALSE,DE,California,22,2025,1,8,15,109,243,14
2011,1,25,SEA,James Carpenter,FALSE,OT,Alabama,22,2021,0,0,10,49,132,10
2011,1,26,KAN,Jonathan Baldwin,FALSE,WR,Pittsburgh,22,2013,0,0,1,4,33,2
2011,1,27,BAL,Jimmy Smith,FALSE,DB,Colorado,23,2021,0,0,5,33,128,10
2011,1,28,NOR,Mark Ingram,FALSE,RB,Alabama,21,2022,0,3,5,66,156,11
2011,1,29,CHI,Gabe Carimi,FALSE,OT,Wisconsin,23,2014,0,0,1,12,48,3
2011,1,30,NYJ,Muhammad Wilkerson,FALSE,DT,Temple,21,2018,0,1,7,58,108,7
2011,1,31,PIT,Cameron Heyward,FALSE,DE,Ohio St.,22,2025,4,7,13,115,228,14
2011,1,32,GNB,Derek Sherrod,FALSE,OT,Mississippi St.,22,2014,0,0,0,3,20,3
2011,2,33,NWE,Ras-I Dowling,FALSE,DB,Virginia,23,2014,0,0,0,1,12,3
2011,2,34,BUF,Aaron Williams,FALSE,DB,Texas,21,2016,0,0,4,17,59,5
2011,2,35,CIN,Andy Dalton,FALSE,QB,TCU,23,2025,0,3,11,92,179,14
2011,2,36,SFO,Colin Kaepernick,FALSE,QB,Nevada,23,2016,0,0,4,45,69,5
2011,2,37,CLE,Jabaal Sheard,FALSE,DE,Pittsburgh,22,2021,0,0,7,47,145,10
2011,2,38,ARI,Ryan Williams,FALSE,RB,Virginia Tech,21,2012,0,0,0,1,5,1
2011,2,39,TEN,Akeem Ayers,FALSE,LB,UCLA,22,2017,0,0,4,28,97,6
2011,2,40,DAL,Bruce Carter,FALSE,LB,North Carolina,23,2018,0,0,3,20,101,7
2011,2,41,WAS,Jarvis Jenkins,FALSE,DT,Clemson,23,2018,0,0,3,23,98,7
2011,2,42,HOU,Brooks Reed,FALSE,LB,Arizona,24,2020,0,0,6,37,131,9
2011,2,43,MIN,Kyle Rudolph,FALSE,TE,Notre Dame,21,2022,0,2,10,36,165,11
2011,2,44,DET,Titus Young,FALSE,WR,Boise St.,22,2012,0,0,2,8,26,1
2011,2,45,DEN,Rahim Moore,FALSE,DB,UCLA,21,2015,0,0,3,20,64,4
2011,2,46,DEN,Orlando Franklin,FALSE,OT,Miami (FL),23,2017,0,0,6,42,90,6
2011,2,47,STL,Lance Kendricks,FALSE,TE,Wisconsin,23,2019,0,0,6,16,137,8
2011,2,48,OAK,Stefen Wisniewski,FALSE,OC,Penn St.,22,2020,0,0,6,41,139,9
2011,2,49,IND,Ben Ijalana,FALSE,OT,Villanova,22,2017,0,0,1,6,34,6
2011,2,50,SDG,Marcus Gilchrist,FALSE,DB,Clemson,22,2020,0,0,6,33,128,9
2011,2,51,TAM,Da'Quan Bowers,FALSE,DE,Clemson,21,2015,0,0,0,7,53,4
2011,2,52,NYG,Marvin Austin,FALSE,DT,North Carolina,22,2014,0,0,0,2,26,3
2011,2,53,CHI,Stephen Paea,FALSE,DT,Oregon St.,23,2017,0,0,3,19,83,6
2011,2,54,PHI,Jaiquawn Jarrett,FALSE,DB,Temple,21,2015,0,0,0,5,47,4
2011,2,55,KAN,Rodney Hudson,FALSE,OC,Florida St.,22,2022,0,3,9,61,159,11
2011,2,56,NWE,Shane Vereen,FALSE,RB,California,22,2017,0,0,1,25,79,6
2011,2,57,DET,Mikel Leshoure,FALSE,RB,Illinois,21,2013,0,0,1,5,17,2
2011,2,58,BAL,Torrey Smith,FALSE,WR,Maryland,22,2018,0,0,7,37,119,7
2011,2,59,CLE,Greg Little,FALSE,WR,North Carolina,22,2014,0,0,3,12,54,3
2011,2,60,HOU,Brandon Harris,FALSE,DB,Miami (FL),21,2014,0,0,0,3,42,3
2011,2,61,SDG,Jonas Mouton,FALSE,LB,Michigan,23,2012,0,0,0,0,3,1
2011,2,62,MIA,Daniel Thomas,FALSE,RB,Kansas St.,23,2014,0,0,0,11,52,3
2011,2,63,PIT,Marcus Gilbert,FALSE,OT,Florida,23,2018,0,0,5,36,88,7
2011,2,64,GNB,Randall Cobb,FALSE,WR,Kentucky,21,2023,0,1,5,64,166,12
2011,3,65,CAR,Terrell McClain,FALSE,DT,South Florida,23,2019,0,0,2,17,92,8
2011,3,66,CIN,Dontay Moch,FALSE,LB,Nevada,23,2014,0,0,0,0,8,3
2011,3,67,DEN,Nate Irving,FALSE,LB,North Carolina St.,23,2015,0,0,1,9,62,4
2011,3,68,BUF,Kelvin Sheppard,FALSE,LB,LSU,23,2018,0,0,4,25,107,7
2011,3,69,ARI,Rob Housler,FALSE,TE,Florida Atlantic,23,2015,0,0,3,9,65,4
2011,3,70,KAN,Justin Houston,FALSE,LB,Georgia,22,2023,1,4,10,74,170,12
2011,3,71,DAL,DeMarco Murray,FALSE,RB,Oklahoma,23,2017,1,3,7,60,99,6
2011,3,72,NOR,Martez Wilson,FALSE,LB,Illinois,22,2013,0,0,0,2,38,2
2011,3,73,NWE,Stevan Ridley,FALSE,RB,LSU,22,2018,0,0,1,25,73,7
2011,3,74,NWE,Ryan Mallett,FALSE,QB,Arkansas,23,2017,0,0,0,4,21,6
2011,3,75,SEA,John Moffitt,FALSE,OG,Wisconsin,24,2013,0,0,1,6,19,2
2011,3,76,JAX,Will Rackley,FALSE,OG,Lehigh,21,2013,0,0,2,8,26,2
2011,3,77,TEN,Jurrell Casey,FALSE,DT,USC,21,2020,0,5,9,72,142,9
2011,3,78,STL,Austin Pettis,FALSE,WR,Boise St.,23,2014,0,0,0,8,47,3
2011,3,79,WAS,Leonard Hankerson,FALSE,WR,Miami (FL),22,2015,0,0,1,12,41,4
2011,3,80,SFO,Chris Culliver,FALSE,DB,South Carolina,23,2015,0,0,1,12,52,4
2011,3,81,OAK,DeMarcus Van Dyke,FALSE,DB,Miami (FL),22,2013,0,0,0,3,25,2
2011,3,82,SDG,Vincent Brown,FALSE,WR,San Diego St.,22,2015,0,0,1,9,38,4
2011,3,83,NYG,Jerrel Jernigan,FALSE,WR,Troy,22,2014,0,0,0,2,34,3
2011,3,84,TAM,Mason Foster,FALSE,LB,Washington,22,2018,0,0,6,40,107,7
2011,3,85,BAL,Jah Reid,FALSE,OT,Central Florida,23,2016,0,0,2,10,61,5
2011,3,86,KAN,Allen Bailey,FALSE,DE,Miami (FL),22,2020,0,0,3,34,133,9
2011,3,87,IND,Drake Nevis,FALSE,DT,LSU,22,2013,0,0,0,4,26,2
2011,3,88,NOR,Johnny Patrick,FALSE,DB,Louisville,23,2013,0,0,0,4,37,2
2011,3,89,SDG,Shareece Wright,FALSE,DB,USC,24,2018,0,0,2,21,91,7
2011,3,90,PHI,Curtis Marsh,FALSE,DB,Utah St.,23,2013,0,0,0,1,26,2
2011,3,91,ATL,Akeem Dent,FALSE,LB,Georgia,23,2016,0,0,2,17,90,5
2011,3,92,OAK,Joe Barksdale,FALSE,OT,LSU,23,2018,0,0,5,35,106,7
2011,3,93,CHI,Chris Conte,FALSE,DB,California,22,2018,0,0,7,28,104,7
2011,3,94,NYJ,Kenrick Ellis,FALSE,DT,Hampton,23,2015,0,0,0,10,56,4
2011,3,95,PIT,Curtis Brown,FALSE,DB,Texas,22,2013,0,0,0,2,34,2
2011,3,96,GNB,Alex Green,FALSE,RB,Hawaii,23,2013,0,0,0,5,29,2
2011,3,97,CAR,Sione Fua,FALSE,DT,Stanford,23,2014,0,0,1,5,40,3
2011,4,98,CAR,Brandon Hogan,FALSE,DB,West Virginia,23,2011,0,0,0,0,3,0
2011,4,99,SEA,K.J. Wright,FALSE,LB,Mississippi St.,22,2021,0,1,10,64,161,10
2011,4,100,BUF,Da'Norris Searcy,FALSE,DB,North Carolina,22,2018,0,0,3,24,109,7
2011,4,101,CIN,Clint Boling,FALSE,OG,Georgia,22,2018,0,0,7,46,111,7
2011,4,102,CLE,Jordan Cameron,FALSE,TE,USC,23,2016,0,1,4,13,66,5
2011,4,103,ARI,Sam Acho,FALSE,DE,Texas,23,2019,0,0,4,30,110,8
2011,4,104,TAM,Luke Stocker,FALSE,TE,Tennessee,23,2021,0,0,7,5,142,10
2011,4,105,WAS,Roy Helu,FALSE,RB,Nebraska,22,2015,0,0,1,13,57,4
2011,4,106,MIN,Christian Ballard,FALSE,DT,Iowa,22,2012,0,0,0,3,32,1
2011,4,107,SEA,Kris Durham,FALSE,WR,Georgia,23,2014,0,0,1,5,27,3
2011,4,108,DEN,Quinton Carter,FALSE,DB,Oklahoma,23,2014,0,0,1,5,30,3
2011,4,109,TEN,Colin McCarthy,FALSE,LB,Miami (FL),22,2013,0,0,1,11,36,2
2011,4,110,DAL,David Arkin,FALSE,OG,Missouri State,23,2016,0,0,0,0,3,5
2011,4,111,MIA,Clyde Gates,FALSE,WR,Abilene Christian,25,2013,0,0,0,3,32,2
2011,4,112,STL,Greg Salas,FALSE,WR,Hawaii,23,2016,0,0,0,4,29,5
2011,4,113,OAK,Chimdi Chekwa,FALSE,DB,Ohio St.,22,2016,0,0,0,2,35,5
2011,4,114,JAX,Cecil Shorts,FALSE,WR,Mount Union,23,2016,0,0,4,19,70,5
2011,4,115,SFO,Kendall Hunter,FALSE,RB,Oklahoma St.,22,2015,0,0,0,12,45,4
2011,4,116,PHI,Casey Matthews,FALSE,LB,Oregon,22,2014,0,0,1,10,64,3
2011,4,117,NYG,James Brewer,FALSE,OT,Indiana,23,2014,0,0,0,4,26,3
2011,4,118,KAN,Jalil Brown,FALSE,DB,Colorado,23,2015,0,0,0,4,47,4
2011,4,119,IND,Delone Carter,FALSE,RB,Syracuse,24,2013,0,0,0,3,27,2
2011,4,120,PHI,Alex Henery,FALSE,PK,Nebraska,24,2014,0,0,0,8,50,3
2011,4,121,JAX,Chris Prosinski,FALSE,DB,Wyoming,24,2017,0,0,0,10,88,6
2011,4,122,BUF,Chris Hairston,FALSE,OT,Clemson,22,2017,0,0,2,17,74,6
2011,4,123,BAL,Tandon Doss,FALSE,WR,Indiana,21,2013,0,0,0,4,35,2
2011,4,124,CLE,Owen Marecic,FALSE,RB,Stanford,22,2012,0,0,0,0,24,1
2011,4,125,OAK,Taiwan Jones,FALSE,RB,Eastern Washington,23,2023,0,0,0,3,139,12
2011,4,126,NYJ,Bilal Powell,FALSE,RB,Louisville,22,2019,0,0,3,26,109,8
2011,4,127,HOU,Roc Carmichael,FALSE,DB,Virginia Tech,22,2013,0,0,0,2,19,2
2011,4,128,PIT,Cortez Allen,FALSE,DB,The Citadel,22,2015,0,0,0,10,56,4
2011,4,129,DEN,Julius Thomas,FALSE,TE,Portland St.,23,2017,0,2,5,21,71,6
2011,4,130,TEN,Jamie Harper,FALSE,RB,Clemson,21,2012,0,0,0,1,23,1
2011,4,131,GNB,Davon House,FALSE,DB,New Mexico St.,22,2018,0,0,2,17,87,7
2011,5,132,CAR,Kealoha Pilares,FALSE,WR,Hawaii,23,2012,0,0,0,1,20,1
2011,5,133,BUF,Johnny White,FALSE,RB,North Carolina,23,2012,0,0,0,0,19,1
2011,5,134,CIN,Robert Sands,FALSE,DB,West Virginia,21,2011,0,0,0,0,1,0
2011,5,135,KAN,Ricky Stanzi,FALSE,QB,Iowa,24,NA,0,0,0,NA,NA,NA
2011,5,136,ARI,Anthony Sherman,FALSE,RB,Connecticut,22,2020,0,1,3,5,153,9
2011,5,137,CLE,Buster Skrine,FALSE,DB,Chattanooga,22,2021,0,0,4,35,158,10
2011,5,138,NWE,Marcus Cannon,FALSE,OT,TCU,23,2022,0,0,5,43,124,11
2011,5,139,MIN,Brandon Burton,FALSE,DB,Southern Utah,22,2013,0,0,0,1,19,2
2011,5,140,KAN,Gabe Miller,FALSE,LB,Oregon St.,23,2014,0,0,0,0,7,3
2011,5,141,GNB,D.J. Williams,FALSE,TE,Arkansas,22,2013,0,0,0,4,35,2
2011,5,142,TEN,Karl Klug,FALSE,DT,Iowa,23,2017,0,0,0,13,109,6
2011,5,143,DAL,Josh Thomas,FALSE,DB,Buffalo,22,2015,0,0,0,7,51,4
2011,5,144,HOU,Shiloh Keo,FALSE,DB,Idaho,23,2016,0,0,1,8,56,5
2011,5,145,ATL,Jacquizz Rodgers,FALSE,RB,Oregon St.,21,2018,0,0,0,24,110,7
2011,5,146,WAS,DeJon Gomes,FALSE,DB,Nebraska,21,2013,0,0,0,5,46,2
2011,5,147,JAX,Rod Issac,FALSE,DB,Middle Tenn. St.,22,2011,0,0,0,0,3,0
2011,5,148,OAK,Denarius Moore,FALSE,WR,Tennessee,22,2015,0,0,3,15,57,4
2011,5,149,PHI,Dion Lewis,FALSE,RB,Pittsburgh,20,2020,0,0,2,31,102,9
2011,5,150,CLE,Jason Pinkston,FALSE,OT,Pittsburgh,24,2013,0,0,1,10,25,2
2011,5,151,TAM,Ahmad Black,FALSE,DB,Florida,21,2013,0,0,0,3,24,2
2011,5,152,HOU,T.J. Yates,FALSE,QB,North Carolina,24,2017,0,0,0,6,22,6
2011,5,153,NYJ,Jeremy Kerley,FALSE,WR,TCU,22,2018,0,0,4,23,99,7
2011,5,154,SEA,Richard Sherman,FALSE,DB,Stanford,23,2021,3,5,9,97,144,10
2011,5,155,WAS,Niles Paul,FALSE,WR,Nebraska,22,2018,0,0,1,7,88,7
2011,5,156,SEA,Mark LeGree,FALSE,DB,Appalachian St.,22,NA,0,0,0,NA,NA,NA
2011,5,157,DET,Doug Hogue,FALSE,LB,Syracuse,22,2012,0,0,0,2,27,1
2011,5,158,STL,Jermale Hines,FALSE,DB,Ohio St.,23,2011,0,0,0,0,10,0
2011,5,159,NWE,Lee Smith,FALSE,TE,Marshall,23,2021,0,0,4,5,149,10
2011,5,160,CHI,Nathan Enderle,FALSE,QB,Idaho,23,NA,0,0,0,NA,NA,NA
2011,5,161,PHI,Julian Vandervelde,FALSE,OG,Iowa,23,2015,0,0,0,1,18,4
2011,5,162,PIT,Chris Carter,FALSE,LB,Fresno St.,22,2017,0,0,0,6,75,6
2011,5,163,SFO,Daniel Kilgore,FALSE,OG,Appalachian St.,23,2020,0,0,3,26,98,9
2011,5,164,BAL,Chykie Brown,FALSE,DB,Texas,24,2016,0,0,0,5,59,5
2011,5,165,BAL,Pernell McPhee,FALSE,DE,Mississippi St.,22,2021,0,0,3,29,141,10
2011,6,166,CAR,Lawrence Wilson,FALSE,LB,Central Connecticut St.,23,NA,0,0,0,NA,NA,NA
2011,6,167,CIN,Ryan Whalen,FALSE,WR,Stanford,22,2013,0,0,0,0,17,2
2011,6,168,MIN,Demarcus Love,FALSE,OG,Arkansas,23,NA,0,0,0,NA,NA,NA
2011,6,169,BUF,Chris White,FALSE,LB,Mississippi St.,22,2014,0,0,0,3,51,3
2011,6,170,MIN,Mistral Raymond,FALSE,DB,South Florida,24,2013,0,0,0,4,32,2
2011,6,171,ARI,Quan Sturdivant,FALSE,LB,North Carolina,22,NA,0,0,0,NA,NA,NA
2011,6,172,MIN,Brandon Fusco,FALSE,OC,Slippery Rock,23,2018,0,0,6,35,90,7
2011,6,173,SEA,Byron Maxwell,FALSE,DB,Clemson,23,2017,0,0,3,22,83,6
2011,6,174,MIA,Charles Clay,FALSE,TE,Tulsa,22,2019,0,0,9,29,127,8
2011,6,175,TEN,Byron Stingily,FALSE,OT,Louisville,22,2014,0,0,0,4,20,3
2011,6,176,DAL,Dwayne Harris,FALSE,WR,East Carolina,23,2020,0,1,0,12,109,9
2011,6,177,WAS,Evan Royster,FALSE,RB,Penn St.,23,2013,0,0,0,4,32,2
2011,6,178,WAS,Aldrick Robinson,FALSE,WR,SMU,22,2018,0,0,0,12,82,7
2011,6,179,GNB,Caleb Schlauderaff,FALSE,OG,Southern Utah,23,2013,0,0,0,1,12,2
2011,6,180,BAL,Tyrod Taylor,FALSE,QB,Virginia Tech,22,2025,0,1,3,50,100,14
2011,6,181,OAK,Richard Gordon,FALSE,TE,Miami (FL),24,2015,0,0,0,0,35,4
2011,6,182,SFO,Ronald Johnson,FALSE,WR,USC,23,NA,0,0,0,NA,NA,NA
2011,6,183,SDG,Jordan Todman,FALSE,RB,Connecticut,21,2017,0,0,0,5,74,6
2011,6,184,ARI,David Carter,FALSE,DT,UCLA,23,2013,0,0,0,4,35,2
2011,6,185,NYG,Greg Jones,FALSE,LB,Michigan St.,22,2012,0,0,0,3,22,1
2011,6,186,GNB,D.J. Smith,FALSE,LB,Appalachian St.,22,2014,0,0,0,5,24,3
2011,6,187,TAM,Allen Bradford,FALSE,RB,USC,23,2015,0,0,0,1,19,4
2011,6,188,IND,Chris Rucker,FALSE,DB,Michigan St.,22,2011,0,0,0,2,15,0
2011,6,189,DEN,Mike Mohamed,FALSE,LB,California,23,2015,0,0,0,4,26,4
2011,6,190,SFO,Colin Jones,FALSE,DB,TCU,23,2019,0,0,0,12,137,8
2011,6,191,PHI,Jason Kelce,FALSE,OC,Cincinnati,23,2023,6,7,12,102,193,12
2011,6,192,ATL,Matthew Bosher,FALSE,PK,Miami (FL),23,2019,0,0,0,14,130,8
2011,6,193,PHI,Brian Rolle,FALSE,LB,Ohio St.,22,2012,0,0,1,6,20,1
2011,6,194,NWE,Markell Carter,FALSE,LB,Central Arkansas,21,NA,0,0,0,NA,NA,NA
2011,6,195,CHI,J.T. Thomas,FALSE,LB,West Virginia,23,2017,0,0,2,12,62,6
2011,6,196,PIT,Keith Williams,FALSE,OG,Nebraska,23,2012,0,0,0,0,2,1
2011,6,197,GNB,Ricky Elmore,FALSE,DT,Arizona,23,NA,0,0,0,NA,NA,NA
2011,6,198,NYG,Tyler Sash,FALSE,DB,Iowa,23,2012,0,0,0,1,23,1
2011,6,199,KAN,Jerrell Powe,FALSE,DT,Mississippi,24,2014,0,0,0,5,28,3
2011,6,200,MIN,Ross Homan,FALSE,LB,Ohio St.,24,NA,0,0,0,NA,NA,NA
2011,6,201,SDG,Stephen Schilling,FALSE,OG,Michigan,23,2014,0,0,0,5,26,3
2011,6,202,NYG,Jacquian Williams,FALSE,LB,South Florida,23,2014,0,0,1,13,51,3
2011,6,203,CAR,Zachary Williams,FALSE,OG,Washington St.,22,NA,0,0,0,NA,NA,NA
2011,7,204,DEN,Virgil Green,FALSE,TE,Nevada,23,2020,0,0,5,8,137,9
2011,7,205,SEA,Pep Levingston,FALSE,DT,LSU,23,2012,0,0,0,0,7,1
2011,7,206,BUF,Justin Rogers,FALSE,DB,Richmond,23,2015,0,0,0,4,39,4
2011,7,207,CIN,Korey Lindsey,FALSE,DB,Southern Illinois,22,NA,0,0,0,NA,NA,NA
2011,7,208,NYJ,Greg McElroy,FALSE,QB,Alabama,23,2012,0,0,0,1,2,1
2011,7,209,DET,Johnny Culbreath,FALSE,OG,South Carolina St.,23,NA,0,0,0,NA,NA,NA
2011,7,210,ATL,Andrew Jackson,FALSE,OG,Fresno St.,22,NA,0,0,0,NA,NA,NA
2011,7,211,SFO,Bruce Miller,FALSE,DE,Central Florida,24,2020,0,0,5,7,85,9
2011,7,212,TEN,Zach Clayton,FALSE,DT,Auburn,23,2011,0,0,0,0,3,0
2011,7,213,WAS,Brandyn Thompson,FALSE,DB,Boise St.,21,2011,0,0,0,1,6,0
2011,7,214,HOU,Derek Newton,FALSE,OT,Arkansas St.,23,2018,0,0,4,28,83,7
2011,7,215,MIN,D'Aundre Reed,FALSE,DE,Arizona,23,2012,0,0,0,0,6,1
2011,7,216,STL,Mikail Baker,FALSE,DB,Baylor,24,NA,0,0,0,NA,NA,NA
2011,7,217,WAS,Maurice Hurt,FALSE,OG,Florida,23,2012,0,0,1,6,21,1
2011,7,218,GNB,Ryan Taylor,FALSE,TE,North Carolina,23,2014,0,0,0,0,58,3
2011,7,219,NWE,Malcolm Williams,FALSE,DB,TCU,23,2012,0,0,0,0,4,1
2011,7,220,DAL,Shaun Chapas,FALSE,RB,Georgia,23,2012,0,0,0,0,6,1
2011,7,221,NYG,Da'Rel Scott,FALSE,RB,Maryland,23,2013,0,0,0,1,20,2
2011,7,222,TAM,Anthony Gaitor,FALSE,DB,Florida International,22,2012,0,0,0,1,12,1
2011,7,223,KAN,Shane Bannon,FALSE,RB,Yale,22,NA,0,0,0,NA,NA,NA
2011,7,224,WAS,Markus White,FALSE,DE,Florida St.,23,2012,0,0,0,0,5,1
2011,7,225,BAL,Anthony Allen,FALSE,RB,Georgia Tech,23,2012,0,0,0,1,21,1
2011,7,226,NOR,Greg Romeus,FALSE,DT,Pittsburgh,23,NA,0,0,0,NA,NA,NA
2011,7,227,NYJ,Scotty McKnight,FALSE,WR,Colorado,23,NA,0,0,0,NA,NA,NA
2011,7,228,STL,Jabara Williams,FALSE,LB,S.F. Austin,22,2011,0,0,0,0,7,0
2011,7,229,STL,Jonathan Nelson,FALSE,DB,Oklahoma,23,2011,0,0,0,1,2,0
2011,7,230,ATL,Cliff Matthews,FALSE,DE,South Carolina,22,2016,0,0,0,3,35,5
2011,7,231,MIA,Frank Kearse,FALSE,DT,Alabama A&M,22,2015,0,0,0,5,35,4
2011,7,232,PIT,Baron Batch,FALSE,RB,Texas Tech,23,2012,0,0,0,1,12,1
2011,7,233,GNB,Lawrence Guy,FALSE,DT,Arizona St.,21,2024,0,0,7,63,181,13
2011,7,234,SDG,Andrew Gachkar,FALSE,LB,Missouri,22,2017,0,0,0,9,101,6
2011,7,235,MIA,Jimmy Wilson,FALSE,DB,Montana,25,2015,0,0,1,12,73,4
2011,7,236,MIN,Stephen Burton,FALSE,WR,Long Beach CC,21,2013,0,0,0,0,19,2
2011,7,237,PHI,Greg Lloyd,FALSE,LB,Connecticut,22,2012,0,0,0,0,2,1
2011,7,238,TAM,Daniel Hardy,FALSE,TE,Idaho,24,NA,0,0,0,NA,NA,NA
2011,7,239,SFO,Michael Person,FALSE,OG,Montana St.,23,2019,0,0,3,23,73,8
2011,7,240,PHI,Stanley Havili,FALSE,RB,USC,23,2013,0,0,1,1,28,2
2011,7,241,OAK,David Ausberry,FALSE,WR,USC,23,2014,0,0,0,1,34,3
2011,7,242,SEA,Malcolm Smith,FALSE,LB,USC,22,2021,0,0,2,32,134,10
2011,7,243,NOR,Nate Bussey,FALSE,LB,Illinois,22,2011,0,0,0,0,0,0
2011,7,244,CAR,Lee Ziemba,FALSE,OT,Auburn,22,2011,0,0,0,1,6,0
2011,7,245,BUF,Michael Jasper,FALSE,DT,Bethel (TN),24,NA,0,0,0,NA,NA,NA
2011,7,246,CIN,Jay Finley,FALSE,RB,Baylor,23,NA,0,0,0,NA,NA,NA
2011,7,247,DEN,Jeremy Beal,FALSE,DT,Oklahoma,23,NA,0,0,0,NA,NA,NA
2011,7,248,CLE,Eric Hagg,FALSE,DB,Nebraska,21,2012,0,0,0,3,22,1
2011,7,249,ARI,DeMarco Sampson,FALSE,WR,San Diego St.,25,2011,0,0,0,0,12,0
2011,7,250,SFO,Curtis Holcomb,FALSE,DB,Florida A&M,23,NA,0,0,0,NA,NA,NA
2011,7,251,TEN,Tommie Campbell,FALSE,DB,Pittsburgh,23,2014,0,0,0,4,44,3
2011,7,252,DAL,Bill Nagy,FALSE,OG,Wisconsin,23,2011,0,0,0,2,4,0
2011,7,253,WAS,Chris Neild,FALSE,DT,West Virginia,23,2013,0,0,0,2,24,2
2011,7,254,HOU,Cheta Ozougwu,FALSE,DE,Rice,22,2013,0,0,0,0,9,2
2012,1,1,IND,Andrew Luck,FALSE,QB,Stanford,22,2018,0,4,5,72,86,6
2012,1,2,WAS,Robert Griffin III,FALSE,QB,Baylor,22,2020,0,1,3,36,56,8
2012,1,3,CLE,Trent Richardson,FALSE,RB,Alabama,22,2014,0,0,3,17,46,2
2012,1,4,MIN,Matt Kalil,FALSE,OT,USC,23,2017,0,1,5,34,82,5
2012,1,5,JAX,Justin Blackmon,FALSE,WR,Oklahoma St.,22,2013,0,0,1,9,20,1
2012,1,6,DAL,Morris Claiborne,FALSE,DB,LSU,22,2019,0,0,5,25,85,7
2012,1,7,TAM,Mark Barron,FALSE,DB,Alabama,22,2019,0,0,7,58,119,7
2012,1,8,MIA,Ryan Tannehill,FALSE,QB,Texas A&M,24,2023,0,1,10,91,155,11
2012,1,9,CAR,Luke Kuechly,TRUE,LB,Boston Col.,21,2019,5,7,8,91,118,7
2012,1,10,BUF,Stephon Gilmore,FALSE,DB,South Carolina,21,2024,2,5,12,75,180,12
2012,1,11,KAN,Dontari Poe,FALSE,DT,Memphis,22,2020,0,2,8,55,128,8
2012,1,12,PHI,Fletcher Cox,FALSE,DT,Mississippi St.,21,2023,1,6,12,95,188,11
2012,1,13,ARI,Michael Floyd,FALSE,WR,Notre Dame,22,2018,0,0,3,28,102,6
2012,1,14,STL,Michael Brockers,FALSE,DT,LSU,21,2022,0,0,10,58,160,10
2012,1,15,SEA,Bruce Irvin,FALSE,DE,West Virginia,24,2023,0,0,6,42,140,11
2012,1,16,NYJ,Quinton Coples,FALSE,DE,North Carolina,22,2015,0,0,2,17,62,3
2012,1,17,CIN,Dre Kirkpatrick,FALSE,DB,Alabama,22,2021,0,0,5,31,119,9
2012,1,18,SDG,Melvin Ingram,FALSE,DE,South Carolina,23,2023,0,3,6,57,148,11
2012,1,19,CHI,Shea McClellin,FALSE,DE,Boise St.,23,2016,0,0,3,17,66,4
2012,1,20,TEN,Kendall Wright,FALSE,WR,Baylor,22,2017,0,0,3,28,82,5
2012,1,21,NWE,Chandler Jones,FALSE,DE,Syracuse,22,2022,2,4,10,77,154,10
2012,1,22,CLE,Brandon Weeden,FALSE,QB,Oklahoma St.,28,2018,0,0,1,13,35,6
2012,1,23,DET,Riley Reiff,FALSE,OT,Iowa,23,2023,0,0,10,60,164,11
2012,1,24,PIT,David DeCastro,FALSE,OG,Stanford,22,2020,2,6,8,69,125,8
2012,1,25,NWE,Dont'a Hightower,FALSE,LB,Alabama,22,2021,0,2,8,65,117,9
2012,1,26,HOU,Whitney Mercilus,FALSE,DE,Illinois,22,2021,0,0,8,49,138,9
2012,1,27,CIN,Kevin Zeitler,FALSE,OG,Wisconsin,22,2025,0,1,14,67,214,13
2012,1,28,GNB,Nick Perry,FALSE,DE,USC,22,2018,0,0,3,22,81,6
2012,1,29,MIN,Harrison Smith,FALSE,DB,Notre Dame,23,2025,1,6,13,72,207,13
2012,1,30,SFO,A.J. Jenkins,FALSE,WR,Illinois,22,2014,0,0,0,2,28,2
2012,1,31,TAM,Doug Martin,FALSE,RB,Boise St.,23,2018,1,2,7,39,84,6
2012,1,32,NYG,David Wilson,FALSE,RB,Virginia Tech,21,2013,0,0,0,5,21,1
2012,2,33,STL,Brian Quick,FALSE,WR,Appalachian St.,23,2018,0,0,0,11,84,6
2012,2,34,IND,Coby Fleener,FALSE,TE,Stanford,23,2017,0,0,4,25,87,5
2012,2,35,BAL,Courtney Upshaw,FALSE,LB,Alabama,22,2017,0,0,3,27,90,5
2012,2,36,DEN,Derek Wolfe,FALSE,DT,Cincinnati,22,2020,0,0,9,48,122,8
2012,2,37,CLE,Mitchell Schwartz,FALSE,OT,California,23,2020,1,0,8,75,134,8
2012,2,38,JAX,Andre Branch,FALSE,LB,Clemson,23,2018,0,0,3,22,95,6
2012,2,39,STL,Jackrabbit Jenkins,FALSE,DB,North Alabama,23,2022,0,1,10,52,144,10
2012,2,40,CAR,Amini Silatolu,FALSE,OG,Midwestern St.,23,2018,0,0,1,18,54,6
2012,2,41,BUF,Cordy Glenn,FALSE,OG,Georgia,22,2019,0,0,6,38,97,7
2012,2,42,MIA,Jonathan Martin,FALSE,OT,Stanford,22,2014,0,0,2,14,38,2
2012,2,43,NYJ,Stephen Hill,FALSE,WR,Georgia Tech,21,2013,0,0,2,4,23,1
2012,2,44,KAN,Jeff Allen,FALSE,OT,Illinois,22,2019,0,0,4,27,84,7
2012,2,45,CHI,Alshon Jeffery,FALSE,WR,South Carolina,22,2020,0,1,8,48,109,8
2012,2,46,PHI,Mychal Kendricks,FALSE,LB,California,21,2020,0,0,7,38,104,8
2012,2,47,SEA,Bobby Wagner,FALSE,LB,Utah St.,22,2025,6,10,14,129,219,13
2012,2,48,NWE,Tavon Wilson,FALSE,DB,Illinois,22,2021,0,0,2,19,133,9
2012,2,49,SDG,Kendall Reyes,FALSE,DT,Connecticut,22,2016,0,0,3,22,76,4
2012,2,50,STL,Isaiah Pead,FALSE,RB,Cincinnati,22,2016,0,0,0,1,30,4
2012,2,51,GNB,Jerel Worthy,FALSE,DT,Michigan St.,22,2018,0,0,0,4,40,6
2012,2,52,TEN,Zach Brown,FALSE,LB,North Carolina,22,2019,0,1,5,41,100,7
2012,2,53,CIN,Devon Still,FALSE,DT,Penn St.,23,2016,0,0,0,3,33,4
2012,2,54,DET,Ryan Broyles,FALSE,WR,Oklahoma,24,2014,0,0,0,3,21,2
2012,2,55,ATL,Peter Konz,FALSE,OC,Wisconsin,23,2014,0,0,2,16,39,2
2012,2,56,PIT,Mike Adams,FALSE,OT,Ohio St.,22,2016,0,0,1,11,53,4
2012,2,57,DEN,Brock Osweiler,FALSE,QB,Arizona St.,21,2018,0,0,1,14,49,6
2012,2,58,TAM,Lavonte David,FALSE,LB,Nebraska,22,2025,1,1,14,93,215,13
2012,2,59,PHI,Vinny Curry,FALSE,DE,Marshall,24,2022,0,0,1,22,134,10
2012,2,60,BAL,Kelechi Osemele,FALSE,OT,Iowa St.,23,2020,1,2,6,47,101,8
2012,2,61,SFO,LaMichael James,FALSE,RB,Oregon,22,2015,0,0,0,2,18,3
2012,2,62,GNB,Casey Hayward,FALSE,DB,Vanderbilt,22,2022,0,2,7,50,152,10
2012,2,63,NYG,Rueben Randle,FALSE,WR,LSU,21,2015,0,0,2,21,64,3
2012,3,64,IND,Dwayne Allen,FALSE,TE,Clemson,22,2018,0,0,4,12,86,6
2012,3,65,STL,Trumaine Johnson,FALSE,DB,Montana,22,2019,0,0,5,30,102,7
2012,3,66,MIN,Josh Robinson,FALSE,DB,Central Florida,21,2019,0,0,1,10,93,7
2012,3,67,DEN,Ronnie Hillman,FALSE,RB,San Diego St.,20,2016,0,0,1,17,56,4
2012,3,68,HOU,DeVier Posey,FALSE,WR,Ohio St.,22,2014,0,0,0,2,26,2
2012,3,69,BUF,T.J. Graham,FALSE,WR,North Carolina St.,23,2015,0,0,1,7,47,3
2012,3,70,JAX,Bryan Anger,FALSE,P,California,23,2025,0,2,3,25,227,13
2012,3,71,WAS,Josh LeRibeus,FALSE,OG,SMU,23,2018,0,0,1,11,50,6
2012,3,72,MIA,Olivier Vernon,FALSE,LB,Miami (FL),21,2020,0,1,8,50,127,8
2012,3,73,SDG,Brandon Taylor,FALSE,DB,LSU,22,2012,0,0,0,1,4,0
2012,3,74,KAN,Donald Stephenson,FALSE,OT,Oklahoma,23,2017,0,0,1,18,80,5
2012,3,75,SEA,Russell Wilson,FALSE,QB,Wisconsin,23,2025,0,10,12,140,205,13
2012,3,76,HOU,Brandon Brooks,FALSE,OG,Miami (OH),23,2021,0,3,7,50,114,9
2012,3,77,NYJ,Demario Davis,FALSE,LB,Arkansas St.,23,2025,1,2,13,104,227,13
2012,3,78,MIA,Michael Egnew,FALSE,TE,Missouri,22,2013,0,0,0,0,18,1
2012,3,79,CHI,Brandon Hardin,FALSE,DB,Oregon St.,22,NA,0,0,0,NA,NA,NA
2012,3,80,ARI,Jamell Fleming,FALSE,DB,Oklahoma,23,2015,0,0,0,5,46,3
2012,3,81,DAL,Tyrone Crawford,FALSE,DE,Boise St.,22,2020,0,0,5,34,112,8
2012,3,82,TEN,Mike Martin,FALSE,DT,Michigan,22,2015,0,0,0,6,46,3
2012,3,83,CIN,Mohamed Sanu,FALSE,WR,Rutgers,23,2021,0,0,5,41,136,9
2012,3,84,BAL,Bernard Pierce,FALSE,RB,Temple,21,2015,0,0,0,10,52,3
2012,3,85,DET,Bill Bentley,FALSE,DB,Louisiana,23,2015,0,0,0,3,20,3
2012,3,86,PIT,Sean Spence,FALSE,LB,Miami (FL),22,2017,0,0,1,13,53,5
2012,3,87,CLE,John Hughes,FALSE,DT,Cincinnati,24,2017,0,0,0,10,66,5
2012,3,88,PHI,Nick Foles,FALSE,QB,Arizona,23,2022,0,1,3,32,71,10
2012,3,89,NOR,Akiem Hicks,FALSE,DE,Regina,22,2022,0,1,7,54,149,10
2012,3,90,NWE,Jake Bequette,FALSE,DE,Arkansas,23,2013,0,0,0,0,8,1
2012,3,91,ATL,Lamar Holmes,FALSE,OT,Southern Miss,23,2014,0,0,1,10,21,2
2012,3,92,IND,T.Y. Hilton,FALSE,WR,Florida International,22,2022,0,4,8,72,146,10
2012,3,93,CIN,Brandon Thompson,FALSE,DT,Clemson,22,2015,0,0,0,7,39,3
2012,3,94,NYG,Jayron Hosley,FALSE,DB,Virginia Tech,21,2015,0,0,0,8,43,3
2012,3,95,OAK,Tony Bergstrom,FALSE,OT,Utah,26,2020,0,0,0,12,86,8
2012,4,96,STL,Chris Givens,FALSE,WR,Wake Forest,22,2015,0,0,2,12,60,3
2012,4,97,MIA,Lamar Miller,FALSE,RB,Miami (FL),21,2020,0,1,6,42,106,8
2012,4,98,BAL,Gino Gradkowski,FALSE,OG,Delaware,23,2018,0,0,1,11,60,6
2012,4,99,HOU,Ben Jones,FALSE,OC,Georgia,23,2022,0,1,10,58,172,10
2012,4,100,CLE,Travis Benjamin,FALSE,WR,Miami (FL),22,2021,0,0,2,25,111,9
2012,4,101,DEN,Omar Bolden,FALSE,DB,Arizona St.,23,2015,0,0,0,5,56,3
2012,4,102,WAS,Kirk Cousins,FALSE,QB,Michigan St.,24,2025,0,4,9,102,174,13
2012,4,103,CAR,Frank Alexander,FALSE,DE,Oklahoma,22,2014,0,0,0,6,29,2
2012,4,104,CAR,Joe Adams,FALSE,WR,Arkansas,22,2012,0,0,0,0,9,0
2012,4,105,BUF,Nigel Bradham,FALSE,LB,Florida St.,23,2020,0,0,7,44,116,8
2012,4,106,SEA,Robert Turbin,FALSE,RB,Utah St.,22,2019,0,0,0,16,82,7
2012,4,107,KAN,Devon Wylie,FALSE,WR,Fresno St.,24,2013,0,0,0,0,8,1
2012,4,108,DEN,Philip Blake,FALSE,OG,Baylor,26,NA,0,0,0,NA,NA,NA
2012,4,109,PIT,Alameda Ta'amu,FALSE,DT,Washington,22,2014,0,0,0,3,21,2
2012,4,110,SDG,Ladarius Green,FALSE,TE,Louisiana,22,2016,0,0,2,11,53,4
2012,4,111,CHI,Evan Rodriguez,FALSE,TE,Temple,23,2014,0,0,0,0,20,2
2012,4,112,ARI,Bobby Massie,FALSE,OT,Mississippi,23,2021,0,0,9,45,131,9
2012,4,113,DAL,Kyle Wilber,FALSE,LB,Wake Forest,23,2021,0,0,1,13,135,9
2012,4,114,SEA,Jaye Howard,FALSE,DT,Florida,23,2016,0,0,2,17,45,4
2012,4,115,TEN,Coty Sensabaugh,FALSE,DB,Clemson,23,2019,0,0,2,19,107,7
2012,4,116,CIN,Orson Charles,FALSE,TE,Georgia,21,2018,0,0,0,2,49,6
2012,4,117,SFO,Joe Looney,FALSE,OG,Wake Forest,22,2020,0,0,2,21,104,8
2012,4,118,MIN,Jarius Wright,FALSE,WR,Arkansas,22,2019,0,0,1,24,111,7
2012,4,119,WAS,Keenan Robinson,FALSE,LB,Texas,23,2017,0,0,2,17,58,5
2012,4,120,CLE,James-Michael Johnson,FALSE,LB,Nevada,23,2015,0,0,2,11,48,3
2012,4,121,HOU,Keshawn Martin,FALSE,WR,Michigan St.,22,2016,0,0,1,7,58,4
2012,4,122,NOR,Nick Toon,FALSE,WR,Wisconsin,23,2015,0,0,0,3,17,3
2012,4,123,PHI,Brandon Boykin,FALSE,DB,Georgia,22,2015,0,0,0,9,64,3
2012,4,124,BUF,Ron Brooks,FALSE,DB,LSU,23,2016,0,0,0,6,53,4
2012,4,125,DET,Ronnell Lewis,FALSE,LB,Oklahoma,21,2012,0,0,0,1,8,0
2012,4,126,HOU,Jared Crick,FALSE,DE,Nebraska,23,2016,0,0,3,28,79,4
2012,4,127,NYG,Adrien Robinson,FALSE,TE,Cincinnati,23,2014,0,0,0,0,19,2
2012,4,128,MIN,Rhett Ellison,FALSE,RB,USC,23,2019,0,0,4,9,113,7
2012,4,129,OAK,Miles Burris,FALSE,LB,San Diego St.,24,2014,0,0,2,14,38,2
2012,4,130,BAL,Christian Thompson,FALSE,DB,South Carolina St.,22,2012,0,0,0,0,7,0
2012,4,131,NYG,Brandon Mosley,FALSE,OT,Auburn,23,2014,0,0,0,2,22,2
2012,4,132,GNB,Mike Daniels,FALSE,DT,Iowa,23,2021,0,1,6,41,124,9
2012,4,133,GNB,Jerron McMillian,FALSE,DB,Maine,23,2013,0,0,0,2,28,1
2012,4,134,MIN,Greg Childs,FALSE,WR,Arkansas,22,NA,0,0,0,NA,NA,NA
2012,4,135,DAL,Matt Johnson,FALSE,DB,Eastern Washington,23,NA,0,0,0,NA,NA,NA
2012,5,136,IND,Josh Chapman,FALSE,DT,Alabama,23,2014,0,0,1,7,29,2
2012,5,137,DEN,Malik Jackson,FALSE,DT,Tennessee,22,2021,0,1,5,45,142,9
2012,5,138,DET,Tahir Whitehead,FALSE,LB,Temple,22,2021,0,0,7,41,142,9
2012,5,139,MIN,Robert Blanton,FALSE,DB,Notre Dame,23,2017,0,0,1,9,72,5
2012,5,140,TAM,Najee Goode,FALSE,LB,West Virginia,23,2019,0,0,0,10,90,7
2012,5,141,WAS,Adam Gettis,FALSE,OG,Iowa,23,2016,0,0,0,1,17,4
2012,5,142,JAX,Brandon Marshall,FALSE,LB,Nevada,22,2018,0,0,4,30,74,6
2012,5,143,CAR,Josh Norman,FALSE,DB,Coastal Carolina,24,2023,1,1,8,43,141,11
2012,5,144,BUF,Zebrie Sanders,FALSE,OG,Florida St.,22,NA,0,0,0,NA,NA,NA
2012,5,145,TEN,Taylor Thompson,FALSE,TE,SMU,22,2014,0,0,0,0,35,2
2012,5,146,KAN,DeQuan Menzie,FALSE,DB,Alabama,22,NA,0,0,0,NA,NA,NA
2012,5,147,BUF,Tank Carder,FALSE,LB,TCU,23,2016,0,0,0,5,78,4
2012,5,148,DET,Chris Greenwood,FALSE,DB,Albion,23,2013,0,0,0,0,3,1
2012,5,149,SDG,Johnnie Troutman,FALSE,OG,Penn St.,24,2014,0,0,2,14,29,2
2012,5,150,STL,Rokevious Watkins,FALSE,OG,South Carolina,23,2013,0,0,0,1,4,1
2012,5,151,ARI,Senio Kelemete,FALSE,OG,Washington,22,2021,0,0,1,25,97,9
2012,5,152,DAL,Danny Coale,FALSE,WR,Virginia Tech,24,NA,0,0,0,NA,NA,NA
2012,5,153,PHI,Dennis Kelly,FALSE,OT,Purdue,22,2023,0,0,1,29,131,11
2012,5,154,SEA,Korey Toomer,FALSE,LB,Idaho,23,2018,0,0,0,11,53,6
2012,5,155,MIA,Josh Kaddu,FALSE,LB,Oregon,22,2014,0,0,0,0,6,2
2012,5,156,CIN,Shaun Prater,FALSE,DB,Iowa,22,2015,0,0,0,2,21,3
2012,5,157,ATL,Bradie Ewing,FALSE,RB,Wisconsin,22,2013,0,0,0,0,2,1
2012,5,158,OAK,Jack Crawford,FALSE,DE,Penn St.,24,2020,0,0,3,18,109,8
2012,5,159,PIT,Chris Rainey,FALSE,RB,Florida,24,2013,0,0,0,1,18,1
2012,5,160,CLE,Ryan Miller,FALSE,OG,Colorado,23,2012,0,0,0,1,8,0
2012,5,161,HOU,Randy Bullock,FALSE,PK,Texas A&M,22,2023,0,0,1,20,144,11
2012,5,162,NOR,Corey White,FALSE,DB,Samford,22,2016,0,0,1,12,66,4
2012,5,163,GNB,Terrell Manning,FALSE,LB,North Carolina St.,22,2014,0,0,0,0,10,2
2012,5,164,ATL,Jonathan Massaquoi,FALSE,DE,Troy,24,2014,0,0,0,6,39,2
2012,5,165,SFO,Darius Fleming,FALSE,LB,Notre Dame,23,2015,0,0,0,1,11,3
2012,5,166,CIN,Marvin Jones,FALSE,WR,California,22,2023,0,0,8,53,151,11
2012,5,167,CIN,George Iloka,FALSE,DB,Boise St.,22,2020,0,0,4,29,103,8
2012,5,168,OAK,Juron Criner,FALSE,WR,Arizona,22,2013,0,0,0,1,13,1
2012,5,169,BAL,Asa Jackson,FALSE,DB,Cal Poly-San Luis Obispo,22,2017,0,0,0,3,26,5
2012,5,170,IND,Vick Ballard,FALSE,RB,Mississippi St.,22,2013,0,0,1,5,17,1
2012,6,171,STL,Greg Zuerlein,FALSE,PK,Missouri Western St.,24,2024,1,1,2,29,192,12
2012,6,172,SEA,Jeremy Lane,FALSE,DB,Northwestern St. (LA),22,2017,0,0,1,10,70,5
2012,6,173,WAS,Alfred Morris,FALSE,RB,Florida Atlantic,23,2020,0,2,4,36,114,8
2012,6,174,TAM,Keith Tandy,FALSE,DB,West Virginia,23,2018,0,0,0,8,90,6
2012,6,175,MIN,Blair Walsh,FALSE,PK,Georgia,22,2017,1,1,0,14,89,5
2012,6,176,JAX,Mike Harris,FALSE,DB,Florida St.,23,2014,0,0,0,6,36,2
2012,6,177,ARI,Justin Bethel,FALSE,DB,Presbyterian,22,2023,0,3,0,20,193,11
2012,6,178,BUF,Mark Asper,FALSE,OG,Oregon,26,2013,0,0,0,0,7,1
2012,6,179,NOR,Andrew Tiller,FALSE,OG,Syracuse,23,2016,0,0,0,6,28,4
2012,6,180,SFO,Trent Robinson,FALSE,DB,Michigan St.,22,2015,0,0,1,6,38,3
2012,6,181,SEA,Winston Guy,FALSE,DB,Kentucky,22,2016,0,0,0,3,34,4
2012,6,182,KAN,Cyrus Gray,FALSE,RB,Texas A&M,22,2014,0,0,0,1,35,2
2012,6,183,MIA,B.J. Cunningham,FALSE,WR,Michigan St.,23,2013,0,0,0,0,2,1
2012,6,184,CHI,Isaiah Frey,FALSE,DB,Nevada,22,2014,0,0,0,3,27,2
2012,6,185,ARI,Ryan Lindley,FALSE,QB,San Diego St.,23,2015,0,0,0,-4,10,3
2012,6,186,DAL,James Hanna,FALSE,TE,Oklahoma,23,2017,0,0,4,3,78,5
2012,6,187,NYJ,Josh Bush,FALSE,DB,Wake Forest,23,2015,0,0,0,3,45,3
2012,6,188,DEN,Danny Trevathan,FALSE,LB,Kentucky,22,2021,0,0,7,47,117,9
2012,6,189,OAK,Christo Bilukidi,FALSE,DE,Georgia St.,22,2014,0,0,0,1,24,2
2012,6,190,TEN,Markelle Martin,FALSE,DB,Oklahoma St.,22,NA,0,0,0,NA,NA,NA
2012,6,191,CIN,Dan Herron,FALSE,RB,Ohio St.,23,2015,0,0,0,5,35,3
2012,6,192,ATL,Charles Mitchell,FALSE,DB,Mississippi St.,22,2012,0,0,0,1,10,0
2012,6,193,WAS,Tom Compton,FALSE,OT,South Dakota,23,2022,0,0,2,22,124,10
2012,6,194,PHI,Marvin McNutt,FALSE,WR,Iowa,23,2013,0,0,0,0,5,1
2012,6,195,HOU,Nick Mondek,FALSE,OG,Purdue,23,NA,0,0,0,NA,NA,NA
2012,6,196,DET,Jonte Green,FALSE,DB,New Mexico St.,23,2013,0,0,0,4,24,1
2012,6,197,NWE,Nate Ebner,FALSE,DB,Ohio St.,23,2021,0,0,0,11,133,9
2012,6,198,BAL,Tommy Streeter,FALSE,WR,Miami (FL),22,2014,0,0,0,0,2,2
2012,6,199,SFO,Jason Slowey,FALSE,OG,Western Oregon,23,NA,0,0,0,NA,NA,NA
2012,6,200,PHI,Brandon Washington,FALSE,OG,Miami (FL),24,2013,0,0,0,0,1,1
2012,6,201,NYG,Matt McCants,FALSE,OT,Ala-Birmingham,23,2016,0,0,0,3,30,4
2012,6,202,NYJ,Terrance Ganaway,FALSE,RB,Baylor,23,2012,0,0,0,0,3,0
2012,6,203,NYJ,Robert Griffin,FALSE,OG,Baylor,22,NA,0,0,0,NA,NA,NA
2012,6,204,CLE,Emmanuel Acho,FALSE,LB,Texas,21,2014,0,0,0,2,20,2
2012,6,205,CLE,Billy Winn,FALSE,DT,Boise St.,23,2020,0,0,2,15,74,8
2012,6,206,IND,LaVon Brazill,FALSE,WR,Ohio,23,2013,0,0,0,3,25,1
2012,6,207,CAR,Brad Nortman,FALSE,P,Wisconsin,22,2017,0,0,0,11,96,5
2012,7,208,IND,Justin Anderson,FALSE,OG,Georgia,24,NA,0,0,0,NA,NA,NA
2012,7,209,STL,Aaron Brown,FALSE,LB,Hawaii,NA,NA,0,0,0,NA,NA,NA
2012,7,210,MIN,Audie Cole,FALSE,LB,North Carolina St.,23,2016,0,0,0,7,57,4
2012,7,211,TEN,Scott Solomon,FALSE,DE,Rice,23,2015,0,0,0,2,24,3
2012,7,212,TAM,Michael Smith,FALSE,RB,Utah St.,24,2012,0,0,0,0,1,0
2012,7,213,WAS,Richard Crawford,FALSE,DB,SMU,22,2012,0,0,0,1,10,0
2012,7,214,IND,Tim Fugger,FALSE,DE,Vanderbilt,23,NA,0,0,0,NA,NA,NA
2012,7,215,MIA,Kheeston Randall,FALSE,DT,Texas,23,2012,0,0,0,1,12,0
2012,7,216,CAR,D.J. Campbell,FALSE,DB,California,23,2013,0,0,0,2,9,1
2012,7,217,WAS,Jordan Bernstine,FALSE,DB,Iowa,23,2012,0,0,0,0,1,0
2012,7,218,KAN,Jerome Long,FALSE,DT,San Diego St.,22,2013,0,0,0,0,3,1
2012,7,219,MIN,Trevor Guyton,FALSE,DE,California,NA,NA,0,0,0,NA,NA,NA
2012,7,220,CHI,Greg McCoy,FALSE,DB,TCU,23,NA,0,0,0,NA,NA,NA
2012,7,221,ARI,Nate Potter,FALSE,OT,Boise St.,24,2013,0,0,0,3,21,1
2012,7,222,DAL,Caleb McSurdy,FALSE,LB,Montana,22,NA,0,0,0,NA,NA,NA
2012,7,223,DET,Travis Lewis,FALSE,LB,Oklahoma,24,2015,0,0,0,4,42,3
2012,7,224,NWE,Alfonzo Dennard,FALSE,DB,Nebraska,22,2014,0,0,1,9,29,2
2012,7,225,SEA,J.R. Sweezy,FALSE,DT,North Carolina St.,23,2020,0,0,7,47,117,8
2012,7,226,SDG,David Molk,FALSE,OC,Michigan,23,2015,0,0,0,3,20,3
2012,7,227,MIA,Rishard Matthews,FALSE,WR,Nevada,22,2018,0,0,4,22,87,6
2012,7,228,JAX,Jeris Pendleton,FALSE,DT,Ashland,28,2013,0,0,0,0,5,1
2012,7,229,PHI,Bryce Brown,FALSE,RB,Kansas St.,21,2015,0,0,0,9,42,3
2012,7,230,OAK,Nathan Stupar,FALSE,LB,Penn St.,24,2019,0,0,1,9,82,7
2012,7,231,PIT,Toney Clemons,FALSE,WR,Colorado,23,2012,0,0,0,0,4,0
2012,7,232,SEA,Greg Scruggs,FALSE,DE,Louisville,22,2016,0,0,0,1,18,4
2012,7,233,TAM,Drake Dunsmore,FALSE,TE,Northwestern,23,NA,0,0,0,NA,NA,NA
2012,7,234,NOR,Marcel Jones,FALSE,OG,Nebraska,24,NA,0,0,0,NA,NA,NA
2012,7,235,NWE,Jeremy Ebert,FALSE,WR,Northwestern,23,2013,0,0,0,0,5,1
2012,7,236,BAL,DeAngelo Tyson,FALSE,DT,Georgia,23,2014,0,0,0,6,34,2
2012,7,237,SFO,Cam Johnson,FALSE,DE,Virginia,22,2016,0,0,1,5,28,4
2012,7,238,KAN,Junior Hemingway,FALSE,WR,Michigan,23,2014,0,0,0,2,31,2
2012,7,239,NYG,Markus Kuhn,FALSE,DT,North Carolina St.,26,2015,0,0,0,6,39,3
2012,7,240,PIT,David Paulson,FALSE,TE,Oregon,23,2013,0,0,0,1,32,1
2012,7,241,GNB,Andrew Datko,FALSE,OG,Florida St.,22,NA,0,0,0,NA,NA,NA
2012,7,242,NYJ,Antonio Allen,FALSE,DB,South Carolina,23,2016,0,0,2,9,50,4
2012,7,243,GNB,B.J. Coleman,FALSE,QB,Chattanooga,23,NA,0,0,0,NA,NA,NA
2012,7,244,NYJ,Jordan White,FALSE,WR,Western Michigan,24,2012,0,0,0,0,3,0
2012,7,245,CLE,Trevin Wade,FALSE,DB,Arizona,23,2016,0,0,0,5,47,4
2012,7,246,PIT,Terrence Frederick,FALSE,DB,Texas A&M,22,2014,0,0,0,1,5,2
2012,7,247,CLE,Brad Smelley,FALSE,TE,Alabama,23,2013,0,0,0,0,4,1
2012,7,248,PIT,Kelvin Beachum,FALSE,OT,SMU,23,2025,0,0,11,59,196,13
2012,7,249,ATL,Travian Robertson,FALSE,DT,South Carolina,23,2014,0,0,0,1,13,2
2012,7,250,SDG,Edwin Baker,FALSE,RB,Michigan St.,21,2014,0,0,0,1,6,2
2012,7,251,BUF,John Potter,FALSE,PK,Western Michigan,22,2013,0,0,0,0,9,1
2012,7,252,STL,Daryl Richardson,FALSE,RB,Abilene Christian,22,2016,0,0,0,7,27,4
2012,7,253,IND,Chandler Harnish,FALSE,QB,Northern Illinois,24,NA,0,0,0,NA,NA,NA
2013,1,1,KAN,Eric Fisher,FALSE,OT,Central Michigan,22,2021,0,2,8,62,132,8
2013,1,2,JAX,Luke Joeckel,FALSE,OT,Texas A&M,21,2017,0,0,3,21,50,4
2013,1,3,MIA,Dion Jordan,FALSE,DE,Oregon,23,2020,0,0,0,9,63,7
2013,1,4,PHI,Lane Johnson,FALSE,OT,Oklahoma,23,2025,2,6,12,89,168,12
2013,1,5,DET,Ezekiel Ansah,FALSE,DE,BYU,24,2020,0,1,5,39,93,7
2013,1,6,CLE,Barkevious Mingo,FALSE,LB,LSU,22,2020,0,0,2,24,126,7
2013,1,7,ARI,Jonathan Cooper,FALSE,OG,North Carolina,23,2018,0,0,2,16,46,5
2013,1,8,STL,Tavon Austin,FALSE,WR,West Virginia,23,2021,0,0,4,26,113,8
2013,1,9,NYJ,Dee Milliner,FALSE,DB,Alabama,21,2015,0,0,1,6,21,2
2013,1,10,TEN,Chance Warmack,FALSE,OG,Alabama,21,2018,0,0,3,22,68,5
2013,1,11,SDG,D.J. Fluker,FALSE,OT,Alabama,22,2020,0,0,7,43,108,7
2013,1,12,OAK,D.J. Hayden,FALSE,DB,Houston,23,2021,0,0,2,16,92,8
2013,1,13,NYJ,Sheldon Richardson,FALSE,DT,Missouri,22,2021,0,1,8,61,138,8
2013,1,14,CAR,Star Lotulelei,FALSE,DT,Utah,23,2021,0,0,7,48,119,8
2013,1,15,NOR,Kenny Vaccaro,FALSE,DB,Texas,22,2020,0,0,7,34,110,7
2013,1,16,BUF,EJ Manuel,FALSE,QB,Florida St.,23,2017,0,0,1,10,30,4
2013,1,17,PIT,Jarvis Jones,FALSE,LB,Georgia,23,2016,0,0,1,17,50,3
2013,1,18,SFO,Eric Reid,FALSE,DB,LSU,21,2019,0,1,7,33,99,6
2013,1,19,NYG,Justin Pugh,FALSE,OT,Syracuse,23,2023,0,0,10,46,132,10
2013,1,20,CHI,Kyle Long,FALSE,OG,Oregon,24,2019,0,3,6,40,77,6
2013,1,21,CIN,Tyler Eifert,FALSE,TE,Notre Dame,22,2020,0,1,2,19,74,7
2013,1,22,ATL,Desmond Trufant,FALSE,DB,Washington,22,2021,0,1,8,37,113,8
2013,1,23,MIN,Sharrif Floyd,FALSE,DT,Florida,21,2016,0,0,2,13,44,3
2013,1,24,IND,Bjoern Werner,FALSE,DE,Florida St.,23,2015,0,0,1,10,38,2
2013,1,25,MIN,Xavier Rhodes,FALSE,DB,Florida St.,23,2022,1,3,8,49,135,9
2013,1,26,GNB,Datone Jones,FALSE,DE,UCLA,23,2020,0,0,0,10,68,7
2013,1,27,HOU,DeAndre Hopkins,FALSE,WR,Clemson,21,2025,3,5,10,84,195,12
2013,1,28,DEN,Sylvester Williams,FALSE,DT,North Carolina,24,2020,0,0,4,29,102,7
2013,1,29,MIN,Cordarrelle Patterson,FALSE,WR,Tennessee,22,2024,4,4,4,42,183,11
2013,1,30,STL,Alec Ogletree,FALSE,LB,Georgia,21,2021,0,0,7,52,111,8
2013,1,31,DAL,Travis Frederick,FALSE,OC,Wisconsin,22,2019,1,5,6,60,96,6
2013,1,32,BAL,Matt Elam,FALSE,DB,Florida,22,2016,0,0,2,12,41,3
2013,2,33,JAX,Johnathan Cyprien,FALSE,DB,Florida International,23,2020,0,0,5,25,79,7
2013,2,34,TEN,Justin Hunter,FALSE,WR,Tennessee,22,2018,0,0,1,9,60,5
2013,2,35,PHI,Zach Ertz,FALSE,TE,Stanford,22,2025,0,3,9,57,181,12
2013,2,36,DET,Darius Slay,FALSE,DB,Mississippi St.,22,2025,1,6,12,66,187,12
2013,2,37,CIN,Giovani Bernard,FALSE,RB,North Carolina,21,2022,0,0,2,42,135,9
2013,2,38,SDG,Manti Te'o,FALSE,LB,Notre Dame,22,2020,0,0,4,20,62,7
2013,2,39,NYJ,Geno Smith,FALSE,QB,West Virginia,22,2025,0,2,6,57,109,12
2013,2,40,SFO,Tank Carradine,FALSE,DE,Florida St.,23,2019,0,0,0,7,46,6
2013,2,41,BUF,Robert Woods,FALSE,WR,USC,21,2024,0,0,10,59,171,11
2013,2,42,OAK,Menelik Watson,FALSE,OT,Florida St.,24,2017,0,0,2,9,34,4
2013,2,43,TAM,Johnthan Banks,FALSE,DB,Mississippi St.,23,2017,0,0,2,11,57,4
2013,2,44,CAR,Kawann Short,FALSE,DT,Purdue,24,2020,0,2,5,41,99,7
2013,2,45,ARI,Kevin Minter,FALSE,LB,LSU,22,2021,0,0,3,27,123,8
2013,2,46,BUF,Kiko Alonso,FALSE,LB,Oregon,23,2019,0,0,4,33,86,6
2013,2,47,DAL,Gavin Escobar,FALSE,TE,San Diego St.,22,2017,0,0,0,2,64,4
2013,2,48,PIT,Le'Veon Bell,FALSE,RB,Michigan St.,21,2021,2,3,5,61,96,8
2013,2,49,NYG,Johnathan Hankins,FALSE,DT,Ohio St.,21,2024,0,0,10,50,169,11
2013,2,50,CHI,Jonathan Bostic,FALSE,LB,Florida,22,2022,0,0,5,36,121,9
2013,2,51,WAS,David Amerson,FALSE,DB,North Carolina St.,21,2018,0,0,4,20,74,5
2013,2,52,NWE,Jamie Collins,FALSE,LB,Southern Miss,23,2022,0,1,7,58,125,9
2013,2,53,CIN,Margus Hunt,FALSE,DE,SMU,26,2021,0,0,1,18,114,8
2013,2,54,MIA,Jamar Taylor,FALSE,DB,Boise St.,22,2020,0,0,2,18,98,7
2013,2,55,SFO,Vance McDonald,FALSE,TE,Rice,23,2020,0,0,6,14,101,7
2013,2,56,BAL,Arthur Brown,FALSE,LB,Kansas St.,20,2016,0,0,0,3,48,3
2013,2,57,HOU,D.J. Swearinger,FALSE,DB,South Carolina,22,2020,0,0,5,28,110,7
2013,2,58,DEN,Montee Ball,FALSE,RB,Wisconsin,22,2014,0,0,0,7,21,1
2013,2,59,NWE,Aaron Dobson,FALSE,WR,Marshall,22,2015,0,0,1,6,24,2
2013,2,60,ATL,Robert Alford,FALSE,DB,Southeastern Louisiana,24,2021,0,0,5,26,101,8
2013,2,61,GNB,Eddie Lacy,FALSE,RB,Alabama,23,2017,0,1,3,36,60,4
2013,2,62,SEA,Christine Michael,FALSE,RB,Texas A&M,22,2018,0,0,1,9,38,5
2013,3,63,KAN,Travis Kelce,FALSE,TE,Cincinnati,23,2025,4,11,12,94,192,12
2013,3,64,JAX,Dwayne Gratz,FALSE,DB,Connecticut,23,2016,0,0,1,10,43,3
2013,3,65,DET,Larry Warford,FALSE,OG,Kentucky,22,2019,0,3,7,52,101,6
2013,3,66,OAK,Sio Moore,FALSE,LB,Connecticut,23,2016,0,0,2,14,46,3
2013,3,67,PHI,Bennie Logan,FALSE,DT,LSU,23,2018,0,0,5,28,89,5
2013,3,68,CLE,Leon McFadden,FALSE,DB,San Diego St.,22,2016,0,0,0,2,34,3
2013,3,69,ARI,Tyrann Mathieu,FALSE,DB,LSU,21,2024,3,3,11,67,180,11
2013,3,70,TEN,Blidi Wreh-Wilson,FALSE,DB,Connecticut,23,2021,0,0,1,9,76,8
2013,3,71,STL,T.J. McDonald,FALSE,DB,USC,22,2018,0,0,6,24,75,5
2013,3,72,NYJ,Brian Winters,FALSE,OG,Kent St.,22,2021,0,0,7,31,107,8
2013,3,73,TAM,Mike Glennon,FALSE,QB,North Carolina St.,23,2021,0,0,1,9,40,8
2013,3,74,DAL,Terrance Williams,FALSE,WR,Baylor,23,2018,0,0,4,27,83,5
2013,3,75,NOR,Terron Armstead,FALSE,OT,Ark-Pine Bluff,22,2024,0,5,10,67,135,11
2013,3,76,SDG,Keenan Allen,FALSE,WR,California,21,2025,0,6,11,80,171,12
2013,3,77,MIA,Dallas Thomas,FALSE,OT,Tennessee,23,2016,0,0,1,13,37,3
2013,3,78,BUF,Marquise Goodwin,FALSE,WR,Texas,22,2023,0,0,3,24,114,10
2013,3,79,PIT,Markus Wheaton,FALSE,WR,Oregon St.,22,2018,0,0,2,13,59,5
2013,3,80,DAL,J.J. Wilcox,FALSE,DB,Georgia Southern,22,2018,0,0,2,16,77,5
2013,3,81,NYG,Damontre Moore,FALSE,DE,Texas A&M,20,2020,0,0,0,5,66,7
2013,3,82,NOR,John Jenkins,FALSE,DT,Georgia,24,2025,0,0,4,32,167,12
2013,3,83,NWE,Logan Ryan,FALSE,DB,Rutgers,22,2023,0,0,7,41,154,10
2013,3,84,CIN,Shawn Williams,FALSE,DB,Georgia,22,2021,0,0,4,25,125,8
2013,3,85,WAS,Jordan Reed,FALSE,TE,Florida,23,2020,0,1,3,25,75,7
2013,3,86,IND,Hugh Thornton,FALSE,OG,Illinois,22,2015,0,0,3,16,37,2
2013,3,87,SEA,Jordan Hill,FALSE,DT,Penn St.,22,2016,0,0,0,6,31,3
2013,3,88,SFO,Corey Lemonier,FALSE,DE,Auburn,21,2016,0,0,0,4,51,3
2013,3,89,HOU,Brennan Williams,FALSE,OG,North Carolina,22,NA,0,0,0,NA,NA,NA
2013,3,90,DEN,Kayvon Webster,FALSE,DB,South Florida,22,2019,0,0,1,9,69,6
2013,3,91,NWE,Duron Harmon,FALSE,DB,Rutgers,22,2023,0,0,3,30,168,10
2013,3,92,STL,Stedman Bailey,FALSE,WR,West Virginia,22,2015,0,0,0,7,38,2
2013,3,93,MIA,Will Davis,FALSE,DB,Utah St.,23,2016,0,0,0,0,20,3
2013,3,94,BAL,Brandon Williams,FALSE,DT,Missouri Southern,24,2022,0,1,8,52,128,9
2013,3,95,HOU,Sam Montgomery,FALSE,DE,LSU,23,NA,0,0,0,NA,NA,NA
2013,3,96,KAN,Knile Davis,FALSE,RB,Arkansas,21,2016,0,0,0,10,57,3
2013,3,97,TEN,Zaviar Gooden,FALSE,LB,Missouri,23,2016,0,0,0,4,32,3
2013,4,98,PHI,Matt Barkley,FALSE,QB,USC,22,2023,0,0,1,5,20,10
2013,4,99,KAN,Nico Johnson,FALSE,LB,Alabama,23,2015,0,0,0,3,18,2
2013,4,100,TAM,Akeem Spence,FALSE,DT,Illinois,21,2022,0,0,4,27,117,9
2013,4,101,JAX,Ace Sanders,FALSE,WR,South Carolina,21,2014,0,0,0,3,27,1
2013,4,102,NWE,Josh Boyce,FALSE,WR,TCU,22,2014,0,0,0,1,10,1
2013,4,103,ARI,Alex Okafor,FALSE,DE,Texas,22,2021,0,0,5,29,106,8
2013,4,104,MIA,Jelani Jenkins,FALSE,LB,Florida,21,2017,0,0,3,15,60,4
2013,4,105,BUF,Duke Williams,FALSE,DB,Nevada,22,2016,0,0,0,8,58,3
2013,4,106,MIA,Dion Sims,FALSE,TE,Michigan St.,22,2018,0,0,2,8,78,5
2013,4,107,TEN,Brian Schwenke,FALSE,OC,California,22,2018,0,0,2,14,60,5
2013,4,108,CAR,Edmund Kugbila,FALSE,OG,Valdosta St.,22,NA,0,0,0,NA,NA,NA
2013,4,109,GNB,David Bakhtiari,FALSE,OT,Colorado,21,2023,2,3,9,84,131,10
2013,4,110,NYG,Ryan Nassib,FALSE,QB,Syracuse,23,2015,0,0,0,0,5,2
2013,4,111,PIT,Shamarko Thomas,FALSE,DB,Syracuse,22,2018,0,0,0,5,66,5
2013,4,112,OAK,Tyler Wilson,FALSE,QB,Arkansas,24,NA,0,0,0,NA,NA,NA
2013,4,113,STL,Barrett Jones,FALSE,OG,Alabama,23,2014,0,0,0,0,10,1
2013,4,114,DAL,B.W. Webb,FALSE,DB,William & Mary,23,2019,0,0,2,14,80,6
2013,4,115,PIT,Landry Jones,FALSE,QB,Oklahoma,24,2017,0,0,0,4,18,4
2013,4,116,ARI,Earl Watford,FALSE,OG,James Madison,23,2019,0,0,1,15,71,6
2013,4,117,CHI,Khaseem Greene,FALSE,LB,Rutgers,24,2014,0,0,0,3,25,1
2013,4,118,CIN,Sean Porter,FALSE,LB,Texas A&M,22,2016,0,0,0,0,3,3
2013,4,119,WAS,Phillip Thomas,FALSE,DB,Fresno St.,24,2014,0,0,0,2,8,1
2013,4,120,MIN,Gerald Hodges,FALSE,LB,Penn St.,22,2018,0,0,1,18,81,5
2013,4,121,IND,Khaled Holmes,FALSE,OC,USC,23,2015,0,0,0,4,17,2
2013,4,122,GNB,J.C. Tretter,FALSE,OT,Cornell,22,2021,0,0,5,37,111,8
2013,4,123,SEA,Chris Harper,FALSE,WR,Kansas St.,23,2013,0,0,0,0,4,0
2013,4,124,HOU,Trevardo Williams,FALSE,DE,Connecticut,22,2014,0,0,0,0,3,1
2013,4,125,GNB,Johnathan Franklin,FALSE,RB,UCLA,23,2013,0,0,0,1,11,0
2013,4,126,TAM,William Gholston,FALSE,DE,Michigan St.,22,2024,0,0,7,39,186,11
2013,4,127,ATL,Malliciah Goodman,FALSE,DE,Clemson,23,2016,0,0,1,5,37,3
2013,4,128,SFO,Quinton Patton,FALSE,WR,Louisiana Tech,23,2016,0,0,1,6,40,3
2013,4,129,BAL,John Simon,FALSE,DE,Ohio St.,22,2021,0,0,4,34,100,8
2013,4,130,BAL,Kyle Juszczyk,FALSE,RB,Harvard,22,2025,2,10,12,21,206,12
2013,4,131,SFO,Marcus Lattimore,FALSE,RB,South Carolina,21,NA,0,0,0,NA,NA,NA
2013,4,132,DET,Devin Taylor,FALSE,DE,South Carolina,23,2017,0,0,1,12,63,4
2013,4,133,ATL,Levine Toilolo,FALSE,TE,Stanford,22,2020,0,0,5,8,124,7
2013,5,134,KAN,Sanders Commings,FALSE,DB,Georgia,23,2013,0,0,0,0,2,0
2013,5,135,JAX,Denard Robinson,FALSE,WR,Michigan,22,2016,0,0,1,8,55,3
2013,5,136,PHI,Earl Wolff,FALSE,DB,North Carolina St.,23,2014,0,0,0,4,18,1
2013,5,137,SEA,Jesse Williams,FALSE,DT,Alabama,22,NA,0,0,0,NA,NA,NA
2013,5,138,SEA,Tharold Simon,FALSE,DB,LSU,22,2016,0,0,0,4,20,3
2013,5,139,IND,Montori Hughes,FALSE,DT,UT Martin,23,2016,0,0,0,2,25,3
2013,5,140,ARI,Stepfan Taylor,FALSE,RB,Stanford,22,2016,0,0,0,3,61,3
2013,5,141,NYJ,Oday Aboushi,FALSE,OT,Virginia,22,2022,0,0,3,21,85,9
2013,5,142,TEN,Lavar Edwards,FALSE,DE,LSU,23,2017,0,0,0,1,25,4
2013,5,143,BUF,Jonathan Meeks,FALSE,DB,Clemson,23,2016,0,0,0,2,38,3
2013,5,144,NOR,Kenny Stills,FALSE,WR,Oklahoma,21,2021,0,0,5,35,130,8
2013,5,145,SDG,Steve Williams,FALSE,DB,California,22,2016,0,0,0,4,32,3
2013,5,146,DEN,Quanterus Smith,FALSE,DE,Western Kentucky,23,2014,0,0,0,1,15,1
2013,5,147,TAM,Steven Means,FALSE,DE,Buffalo,22,2022,0,0,2,14,65,9
2013,5,148,CAR,A.J. Klein,FALSE,LB,Iowa St.,22,2023,0,0,5,37,146,10
2013,5,149,STL,Brandon McGee,FALSE,DB,Miami (FL),22,2015,0,0,0,1,18,2
2013,5,150,PIT,Terry Hawthorne,FALSE,DB,Illinois,23,NA,0,0,0,NA,NA,NA
2013,5,151,DAL,Joseph Randle,FALSE,RB,Oklahoma St.,21,2015,0,0,0,7,35,2
2013,5,152,NYG,Cooper Taylor,FALSE,DB,Richmond,23,2015,0,0,0,1,16,2
2013,5,153,ATL,Stansly Maponga,FALSE,DE,TCU,22,2015,0,0,0,2,26,2
2013,5,154,WAS,Chris Thompson,FALSE,RB,Florida St.,22,2020,0,0,0,20,74,7
2013,5,155,MIN,Jeff Locke,FALSE,P,UCLA,23,2017,0,0,0,6,69,4
2013,5,156,CIN,Tanner Hawkinson,FALSE,OT,Kansas,23,2014,0,0,0,0,4,1
2013,5,157,SFO,Quinton Dial,FALSE,DE,Alabama,23,2017,0,0,2,15,59,4
2013,5,158,SEA,Luke Willson,FALSE,TE,Rice,23,2020,0,0,2,12,102,7
2013,5,159,GNB,Micah Hyde,FALSE,DB,Iowa,22,2023,0,1,8,55,158,10
2013,5,160,STL,Zac Stacy,FALSE,RB,Vanderbilt,22,2015,0,0,1,11,35,2
2013,5,161,DEN,Tavarres King,FALSE,WR,Georgia,23,2017,0,0,0,2,17,4
2013,5,162,WAS,Brandon Jenkins,FALSE,DE,Florida St.,23,2013,0,0,0,0,5,0
2013,5,163,CHI,Jordan Mills,FALSE,OT,Louisiana Tech,22,2021,0,0,5,37,100,8
2013,5,164,MIA,Mike Gillislee,FALSE,RB,Florida,22,2018,0,0,0,11,36,5
2013,5,165,DET,Sam Martin,FALSE,P,Appalachian St.,23,2025,0,0,3,22,206,12
2013,5,166,MIA,Caleb Sturgis,FALSE,PK,Florida,24,2018,0,0,0,8,68,5
2013,5,167,GNB,Josh Boyd,FALSE,DE,Mississippi St.,24,2015,0,0,0,4,26,2
2013,5,168,BAL,Ricky Wagner,FALSE,OT,Wisconsin,23,2020,0,0,6,41,118,7
2013,6,169,JAX,Josh Evans,FALSE,DB,Florida,22,2016,0,0,3,13,49,3
2013,6,170,KAN,Eric Kush,FALSE,OC,California (PA),23,2020,0,0,0,10,50,7
2013,6,171,DET,Corey Fuller,FALSE,WR,Virginia Tech,23,2015,0,0,0,3,28,2
2013,6,172,OAK,Nick Kasa,FALSE,TE,Colorado,22,2013,0,0,0,0,16,0
2013,6,173,DEN,Vinston Painter,FALSE,OG,Virginia Tech,23,2017,0,0,0,0,14,4
2013,6,174,ARI,Ryan Swope,FALSE,WR,Texas A&M,22,NA,0,0,0,NA,NA,NA
2013,6,175,CLE,Jamoris Slaughter,FALSE,DB,Notre Dame,23,NA,0,0,0,NA,NA,NA
2013,6,176,HOU,David Quessenberry,FALSE,OG,San Jose St.,23,2025,0,0,2,20,97,12
2013,6,177,BUF,Dustin Hopkins,FALSE,PK,Florida St.,22,2024,0,0,1,22,140,11
2013,6,178,NYJ,William Campbell,FALSE,OG,Michigan,22,NA,0,0,0,NA,NA,NA
2013,6,179,SDG,Tourek Williams,FALSE,DE,Florida International,22,2016,0,0,0,5,44,3
2013,6,180,SFO,Nick Moody,FALSE,LB,Florida St.,23,2016,0,0,0,2,24,3
2013,6,181,OAK,Latavius Murray,FALSE,RB,Central Florida,23,2023,0,1,3,44,151,10
2013,6,182,CAR,Kenjon Barner,FALSE,RB,Oregon,24,2021,0,0,0,4,76,8
2013,6,183,NOR,Rufus Johnson,FALSE,DE,Tarleton St.,23,2015,0,0,0,0,1,2
2013,6,184,OAK,Mychal Rivera,FALSE,TE,Tennessee,22,2016,0,0,1,10,61,3
2013,6,185,DAL,DeVonte Holloman,FALSE,LB,South Carolina,22,2013,0,0,0,1,9,0
2013,6,186,PIT,Justin Brown,FALSE,WR,Oklahoma,22,2014,0,0,0,1,8,1
2013,6,187,ARI,Andre Ellington,FALSE,RB,Clemson,24,2017,0,0,1,18,65,4
2013,6,188,CHI,Cornelius Washington,FALSE,LB,Georgia,23,2017,0,0,0,5,46,4
2013,6,189,TAM,Mike James,FALSE,RB,Miami (FL),22,2016,0,0,0,2,23,3
2013,6,190,CIN,Rex Burkhead,FALSE,RB,Nebraska,23,2022,0,0,0,21,115,9
2013,6,191,WAS,Bacarri Rambo,FALSE,DB,Georgia,23,2016,0,0,1,8,41,3
2013,6,192,IND,John Boyett,FALSE,DB,Oregon,23,NA,0,0,0,NA,NA,NA
2013,6,193,GNB,Nate Palmer,FALSE,LB,Illinois St.,23,2017,0,0,1,9,48,4
2013,6,194,SEA,Spencer Ware,FALSE,RB,LSU,21,2019,0,0,1,17,43,6
2013,6,195,HOU,Alan Bonner,FALSE,WR,Jacksonville St.,22,NA,0,0,0,NA,NA,NA
2013,6,196,MIN,Jeff Baca,FALSE,OG,UCLA,23,2013,0,0,0,0,4,0
2013,6,197,CIN,Cobi Hamilton,FALSE,WR,Arkansas,22,2017,0,0,1,2,14,4
2013,6,198,HOU,Chris Jones,FALSE,DT,Bowling Green,23,2016,0,0,0,14,41,3
2013,6,199,DET,Theo Riddick,FALSE,RB,Notre Dame,22,2020,0,0,1,24,88,7
2013,6,200,BAL,Kapron Lewis-Moore,FALSE,DE,Notre Dame,23,2015,0,0,0,0,5,2
2013,6,201,HOU,Ryan Griffin,FALSE,TE,Connecticut,23,2022,0,0,5,14,134,9
2013,6,202,TEN,Khalid Wooten,FALSE,DB,Nevada,23,2014,0,0,0,0,3,1
2013,6,203,BAL,Ryan Jensen,FALSE,OT,Colorado State-Pueblo,22,2022,0,1,5,43,100,9
2013,6,204,KAN,Braden Wilson,FALSE,FB,Kansas St.,23,NA,0,0,0,NA,NA,NA
2013,6,205,OAK,Stacy McGee,FALSE,DT,Oklahoma,23,2020,0,0,2,16,81,7
2013,6,206,PIT,Vince Williams,FALSE,LB,Florida St.,23,2020,0,0,5,35,121,7
2013,7,207,KAN,Mike Catapano,FALSE,DE,Princeton,23,2016,0,0,0,3,29,3
2013,7,208,JAX,Jeremy Harris,FALSE,DB,New Mexico St.,22,2015,0,0,0,0,7,2
2013,7,209,OAK,Brice Butler,FALSE,WR,San Diego St.,23,2018,0,0,0,9,69,5
2013,7,210,JAX,Demetrius McCray,FALSE,DB,Appalachian St.,22,2017,0,0,1,8,49,4
2013,7,211,DET,Michael Williams,FALSE,TE,Alabama,22,2015,0,0,1,0,15,2
2013,7,212,PHI,Joe Kruger,FALSE,DE,Utah,21,NA,0,0,0,NA,NA,NA
2013,7,213,MIN,Michael Mauti,FALSE,LB,Penn St.,23,2017,0,0,0,6,58,4
2013,7,214,MIN,Travis Bond,FALSE,OG,North Carolina,22,2013,0,0,0,0,2,0
2013,7,215,NYJ,Tommy Bohanon,FALSE,RB,Wake Forest,22,2018,0,0,1,1,68,5
2013,7,216,GNB,Charles Johnson,FALSE,WR,Grand Valley St.,24,2016,0,0,0,7,39,3
2013,7,217,CLE,Armonty Bryant,FALSE,DE,East Central (OK),23,2016,0,0,0,5,36,3
2013,7,218,PHI,Jordan Poyer,FALSE,DB,Oregon St.,22,2025,1,1,9,57,181,12
2013,7,219,ARI,D.C. Jefferson,FALSE,TE,Rutgers,24,2013,0,0,0,0,4,0
2013,7,220,SEA,Ryan Seymour,FALSE,OG,Vanderbilt,23,2016,0,0,0,2,12,3
2013,7,221,SDG,Brad Sorensen,FALSE,QB,Southern Utah,25,NA,0,0,0,NA,NA,NA
2013,7,222,BUF,Chris Gragg,FALSE,TE,Arkansas,23,2015,0,0,0,1,32,2
2013,7,223,PIT,Nick Williams,FALSE,DT,Samford,23,2023,0,0,1,22,97,10
2013,7,224,GNB,Kevin Dorsey,FALSE,WR,Maryland,23,2014,0,0,0,0,3,1
2013,7,225,NYG,Eric Herman,FALSE,OG,Ohio,23,NA,0,0,0,NA,NA,NA
2013,7,226,NWE,Michael Buchanan,FALSE,DE,Illinois,22,2014,0,0,0,2,18,1
2013,7,227,CLE,Garrett Gilkey,FALSE,OT,Chadron St.,23,2014,0,0,0,2,22,1
2013,7,228,WAS,Jawan Jamison,FALSE,RB,Rutgers,21,NA,0,0,0,NA,NA,NA
2013,7,229,MIN,Everett Dawkins,FALSE,DT,Florida St.,23,2013,0,0,0,0,1,0
2013,7,230,IND,Kerwynn Williams,FALSE,RB,Utah St.,22,2017,0,0,0,6,40,4
2013,7,231,SEA,Ty Powell,FALSE,DE,Harding,25,2014,0,0,0,1,19,1
2013,7,232,GNB,Sam Barrington,FALSE,LB,South Florida,22,2016,0,0,1,4,29,3
2013,7,233,OAK,David Bass,FALSE,DE,Missouri Western St.,22,2017,0,0,0,9,64,4
2013,7,234,DEN,Zac Dysert,FALSE,QB,Miami (OH),23,NA,0,0,0,NA,NA,NA
2013,7,235,NWE,Steve Beauharnais,FALSE,LB,Rutgers,23,2014,0,0,0,0,5,1
2013,7,236,CHI,Marquess Wilson,FALSE,WR,Washington St.,20,2016,0,0,0,6,31,3
2013,7,237,SFO,B.J. Daniels,FALSE,QB,South Florida,24,2015,0,0,0,0,8,2
2013,7,238,BAL,Aaron Mellette,FALSE,WR,Elon,23,NA,0,0,0,NA,NA,NA
2013,7,239,PHI,David King,FALSE,DE,Oklahoma,23,2017,0,0,0,1,17,4
2013,7,240,CIN,Reid Fragel,FALSE,OG,Ohio St.,22,2015,0,0,0,0,1,2
2013,7,241,SEA,Jared Smith,FALSE,DT,New Hampshire,23,NA,0,0,0,NA,NA,NA
2013,7,242,SEA,Michael Bowie,FALSE,OT,NE State (OK),21,2013,0,0,0,4,9,0
2013,7,243,ATL,Kemal Ishmael,FALSE,DB,Central Florida,22,2019,0,0,1,13,95,6
2013,7,244,ATL,Zeke Motta,FALSE,DB,Notre Dame,23,2013,0,0,0,1,10,0
2013,7,245,DET,Brandon Hepburn,FALSE,LB,Florida A&M,23,NA,0,0,0,NA,NA,NA
2013,7,246,SFO,Carter Bykowski,FALSE,OG,Iowa St.,23,NA,0,0,0,NA,NA,NA
2013,7,247,BAL,Marc Anthony,FALSE,DB,California,23,NA,0,0,0,NA,NA,NA
2013,7,248,TEN,Daimion Stafford,FALSE,DB,Nebraska,22,2016,0,0,0,7,62,3
2013,7,249,ATL,Sean Renfree,FALSE,QB,Duke,23,2015,0,0,0,0,2,2
2013,7,250,MIA,Don Jones,FALSE,DB,Arkansas St.,23,2016,0,0,0,2,56,3
2013,7,251,CIN,T.J. Johnson,FALSE,OC,South Carolina,23,2017,0,0,0,5,45,4
2013,7,252,SFO,Marcus Cooper,FALSE,DB,Rutgers,23,2018,0,0,1,14,75,5
2013,7,253,NYG,Michael Cox,FALSE,RB,Massachusetts,24,2014,0,0,0,0,18,1
2013,7,254,IND,Justice Cunningham,FALSE,TE,South Carolina,22,2015,0,0,0,0,3,2
2014,1,1,HOU,Jadeveon Clowney,FALSE,DE,South Carolina,21,2025,0,3,10,63,153,11
2014,1,2,STL,Greg Robinson,FALSE,OT,Auburn,21,2019,0,0,5,24,83,5
2014,1,3,JAX,Blake Bortles,FALSE,QB,Central Florida,22,2019,0,0,5,44,78,5
2014,1,4,BUF,Sammy Watkins,FALSE,WR,Clemson,21,2022,0,0,6,43,111,8
2014,1,5,OAK,Khalil Mack,FALSE,LB,Buffalo,23,2025,3,9,11,105,179,11
2014,1,6,ATL,Jake Matthews,FALSE,OT,Texas A&M,22,2025,0,1,12,75,196,11
2014,1,7,TAM,Mike Evans,FALSE,WR,Texas A&M,21,2025,0,6,11,80,176,11
2014,1,8,CLE,Justin Gilbert,FALSE,DB,Oklahoma St.,22,2016,0,0,0,4,35,2
2014,1,9,MIN,Anthony Barr,FALSE,LB,UCLA,22,2023,0,4,7,56,116,9
2014,1,10,DET,Eric Ebron,FALSE,TE,North Carolina,21,2021,0,1,4,29,106,7
2014,1,11,TEN,Taylor Lewan,FALSE,OT,Michigan,23,2022,0,3,7,48,105,8
2014,1,12,NYG,Odell Beckham Jr.,FALSE,WR,LSU,21,2024,0,3,6,59,119,10
2014,1,13,STL,Aaron Donald,FALSE,DT,Pittsburgh,23,2023,8,10,10,123,154,9
2014,1,14,CHI,Kyle Fuller,FALSE,DB,Virginia Tech,22,2022,1,2,5,48,113,8
2014,1,15,PIT,Ryan Shazier,FALSE,LB,Ohio St.,22,2017,0,2,3,27,46,3
2014,1,16,DAL,Zack Martin,FALSE,OG,Notre Dame,23,2024,7,9,11,103,162,10
2014,1,17,BAL,C.J. Mosley,FALSE,LB,Alabama,22,2024,0,5,8,81,133,10
2014,1,18,NYJ,Calvin Pryor,FALSE,DB,Louisville,22,2017,0,0,3,13,46,3
2014,1,19,MIA,Ja'Wuan James,FALSE,OT,Tennessee,22,2022,0,0,4,27,66,8
2014,1,20,NOR,Brandin Cooks,FALSE,WR,Oregon St.,20,2025,0,0,10,73,173,11
2014,1,21,GNB,Ha Ha Clinton-Dix,FALSE,DB,Alabama,21,2021,0,1,6,34,98,7
2014,1,22,CLE,Johnny Manziel,FALSE,QB,Texas A&M,21,2015,0,0,0,4,14,1
2014,1,23,KAN,Dee Ford,FALSE,LB,Auburn,23,2021,0,1,2,23,85,7
2014,1,24,CIN,Darqueze Dennard,FALSE,DB,Michigan St.,22,2021,0,0,0,13,87,7
2014,1,25,SDG,Jason Verrett,FALSE,DB,TCU,23,2023,0,1,2,17,41,9
2014,1,26,PHI,Marcus Smith,FALSE,LB,Louisville,22,2018,0,0,0,4,53,4
2014,1,27,ARI,Deone Bucannon,FALSE,DB,Washington St.,22,2020,0,0,4,32,84,6
2014,1,28,CAR,Kelvin Benjamin,FALSE,WR,Florida St.,23,2018,0,0,4,22,61,4
2014,1,29,NWE,Dominique Easley,FALSE,DT,Florida,22,2018,0,0,0,7,41,4
2014,1,30,SFO,Jimmie Ward,FALSE,DB,Northern Illinois,23,2024,0,0,6,31,126,10
2014,1,31,DEN,Bradley Roby,FALSE,DB,Ohio St.,22,2023,0,0,4,26,135,9
2014,1,32,MIN,Teddy Bridgewater,FALSE,QB,Louisville,21,2025,0,1,4,49,83,11
2014,2,33,HOU,Xavier Su'a-Filo,FALSE,OG,UCLA,23,2021,0,0,3,24,83,7
2014,2,34,DAL,DeMarcus Lawrence,FALSE,DE,Boise St.,22,2025,0,5,8,78,157,11
2014,2,35,CLE,Joel Bitonio,FALSE,OG,Nevada,22,2025,2,7,11,75,178,11
2014,2,36,OAK,Derek Carr,FALSE,QB,Fresno St.,23,2024,0,4,11,93,169,10
2014,2,37,ATL,Ra'Shede Hageman,FALSE,DT,Minnesota,24,2016,0,0,1,8,44,2
2014,2,38,TAM,Austin Seferian-Jenkins,FALSE,TE,Washington,21,2018,0,0,2,9,43,4
2014,2,39,JAX,Marqise Lee,FALSE,WR,USC,22,2019,0,0,2,17,59,5
2014,2,40,DET,Kyle Van Noy,FALSE,LB,BYU,23,2025,0,1,8,62,173,11
2014,2,41,STL,Lamarcus Joyner,FALSE,DB,Florida St.,23,2022,0,0,4,26,110,8
2014,2,42,PHI,Jordan Matthews,FALSE,WR,Vanderbilt,22,2024,0,0,3,23,81,10
2014,2,43,NYG,Weston Richburg,FALSE,OG,Colorado St.,23,2019,0,0,5,33,79,5
2014,2,44,BUF,Cyrus Kouandjio,FALSE,OT,Alabama,21,2018,0,0,0,6,30,4
2014,2,45,SEA,Paul Richardson,FALSE,WR,Colorado,22,2019,0,0,3,14,64,5
2014,2,46,PIT,Stephon Tuitt,FALSE,DE,Notre Dame,21,2020,0,0,6,38,91,6
2014,2,47,WAS,Trent Murphy,FALSE,LB,Stanford,23,2020,0,0,4,33,86,6
2014,2,48,BAL,Timmy Jernigan,FALSE,DT,Florida St.,21,2020,0,0,4,25,76,6
2014,2,49,NYJ,Jace Amaro,FALSE,TE,Texas Tech,22,2016,0,0,0,4,17,2
2014,2,50,SDG,Jeremiah Attaochu,FALSE,LB,Georgia Tech,21,2022,0,0,1,15,82,8
2014,2,51,CHI,Ego Ferguson,FALSE,DT,LSU,22,2015,0,0,0,2,20,1
2014,2,52,ARI,Troy Niklas,FALSE,TE,Notre Dame,21,2017,0,0,1,1,41,3
2014,2,53,GNB,Davante Adams,FALSE,WR,Fresno St.,21,2025,3,6,11,92,178,11
2014,2,54,TEN,Bishop Sankey,FALSE,RB,Washington,21,2015,0,0,1,6,29,1
2014,2,55,CIN,Jeremy Hill,FALSE,RB,LSU,21,2018,0,0,3,21,55,4
2014,2,56,DEN,Cody Latimer,FALSE,WR,Indiana,21,2019,0,0,1,6,66,5
2014,2,57,SFO,Carlos Hyde,FALSE,RB,Ohio St.,23,2021,0,0,4,32,102,7
2014,2,58,NOR,Stanley Jean-Baptiste,FALSE,DB,Nebraska,24,2017,0,0,0,0,5,3
2014,2,59,IND,Jack Mewhort,FALSE,OT,Ohio St.,23,2017,0,0,4,22,45,3
2014,2,60,CAR,Kony Ealy,FALSE,DE,Missouri,22,2018,0,0,0,12,65,4
2014,2,61,JAX,Allen Robinson,FALSE,WR,Penn St.,21,2024,0,1,8,48,139,10
2014,2,62,NWE,Jimmy Garoppolo,FALSE,QB,Eastern Illinois,22,2025,0,0,3,47,85,11
2014,2,63,MIA,Jarvis Landry,FALSE,WR,LSU,21,2022,0,5,8,56,132,8
2014,2,64,SEA,Justin Britt,FALSE,OT,Missouri,23,2022,0,0,7,41,99,8
2014,3,65,HOU,C.J. Fiedorowicz,FALSE,TE,Iowa,22,2017,0,0,2,6,51,3
2014,3,66,WAS,Morgan Moses,FALSE,OG,Virginia,23,2025,0,0,11,65,183,11
2014,3,67,MIA,Billy Turner,FALSE,OT,North Dakota St.,22,2023,0,0,5,35,105,9
2014,3,68,ATL,Dezmen Southward,FALSE,DB,Wisconsin,23,2017,0,0,0,1,20,3
2014,3,69,TAM,Charles Sims,FALSE,RB,West Virginia,23,2017,0,0,0,13,47,3
2014,3,70,SFO,Marcus Martin,FALSE,OC,USC,20,2020,0,0,2,11,29,6
2014,3,71,CLE,Christian Kirksey,FALSE,LB,Iowa,22,2022,0,0,5,40,114,8
2014,3,72,MIN,Scott Crichton,FALSE,DE,Oregon St.,22,2015,0,0,0,2,21,1
2014,3,73,BUF,Preston Brown,FALSE,LB,Louisville,21,2019,0,0,6,34,81,5
2014,3,74,NYG,Jay Bromley,FALSE,DT,Syracuse,22,2018,0,0,0,5,57,4
2014,3,75,STL,Tre Mason,FALSE,RB,Auburn,21,2015,0,0,1,8,25,1
2014,3,76,DET,Travis Swanson,FALSE,OC,Arkansas,23,2018,0,0,4,23,65,4
2014,3,77,SFO,Chris Borland,FALSE,LB,Wisconsin,23,2014,0,0,1,6,14,0
2014,3,78,WAS,Spencer Long,FALSE,OG,Nebraska,23,2019,0,0,3,22,67,5
2014,3,79,BAL,Terrence Brooks,FALSE,DB,Florida St.,22,2021,0,0,0,8,105,7
2014,3,80,NYJ,Dexter McDougle,FALSE,DB,Maryland,23,2018,0,0,0,2,31,4
2014,3,81,OAK,Gabe Jackson,FALSE,OG,Mississippi St.,23,2023,0,0,9,47,136,9
2014,3,82,CHI,Will Sutton,FALSE,DT,Arizona St.,22,2016,0,0,2,8,36,2
2014,3,83,HOU,Louis Nix,FALSE,DT,Notre Dame,23,2015,0,0,0,0,4,1
2014,3,84,ARI,Kareem Martin,FALSE,DE,North Carolina,22,2020,0,0,2,12,78,6
2014,3,85,GNB,Khyri Thornton,FALSE,DT,Southern Miss,24,2017,0,0,0,3,23,3
2014,3,86,PHI,Josh Huff,FALSE,WR,Oregon,22,2016,0,0,0,6,37,2
2014,3,87,KAN,Phillip Gaines,FALSE,DB,Rice,23,2020,0,0,1,10,70,6
2014,3,88,CIN,Will Clarke,FALSE,DE,West Virginia,23,2018,0,0,0,6,53,4
2014,3,89,SDG,Chris Watt,FALSE,OG,Notre Dame,24,2015,0,0,0,5,17,1
2014,3,90,IND,Donte Moncrief,FALSE,WR,Mississippi,21,2020,0,0,3,18,83,6
2014,3,91,ARI,John Brown,FALSE,WR,Pittsburg St.,24,2022,0,0,5,36,103,8
2014,3,92,CAR,Trai Turner,FALSE,OG,LSU,21,2022,0,5,9,51,126,8
2014,3,93,JAX,Brandon Linder,FALSE,OG,Miami (FL),22,2021,0,0,6,31,88,7
2014,3,94,CLE,Terrance West,FALSE,RB,Towson,23,2017,0,0,2,11,43,3
2014,3,95,DEN,Michael Schofield,FALSE,OG,Michigan,23,2023,0,0,5,38,113,9
2014,3,96,MIN,Jerick McKinnon,FALSE,RB,Georgia Southern,22,2023,0,0,1,32,116,9
2014,3,97,PIT,Dri Archer,FALSE,WR,Kent St.,23,2015,0,0,0,0,20,1
2014,3,98,GNB,Richard Rodgers,FALSE,TE,California,22,2022,0,0,2,14,98,8
2014,3,99,BAL,Crockett Gillmore,FALSE,TE,Colorado St.,22,2016,0,0,1,4,32,2
2014,3,100,SFO,Brandon Thomas,FALSE,OG,Clemson,23,NA,0,0,0,NA,NA,NA
2014,4,101,PHI,Jaylen Watkins,FALSE,DB,Florida,22,2020,0,0,0,5,53,6
2014,4,102,WAS,Bashaud Breeland,FALSE,DB,Clemson,22,2021,0,0,7,34,107,7
2014,4,103,ATL,Devonta Freeman,FALSE,RB,Florida St.,22,2021,0,2,4,49,98,7
2014,4,104,NYJ,Jalen Saunders,FALSE,WR,Oklahoma,21,2014,0,0,0,0,9,0
2014,4,105,NWE,Bryan Stork,FALSE,OC,Florida St.,23,2015,0,0,1,11,21,1
2014,4,106,SFO,Bruce Ellington,FALSE,WR,South Carolina,23,2018,0,0,0,7,44,4
2014,4,107,OAK,Justin Ellis,FALSE,DT,Louisiana Tech,23,2022,0,0,3,25,117,8
2014,4,108,SEA,Cassius Marsh,FALSE,DE,UCLA,22,2021,0,0,0,13,96,7
2014,4,109,BUF,Ross Cockrell,FALSE,DB,Duke,23,2021,0,0,3,20,97,7
2014,4,110,STL,Maurice Alexander,FALSE,DB,Utah St.,23,2019,0,0,1,11,57,5
2014,4,111,CIN,Russell Bodine,FALSE,OC,North Carolina,22,2018,0,0,5,30,74,4
2014,4,112,TEN,DaQuan Jones,FALSE,DT,Penn St.,22,2025,0,0,10,60,167,11
2014,4,113,NYG,Andre Williams,FALSE,RB,Boston Col.,22,2017,0,0,0,7,41,3
2014,4,114,JAX,Aaron Colvin,FALSE,DB,Oklahoma,22,2019,0,0,1,16,65,5
2014,4,115,NYJ,Shaquelle Evans,FALSE,WR,UCLA,23,NA,0,0,0,NA,NA,NA
2014,4,116,OAK,Keith McGill,FALSE,DB,Utah,25,2017,0,0,0,4,54,3
2014,4,117,CHI,Ka'Deem Carey,FALSE,RB,Arizona,21,2016,0,0,0,3,37,2
2014,4,118,PIT,Martavis Bryant,FALSE,WR,Clemson,22,2018,0,0,1,19,44,4
2014,4,119,DAL,Anthony Hitchens,FALSE,LB,Iowa,22,2021,0,0,7,41,119,7
2014,4,120,ARI,Logan Thomas,FALSE,QB,Virginia Tech,23,2023,0,0,3,15,94,9
2014,4,121,GNB,Carl Bradford,FALSE,LB,Arizona St.,22,2016,0,0,0,0,6,2
2014,4,122,TEN,Marqueston Huff,FALSE,DB,Wyoming,22,2016,0,0,0,4,41,2
2014,4,123,SEA,Kevin Norwood,FALSE,WR,Alabama,24,2015,0,0,0,1,10,1
2014,4,124,KAN,De'Anthony Thomas,FALSE,RB,Oregon,21,2019,0,0,0,7,69,5
2014,4,125,MIA,Walt Aikens,FALSE,DB,Liberty,23,2019,0,0,0,6,93,5
2014,4,126,NOR,Khairi Fortt,FALSE,LB,California,22,2014,0,0,0,0,3,0
2014,4,127,CLE,Pierre Desir,FALSE,DB,Lindenwood,23,2021,0,0,3,18,85,7
2014,4,128,CAR,Tre Boston,FALSE,DB,North Carolina,22,2020,0,0,4,28,104,6
2014,4,129,SFO,Dontae Johnson,FALSE,DB,North Carolina St.,22,2022,0,0,1,15,105,8
2014,4,130,NWE,James White,FALSE,RB,Wisconsin,22,2021,0,0,0,37,95,7
2014,4,131,CHI,Brock Vereen,FALSE,DB,Minnesota,22,2015,0,0,0,2,19,1
2014,4,132,SEA,Kevin Pierre-Louis,FALSE,LB,Boston Col.,22,2022,0,0,1,15,95,8
2014,4,133,DET,Nevin Lawson,FALSE,DB,Utah St.,23,2021,0,0,5,22,100,7
2014,4,134,BAL,Brent Urban,FALSE,DT,Virginia,23,2025,0,0,2,24,137,11
2014,4,135,HOU,Tom Savage,FALSE,QB,Pittsburgh,24,2017,0,0,1,3,13,3
2014,4,136,DET,Larry Webster,FALSE,DE,Bloomsburg,24,2016,0,0,0,0,1,2
2014,4,137,NYJ,Dakota Dozier,FALSE,OG,Furman,23,2021,0,0,1,13,76,7
2014,4,138,BAL,Lorenzo Taliaferro,FALSE,RB,Coastal Carolina,22,2016,0,0,0,3,19,2
2014,4,139,ATL,Prince Shembo,FALSE,LB,Notre Dame,22,2014,0,0,0,2,16,0
2014,4,140,NWE,Cameron Fleming,FALSE,OT,Stanford,22,2024,0,0,2,30,118,10
2014,5,141,PHI,Taylor Hart,FALSE,DE,Oregon,23,2016,0,0,0,1,15,2
2014,5,142,WAS,Ryan Grant,FALSE,WR,Tulane,23,2019,0,0,1,10,80,5
2014,5,143,TAM,Kadeem Edwards,FALSE,OG,Tennessee St.,23,NA,0,0,0,NA,NA,NA
2014,5,144,JAX,Telvin Smith,FALSE,LB,Florida St.,23,2018,0,1,5,42,76,4
2014,5,145,MIN,David Yankey,FALSE,OG,Stanford,22,2016,0,0,0,0,6,2
2014,5,146,DAL,Devin Street,FALSE,WR,Pittsburgh,23,2016,0,0,0,1,36,2
2014,5,147,ATL,Ricardo Allen,FALSE,DB,Purdue,22,2021,0,0,5,25,91,7
2014,5,148,CAR,Bene Benwikere,FALSE,DB,San Jose St.,23,2018,0,0,1,10,54,4
2014,5,149,TAM,Kevin Pamphile,FALSE,OT,Purdue,23,2018,0,0,2,16,56,4
2014,5,150,SFO,Aaron Lynch,FALSE,DE,South Florida,21,2020,0,0,1,14,81,6
2014,5,151,TEN,Avery Williamson,FALSE,LB,Kentucky,22,2021,0,0,5,38,96,7
2014,5,152,NYG,Nat Berhe,FALSE,DB,San Diego St.,23,2018,0,0,0,3,42,4
2014,5,153,BUF,Cyril Richardson,FALSE,OG,Baylor,23,2014,0,0,0,2,12,0
2014,5,154,NYJ,Jeremiah George,FALSE,LB,Iowa St.,22,2017,0,0,0,3,37,3
2014,5,155,MIA,Arthur Lynch,FALSE,TE,Georgia,24,NA,0,0,0,NA,NA,NA
2014,5,156,DEN,Lamin Barrow,FALSE,LB,LSU,23,2015,0,0,0,2,32,1
2014,5,157,PIT,Shaquille Richardson,FALSE,DB,Arizona,22,NA,0,0,0,NA,NA,NA
2014,5,158,DET,Caraun Reid,FALSE,DT,Princeton,22,2021,0,0,1,9,55,7
2014,5,159,JAX,Chris Smith,FALSE,DE,Arkansas,22,2021,0,0,0,8,72,7
2014,5,160,ARI,Ed Stinson,FALSE,DE,Alabama,24,2017,0,0,0,5,33,3
2014,5,161,GNB,Corey Linsley,FALSE,OC,Ohio St.,23,2023,1,1,9,64,132,9
2014,5,162,PHI,Ed Reynolds,FALSE,DB,Stanford,22,2016,0,0,1,4,16,2
2014,5,163,KAN,Aaron Murray,FALSE,QB,Georgia,23,NA,0,0,0,NA,NA,NA
2014,5,164,CIN,A.J. McCarron,FALSE,QB,Alabama,23,2023,0,0,0,4,19,9
2014,5,165,SDG,Ryan Carrethers,FALSE,DT,Arkansas St.,23,2016,0,0,0,3,24,2
2014,5,166,IND,Jonathan Newsome,FALSE,LB,Ball St.,23,2015,0,0,0,4,30,1
2014,5,167,NOR,Vinnie Sunseri,FALSE,DB,Alabama,22,2016,0,0,0,0,15,2
2014,5,168,ATL,Marquis Spruill,FALSE,LB,Syracuse,23,NA,0,0,0,NA,NA,NA
2014,5,169,NOR,Ronald Powell,FALSE,LB,Florida,23,2014,0,0,0,1,14,0
2014,5,170,SFO,Keith Reaser,FALSE,DB,Florida Atlantic,23,2017,0,0,0,2,30,3
2014,5,171,MIA,Jordan Tripp,FALSE,LB,Montana,23,2017,0,0,0,3,37,3
2014,5,172,SEA,Jimmy Staten,FALSE,DT,Middle Tenn. St.,23,NA,0,0,0,NA,NA,NA
2014,5,173,PIT,Wesley Johnson,FALSE,OG,Vanderbilt,23,2018,0,0,1,11,51,4
2014,5,174,NYG,Devon Kennard,FALSE,DE,USC,23,2022,0,0,5,33,118,8
2014,5,175,BAL,John Urschel,FALSE,OG,Penn St.,23,2016,0,0,0,7,40,2
2014,5,176,GNB,Jared Abbrederis,FALSE,WR,Wisconsin,23,2017,0,0,0,1,22,3
2014,6,177,HOU,Jeoffrey Pagan,FALSE,DE,Alabama,21,2015,0,0,0,1,22,1
2014,6,178,TEN,Zach Mettenberger,FALSE,QB,LSU,23,2015,0,0,1,1,14,1
2014,6,179,NWE,Jon Halapio,FALSE,OG,Florida,23,2019,0,0,2,10,27,5
2014,6,180,SFO,Kenneth Acker,FALSE,DB,SMU,22,2017,0,0,1,8,40,3
2014,6,181,HOU,Alfred Blue,FALSE,RB,LSU,23,2018,0,0,1,18,73,4
2014,6,182,MIN,Antone Exum,FALSE,DB,Virginia Tech,23,2019,0,0,0,6,51,5
2014,6,183,CHI,David Fales,FALSE,QB,San Jose St.,23,2019,0,0,0,1,5,5
2014,6,184,MIN,Kendall James,FALSE,DB,Maine,23,NA,0,0,0,NA,NA,NA
2014,6,185,TAM,Robert Herron,FALSE,WR,Wyoming,22,2014,0,0,0,0,8,0
2014,6,186,WAS,Lache Seastrunk,FALSE,RB,Baylor,23,NA,0,0,0,NA,NA,NA
2014,6,187,NYG,Bennett Jackson,FALSE,DB,Notre Dame,22,2020,0,0,0,0,10,6
2014,6,188,STL,E.J. Gaines,FALSE,DB,Missouri,22,2018,0,0,3,13,43,4
2014,6,189,DET,T.J. Jones,FALSE,WR,Notre Dame,22,2019,0,0,0,7,45,5
2014,6,190,MIA,Matt Hazel,FALSE,WR,Coastal Carolina,22,2017,0,0,0,0,9,3
2014,6,191,CHI,Pat O'Donnell,FALSE,P,Miami (FL),23,2025,0,0,1,18,158,11
2014,6,192,PIT,Jordan Zumwalt,FALSE,LB,UCLA,22,NA,0,0,0,NA,NA,NA
2014,6,193,KAN,Zach Fulton,FALSE,OG,Tennessee,22,2020,0,0,6,39,107,6
2014,6,194,BAL,Keith Wenning,FALSE,QB,Ball St.,23,NA,0,0,0,NA,NA,NA
2014,6,195,NYJ,Brandon Dixon,FALSE,DB,NW Missouri St.,24,2017,0,0,0,3,19,3
2014,6,196,ARI,Walt Powell,FALSE,WR,Murray St.,22,2016,0,0,0,1,15,2
2014,6,197,GNB,Demetri Goodson,FALSE,DB,Baylor,25,2016,0,0,0,2,26,2
2014,6,198,NWE,Zach Moore,FALSE,DE,Concordia-St.Paul (MN),24,2018,0,0,0,3,26,4
2014,6,199,SEA,Garrett Scott,FALSE,OG,Marshall,22,NA,0,0,0,NA,NA,NA
2014,6,200,KAN,Laurent Duvernay-Tardif,FALSE,OG,McGill,23,2022,0,0,4,29,73,8
2014,6,201,SDG,Marion Grice,FALSE,RB,Arizona St.,23,2014,0,0,0,0,10,0
2014,6,202,NOR,Tavon Rooks,FALSE,OG,Kansas St.,24,NA,0,0,0,NA,NA,NA
2014,6,203,IND,Andrew Jackson,FALSE,LB,Western Kentucky,22,2014,0,0,0,1,13,0
2014,6,204,CAR,Tyler Gaffney,FALSE,RB,Stanford,23,NA,0,0,0,NA,NA,NA
2014,6,205,JAX,Luke Bowanko,FALSE,OC,Virginia,23,2018,0,0,1,9,47,4
2014,6,206,NWE,Jemea Thomas,FALSE,DB,Georgia Tech,24,2014,0,0,0,0,2,0
2014,6,207,DEN,Matt Paradis,FALSE,OG,Boise St.,24,2021,0,0,6,34,98,7
2014,6,208,SEA,Eric Pinkins,FALSE,DB,San Diego St.,23,2016,0,0,0,2,11,2
2014,6,209,NYJ,Quincy Enunwa,FALSE,WR,Nebraska,22,2019,0,0,2,13,41,5
2014,6,210,NYJ,IK Enemkpali,FALSE,DT,Louisiana Tech,23,2015,0,0,0,1,17,1
2014,6,211,HOU,Jay Prosch,FALSE,FB,Auburn,22,2017,0,0,2,0,63,3
2014,6,212,CIN,Marquis Flowers,FALSE,LB,Arizona,22,2018,0,0,0,7,53,4
2014,6,213,NYJ,Tajh Boyd,FALSE,QB,Clemson,23,NA,0,0,0,NA,NA,NA
2014,6,214,STL,Garrett Gilbert,FALSE,QB,SMU,23,2021,0,0,0,2,8,7
2014,6,215,PIT,Daniel McCullers,FALSE,DT,Tennessee,22,2020,0,0,0,6,76,6
2014,7,216,HOU,Andre Hal,FALSE,DB,Vanderbilt,22,2018,0,0,3,17,69,4
2014,7,217,WAS,Ted Bolser,FALSE,TE,Indiana,23,NA,0,0,0,NA,NA,NA
2014,7,218,BAL,Michael Campanaro,FALSE,WR,Wake Forest,23,2017,0,0,0,4,24,3
2014,7,219,OAK,T.J. Carrie,FALSE,DB,Ohio,24,2022,0,0,3,22,125,8
2014,7,220,MIN,Shamar Stephen,FALSE,DT,Connecticut,23,2021,0,0,4,32,115,7
2014,7,221,BUF,Randell Johnson,FALSE,LB,Florida Atlantic,23,2016,0,0,0,2,16,2
2014,7,222,JAX,Storm Johnson,FALSE,RB,Central Florida,22,2014,0,0,0,0,6,0
2014,7,223,MIN,Brandon Watts,FALSE,LB,Georgia Tech,23,2015,0,0,0,1,9,1
2014,7,224,PHI,Beau Allen,FALSE,DT,Wisconsin,22,2019,0,0,1,13,90,5
2014,7,225,MIN,Jabari Price,FALSE,DB,North Carolina,21,2014,0,0,0,1,14,0
2014,7,226,STL,Mitchell Van Dyk,FALSE,OG,Portland St.,23,NA,0,0,0,NA,NA,NA
2014,7,227,SEA,Kiero Small,FALSE,RB,Arkansas,25,2014,0,0,0,0,3,0
2014,7,228,WAS,Zach Hocker,FALSE,PK,Arkansas,23,2015,0,0,0,0,8,1
2014,7,229,DET,Nate Freese,FALSE,PK,Boston Col.,24,2014,0,0,0,-1,3,0
2014,7,230,PIT,Rob Blanchflower,FALSE,TE,Massachusetts,24,NA,0,0,0,NA,NA,NA
2014,7,231,DAL,Ben Gardner,FALSE,DE,Stanford,24,NA,0,0,0,NA,NA,NA
2014,7,232,IND,Ulrick John,FALSE,OG,Georgia St.,22,2017,0,0,0,2,10,3
2014,7,233,NYJ,Trevor Reilly,FALSE,LB,Utah,26,2017,0,0,0,4,37,3
2014,7,234,MIA,Terrence Fede,FALSE,DE,Marist,22,2017,0,0,0,5,51,3
2014,7,235,OAK,Shelby Harris,FALSE,DE,Illinois St.,23,2025,0,0,5,41,146,11
2014,7,236,GNB,Jeff Janis,FALSE,WR,Saginaw Valley St.,23,2017,0,0,0,2,51,3
2014,7,237,BUF,Seantrel Henderson,FALSE,OG,Miami (FL),22,2019,0,0,2,14,39,5
2014,7,238,DAL,Will Smith,FALSE,LB,Texas Tech,22,NA,0,0,0,NA,NA,NA
2014,7,239,CIN,James Wright,FALSE,WR,LSU,22,2016,0,0,0,2,24,2
2014,7,240,SDG,Tevin Reese,FALSE,WR,Baylor,23,NA,0,0,0,NA,NA,NA
2014,7,241,STL,C.B. Bryant,FALSE,DB,Ohio St.,22,2016,0,0,0,1,12,2
2014,7,242,DEN,Corey Nelson,FALSE,LB,Oklahoma,22,2019,0,0,0,8,61,5
2014,7,243,SFO,Kaleb Ramsey,FALSE,DE,Boston Col.,25,NA,0,0,0,NA,NA,NA
2014,7,244,NWE,Jeremy Gallon,FALSE,WR,Michigan,24,NA,0,0,0,NA,NA,NA
2014,7,245,SFO,Trey Millard,FALSE,FB,Oklahoma,23,NA,0,0,0,NA,NA,NA
2014,7,246,CHI,Charles Leno Jr.,FALSE,OT,Boise St.,22,2023,0,1,9,53,149,9
2014,7,247,OAK,Jonathan Dowling,FALSE,DB,Western Kentucky,22,2014,0,0,0,0,7,0
2014,7,248,DAL,Ahmad Dixon,FALSE,DB,Baylor,23,2014,0,0,0,0,5,0
2014,7,249,STL,Michael Sam,FALSE,DE,Missouri,24,NA,0,0,0,NA,NA,NA
2014,7,250,STL,Demetrius Rhaney,FALSE,OG,Tennessee St.,22,2017,0,0,0,2,33,3
2014,7,251,DAL,Ken Bishop,FALSE,DT,Northern Illinois,23,2015,0,0,0,0,5,1
2014,7,252,CIN,Lavelle Westbrooks,FALSE,DB,Georgia Southern,22,NA,0,0,0,NA,NA,NA
2014,7,253,ATL,Yawin Smallwood,FALSE,LB,Connecticut,22,NA,0,0,0,NA,NA,NA
2014,7,254,DAL,Terrance Mitchell,FALSE,DB,Oregon,22,2022,0,0,3,20,94,8
2014,7,255,ATL,Tyler Starr,FALSE,LB,South Dakota,23,2015,0,0,0,0,1,1
2014,7,256,HOU,Lonnie Ballentine,FALSE,DB,Memphis,21,2016,0,0,0,0,4,2
2015,1,1,TAM,Jameis Winston,FALSE,QB,Florida St.,21,2025,0,1,5,63,108,10
2015,1,2,TEN,Marcus Mariota,FALSE,QB,Oregon,21,2025,0,0,5,60,104,10
2015,1,3,JAX,Dante Fowler,FALSE,LB,Florida,21,2025,0,0,3,31,159,10
2015,1,4,OAK,Amari Cooper,FALSE,WR,Alabama,21,2024,0,5,9,66,154,9
2015,1,5,WAS,Brandon Scherff,FALSE,OT,Iowa,23,2024,1,5,10,62,140,9
2015,1,6,NYJ,Leonard Williams,FALSE,DE,USC,21,2025,0,3,10,78,175,10
2015,1,7,CHI,Kevin White,FALSE,WR,West Virginia,23,2022,0,0,0,3,30,7
2015,1,8,ATL,Vic Beasley,FALSE,LB,Clemson,23,2020,1,1,5,32,88,5
2015,1,9,NYG,Ereck Flowers,FALSE,OT,Miami (FL),21,2021,0,0,7,35,105,6
2015,1,10,STL,Todd Gurley,FALSE,RB,Georgia,21,2020,2,3,6,54,88,5
2015,1,11,MIN,Trae Waynes,FALSE,CB,Michigan St.,23,2021,0,0,3,18,79,6
2015,1,12,CLE,Danny Shelton,FALSE,DT,Washington,22,2022,0,0,5,33,101,7
2015,1,13,NOR,Andrus Peat,FALSE,OT,Stanford,21,2025,0,3,7,53,132,10
2015,1,14,MIA,DeVante Parker,FALSE,WR,Louisville,22,2023,0,0,6,36,119,8
2015,1,15,SDG,Melvin Gordon,FALSE,RB,Wisconsin,22,2023,0,2,7,51,112,8
2015,1,16,HOU,Kevin Johnson,FALSE,CB,Wake Forest,23,2020,0,0,0,11,64,5
2015,1,17,SFO,Arik Armstead,FALSE,DT,Oregon,21,2025,0,0,7,45,149,10
2015,1,18,KAN,Marcus Peters,FALSE,CB,Washington,22,2023,2,3,7,63,116,8
2015,1,19,CLE,Cameron Erving,FALSE,OC,Florida St.,23,2023,0,0,3,28,98,8
2015,1,20,PHI,Nelson Agholor,FALSE,WR,USC,22,2024,0,0,7,36,149,9
2015,1,21,CIN,Cedric Ogbuehi,FALSE,OT,Texas A&M,23,2022,0,0,2,17,67,7
2015,1,22,PIT,Bud Dupree,FALSE,LB,Kentucky,22,2025,0,0,6,46,152,10
2015,1,23,DEN,Shane Ray,FALSE,DE,Missouri,22,2018,0,0,1,12,49,3
2015,1,24,ARI,D.J. Humphries,FALSE,OT,Florida,21,2025,0,1,7,45,108,10
2015,1,25,CAR,Shaq Thompson,FALSE,LB,Washington,21,2025,0,0,8,43,135,10
2015,1,26,BAL,Breshad Perriman,FALSE,WR,Central Florida,21,2022,0,0,1,15,80,7
2015,1,27,DAL,Byron Jones,FALSE,CB,Connecticut,22,2021,0,1,7,38,109,6
2015,1,28,DET,Laken Tomlinson,FALSE,OG,Duke,23,2025,0,1,10,55,173,10
2015,1,29,IND,Phillip Dorsett,FALSE,WR,Miami (FL),22,2023,0,0,0,16,94,8
2015,1,30,GNB,Damarious Randall,FALSE,S,Arizona St.,23,2020,0,0,5,21,75,5
2015,1,31,NOR,Stephone Anthony,FALSE,LB,Clemson,23,2019,0,0,1,10,62,4
2015,1,32,NWE,Malcom Brown,FALSE,DT,Texas,21,2021,0,0,6,43,106,6
2015,2,33,NYG,Landon Collins,FALSE,S,Alabama,21,2022,1,3,6,42,100,7
2015,2,34,TAM,Donovan Smith,FALSE,OT,Penn St.,22,2023,0,0,9,57,136,8
2015,2,35,OAK,Mario Edwards,FALSE,DT,Florida St.,21,2025,0,0,2,25,141,10
2015,2,36,JAX,T.J. Yeldon,FALSE,RB,Alabama,21,2020,0,0,2,20,60,5
2015,2,37,NYJ,Devin Smith,FALSE,WR,Ohio St.,23,2021,0,0,0,2,22,6
2015,2,38,WAS,Preston Smith,FALSE,DE,Mississippi St.,22,2025,0,0,8,55,176,10
2015,2,39,CHI,Eddie Goldman,FALSE,DT,Florida St.,21,2025,0,0,4,36,111,10
2015,2,40,TEN,Dorial Green-Beckham,FALSE,WR,Oklahoma,22,2016,0,0,0,7,31,1
2015,2,41,CAR,Devin Funchess,FALSE,WR,Michigan,21,2019,0,0,2,20,62,4
2015,2,42,ATL,Jalen Collins,FALSE,CB,LSU,22,2016,0,0,0,4,24,1
2015,2,43,HOU,Benardrick McKinney,FALSE,LB,Mississippi St.,22,2021,0,1,5,44,91,6
2015,2,44,NOR,Hau'oli Kikaha,FALSE,LB,Washington,23,2017,0,0,1,5,27,2
2015,2,45,MIN,Eric Kendricks,FALSE,LB,UCLA,23,2025,1,1,10,64,150,10
2015,2,46,SFO,Jaquiski Tartt,FALSE,S,Samford,23,2021,0,0,4,21,80,6
2015,2,47,PHI,Eric Rowe,FALSE,CB,Utah,22,2023,0,0,2,21,103,8
2015,2,48,SDG,Denzel Perryman,FALSE,LB,Miami (FL),22,2025,0,1,8,45,129,10
2015,2,49,KAN,Mitch Morse,FALSE,OG,Missouri,23,2024,0,1,9,55,143,9
2015,2,50,BUF,Ronald Darby,FALSE,CB,Florida St.,21,2024,0,0,8,34,118,9
2015,2,51,CLE,Nate Orchard,FALSE,DE,Utah,22,2021,0,0,1,8,48,6
2015,2,52,MIA,Jordan Phillips,FALSE,DT,Oklahoma,22,2025,0,0,5,32,140,10
2015,2,53,CIN,Jake Fisher,FALSE,OT,Oregon,22,2018,0,0,0,9,48,3
2015,2,54,DET,Ameer Abdullah,FALSE,RB,Nebraska,22,2025,0,0,2,22,154,10
2015,2,55,BAL,Maxx Williams,FALSE,TE,Minnesota,21,2022,0,0,2,8,83,7
2015,2,56,PIT,Senquez Golson,FALSE,CB,Mississippi,22,NA,0,0,0,NA,NA,NA
2015,2,57,STL,Rob Havenstein,FALSE,OT,Wisconsin,23,2025,0,0,10,58,148,10
2015,2,58,ARI,Markus Golden,FALSE,DE,Missouri,24,2023,0,0,4,33,127,8
2015,2,59,DEN,Ty Sambrailo,FALSE,OT,Colorado St.,23,2021,0,0,0,14,71,6
2015,2,60,DAL,Randy Gregory,FALSE,LB,Nebraska,22,2023,0,0,1,15,72,8
2015,2,61,TAM,Ali Marpet,FALSE,OC,Hobart,22,2021,0,1,7,43,101,6
2015,2,62,GNB,Quinten Rollins,FALSE,CB,Miami (OH),23,2017,0,0,0,7,33,2
2015,2,63,SEA,Frank Clark,FALSE,DE,Michigan,22,2023,0,3,6,49,128,8
2015,2,64,NWE,Jordan Richards,FALSE,S,Stanford,22,2021,0,0,1,10,86,6
2015,3,65,IND,D'Joun Smith,FALSE,CB,Florida Atlantic,22,2016,0,0,0,0,5,1
2015,3,66,TEN,Jeremiah Poutasi,FALSE,OG,Utah,21,2016,0,0,0,3,12,1
2015,3,67,JAX,A.J. Cann,FALSE,OG,South Carolina,23,2022,0,0,7,39,111,7
2015,3,68,OAK,Clive Walford,FALSE,TE,Miami (FL),23,2019,0,0,1,7,52,4
2015,3,69,SEA,Tyler Lockett,FALSE,WR,Kansas St.,22,2025,1,1,10,68,178,10
2015,3,70,HOU,Jaelen Strong,FALSE,WR,Arizona St.,21,2017,0,0,0,2,20,2
2015,3,71,CHI,Hroniss Grasu,FALSE,OC,Oregon,24,2023,0,0,1,8,33,8
2015,3,72,STL,Jamon Brown,FALSE,OT,Louisville,22,2020,0,0,3,21,62,5
2015,3,73,ATL,Tevin Coleman,FALSE,RB,Indiana,22,2022,0,0,2,33,94,7
2015,3,74,NYG,Owamagbe Odighizuwa,FALSE,DE,UCLA,23,2016,0,0,0,1,18,1
2015,3,75,NOR,Garrett Grayson,FALSE,QB,Colorado St.,24,NA,0,0,0,NA,NA,NA
2015,3,76,KAN,Chris Conley,FALSE,WR,Georgia,22,2024,0,0,3,23,132,9
2015,3,77,CLE,Duke Johnson,FALSE,RB,Miami (FL),21,2022,0,0,0,28,97,7
2015,3,78,NOR,P.J. Williams,FALSE,CB,Florida St.,22,2022,0,0,2,19,89,7
2015,3,79,SFO,Eli Harold,FALSE,LB,Virginia,21,2018,0,0,2,11,61,3
2015,3,80,DET,Alex Carter,FALSE,CB,Stanford,20,2018,0,0,0,0,2,3
2015,3,81,BUF,John Miller,FALSE,OG,Louisville,22,2022,0,0,5,31,87,7
2015,3,82,NYJ,Lorenzo Mauldin,FALSE,LB,Louisville,22,2016,0,0,0,4,26,1
2015,3,83,SDG,Craig Mager,FALSE,CB,Texas St.,23,2018,0,0,0,4,24,3
2015,3,84,PHI,Jordan Hicks,FALSE,LB,Texas,23,2024,0,0,9,53,134,9
2015,3,85,CIN,Tyler Kroft,FALSE,TE,Rutgers,22,2023,0,0,2,9,100,8
2015,3,86,ARI,David Johnson,FALSE,RB,Northern Iowa,23,2022,1,1,3,42,92,7
2015,3,87,PIT,Sammie Coates,FALSE,WR,Auburn,22,2018,0,0,0,4,44,3
2015,3,88,MIN,Danielle Hunter,FALSE,DE,LSU,20,2025,0,5,7,83,153,10
2015,3,89,STL,Sean Mannion,FALSE,QB,Oregon St.,23,2021,0,0,0,2,14,6
2015,3,90,BAL,Carl Davis,FALSE,DT,Iowa,23,2024,0,0,1,13,78,9
2015,3,91,DAL,Chaz Green,FALSE,OT,Florida,23,2021,0,0,0,7,39,6
2015,3,92,DEN,Jeff Heuerman,FALSE,TE,Ohio St.,22,2019,0,0,3,5,51,4
2015,3,93,IND,Henry Anderson,FALSE,DE,Stanford,24,2022,0,0,4,21,89,7
2015,3,94,GNB,Ty Montgomery,FALSE,WR,Stanford,22,2023,0,0,1,17,92,8
2015,3,95,WAS,Matt Jones,FALSE,RB,Florida,22,2017,0,0,0,9,25,2
2015,3,96,CLE,Xavier Cooper,FALSE,DT,Washington St.,23,2017,0,0,0,4,40,2
2015,3,97,NWE,Geneo Grissom,FALSE,DE,Oklahoma,23,2018,0,0,0,3,37,3
2015,3,98,KAN,Steven Nelson,FALSE,CB,Oregon St.,22,2023,0,0,7,36,130,8
2015,3,99,CIN,Paul Dawson,FALSE,LB,TCU,22,2017,0,0,0,1,16,2
2015,4,100,TEN,Angelo Blackson,FALSE,DT,Auburn,22,2024,0,0,1,23,129,9
2015,4,101,NWE,Trey Flowers,FALSE,DE,Arkansas,22,2022,0,0,4,34,79,7
2015,4,102,CAR,Daryl Williams,FALSE,OG,Oklahoma,23,2021,0,0,5,39,89,6
2015,4,103,NYJ,Bryce Petty,FALSE,QB,Baylor,24,2017,0,0,0,4,10,2
2015,4,104,JAX,James Sample,FALSE,S,Louisville,23,2015,0,0,0,1,4,0
2015,4,105,WAS,Jamison Crowder,FALSE,WR,Duke,22,2024,0,0,4,33,123,9
2015,4,106,CHI,Jeremy Langford,FALSE,RB,Michigan St.,23,2018,0,0,0,7,29,3
2015,4,107,ATL,Justin Hardy,FALSE,WR,East Carolina,23,2019,0,0,0,8,73,4
2015,4,108,TEN,Jalston Fowler,FALSE,FB,Alabama,25,2017,0,0,1,0,42,2
2015,4,109,IND,Clayton Geathers,FALSE,S,Central Florida,23,2019,0,0,3,13,56,4
2015,4,110,MIN,T.J. Clemmings,FALSE,OT,Pittsburgh,23,2018,0,0,2,15,41,3
2015,4,111,NWE,Tre' Jackson,FALSE,OG,Florida St.,22,2015,0,0,1,6,13,0
2015,4,112,WAS,Arie Kouandjio,FALSE,OG,Alabama,23,2017,0,0,0,4,16,2
2015,4,113,DET,Gabe Wright,FALSE,DT,Auburn,23,2018,0,0,0,1,15,3
2015,4,114,MIA,Jamil Douglas,FALSE,OG,Arizona St.,23,2021,0,0,0,7,50,6
2015,4,115,CLE,Ibraheim Campbell,FALSE,S,Northwestern,23,2021,0,0,1,6,60,6
2015,4,116,ARI,Rodney Gunter,FALSE,DT,Delaware St.,23,2019,0,0,3,18,77,4
2015,4,117,SFO,Blake Bell,FALSE,TE,Oklahoma,24,2023,0,0,1,5,117,8
2015,4,118,KAN,Ramik Wilson,FALSE,LB,Georgia,23,2019,0,0,1,14,46,4
2015,4,119,STL,Andrew Donnal,FALSE,OT,Iowa,23,2019,0,0,0,4,31,4
2015,4,120,CIN,Josh Shaw,FALSE,CB,USC,23,2018,0,0,0,7,55,3
2015,4,121,PIT,Doran Grant,FALSE,CB,Ohio St.,22,2015,0,0,0,0,3,0
2015,4,122,BAL,Za'Darius Smith,FALSE,DE,Kentucky,22,2025,0,3,4,57,145,10
2015,4,123,CLE,Vince Mayle,FALSE,WR,Washington St.,24,2017,0,0,0,0,23,2
2015,4,124,TAM,Kwon Alexander,FALSE,LB,LSU,21,2024,0,1,6,43,109,9
2015,4,125,BAL,Javorius Allen,FALSE,RB,USC,24,2019,0,0,0,14,64,4
2015,4,126,SFO,Mike Davis,FALSE,RB,South Carolina,22,2022,0,0,2,20,87,7
2015,4,127,DAL,Damien Wilson,FALSE,LB,Minnesota,22,2022,0,0,5,31,127,7
2015,4,128,OAK,Jon Feliciano,FALSE,OG,Miami (FL),23,2023,0,0,2,26,113,8
2015,4,129,GNB,Jake Ryan,FALSE,LB,Michigan,23,2019,0,0,2,14,45,4
2015,4,130,SEA,Terry Poole,FALSE,OG,San Diego St.,23,NA,0,0,0,NA,NA,NA
2015,4,131,NWE,Shaq Mason,FALSE,OC,Georgia Tech,22,2024,0,0,10,54,152,9
2015,4,132,SFO,DeAndre Smelter,FALSE,WR,Georgia Tech,23,2016,0,0,0,0,2,1
2015,4,133,DEN,Max Garcia,FALSE,OC,Florida,23,2023,0,0,3,26,122,8
2015,4,134,SEA,Mark Glowinski,FALSE,OG,West Virginia,23,2024,0,0,6,41,129,9
2015,4,135,CIN,Marcus Hardison,FALSE,DE,Arizona St.,23,NA,0,0,0,NA,NA,NA
2015,4,136,BAL,Tray Walker,FALSE,CB,Texas Southern,23,2015,0,0,0,0,8,0
2015,5,137,ATL,Grady Jarrett,FALSE,DT,Clemson,22,2025,0,2,8,57,166,10
2015,5,138,TEN,David Cobb,FALSE,RB,Minnesota,22,2015,0,0,0,1,7,0
2015,5,139,JAX,Rashad Greene,FALSE,WR,Florida St.,22,2018,0,0,0,2,25,3
2015,5,140,OAK,Ben Heeney,FALSE,LB,Kansas,23,2017,0,0,0,3,24,2
2015,5,141,WAS,Martrell Spaight,FALSE,LB,Arkansas,22,2018,0,0,0,6,37,3
2015,5,142,CHI,Adrian Amos,FALSE,S,Penn St.,22,2024,0,0,8,38,143,9
2015,5,143,MIN,MyCole Pruitt,FALSE,TE,Southern Illinois,23,2024,0,0,1,7,121,9
2015,5,144,NYG,Mykkele Thompson,FALSE,S,Texas,22,2016,0,0,0,0,1,1
2015,5,145,MIA,Bobby McCain,FALSE,CB,Memphis,22,2024,0,0,6,28,134,9
2015,5,146,MIN,Stefon Diggs,FALSE,WR,Maryland,21,2025,1,4,11,90,161,10
2015,5,147,GNB,Brett Hundley,FALSE,QB,UCLA,22,2019,0,0,1,5,18,4
2015,5,148,NOR,Davis Tull,FALSE,LB,Chattanooga,23,NA,0,0,0,NA,NA,NA
2015,5,149,MIA,Jay Ajayi,FALSE,RB,Boise St.,22,2019,0,1,2,19,45,4
2015,5,150,MIA,Cedric Thompson,FALSE,S,Minnesota,22,NA,0,0,0,NA,NA,NA
2015,5,151,IND,David Parry,FALSE,DT,Stanford,23,2018,0,0,2,13,36,3
2015,5,152,NYJ,Jarvis Harrison,FALSE,OG,Texas A&M,23,NA,0,0,0,NA,NA,NA
2015,5,153,SDG,Kyle Emanuel,FALSE,LB,North Dakota St.,24,2020,0,0,2,16,71,5
2015,5,154,NOR,Tyeler Davison,FALSE,DT,Fresno St.,22,2022,0,0,6,31,111,7
2015,5,155,BUF,Karlos Williams,FALSE,RB,Florida St.,22,2015,0,0,0,4,11,0
2015,5,156,MIA,Tony Lippett,FALSE,WR,Michigan St.,23,2018,0,0,1,6,28,3
2015,5,157,CIN,C.J. Uzomah,FALSE,TE,Auburn,22,2024,0,0,4,14,113,9
2015,5,158,ARI,Shaquille Riddick,FALSE,DE,West Virginia,22,NA,0,0,0,NA,NA,NA
2015,5,159,ARI,JJ Nelson,FALSE,WR,Ala-Birmingham,23,2019,0,0,0,12,58,4
2015,5,160,PIT,Jesse James,FALSE,TE,Penn St.,21,2022,0,0,4,12,104,7
2015,5,161,OAK,Neiron Ball,FALSE,LB,Florida,23,2015,0,0,0,1,6,0
2015,5,162,TAM,Kenny Bell,FALSE,WR,Nebraska,23,NA,0,0,0,NA,NA,NA
2015,5,163,DAL,Ryan Russell,FALSE,DE,Purdue,23,2017,0,0,0,4,23,2
2015,5,164,DEN,Lorenzo Doss,FALSE,CB,Tulane,21,2018,0,0,0,0,16,3
2015,5,165,SFO,Bradley Pinion,FALSE,P,Clemson,21,2025,0,0,3,15,179,10
2015,5,166,NWE,Joe Cardona,FALSE,LS,Navy,23,2025,0,0,0,8,177,10
2015,5,167,NOR,Damian Swann,FALSE,CB,Georgia,22,2015,0,0,0,1,7,0
2015,5,168,DET,Michael Burton,FALSE,FB,Rutgers,23,2024,0,0,1,1,147,9
2015,5,169,CAR,David Mayo,FALSE,LB,Texas St.,22,2023,0,0,1,18,132,8
2015,5,170,SEA,Tye Smith,FALSE,CB,Towson,22,2021,0,0,0,3,45,6
2015,5,171,BAL,Nick Boyle,FALSE,TE,Delaware,22,2022,0,0,4,9,90,7
2015,5,172,KAN,D.J. Alexander,FALSE,LB,Oregon St.,23,2019,0,1,0,7,61,4
2015,5,173,KAN,James O'Shaughnessy,FALSE,TE,Illinois St.,23,2021,0,0,3,7,80,6
2015,5,174,CAR,Cameron Artis-Payne,FALSE,RB,Auburn,25,2018,0,0,0,5,32,3
2015,5,175,HOU,Keith Mumphery,FALSE,WR,Michigan St.,23,2016,0,0,0,2,27,1
2015,5,176,BAL,Robert Myers,FALSE,OG,Tennessee St.,23,NA,0,0,0,NA,NA,NA
2015,6,177,TEN,Deiontrez Mount,FALSE,LB,Louisville,22,2017,0,0,0,1,12,2
2015,6,178,NWE,Matthew Wells,FALSE,LB,Mississippi St.,24,NA,0,0,0,NA,NA,NA
2015,6,179,OAK,Max Valles,FALSE,LB,Virginia,21,NA,0,0,0,NA,NA,NA
2015,6,180,JAX,Michael Bennett,FALSE,DT,Ohio St.,22,2018,0,0,0,1,16,3
2015,6,181,WAS,Kyshoen Jarrett,FALSE,S,Virginia Tech,22,2015,0,0,0,3,16,0
2015,6,182,WAS,Tevin Mitchel,FALSE,CB,Arkansas,23,NA,0,0,0,NA,NA,NA
2015,6,183,CHI,Tayo Fabuluje,FALSE,OT,TCU,24,2015,0,0,0,0,4,0
2015,6,184,TAM,Kaelin Clay,FALSE,WR,Utah,23,2018,0,0,0,3,22,3
2015,6,185,MIN,Tyrus Thompson,FALSE,OT,Oklahoma,23,NA,0,0,0,NA,NA,NA
2015,6,186,NYG,Geremy Davis,FALSE,WR,Connecticut,23,2019,0,0,0,0,36,4
2015,6,187,WAS,Evan Spencer,FALSE,WR,Ohio St.,22,2015,0,0,0,0,1,0
2015,6,188,BUF,Tony Steward,FALSE,LB,Clemson,22,2015,0,0,0,1,7,0
2015,6,189,CLE,Charles Gaines,FALSE,CB,Louisville,22,2015,0,0,0,1,6,0
2015,6,190,SFO,Ian Silberman,FALSE,OG,Boston Col.,22,2018,0,0,0,0,3,3
2015,6,191,PHI,JaCorey Shepherd,FALSE,CB,Kansas,22,2016,0,0,0,1,11,1
2015,6,192,SDG,Darius Philon,FALSE,DT,Arkansas,21,2021,0,0,0,14,65,6
2015,6,193,MIN,B.J. Dubose,FALSE,DE,Louisville,23,NA,0,0,0,NA,NA,NA
2015,6,194,BUF,Nick O'Leary,FALSE,TE,Florida St.,23,2019,0,0,2,6,59,4
2015,6,195,CLE,Malcolm Johnson,FALSE,TE,Mississippi St.,23,2016,0,0,0,0,19,1
2015,6,196,PHI,Randall Evans,FALSE,CB,Kansas St.,23,2015,0,0,0,0,1,0
2015,6,197,CIN,Derron Smith,FALSE,S,Fresno St.,23,2017,0,0,0,3,38,2
2015,6,198,CLE,Randall Telfer,FALSE,TE,USC,23,2017,0,0,2,0,30,2
2015,6,199,PIT,Leterrius Walton,FALSE,DT,Central Michigan,23,2018,0,0,0,4,36,3
2015,6,200,DET,Quandre Diggs,FALSE,CB,Texas,22,2025,0,3,6,43,155,10
2015,6,201,STL,Bud Sasser,FALSE,WR,Missouri,NA,NA,0,0,0,NA,NA,NA
2015,6,202,NWE,A.J. Derby,FALSE,TE,Arkansas,23,2018,0,0,0,3,25,3
2015,6,203,DEN,Darius Kilgo,FALSE,DT,Maryland,23,2018,0,0,0,3,29,3
2015,6,204,BAL,Darren Waller,FALSE,WR,Georgia Tech,22,2025,0,1,4,33,95,10
2015,6,205,IND,Josh Robinson,FALSE,RB,Mississippi St.,23,2015,0,0,0,0,5,0
2015,6,206,GNB,Aaron Ripkowski,FALSE,FB,Oklahoma,22,2017,0,0,0,2,47,2
2015,6,207,IND,Amarlo Herrera,FALSE,LB,Georgia,23,2015,0,0,0,0,3,0
2015,6,208,TEN,Andy Gallik,FALSE,OC,Boston Col.,23,2015,0,0,1,4,12,0
2015,6,209,SEA,Obum Gwacham,FALSE,DE,Oregon St.,24,2017,0,0,0,1,15,2
2015,6,210,GNB,Christian Ringo,FALSE,DE,Louisiana,23,2022,0,0,0,5,36,7
2015,6,211,HOU,Reshard Cliett,FALSE,LB,South Florida,23,NA,0,0,0,NA,NA,NA
2015,6,212,PIT,Anthony Chickillo,FALSE,DE,Miami (FL),22,2020,0,0,1,10,76,5
2015,6,213,GNB,Kennard Backman,FALSE,TE,Ala-Birmingham,22,2015,0,0,0,0,7,0
2015,6,214,SEA,Kristjan Sokoli,FALSE,DT,Buffalo,23,2015,0,0,0,0,1,0
2015,6,215,STL,Cody Wichmann,FALSE,OG,Fresno St.,23,2016,0,0,2,6,24,1
2015,6,216,HOU,Christian Covington,FALSE,DT,Rice,21,2022,0,0,1,20,102,7
2015,6,217,KAN,Rakeem Nunez-Roches,FALSE,DT,Southern Miss,22,2025,0,0,4,31,142,10
2015,7,218,OAK,Anthony Morris,FALSE,OG,Tennessee St.,23,NA,0,0,0,NA,NA,NA
2015,7,219,CLE,Hayes Pullard,FALSE,LB,USC,23,2018,0,0,1,9,46,3
2015,7,220,JAX,Neal Sterling,FALSE,WR,Monmouth,23,2018,0,0,0,2,35,3
2015,7,221,OAK,Andre Debose,FALSE,WR,Florida,NA,NA,0,0,0,NA,NA,NA
2015,7,222,WAS,Austin Reiter,FALSE,OC,South Florida,23,2021,0,0,2,20,65,6
2015,7,223,NYJ,Deon Simon,FALSE,DT,Northwestern St. (LA),25,2016,0,0,0,2,16,1
2015,7,224,STL,Bryce Hager,FALSE,LB,Baylor,23,2020,0,0,0,7,79,5
2015,7,225,ATL,Jake Rodgers,FALSE,OT,Eastern Washington,23,2020,0,0,0,1,19,5
2015,7,226,NYG,Bobby Hart,FALSE,OG,Florida St.,21,2025,0,0,4,30,108,10
2015,7,227,STL,Martin Ifedi,FALSE,DE,Memphis,24,NA,0,0,0,NA,NA,NA
2015,7,228,MIN,Austin Shepherd,FALSE,OT,Alabama,23,2015,0,0,0,1,14,0
2015,7,229,JAX,Ben Koyack,FALSE,TE,Notre Dame,22,2019,0,0,0,1,48,4
2015,7,230,NOR,Marcus Murphy,FALSE,RB,Missouri,23,2018,0,0,0,2,28,3
2015,7,231,TAM,Joey Iosefa,FALSE,FB,Hawaii,24,2015,0,0,0,0,2,0
2015,7,232,MIN,Edmond Robinson,FALSE,LB,Newberry,23,2021,0,0,0,3,38,6
2015,7,233,KAN,Da'Ron Brown,FALSE,WR,Northern Illinois,23,NA,0,0,0,NA,NA,NA
2015,7,234,BUF,Dezmin Lewis,FALSE,WR,Central Arkansas,22,2016,0,0,0,0,2,1
2015,7,235,HOU,Kenny Hilliard,FALSE,RB,LSU,23,NA,0,0,0,NA,NA,NA
2015,7,236,DAL,Mark Nzeocha,FALSE,LB,Wyoming,25,2021,0,0,0,5,56,6
2015,7,237,PHI,Brian Mihalik,FALSE,DE,Boston Col.,23,2018,0,0,0,5,20,3
2015,7,238,CIN,Mario Alford,FALSE,WR,West Virginia,23,2016,0,0,0,0,4,1
2015,7,239,PIT,Gerod Holliman,FALSE,S,Louisville,21,NA,0,0,0,NA,NA,NA
2015,7,240,DET,Corey Robinson,FALSE,OT,South Carolina,23,2018,0,0,0,7,28,3
2015,7,241,CLE,Ifo Ekpre-Olomu,FALSE,CB,Oregon,22,NA,0,0,0,NA,NA,NA
2015,7,242,OAK,Dexter McDonald,FALSE,CB,Kansas,23,2017,0,0,0,2,27,2
2015,7,243,DAL,Laurence Gibson,FALSE,OT,Virginia Tech,24,NA,0,0,0,NA,NA,NA
2015,7,244,SFO,Trent Brown,FALSE,OG,Florida,22,2025,0,1,5,42,110,10
2015,7,245,TEN,Tre McBride,FALSE,WR,William & Mary,22,2017,0,0,0,1,17,2
2015,7,246,DAL,Geoff Swaim,FALSE,TE,Texas,21,2024,0,0,3,6,108,9
2015,7,247,NWE,Darryl Roberts,FALSE,CB,Marshall,24,2021,0,0,1,13,73,6
2015,7,248,SEA,Ryan Murphy,FALSE,DB,Oregon St.,22,2017,0,0,0,0,3,2
2015,7,249,ATL,Akeem King,FALSE,DB,San Jose St.,23,2019,0,0,0,3,34,4
2015,7,250,DEN,Trevor Siemian,FALSE,QB,Northwestern,23,2023,0,0,2,16,40,8
2015,7,251,DEN,Taurean Nixon,FALSE,DB,Tulane,24,2016,0,0,0,0,2,1
2015,7,252,DEN,Josh Furman,FALSE,DB,Oklahoma St.,NA,NA,0,0,0,NA,NA,NA
2015,7,253,NWE,Xzavier Dickson,FALSE,LB,Alabama,22,NA,0,0,0,NA,NA,NA
2015,7,254,SFO,Rory Anderson,FALSE,TE,South Carolina,22,NA,0,0,0,NA,NA,NA
2015,7,255,IND,Denzelle Good,FALSE,OT,Mars Hill,24,2021,0,0,2,21,62,6
2015,7,256,ARI,Gerald Christian,FALSE,TE,Louisville,24,2016,0,0,0,0,3,1
2016,1,1,LAR,Jared Goff,FALSE,QB,California,21,2025,0,5,9,106,151,9
2016,1,2,PHI,Carson Wentz,FALSE,QB,North Dakota St.,23,2025,0,1,6,63,103,9
2016,1,3,SDG,Joey Bosa,FALSE,DE,Ohio St.,21,2025,0,5,7,62,122,9
2016,1,4,DAL,Ezekiel Elliott,FALSE,RB,Ohio St.,21,2024,1,3,7,68,135,8
2016,1,5,JAX,Jalen Ramsey,FALSE,CB,Florida St.,21,2025,3,8,10,84,152,9
2016,1,6,BAL,Ronnie Stanley,FALSE,OT,Notre Dame,22,2025,1,2,8,64,120,9
2016,1,7,SFO,DeForest Buckner,FALSE,DE,Oregon,22,2025,1,3,9,76,151,9
2016,1,8,TEN,Jack Conklin,FALSE,OT,Michigan St.,22,2025,2,0,6,55,114,9
2016,1,9,CHI,Leonard Floyd,FALSE,LB,Georgia,23,2025,0,0,10,63,153,9
2016,1,10,NYG,Eli Apple,FALSE,CB,Ohio St.,21,2025,0,0,5,28,104,9
2016,1,11,TAM,Vernon Hargreaves III,FALSE,CB,Florida,21,2021,0,0,4,18,69,5
2016,1,12,NOR,Sheldon Rankins,FALSE,DT,Louisville,22,2025,0,0,6,41,133,9
2016,1,13,MIA,Laremy Tunsil,FALSE,OT,Mississippi,22,2025,0,5,9,60,139,9
2016,1,14,OAK,Karl Joseph,FALSE,S,West Virginia,22,2021,0,0,4,16,65,5
2016,1,15,CLE,Corey Coleman,FALSE,WR,Baylor,22,2018,0,0,2,6,27,2
2016,1,16,DET,Taylor Decker,FALSE,OT,Ohio St.,23,2025,0,1,9,59,140,9
2016,1,17,ATL,Keanu Neal,FALSE,S,Florida,21,2023,0,1,3,25,89,7
2016,1,18,IND,Ryan Kelly,FALSE,OC,Alabama,23,2025,0,4,9,56,129,9
2016,1,19,BUF,Shaq Lawson,FALSE,DE,Clemson,22,2024,0,0,1,24,110,8
2016,1,20,NYJ,Darron Lee,FALSE,LB,Ohio St.,21,2020,0,0,3,19,58,4
2016,1,21,HOU,Will Fuller,FALSE,WR,Notre Dame,22,2021,0,0,5,24,55,5
2016,1,22,WAS,Josh Doctson,FALSE,WR,TCU,23,2019,0,0,2,9,34,3
2016,1,23,MIN,Laquon Treadwell,FALSE,WR,Mississippi,21,2025,0,0,2,8,93,9
2016,1,24,CIN,William Jackson III,FALSE,CB,Houston,23,2022,0,0,4,19,75,6
2016,1,25,PIT,Artie Burns,FALSE,CB,Miami (FL),21,2024,0,0,1,17,90,8
2016,1,26,DEN,Paxton Lynch,FALSE,QB,Memphis,22,2017,0,0,0,2,5,1
2016,1,27,GNB,Kenny Clark,FALSE,DT,UCLA,20,2025,0,3,9,63,157,9
2016,1,28,SFO,Joshua Garnett,FALSE,OG,Stanford,22,2020,0,0,1,5,25,4
2016,1,29,ARI,Robert Nkemdiche,FALSE,DT,Mississippi,21,2021,0,0,0,6,38,5
2016,1,30,CAR,Vernon Butler,FALSE,DT,Louisiana Tech,22,2022,0,0,2,13,77,6
2016,1,31,SEA,Germain Ifedi,FALSE,OG,Texas A&M,22,2024,0,0,4,38,117,8
2016,2,32,CLE,Emmanuel Ogbah,FALSE,DE,Oklahoma St.,22,2025,0,0,6,43,136,9
2016,2,33,TEN,Kevin Dodd,FALSE,DE,Clemson,24,2017,0,0,0,2,18,1
2016,2,34,DAL,Jaylon Smith,FALSE,LB,Notre Dame,21,2023,0,1,4,37,88,7
2016,2,35,SDG,Hunter Henry,FALSE,TE,Arkansas,21,2025,0,0,8,37,136,9
2016,2,36,JAX,Myles Jack,FALSE,LB,UCLA,21,2023,0,0,7,42,106,7
2016,2,37,KAN,Chris Jones,FALSE,DT,Mississippi St.,22,2025,3,7,10,96,155,9
2016,2,38,MIA,Xavien Howard,FALSE,CB,Baylor,23,2025,1,4,7,58,104,9
2016,2,39,TAM,Noah Spence,FALSE,DE,Eastern Kentucky,22,2021,0,0,0,5,43,5
2016,2,40,NYG,Sterling Shepard,FALSE,WR,Oklahoma,23,2025,0,0,5,32,117,9
2016,2,41,BUF,Reggie Ragland,FALSE,LB,Alabama,22,2022,0,0,3,22,79,6
2016,2,42,BAL,Kamalei Correa,FALSE,DE,Boise St.,22,2020,0,0,1,11,63,4
2016,2,43,TEN,Austin Johnson,FALSE,DT,Penn St.,22,2025,0,0,3,29,145,9
2016,2,44,OAK,Jihad Ward,FALSE,DE,Illinois,22,2025,0,0,4,25,136,9
2016,2,45,TEN,Derrick Henry,FALSE,RB,Alabama,22,2025,1,5,7,85,153,9
2016,2,46,DET,A'Shawn Robinson,FALSE,DT,Alabama,21,2025,0,0,7,40,143,9
2016,2,47,NOR,Michael Thomas,FALSE,WR,Ohio St.,23,2023,2,3,4,60,83,7
2016,2,48,GNB,Jason Spriggs,FALSE,OT,Indiana,22,2021,0,0,0,9,59,5
2016,2,49,SEA,Jarran Reed,FALSE,DT,Alabama,23,2025,0,0,8,48,152,9
2016,2,50,HOU,Nick Martin,FALSE,OG,Notre Dame,23,2022,0,0,4,29,83,6
2016,2,51,NYJ,Christian Hackenberg,FALSE,QB,Penn St.,21,NA,0,0,0,NA,NA,NA
2016,2,52,ATL,Deion Jones,FALSE,LB,LSU,21,2025,0,1,5,43,128,9
2016,2,53,WAS,Su'a Cravens,FALSE,LB,USC,21,2018,0,0,0,5,16,2
2016,2,54,MIN,Mackensie Alexander,FALSE,CB,Clemson,22,2022,0,0,1,12,85,6
2016,2,55,CIN,Tyler Boyd,FALSE,WR,Pittsburgh,21,2024,0,0,5,48,136,8
2016,2,56,CHI,Cody Whitehair,FALSE,OG,Kansas St.,24,2024,0,1,8,43,136,8
2016,2,57,IND,T.J. Green,FALSE,S,Clemson,21,2021,0,0,0,6,41,5
2016,2,58,PIT,Sean Davis,FALSE,CB,Maryland,22,2021,0,0,3,18,70,5
2016,2,59,TAM,Roberto Aguayo,FALSE,PK,Florida St.,22,2016,0,0,0,0,16,0
2016,2,60,NWE,Cyrus Jones,FALSE,CB,Alabama,22,2019,0,0,0,4,31,3
2016,2,61,NOR,Vonn Bell,FALSE,S,Ohio St.,21,2024,0,0,7,37,139,8
2016,2,62,CAR,James Bradberry,FALSE,CB,Samford,23,2023,0,1,8,46,125,7
2016,2,63,DEN,Adam Gotsis,FALSE,DT,Georgia Tech,23,2025,0,0,3,28,128,9
2016,3,64,TEN,Kevin Byard,FALSE,S,Middle Tenn. St.,23,2025,3,3,9,66,164,9
2016,3,65,CLE,Carl Nassib,FALSE,DE,Penn St.,23,2022,0,0,1,20,99,6
2016,3,66,SDG,Max Tuerk,FALSE,OC,USC,22,2017,0,0,0,0,1,1
2016,3,67,DAL,Maliek Collins,FALSE,DT,Nebraska,21,2025,0,0,10,51,148,9
2016,3,68,SFO,Will Redmond,FALSE,CB,Mississippi St.,22,2022,0,0,0,3,37,6
2016,3,69,JAX,Yannick Ngakoue,FALSE,DE,Maryland,21,2024,0,1,8,50,134,8
2016,3,70,BAL,Bronson Kaufusi,FALSE,DE,BYU,25,2019,0,0,0,2,9,3
2016,3,71,NYG,Darian Thompson,FALSE,S,Boise St.,22,2021,0,0,1,12,63,5
2016,3,72,CHI,Jonathan Bullard,FALSE,DT,Florida,22,2025,0,0,3,28,131,9
2016,3,73,MIA,Kenyan Drake,FALSE,RB,Alabama,22,2023,0,0,2,33,104,7
2016,3,74,KAN,KeiVarae Russell,FALSE,CB,Notre Dame,22,2021,0,0,0,2,23,5
2016,3,75,OAK,Shilique Calhoun,FALSE,DE,Michigan St.,24,2020,0,0,0,5,51,4
2016,3,76,CLE,Shon Coleman,FALSE,OT,Auburn,24,2017,0,0,1,6,23,1
2016,3,77,CAR,Daryl Worley,FALSE,CB,West Virginia,21,2024,0,0,4,22,99,8
2016,3,78,NWE,Joe Thuney,FALSE,OG,North Carolina St.,23,2025,3,4,10,84,163,9
2016,3,79,PHI,Isaac Seumalo,FALSE,OG,Oregon St.,22,2025,0,1,7,39,125,9
2016,3,80,BUF,Adolphus Washington,FALSE,DT,Ohio St.,21,2018,0,0,2,9,35,2
2016,3,81,ATL,Austin Hooper,FALSE,TE,Stanford,21,2025,0,2,5,33,155,9
2016,3,82,IND,Le'Raven Clark,FALSE,OT,Texas Tech,23,2022,0,0,0,12,64,6
2016,3,83,NYJ,Jordan Jenkins,FALSE,LB,Georgia,22,2021,0,0,5,29,83,5
2016,3,84,WAS,Kendall Fuller,FALSE,CB,Virginia Tech,21,2024,0,0,6,34,128,8
2016,3,85,HOU,Braxton Miller,FALSE,WR,Ohio St.,23,2017,0,0,1,2,21,1
2016,3,86,MIA,Leonte Carroo,FALSE,WR,Rutgers,22,2018,0,0,0,2,37,2
2016,3,87,CIN,Nick Vigil,FALSE,LB,Utah St.,23,2024,0,0,4,27,113,8
2016,3,88,GNB,Kyler Fackrell,FALSE,LB,Utah St.,24,2021,0,0,1,16,86,5
2016,3,89,PIT,Javon Hargrave,FALSE,DT,South Carolina St.,23,2025,0,2,9,59,146,9
2016,3,90,SEA,C.J. Prosise,FALSE,RB,Notre Dame,22,2020,0,0,0,5,35,4
2016,3,91,NWE,Jacoby Brissett,FALSE,QB,North Carolina St.,23,2025,0,0,4,42,101,9
2016,3,92,ARI,Brandon Williams,FALSE,CB,Texas A&M,23,2020,0,0,0,4,51,4
2016,3,93,CLE,Cody Kessler,FALSE,QB,USC,23,2018,0,0,1,5,17,2
2016,3,94,SEA,Nick Vannett,FALSE,TE,Ohio St.,23,2025,0,0,3,7,121,9
2016,3,95,DET,Graham Glasgow,FALSE,OC,Michigan,24,2025,0,0,8,48,147,9
2016,3,96,NWE,Vincent Valentine,FALSE,DT,Nebraska,22,2018,0,0,0,2,16,2
2016,3,97,SEA,Rees Odhiambo,FALSE,OG,Boise St.,23,2018,0,0,0,4,16,2
2016,3,98,DEN,Justin Simmons,FALSE,S,Boston Col.,22,2024,0,2,8,60,134,8
2016,4,99,CLE,Joe Schobert,FALSE,LB,Wisconsin,22,2022,0,1,5,37,99,6
2016,4,100,OAK,Connor Cook,FALSE,QB,Michigan St.,23,2016,0,0,0,0,1,0
2016,4,101,DAL,Charles Tapper,FALSE,DE,Oklahoma,23,2017,0,0,0,0,2,1
2016,4,102,SDG,Joshua Perry,FALSE,LB,Ohio St.,22,2017,0,0,0,1,17,1
2016,4,103,JAX,Sheldon Day,FALSE,DT,Notre Dame,22,2025,0,0,0,9,95,9
2016,4,104,BAL,Tavon Young,FALSE,CB,Temple,22,2021,0,0,1,14,50,5
2016,4,105,KAN,Parker Ehinger,FALSE,OG,Cincinnati,23,2021,0,0,0,4,10,5
2016,4,106,KAN,Eric Murray,FALSE,CB,Minnesota,22,2025,0,0,5,25,136,9
2016,4,107,BAL,Chris Moore,FALSE,WR,Cincinnati,23,2025,0,0,0,14,125,9
2016,4,108,TAM,Ryan Smith,FALSE,CB,North Carolina Central,23,2022,0,0,0,8,78,6
2016,4,109,NYG,B.J. Goodson,FALSE,LB,Clemson,23,2021,0,0,4,20,67,5
2016,4,110,LAR,Tyler Higbee,FALSE,TE,Western Kentucky,23,2025,0,0,8,31,138,9
2016,4,111,DET,Miles Killebrew,FALSE,S,Southern Utah,23,2025,1,2,0,18,151,9
2016,4,112,NWE,Malcolm Mitchell,FALSE,WR,Georgia,24,2016,0,0,0,4,14,0
2016,4,113,CHI,Nick Kwiatkoski,FALSE,LB,West Virginia,23,2022,0,0,1,20,89,6
2016,4,114,CLE,Ricardo Louis,FALSE,WR,Auburn,22,2017,0,0,1,3,32,1
2016,4,115,ATL,De'Vondre Campbell,FALSE,LB,Minnesota,23,2024,1,0,9,51,128,8
2016,4,116,IND,Hassan Ridgeway,FALSE,DT,Texas,21,2023,0,0,0,13,80,7
2016,4,117,LAR,Pharoh Cooper,FALSE,WR,South Carolina,21,2022,1,1,0,6,75,6
2016,4,118,NYJ,Juston Burris,FALSE,CB,North Carolina St.,23,2022,0,0,2,14,80,6
2016,4,119,HOU,Tyler Ervin,FALSE,RB,San Jose St.,22,2020,0,0,0,2,43,4
2016,4,120,NOR,David Onyemata,FALSE,DT,Manitoba,23,2025,0,0,7,48,154,9
2016,4,121,MIN,Willie Beavers,FALSE,OT,Western Michigan,22,2016,0,0,0,0,2,0
2016,4,122,CIN,Andrew Billings,FALSE,DT,Baylor,21,2025,0,0,6,33,109,9
2016,4,123,PIT,Jerald Hawkins,FALSE,OT,LSU,22,2020,0,0,0,2,19,4
2016,4,124,CHI,Deon Bush,FALSE,S,Miami (FL),23,2024,0,0,0,8,103,8
2016,4,125,IND,Antonio Morrison,FALSE,LB,Florida,21,2018,0,0,2,13,47,2
2016,4,126,KAN,Demarcus Robinson,FALSE,WR,Florida,21,2025,0,0,3,27,161,9
2016,4,127,CHI,Deiondre' Hall,FALSE,CB,Northern Iowa,22,2018,0,0,0,2,23,2
2016,4,128,ARI,Evan Boehm,FALSE,OC,Missouri,23,2019,0,0,1,12,55,3
2016,4,129,CLE,Derrick Kindred,FALSE,S,TCU,22,2018,0,0,1,8,42,2
2016,4,130,BAL,Alex Lewis,FALSE,OT,Nebraska,24,2020,0,0,2,14,44,4
2016,4,131,GNB,Blake Martinez,FALSE,LB,Stanford,22,2023,0,0,5,38,85,7
2016,4,132,BAL,Willie Henry,FALSE,DT,Michigan,22,2020,0,0,0,4,18,4
2016,4,133,SFO,Rashard Robinson,FALSE,CB,LSU,21,2021,0,0,0,9,49,5
2016,4,134,BAL,Kenneth Dixon,FALSE,RB,Louisiana Tech,22,2018,0,0,0,5,18,2
2016,4,135,DAL,Dak Prescott,FALSE,QB,Mississippi St.,23,2025,0,4,9,104,139,9
2016,4,136,DEN,Devontae Booker,FALSE,RB,Utah,24,2021,0,0,0,19,93,5
2016,4,137,GNB,Dean Lowry,FALSE,DE,Northwestern,22,2024,0,0,6,38,132,8
2016,4,138,CLE,Seth Devalve,FALSE,TE,Princeton,23,2020,0,0,0,6,57,4
2016,4,139,BUF,Cardale Jones,FALSE,QB,Ohio St.,23,2016,0,0,0,0,1,0
2016,5,140,TEN,Tajae Sharpe,FALSE,WR,Massachusetts,21,2021,0,0,3,12,66,5
2016,5,141,CAR,Zack Sanchez,FALSE,CB,Oklahoma,22,2016,0,0,0,1,5,0
2016,5,142,SFO,Ronald Blair,FALSE,DE,Appalachian St.,23,2021,0,0,0,7,55,5
2016,5,143,OAK,DeAndre Washington,FALSE,RB,Texas Tech,23,2020,0,0,0,12,59,4
2016,5,144,DEN,Connor McGovern,FALSE,OG,Missouri,23,2024,0,0,5,29,109,8
2016,5,145,SFO,John Theus,FALSE,OT,Georgia,22,2016,0,0,0,1,4,0
2016,5,146,BAL,Matt Judon,FALSE,DE,Grand Valley St.,24,2025,0,4,7,63,145,9
2016,5,147,SEA,Quinton Jefferson,FALSE,DT,Maryland,23,2025,0,0,4,29,116,9
2016,5,148,TAM,Caleb Benenoch,FALSE,OT,UCLA,22,2021,0,0,1,12,36,5
2016,5,149,NYG,Paul Perkins,FALSE,RB,UCLA,21,2019,0,0,0,5,29,3
2016,5,150,CHI,Jordan Howard,FALSE,RB,Indiana,21,2022,0,1,3,27,73,6
2016,5,151,DET,Joe Dahl,FALSE,OG,Washington St.,23,2020,0,0,1,11,44,4
2016,5,152,WAS,Matthew Ioannidis,FALSE,DT,Temple,22,2022,0,0,3,25,86,6
2016,5,153,PHI,Wendell Smallwood,FALSE,RB,West Virginia,22,2021,0,0,1,10,56,5
2016,5,154,CLE,Jordan Payton,FALSE,WR,UCLA,23,2016,0,0,0,0,4,0
2016,5,155,IND,Joe Haeg,FALSE,OT,North Dakota St.,23,2022,0,0,2,22,80,6
2016,5,156,BUF,Jonathan Williams,FALSE,RB,Arkansas,22,2023,0,0,0,5,47,7
2016,5,157,TEN,LeShaun Sims,FALSE,CB,Southern Utah,22,2020,0,0,0,11,69,4
2016,5,158,NYJ,Brandon Shell,FALSE,OT,South Carolina,24,2022,0,0,5,29,83,6
2016,5,159,HOU,K.J. Dillon,FALSE,S,West Virginia,22,2016,0,0,0,0,5,0
2016,5,160,MIN,Kentrell Brothers,FALSE,LB,Missouri,23,2019,0,0,0,4,51,3
2016,5,161,CIN,Christian Westerman,FALSE,OG,Arizona St.,23,2018,0,0,0,2,16,2
2016,5,162,KAN,Kevin Hogan,FALSE,QB,Stanford,23,2021,0,0,0,2,9,5
2016,5,163,GNB,Trevor Davis,FALSE,WR,California,23,2019,0,0,0,2,43,3
2016,5,164,PHI,Halapoulivaati Vaitai,FALSE,OT,TCU,23,2023,0,0,3,25,86,7
2016,5,165,KAN,Tyreek Hill,FALSE,WR,West Alabama,22,2025,5,8,8,98,145,9
2016,5,166,HOU,D.J. Reader,FALSE,DT,Clemson,22,2025,0,0,7,47,137,9
2016,5,167,ARI,Marqui Christian,FALSE,S,Midwestern St.,21,2021,0,0,0,6,73,5
2016,5,168,CLE,Spencer Drango,FALSE,OG,Baylor,23,2017,0,0,2,8,32,1
2016,5,169,DET,Antwione Williams,FALSE,LB,Georgia Southern,23,2016,0,0,0,2,14,0
2016,5,170,ARI,Cole Toner,FALSE,OT,Harvard,22,2021,0,0,0,2,14,5
2016,5,171,SEA,Alex Collins,FALSE,RB,Arkansas,22,2021,0,0,2,17,50,5
2016,5,172,CLE,Rashard Higgins,FALSE,WR,Colorado St.,21,2022,0,0,0,13,85,6
2016,5,173,CLE,Trey Caldwell,FALSE,DB,La-Monroe,22,2016,0,0,0,0,1,0
2016,5,174,SFO,Fahn Cooper,FALSE,OT,Mississippi,23,NA,0,0,0,NA,NA,NA
2016,5,175,SDG,Jatavis Brown,FALSE,LB,Akron,22,2019,0,0,2,14,56,3
2016,6,176,DEN,Andy Janovich,FALSE,FB,Nebraska,23,2021,0,0,1,2,77,5
2016,6,177,LAR,Temarrick Hemingway,FALSE,TE,South Carolina St.,23,2021,0,0,0,0,23,5
2016,6,178,KAN,D.J. White,FALSE,CB,Georgia Tech,22,2019,0,0,0,1,14,3
2016,6,179,SDG,Drew Kaser,FALSE,P,Texas A&M,23,2018,0,0,0,5,36,2
2016,6,180,MIN,Moritz Boehringer,FALSE,WR,,22,NA,0,0,0,NA,NA,NA
2016,6,181,JAX,Tyrone Holmes,FALSE,LB,Montana,22,2017,0,0,0,1,15,1
2016,6,182,BAL,Keenan Reynolds,FALSE,RB,Navy,22,2018,0,0,0,0,2,2
2016,6,183,TAM,Devante Bond,FALSE,LB,Oklahoma,23,2020,0,0,1,4,34,4
2016,6,184,NYG,Jerell Adams,FALSE,TE,South Carolina,23,2019,0,0,0,2,30,3
2016,6,185,CHI,DeAndre Houston-Carson,FALSE,S,William & Mary,23,2023,0,0,0,11,107,7
2016,6,186,MIA,Jakeem Grant,FALSE,WR,Texas Tech,23,2021,0,1,0,14,81,5
2016,6,187,WAS,Nate Sudfeld,FALSE,QB,Indiana,22,2022,0,0,0,1,6,6
2016,6,188,MIN,David Morgan,FALSE,TE,Texas-San Antonio,23,2018,0,0,0,1,38,2
2016,6,189,DAL,Anthony Brown,FALSE,CB,Purdue,22,2023,0,0,4,23,96,7
2016,6,190,LAR,Josh Forrest,FALSE,LB,Kentucky,24,2017,0,0,0,2,12,1
2016,6,191,DET,Jake Rudock,FALSE,QB,Michigan,23,2017,0,0,0,0,3,1
2016,6,192,BUF,Kolby Listenbee,FALSE,WR,TCU,22,NA,0,0,0,NA,NA,NA
2016,6,193,TEN,Sebastian Tretola,FALSE,OG,Arkansas,24,2016,0,0,0,0,1,0
2016,6,194,OAK,Cory James,FALSE,LB,Colorado St.,23,2017,0,0,1,7,26,1
2016,6,195,ATL,Wes Schweitzer,FALSE,OG,San Jose St.,22,2024,0,0,3,27,90,8
2016,6,196,PHI,Blake Countess,FALSE,CB,Auburn,23,2021,0,0,0,3,45,5
2016,6,197,TAM,Danny Vitale,FALSE,FB,Northwestern,22,2019,0,0,1,1,44,3
2016,6,198,SDG,Derek Watt,FALSE,FB,Wisconsin,23,2022,0,0,0,1,110,6
2016,6,199,CIN,Cody Core,FALSE,WR,Mississippi,22,2019,0,0,0,3,51,3
2016,6,200,GNB,Kyle Murphy,FALSE,OT,Stanford,22,2021,0,0,0,2,7,5
2016,6,201,JAX,Brandon Allen,FALSE,QB,Arkansas,24,2025,0,0,0,5,19,9
2016,6,202,DET,Anthony Zettel,FALSE,DT,Penn St.,24,2020,0,0,1,9,50,4
2016,6,203,KAN,Dadi Nicolas,FALSE,DE,Virginia Tech,23,2016,0,0,0,1,11,0
2016,6,204,MIA,Jordan Lucas,FALSE,S,Penn St.,23,2021,0,0,0,4,50,5
2016,6,205,ARI,Harlan Miller,FALSE,CB,Southeastern Louisiana,22,2018,0,0,0,2,9,2
2016,6,206,LAR,Mike Thomas,FALSE,WR,Southern Miss,22,2022,0,0,0,2,76,6
2016,6,207,SFO,Jeff Driskel,FALSE,QB,Louisiana Tech,23,2024,0,0,0,7,25,8
2016,6,208,NWE,Kamu Grugier-Hill,FALSE,LB,Eastern Illinois,22,2024,0,0,3,24,132,8
2016,6,209,BAL,Maurice Canady,FALSE,CB,Virginia,22,2021,0,0,0,3,40,5
2016,6,210,DET,Jimmy Landes,FALSE,LS,Baylor,24,NA,0,0,0,NA,NA,NA
2016,6,211,SFO,Kelvin Taylor,FALSE,RB,Florida,22,NA,0,0,0,NA,NA,NA
2016,6,212,DAL,Kavon Frazier,FALSE,S,Central Michigan,22,2021,0,0,0,4,60,5
2016,6,213,SFO,Aaron Burbridge,FALSE,WR,Michigan St.,22,2016,0,0,0,1,16,0
2016,6,214,NWE,Elandon Roberts,FALSE,LB,Houston,22,2025,0,0,8,52,157,9
2016,6,215,SEA,Joey Hunt,FALSE,OC,TCU,22,2020,0,0,0,7,35,4
2016,6,216,DAL,Darius Jackson,FALSE,RB,Eastern Michigan,22,2018,0,0,0,0,4,2
2016,6,217,DAL,Rico Gathers,FALSE,TE,Baylor,22,2018,0,0,0,0,15,2
2016,6,218,BUF,Kevon Seymour,FALSE,CB,USC,22,2024,0,0,0,6,67,8
2016,6,219,DEN,Will Parks,FALSE,S,Arizona,22,2022,0,0,0,11,90,6
2016,6,220,PIT,Travis Feeney,FALSE,LB,Washington,23,NA,0,0,0,NA,NA,NA
2016,6,221,NWE,Ted Karras,FALSE,OG,Illinois,23,2025,0,0,7,48,160,9
2016,7,222,TEN,Aaron Wallace,FALSE,LB,UCLA,23,2018,0,0,0,1,13,2
2016,7,223,MIA,Brandon Doughty,FALSE,QB,Western Kentucky,24,NA,0,0,0,NA,NA,NA
2016,7,224,SDG,Donavon Clark,FALSE,OG,Michigan St.,23,NA,0,0,0,NA,NA,NA
2016,7,225,NWE,Devin Lucien,FALSE,WR,Arizona St.,23,NA,0,0,0,NA,NA,NA
2016,7,226,JAX,Jonathan Woodard,FALSE,DE,Central Arkansas,22,2018,0,0,0,1,6,2
2016,7,227,MIN,Stephen Weatherly,FALSE,LB,Vanderbilt,22,2021,0,0,1,12,73,5
2016,7,228,DEN,Riley Dixon,FALSE,P,Syracuse,23,2025,0,0,3,18,165,9
2016,7,229,PIT,Demarcus Ayers,FALSE,WR,Houston,22,2016,0,0,0,0,2,0
2016,7,230,CHI,Daniel Braverman,FALSE,WR,Western Michigan,22,2016,0,0,0,0,3,0
2016,7,231,MIA,Thomas Duarte,FALSE,TE,UCLA,21,2016,0,0,0,0,1,0
2016,7,232,WAS,Steven Daniels,FALSE,LB,Boston Col.,23,NA,0,0,0,NA,NA,NA
2016,7,233,PHI,Jalen Mills,FALSE,S,LSU,22,2025,0,0,6,31,122,9
2016,7,234,OAK,Vadal Alexander,FALSE,OG,LSU,22,2017,0,0,0,6,24,1
2016,7,235,NYJ,Lac Edwards,FALSE,P,Sam Houston St.,24,2021,0,0,0,10,74,5
2016,7,236,DET,Dwayne Washington,FALSE,RB,Washington,22,2023,0,0,0,4,96,7
2016,7,237,NOR,Daniel Lasco,FALSE,RB,California,23,2017,0,0,0,0,10,1
2016,7,238,ATL,Devin Fuller,FALSE,WR,UCLA,22,NA,0,0,0,NA,NA,NA
2016,7,239,IND,Trevor Bates,FALSE,LB,Maine,23,2018,0,0,0,1,10,2
2016,7,240,PHI,Alex McCalister,FALSE,DE,Florida,22,NA,0,0,0,NA,NA,NA
2016,7,241,NYJ,Charone Peake,FALSE,WR,Clemson,23,2018,0,0,0,1,31,2
2016,7,242,WAS,Keith Marshall,FALSE,RB,Georgia,22,NA,0,0,0,NA,NA,NA
2016,7,243,SEA,Kenny Lawler,FALSE,WR,California,22,NA,0,0,0,NA,NA,NA
2016,7,244,MIN,Jayron Kearse,FALSE,S,Clemson,22,2023,0,0,4,18,119,7
2016,7,245,CIN,Clayton Fejedelem,FALSE,S,Illinois,23,2022,0,0,0,8,107,6
2016,7,246,PIT,Tyler Matakevich,FALSE,LB,Temple,23,2024,0,0,0,9,140,8
2016,7,247,SEA,Zac Brooks,FALSE,RB,Clemson,23,NA,0,0,0,NA,NA,NA
2016,7,248,IND,Austin Blythe,FALSE,OC,Iowa,24,2022,0,0,4,33,92,6
2016,7,249,SFO,Prince Charles Iworah,FALSE,CB,Western Kentucky,23,2016,0,0,0,0,1,0
2016,7,250,CLE,Scooby Wright III,FALSE,LB,Arizona,22,2017,0,0,0,1,13,1
2016,7,251,PHI,Joe Walker,FALSE,LB,Oregon,23,2021,0,0,1,8,66,5
2016,7,252,CAR,Beau Sandland,FALSE,TE,Montana St.,23,NA,0,0,0,NA,NA,NA
2016,7,253,TEN,Kalan Reed,FALSE,CB,Southern Miss,22,2017,0,0,0,0,7,1
2017,1,1,CLE,Myles Garrett,FALSE,DE,Texas A&M,21,2025,5,7,9,104,134,8
2017,1,2,CHI,Mitchell Trubisky,FALSE,QB,North Carolina,23,2025,0,1,4,40,82,8
2017,1,3,SFO,Solomon Thomas,FALSE,DE,Stanford,21,2025,0,0,2,21,131,8
2017,1,4,JAX,Leonard Fournette,FALSE,RB,LSU,22,2023,0,0,5,38,81,6
2017,1,5,TEN,Corey Davis,FALSE,WR,Western Michigan,22,2022,0,0,5,31,78,5
2017,1,6,NYJ,Jamal Adams,FALSE,S,LSU,21,2025,1,3,6,47,102,8
2017,1,7,LAC,Mike Williams,FALSE,WR,Clemson,22,2024,0,0,4,38,106,7
2017,1,8,CAR,Christian McCaffrey,FALSE,RB,Stanford,21,2025,3,4,6,86,112,8
2017,1,9,CIN,John Ross,FALSE,WR,Washington,21,2024,0,0,1,7,38,7
2017,1,10,KAN,Patrick Mahomes,FALSE,QB,Texas Tech,21,2025,2,6,8,115,126,8
2017,1,11,NOR,Marshon Lattimore,FALSE,CB,Ohio St.,21,2025,0,4,7,43,108,8
2017,1,12,HOU,Deshaun Watson,FALSE,QB,Clemson,21,2024,0,3,4,58,73,7
2017,1,13,ARI,Haason Reddick,FALSE,LB,Temple,22,2025,0,2,6,47,137,8
2017,1,14,PHI,Derek Barnett,FALSE,DE,Tennessee,21,2025,0,0,3,27,112,8
2017,1,15,IND,Malik Hooker,FALSE,S,Ohio St.,21,2025,0,0,6,26,112,8
2017,1,16,BAL,Marlon Humphrey,FALSE,CB,Alabama,21,2025,2,4,8,62,131,8
2017,1,17,WAS,Jonathan Allen,FALSE,DE,Alabama,22,2025,0,2,8,57,126,8
2017,1,18,TEN,Adoree' Jackson,FALSE,CB,USC,21,2025,0,0,7,30,111,8
2017,1,19,TAM,O.J. Howard,FALSE,TE,Alabama,22,2022,0,0,4,13,72,5
2017,1,20,DEN,Garett Bolles,FALSE,OT,Utah,25,2025,1,1,8,56,133,8
2017,1,21,DET,Jarrad Davis,FALSE,LB,Florida,22,2022,0,0,3,22,68,5
2017,1,22,MIA,Charles Harris,FALSE,LB,Missouri,22,2024,0,0,2,16,103,7
2017,1,23,NYG,Evan Engram,FALSE,TE,Mississippi,23,2025,0,2,8,37,124,8
2017,1,24,OAK,Gareon Conley,FALSE,CB,Ohio St.,22,2019,0,0,1,9,31,2
2017,1,25,CLE,Jabrill Peppers,FALSE,S,Michigan,21,2025,0,0,5,32,113,8
2017,1,26,ATL,Takkarist McKinley,FALSE,DE,UCLA,21,2024,0,0,2,16,71,7
2017,1,27,BUF,Tre'Davious White,FALSE,CB,LSU,22,2025,1,2,6,53,109,8
2017,1,28,DAL,Taco Charlton,FALSE,DE,Michigan,22,2022,0,0,0,9,60,5
2017,1,29,CLE,David Njoku,FALSE,TE,Miami (FL),21,2025,0,1,6,27,118,8
2017,1,30,PIT,T.J. Watt,FALSE,LB,Wisconsin,22,2025,4,8,9,96,135,8
2017,1,31,SFO,Reuben Foster,FALSE,LB,Alabama,23,2018,0,0,2,8,16,1
2017,1,32,NOR,Ryan Ramczyk,FALSE,OT,Wisconsin,23,2023,1,0,6,64,101,6
2017,2,33,GNB,Kevin King,FALSE,CB,Washington,22,2024,0,0,3,16,66,7
2017,2,34,JAX,Cam Robinson,FALSE,OT,Alabama,21,2025,0,0,7,43,117,8
2017,2,35,SEA,Malik McDowell,FALSE,DT,Michigan St.,21,2021,0,0,1,6,15,4
2017,2,36,ARI,Budda Baker,FALSE,S,Washington,21,2025,2,8,8,63,138,8
2017,2,37,BUF,Zay Jones,FALSE,WR,East Carolina,22,2025,0,0,3,25,123,8
2017,2,38,LAC,Forrest Lamp,FALSE,OG,Western Kentucky,23,2021,0,0,1,8,26,4
2017,2,39,NYJ,Marcus Maye,FALSE,S,Florida,24,2025,0,0,5,29,93,8
2017,2,40,CAR,Curtis Samuel,FALSE,WR,Ohio St.,21,2025,0,0,5,30,111,8
2017,2,41,MIN,Dalvin Cook,FALSE,RB,Florida St.,22,2024,0,4,5,52,90,7
2017,2,42,NOR,Marcus Williams,FALSE,S,Utah,20,2025,0,0,8,32,111,8
2017,2,43,PHI,Sidney Jones,FALSE,CB,Washington,21,2023,0,0,2,12,60,6
2017,2,44,LAR,Gerald Everett,FALSE,TE,South Alabama,23,2024,0,0,3,22,124,7
2017,2,45,CHI,Adam Shaheen,FALSE,TE,Ashland,22,2021,0,0,1,4,55,4
2017,2,46,IND,Quincy Wilson,FALSE,CB,Florida,21,2022,0,0,0,4,33,5
2017,2,47,BAL,Tyus Bowser,FALSE,LB,Houston,22,2024,0,0,1,21,98,7
2017,2,48,CIN,Joe Mixon,FALSE,RB,Oklahoma,21,2024,0,2,6,56,111,7
2017,2,49,WAS,Ryan Anderson,FALSE,LB,Alabama,23,2022,0,0,0,6,57,5
2017,2,50,TAM,Justin Evans,FALSE,S,Texas A&M,22,2023,0,0,2,10,43,6
2017,2,51,DEN,DeMarcus Walker,FALSE,DE,Florida St.,22,2025,0,0,2,24,101,8
2017,2,52,CLE,DeShone Kizer,FALSE,QB,Notre Dame,21,2018,0,0,1,6,18,1
2017,2,53,DET,Teez Tabor,FALSE,CB,Florida,21,2023,0,0,0,5,39,6
2017,2,54,MIA,Raekwon McMillan,FALSE,LB,Ohio St.,21,2024,0,0,2,15,72,7
2017,2,55,NYG,Dalvin Tomlinson,FALSE,DT,Alabama,23,2025,0,0,9,50,142,8
2017,2,56,OAK,Obi Melifonwu,FALSE,S,Connecticut,23,2018,0,0,0,1,7,1
2017,2,57,HOU,Zach Cunningham,FALSE,LB,Vanderbilt,22,2025,0,0,5,36,106,8
2017,2,58,SEA,Ethan Pocic,FALSE,OC,LSU,22,2025,0,0,5,32,114,8
2017,2,59,KAN,Tanoh Kpassagnon,FALSE,DE,Villanova,23,2025,0,0,2,21,108,8
2017,2,60,DAL,Chidobe Awuzie,FALSE,CB,Colorado,22,2025,0,0,5,28,108,8
2017,2,61,GNB,Josh Jones,FALSE,S,North Carolina St.,22,2022,0,0,1,11,70,5
2017,2,62,PIT,JuJu Smith-Schuster,FALSE,WR,USC,20,2025,0,1,5,43,121,8
2017,2,63,BUF,Dion Dawkins,FALSE,OG,Temple,23,2025,0,5,9,73,143,8
2017,2,64,CAR,Taylor Moton,FALSE,OG,Western Michigan,23,2025,0,0,8,47,145,8
2017,3,65,CLE,Larry Ogunjobi,FALSE,DT,Charlotte,23,2025,0,0,7,44,134,8
2017,3,66,SFO,Ahkello Witherspoon,FALSE,CB,Colorado,22,2025,0,0,3,22,96,8
2017,3,67,NOR,Alvin Kamara,FALSE,RB,Tennessee,22,2025,0,5,7,79,126,8
2017,3,68,JAX,Dawuane Smoot,FALSE,DE,Illinois,22,2025,0,0,0,17,127,8
2017,3,69,LAR,Cooper Kupp,FALSE,WR,Eastern Washington,24,2025,1,1,7,63,120,8
2017,3,70,MIN,Pat Elflein,FALSE,OC,Ohio St.,23,2022,0,0,3,26,65,5
2017,3,71,LAC,Dan Feeney,FALSE,OG,Indiana,23,2025,0,0,5,35,132,8
2017,3,72,TEN,Taywan Taylor,FALSE,WR,Western Kentucky,22,2020,0,0,0,6,35,3
2017,3,73,CIN,Jordan Willis,FALSE,LB,Kansas St.,22,2022,0,0,0,8,69,5
2017,3,74,BAL,Chris Wormley,FALSE,DE,Michigan,23,2025,0,0,3,17,92,8
2017,3,75,ATL,Duke Riley,FALSE,LB,LSU,23,2024,0,0,2,19,124,7
2017,3,76,NOR,Alex Anzalone,FALSE,LB,Florida,22,2025,0,0,5,34,111,8
2017,3,77,CAR,Daeshon Hall,FALSE,DE,Texas A&M,22,2019,0,0,0,1,13,2
2017,3,78,BAL,Tim Williams,FALSE,LB,Alabama,23,2019,0,0,0,2,20,2
2017,3,79,NYJ,ArDarius Stewart,FALSE,WR,Alabama,23,2017,0,0,0,1,15,0
2017,3,80,IND,Tarell Basham,FALSE,DE,Ohio,23,2022,0,0,1,13,82,5
2017,3,81,WAS,Fabian Moreau,FALSE,CB,UCLA,23,2025,0,0,4,21,124,8
2017,3,82,DEN,Carlos Henderson,FALSE,WR,Louisiana Tech,22,NA,0,0,0,NA,NA,NA
2017,3,83,NWE,Derek Rivers,FALSE,DE,Youngstown St.,23,2021,0,0,0,4,24,4
2017,3,84,TAM,Chris Godwin,FALSE,WR,Penn St.,21,2025,0,1,6,53,120,8
2017,3,85,NWE,Antonio Garcia,FALSE,OT,Troy,23,NA,0,0,0,NA,NA,NA
2017,3,86,KAN,Kareem Hunt,FALSE,RB,Toledo,22,2025,0,1,3,52,121,8
2017,3,87,NYG,Davis Webb,FALSE,QB,California,22,2022,0,0,0,1,2,5
2017,3,88,OAK,Eddie Vanderdoes,FALSE,DT,UCLA,22,2019,0,0,1,5,19,2
2017,3,89,HOU,D'Onta Foreman,FALSE,RB,Texas,21,2024,0,0,1,17,63,7
2017,3,90,SEA,Shaquill Griffin,FALSE,DB,Central Florida,22,2025,0,1,5,30,108,8
2017,3,91,LAR,John Johnson,FALSE,S,Boston Col.,21,2024,0,0,5,29,105,7
2017,3,92,DAL,Jourdan Lewis,FALSE,CB,Michigan,22,2025,0,0,3,26,127,8
2017,3,93,GNB,Montravius Adams,FALSE,DT,Auburn,22,2024,0,0,1,15,96,7
2017,3,94,PIT,Cameron Sutton,FALSE,CB,Tennessee,22,2024,0,0,3,21,110,7
2017,3,95,SEA,Lano Hill,FALSE,S,Michigan,21,2020,0,0,0,5,42,3
2017,3,96,DET,Kenny Golladay,FALSE,WR,Northern Illinois,23,2022,0,1,4,27,73,5
2017,3,97,MIA,Cordrea Tankersley,FALSE,CB,Clemson,23,2020,0,0,1,4,19,3
2017,3,98,ARI,Chad Williams,FALSE,WR,Grambling St.,22,2019,0,0,1,1,17,2
2017,3,99,PHI,Rasul Douglas,FALSE,CB,West Virginia,22,2025,0,0,4,31,135,8
2017,3,100,TEN,Jonnu Smith,FALSE,TE,Florida International,22,2025,0,1,5,29,141,8
2017,3,101,DEN,Brendan Langley,FALSE,CB,Lamar,22,2018,0,0,0,1,16,1
2017,3,102,SEA,Nazair Jones,FALSE,DT,North Carolina,22,2018,0,0,0,3,20,1
2017,3,103,NOR,Trey Hendrickson,FALSE,LB,Florida Atlantic,22,2025,1,4,5,58,117,8
2017,3,104,SFO,C.J. Beathard,FALSE,QB,Iowa,23,2023,0,0,0,9,32,6
2017,3,105,PIT,James Conner,FALSE,RB,Pittsburgh,22,2025,0,2,6,49,110,8
2017,3,106,SEA,Amara Darboh,FALSE,WR,Michigan,23,2017,0,0,0,1,16,0
2017,3,107,TAM,Kendell Beckwith,FALSE,LB,LSU,22,2017,0,0,0,5,16,0
2017,4,108,GNB,Vince Biegel,FALSE,LB,Wisconsin,24,2021,0,0,1,5,43,4
2017,4,109,MIN,Jaleel Johnson,FALSE,DT,Iowa,23,2023,0,0,1,16,86,6
2017,4,110,JAX,Dede Westbrook,FALSE,WR,Oklahoma,23,2021,0,0,1,14,55,4
2017,4,111,SEA,Tedric Thompson,FALSE,S,Colorado,22,2021,0,0,2,9,38,4
2017,4,112,CHI,Eddie Jackson,FALSE,S,Alabama,23,2024,1,2,7,45,111,7
2017,4,113,LAC,Rayshawn Jenkins,FALSE,S,Miami (FL),23,2025,0,0,6,32,139,8
2017,4,114,WAS,Samaje Perine,FALSE,RB,Oklahoma,21,2025,0,0,1,26,125,8
2017,4,115,ARI,Dorian Johnson,FALSE,OG,Pittsburgh,22,NA,0,0,0,NA,NA,NA
2017,4,116,CIN,Carl Lawson,FALSE,LB,Auburn,22,2025,0,0,2,20,90,8
2017,4,117,LAR,Josh Reynolds,FALSE,WR,Texas A&M,22,2025,0,0,3,26,121,8
2017,4,118,PHI,Mack Hollins,FALSE,WR,North Carolina,23,2025,0,0,3,21,127,8
2017,4,119,CHI,Tarik Cohen,FALSE,RB,North Carolina A&T,22,2020,1,1,2,21,51,3
2017,4,120,MIN,Ben Gedeon,FALSE,LB,Michigan,22,2019,0,0,1,15,39,2
2017,4,121,SFO,Joe Williams,FALSE,RB,Utah,24,NA,0,0,0,NA,NA,NA
2017,4,122,BAL,Nico Siragusa,FALSE,OG,San Diego St.,23,NA,0,0,0,NA,NA,NA
2017,4,123,WAS,Montae Nicholson,FALSE,S,Michigan St.,21,2019,0,0,1,10,35,2
2017,4,124,DET,Jalen Reeves-Maybin,FALSE,LB,Tennessee,22,2025,0,1,1,17,117,8
2017,4,125,LAR,Samson Ebukam,FALSE,LB,Eastern Washington,22,2025,0,0,6,38,127,8
2017,4,126,CLE,Howard Wilson,FALSE,CB,Houston,21,NA,0,0,0,NA,NA,NA
2017,4,127,DET,Michael Roberts,FALSE,TE,Toledo,23,2018,0,0,0,1,23,1
2017,4,128,CIN,Josh Malone,FALSE,WR,Tennessee,21,2020,0,0,1,1,26,3
2017,4,129,OAK,David Sharpe,FALSE,OT,Florida,21,2025,0,0,0,4,46,8
2017,4,130,HOU,Julién Davenport,FALSE,OT,Bucknell,22,2021,0,0,2,16,60,4
2017,4,131,NWE,Deatrich Wise Jr.,FALSE,DE,Arkansas,23,2025,0,0,3,39,128,8
2017,4,132,PHI,Donnel Pumphrey,FALSE,RB,San Diego St.,22,NA,0,0,0,NA,NA,NA
2017,4,133,DAL,Ryan Switzer,FALSE,WR,North Carolina,22,2019,0,0,0,3,41,2
2017,4,134,GNB,Jamaal Williams,FALSE,RB,BYU,22,2024,0,0,3,33,117,7
2017,4,135,PIT,Joshua Dobbs,FALSE,QB,Tennessee,22,2025,0,0,0,9,27,8
2017,4,136,ATL,Sean Harlow,FALSE,OG,Oregon St.,22,2023,0,0,0,5,41,6
2017,4,137,IND,Zach Banner,FALSE,OT,USC,23,2021,0,0,0,2,30,4
2017,4,138,CIN,Ryan Glasgow,FALSE,DT,Michigan,23,2020,0,0,0,3,26,3
2017,4,139,KAN,Jehu Chesson,FALSE,WR,Michigan,23,2018,0,0,0,0,24,1
2017,4,140,NYG,Wayne Gallman,FALSE,RB,Clemson,22,2021,0,0,1,12,61,4
2017,4,141,NYJ,Chad Hansen,FALSE,WR,California,22,2020,0,0,0,3,20,3
2017,4,142,HOU,Carlos Watkins,FALSE,DT,Clemson,23,2025,0,0,1,20,90,8
2017,4,143,IND,Marlon Mack,FALSE,RB,South Florida,21,2022,0,0,2,20,55,5
2017,4,144,IND,Grover Stewart,FALSE,DT,Albany State (GA),23,2025,0,0,7,42,141,8
2017,5,145,DEN,Jake Butt,FALSE,TE,Michigan,22,2020,0,0,0,1,8,3
2017,5,146,SFO,George Kittle,FALSE,TE,Iowa,23,2025,2,7,8,60,124,8
2017,5,147,CHI,Jordan Morgan,FALSE,OG,Kutztown (PA),23,NA,0,0,0,NA,NA,NA
2017,5,148,JAX,Blair Brown,FALSE,LB,Ohio,23,2018,0,0,0,3,28,1
2017,5,149,ATL,Damontae Kazee,FALSE,CB,San Diego St.,24,2025,0,0,4,22,111,8
2017,5,150,NYJ,Jordan Leggett,FALSE,TE,Clemson,22,2018,0,0,0,1,15,1
2017,5,151,LAC,Desmond King,FALSE,S,Iowa,22,2024,1,0,4,27,108,7
2017,5,152,CAR,Corn Elder,FALSE,CB,Miami (FL),22,2021,0,0,0,2,35,4
2017,5,153,CIN,Jake Elliott,FALSE,PK,Memphis,22,2025,0,1,3,24,147,8
2017,5,154,WAS,Jeremy Sprinkle,FALSE,TE,Arkansas,23,2021,0,0,2,2,76,4
2017,5,155,TEN,Jayon Brown,FALSE,LB,UCLA,22,2022,0,0,3,26,74,5
2017,5,156,ATL,Brian Hill,FALSE,RB,Wyoming,21,2021,0,0,0,9,48,4
2017,5,157,ARI,Will Holden,FALSE,OT,Vanderbilt,23,2021,0,0,0,5,27,4
2017,5,158,IND,Nate Hairston,FALSE,CB,Temple,23,2022,0,0,1,9,61,5
2017,5,159,BAL,Jermaine Eluemunor,FALSE,OG,Texas A&M,22,2025,0,0,4,30,118,8
2017,5,160,CLE,Roderick Johnson,FALSE,OT,Florida St.,21,2020,0,0,0,5,29,3
2017,5,161,IND,Anthony Walker,FALSE,LB,Northwestern,22,2025,0,0,5,36,101,8
2017,5,162,TAM,Jeremy McNichols,FALSE,RB,Boise St.,21,2025,0,0,0,9,71,8
2017,5,163,BUF,Matt Milano,FALSE,LB,Boston Col.,23,2025,1,1,5,57,106,8
2017,5,164,MIA,Isaac Asiata,FALSE,OG,Utah,24,2018,0,0,0,0,2,1
2017,5,165,DET,Jamal Agnew,FALSE,CB,San Diego,22,2025,1,1,0,19,93,8
2017,5,166,PHI,Shelton Gibson,FALSE,WR,West Virginia,23,2019,0,0,0,0,20,2
2017,5,167,NYG,Avery Moss,FALSE,DE,Youngstown St.,22,2019,0,0,1,4,22,2
2017,5,168,OAK,Marquel Lee,FALSE,LB,Wake Forest,21,2021,0,0,1,9,45,4
2017,5,169,HOU,Treston Decoud,FALSE,S,Oregon St.,24,2018,0,0,0,1,11,1
2017,5,170,MIN,Rodney Adams,FALSE,WR,South Florida,22,2021,0,0,0,0,1,4
2017,5,171,BUF,Nathan Peterman,FALSE,QB,Pittsburgh,23,2023,0,0,0,3,15,6
2017,5,172,DEN,Isaiah McKenzie,FALSE,WR,Georgia,22,2023,0,0,2,15,93,6
2017,5,173,PIT,Brian Allen,FALSE,DB,Utah,23,2021,0,0,0,1,20,4
2017,5,174,ATL,Eric Saubert,FALSE,TE,Drake,23,2025,0,0,0,2,112,8
2017,5,175,GNB,DeAngelo Yancey,FALSE,WR,Purdue,22,NA,0,0,0,NA,NA,NA
2017,5,176,CIN,JJ Dielman,FALSE,OC,Utah,23,NA,0,0,0,NA,NA,NA
2017,5,177,SFO,Trent Taylor,FALSE,WR,Louisiana Tech,23,2024,0,0,0,7,80,7
2017,5,178,MIA,Davon Godchaux,FALSE,DT,LSU,22,2025,0,0,7,49,137,8
2017,5,179,ARI,T.J. Logan,FALSE,RB,North Carolina,23,2019,0,0,0,0,22,2
2017,5,180,MIN,Danny Isidora,FALSE,OG,Miami (FL),23,2021,0,0,0,4,31,4
2017,5,181,NYJ,Dylan Donahue,FALSE,DT,West Georgia,25,2017,0,0,0,0,4,0
2017,5,182,GNB,Aaron Jones,FALSE,RB,Texas-El Paso,22,2025,0,1,8,67,126,8
2017,5,183,KAN,Ukeme Eligwe,FALSE,LB,Georgia Southern,23,2018,0,0,0,2,24,1
2017,5,184,PHI,Nathan Gerry,FALSE,S,Nebraska,22,2022,0,0,1,18,50,5
2017,6,185,CLE,Caleb Brantley,FALSE,DT,Florida,23,2019,0,0,0,2,20,2
2017,6,186,BAL,Chuck Clark,FALSE,DB,Virginia Tech,22,2025,0,0,5,31,123,8
2017,6,187,SEA,Michael Tyson,FALSE,S,Cincinnati,24,2018,0,0,0,1,10,1
2017,6,188,NYJ,Elijah McGuire,FALSE,RB,Louisiana,23,2018,0,0,0,6,24,1
2017,6,189,LAR,Tanzel Smart,FALSE,DT,Tulane,22,2023,0,0,0,4,41,6
2017,6,190,LAC,Sam Tevi,FALSE,OT,Utah,22,2020,0,0,3,23,58,3
2017,6,191,DAL,Xavier Woods,FALSE,S,Louisiana Tech,22,2025,0,0,8,38,134,8
2017,6,192,CAR,Alex Armah,FALSE,FB,West Georgia,23,2023,0,0,0,0,78,6
2017,6,193,CIN,Jordan Evans,FALSE,LB,Oklahoma,22,2021,0,0,0,9,65,4
2017,6,194,MIA,Vincent Taylor,FALSE,DT,Oklahoma St.,23,2021,0,0,0,5,40,4
2017,6,195,BUF,Tanner Vallejo,FALSE,LB,Boise St.,22,2022,0,0,0,7,82,5
2017,6,196,NOR,Al-Quadin Muhammad,FALSE,DE,Miami (FL),22,2025,0,0,1,20,110,8
2017,6,197,NYJ,Jeremy Clark,FALSE,CB,Michigan,23,2018,0,0,0,0,2,1
2017,6,198,SFO,D.J. Jones,FALSE,DT,Mississippi,22,2025,0,0,7,45,125,8
2017,6,199,WAS,Chase Roullier,FALSE,OC,Wyoming,24,2022,0,0,4,24,69,5
2017,6,200,NYG,Adam Bisnowaty,FALSE,OT,Pittsburgh,23,2017,0,0,0,0,1,0
2017,6,201,MIN,Bucky Hodges,FALSE,TE,Virginia Tech,22,NA,0,0,0,NA,NA,NA
2017,6,202,SFO,Pita Taumoepenu,FALSE,LB,Utah,23,2021,0,0,0,0,11,4
2017,6,203,DEN,De'Angelo Henderson,FALSE,RB,Coastal Carolina,24,2018,0,0,0,0,8,1
2017,6,204,NYJ,Derrick Jones,FALSE,CB,Mississippi,22,2018,0,0,0,0,4,1
2017,6,205,DET,Jeremiah Ledbetter,FALSE,DE,Arkansas,23,2024,0,0,0,5,53,7
2017,6,206,LAR,Sam Rogers,FALSE,FB,Virginia Tech,22,NA,0,0,0,NA,NA,NA
2017,6,207,CIN,Brandon Wilson,FALSE,RB,Houston,23,2021,0,0,0,6,60,4
2017,6,208,ARI,Rudy Ford,FALSE,S,Auburn,22,2023,0,0,1,11,86,6
2017,6,209,WAS,Robert Davis,FALSE,WR,Georgia St.,22,2019,0,0,0,0,7,2
2017,6,210,SEA,Justin Senior,FALSE,OT,Mississippi St.,23,NA,0,0,0,NA,NA,NA
2017,6,211,NWE,Conor McDermott,FALSE,OT,UCLA,24,2023,0,0,0,7,55,6
2017,6,212,GNB,Kofi Amichia,FALSE,OC,South Florida,23,NA,0,0,0,NA,NA,NA
2017,6,213,PIT,Colin Holba,FALSE,LS,Louisville,23,2020,0,0,0,0,19,3
2017,6,214,PHI,Elijah Qualls,FALSE,DT,Washington,22,2017,0,0,0,1,6,0
2017,6,215,DET,Brad Kaaya,FALSE,QB,Miami (FL),22,NA,0,0,0,NA,NA,NA
2017,6,216,DAL,Marquez White,FALSE,CB,Florida St.,22,NA,0,0,0,NA,NA,NA
2017,6,217,TEN,Corey Levin,FALSE,OG,Chattanooga,23,2025,0,0,0,7,88,8
2017,6,218,KAN,Leon McQuay,FALSE,S,USC,22,2017,0,0,0,0,1,0
2017,7,219,MIN,Stacy Coley,FALSE,WR,Miami (FL),23,2018,0,0,0,0,7,1
2017,7,220,MIN,Ifeadi Odenigbo,FALSE,DT,Northwestern,23,2022,0,0,1,11,55,5
2017,7,221,OAK,Shalom Luani,FALSE,S,Washington St.,23,2019,0,0,0,2,31,2
2017,7,222,JAX,Jalen Myrick,FALSE,CB,Minnesota,22,2017,0,0,0,0,5,0
2017,7,223,TAM,Stevie Tu'ikolovatu,FALSE,DT,USC,26,NA,0,0,0,NA,NA,NA
2017,7,224,CLE,Zane Gonzalez,FALSE,PK,Arizona St.,22,2025,0,0,1,14,78,8
2017,7,225,LAC,Isaac Rochell,FALSE,DT,Notre Dame,22,2023,0,0,0,10,78,6
2017,7,226,SEA,David Moore,FALSE,WR,East Central (OK),22,2025,0,0,2,15,78,8
2017,7,227,TEN,Josh Carraway,FALSE,LB,TCU,23,2017,0,0,0,0,1,0
2017,7,228,DAL,Joey Ivie,FALSE,DT,Florida,22,2019,0,0,0,0,8,2
2017,7,229,SFO,Adrian Colbert,FALSE,DB,Miami (FL),23,2024,0,0,1,8,46,7
2017,7,230,WAS,Josh Harvey-Clemons,FALSE,S,Louisville,23,2019,0,0,0,4,35,2
2017,7,231,OAK,Jylan Ware,FALSE,OT,Alabama St.,23,2017,0,0,0,0,1,0
2017,7,232,MIN,Elijah Lee,FALSE,LB,Kansas St.,21,2022,0,0,0,8,74,5
2017,7,233,CAR,Harrison Butker,FALSE,PK,Georgia Tech,22,2025,0,0,3,27,137,8
2017,7,234,LAR,Ejuan Price,FALSE,DE,Pittsburgh,24,2017,0,0,0,0,1,0
2017,7,235,WAS,Joshua Holsey,FALSE,DB,Auburn,23,2018,0,0,0,1,13,1
2017,7,236,TEN,Brad Seaton,FALSE,OT,Villanova,23,NA,0,0,0,NA,NA,NA
2017,7,237,MIA,Isaiah Ford,FALSE,WR,Virginia Tech,21,2021,0,0,0,5,32,4
2017,7,238,GNB,Devante Mays,FALSE,RB,Utah St.,23,2017,0,0,0,0,8,0
2017,7,239,DAL,Noah Brown,FALSE,WR,Ohio St.,21,2025,0,0,2,19,91,8
2017,7,240,JAX,Marquez Williams,FALSE,FB,Miami (FL),23,2017,0,0,0,0,1,0
2017,7,241,TEN,Khalfani Muhammad,FALSE,RB,California,22,NA,0,0,0,NA,NA,NA
2017,7,242,OAK,Elijah Hood,FALSE,RB,North Carolina,21,2017,0,0,0,0,1,0
2017,7,243,HOU,Kyle Fuller,FALSE,OC,Baylor,23,2022,0,0,0,7,51,5
2017,7,244,OAK,Treyvon Hester,FALSE,DT,Toledo,24,2019,0,0,0,3,41,2
2017,7,245,MIN,Jack Tocho,FALSE,CB,North Carolina St.,21,NA,0,0,0,NA,NA,NA
2017,7,246,DAL,Jordan Carrell,FALSE,DT,Colorado,23,NA,0,0,0,NA,NA,NA
2017,7,247,GNB,Malachi Dupre,FALSE,WR,LSU,21,2018,0,0,0,0,1,1
2017,7,248,PIT,Keion Adams,FALSE,LB,Western Michigan,22,NA,0,0,0,NA,NA,NA
2017,7,249,SEA,Chris Carson,FALSE,RB,Oklahoma St.,22,2021,0,0,3,29,49,4
2017,7,250,DET,Pat O'Connor,FALSE,DE,Eastern Michigan,23,2025,0,0,0,6,88,8
2017,7,251,CIN,Mason Schreck,FALSE,TE,Buffalo,23,2022,0,0,0,0,26,5
2017,7,252,CLE,Matthew Dayes,FALSE,RB,North Carolina St.,23,2018,0,0,0,0,23,1
2017,7,253,DEN,Chad Kelly,FALSE,QB,Mississippi,23,2018,0,0,0,0,1,1
2018,1,1,CLE,Baker Mayfield,FALSE,QB,Oklahoma,23,2025,0,2,7,80,123,7
2018,1,2,NYG,Saquon Barkley,FALSE,RB,Penn St.,21,2025,1,3,7,65,106,7
2018,1,3,NYJ,Sam Darnold,FALSE,QB,USC,21,2025,0,2,6,49,100,7
2018,1,4,CLE,Denzel Ward,FALSE,CB,Ohio St.,21,2025,0,5,8,49,110,7
2018,1,5,DEN,Bradley Chubb,FALSE,DE,North Carolina St.,22,2025,0,2,4,41,90,7
2018,1,6,IND,Quenton Nelson,FALSE,OG,Notre Dame,22,2025,3,8,8,79,129,7
2018,1,7,BUF,Josh Allen,FALSE,QB,Wyoming,22,2025,0,4,8,111,128,7
2018,1,8,CHI,Roquan Smith,FALSE,LB,Georgia,21,2025,3,4,8,84,125,7
2018,1,9,SFO,Mike McGlinchey,FALSE,OT,Notre Dame,24,2025,0,0,7,46,115,7
2018,1,10,ARI,Josh Rosen,FALSE,QB,UCLA,21,2021,0,0,1,3,24,3
2018,1,11,MIA,Minkah Fitzpatrick,FALSE,S,Alabama,21,2025,3,5,7,61,120,7
2018,1,12,TAM,Vita Vea,FALSE,DT,Washington,23,2025,0,2,6,51,112,7
2018,1,13,WAS,Daron Payne,FALSE,DT,Alabama,21,2025,0,1,8,53,130,7
2018,1,14,NOR,Marcus Davenport,FALSE,DE,Texas-San Antonio,22,2025,0,0,2,22,77,7
2018,1,15,OAK,Kolton Miller,FALSE,OT,UCLA,23,2025,0,0,7,42,113,7
2018,1,16,BUF,Tremaine Edmunds,FALSE,LB,Virginia Tech,20,2025,0,2,8,62,119,7
2018,1,17,LAC,Derwin James,FALSE,S,Florida St.,22,2025,1,5,6,46,98,7
2018,1,18,GNB,Jaire Alexander,FALSE,CB,Louisville,21,2025,0,2,5,34,80,7
2018,1,19,DAL,Leighton Vander Esch,FALSE,LB,Boise St.,21,2023,0,1,5,35,71,5
2018,1,20,DET,Frank Ragnow,FALSE,OC,Arkansas,22,2024,0,4,6,51,96,6
2018,1,21,CIN,Billy Price,FALSE,OC,Ohio St.,23,2022,0,0,3,18,69,4
2018,1,22,TEN,Rashaan Evans,FALSE,LB,Alabama,22,2024,0,0,4,32,87,6
2018,1,23,NWE,Isaiah Wynn,FALSE,OT,Georgia,22,2024,0,0,3,23,56,6
2018,1,24,CAR,D.J. Moore,FALSE,WR,Maryland,21,2025,0,0,8,61,131,7
2018,1,25,BAL,Hayden Hurst,FALSE,TE,South Carolina,25,2024,0,0,1,17,88,6
2018,1,26,ATL,Calvin Ridley,FALSE,WR,Alabama,23,2025,0,0,4,41,90,7
2018,1,27,SEA,Rashaad Penny,FALSE,RB,San Diego St.,22,2023,0,0,0,13,45,5
2018,1,28,PIT,Terrell Edmunds,FALSE,S,Virginia Tech,21,2025,0,0,5,27,102,7
2018,1,29,JAX,Taven Bryan,FALSE,DT,Florida,22,2025,0,0,4,22,118,7
2018,1,30,MIN,Mike Hughes,FALSE,CB,Central Florida,21,2025,0,0,2,17,99,7
2018,1,31,NWE,Sony Michel,FALSE,RB,Georgia,23,2022,0,0,2,21,65,4
2018,1,32,BAL,Lamar Jackson,FALSE,QB,Louisville,21,2025,3,4,7,110,116,7
2018,2,33,CLE,Austin Corbett,FALSE,OC,Nevada,23,2025,0,0,4,29,94,7
2018,2,34,NYG,Will Hernandez,FALSE,OG,Texas-El Paso,23,2025,0,0,5,38,104,7
2018,2,35,CLE,Nick Chubb,FALSE,RB,Georgia,22,2025,0,4,6,49,100,7
2018,2,36,IND,Shaquille Leonard,FALSE,LB,South Carolina St.,23,2023,3,3,5,60,75,5
2018,2,37,IND,Braden Smith,FALSE,OG,Auburn,22,2025,0,0,8,45,107,7
2018,2,38,TAM,Ronald Jones II,FALSE,RB,USC,21,2022,0,0,2,18,61,4
2018,2,39,CHI,James Daniels,FALSE,OC,Iowa,20,2025,0,0,6,29,91,7
2018,2,40,DEN,Courtland Sutton,FALSE,WR,SMU,22,2025,0,2,6,45,115,7
2018,2,41,TEN,Harold Landry,FALSE,LB,Boston Col.,22,2025,0,1,6,45,113,7
2018,2,42,MIA,Mike Gesicki,FALSE,TE,Penn St.,22,2025,0,0,2,28,128,7
2018,2,43,DET,Kerryon Johnson,FALSE,RB,Auburn,21,2021,0,0,1,11,35,3
2018,2,44,SFO,Dante Pettis,FALSE,WR,Washington,22,2025,0,0,0,11,66,7
2018,2,45,GNB,Josh Jackson,FALSE,CB,Iowa,22,2022,0,0,0,8,49,4
2018,2,46,KAN,Breeland Speaks,FALSE,DE,Mississippi,22,2018,0,0,0,3,16,0
2018,2,47,ARI,Christian Kirk,FALSE,WR,Texas A&M,21,2025,0,0,7,42,106,7
2018,2,48,LAC,Uchenna Nwosu,FALSE,LB,USC,21,2025,0,0,3,29,107,7
2018,2,49,PHI,Dallas Goedert,FALSE,TE,South Dakota St.,23,2025,0,0,8,38,108,7
2018,2,50,DAL,Connor Williams,FALSE,OT,Texas,21,2024,0,0,6,34,92,6
2018,2,51,CHI,Anthony Miller,FALSE,WR,Memphis,23,2024,0,0,2,12,52,6
2018,2,52,IND,Kemoko Turay,FALSE,LB,Rutgers,23,2022,0,0,0,5,41,4
2018,2,53,TAM,M.J. Stewart,FALSE,CB,North Carolina,22,2025,0,0,0,9,99,7
2018,2,54,CIN,Jessie Bates III,FALSE,S,Wake Forest,21,2025,0,1,8,55,130,7
2018,2,55,CAR,Donte Jackson,FALSE,CB,LSU,22,2025,0,0,8,34,112,7
2018,2,56,NWE,Duke Dawson,FALSE,CB,Florida,21,2020,0,0,0,3,26,2
2018,2,57,OAK,P.J. Hall,FALSE,DT,Sam Houston St.,23,2020,0,0,2,11,40,2
2018,2,58,ATL,Isaiah Oliver,FALSE,CB,Colorado,21,2025,0,0,2,18,110,7
2018,2,59,WAS,Derrius Guice,FALSE,RB,LSU,21,2019,0,0,0,2,5,1
2018,2,60,PIT,James Washington,FALSE,WR,Oklahoma St.,22,2022,0,0,2,11,62,4
2018,2,61,JAX,DJ Chark,FALSE,WR,LSU,21,2024,0,1,4,21,76,6
2018,2,62,MIN,Brian O'Neill,FALSE,OT,Pittsburgh,22,2025,0,2,8,56,124,7
2018,2,63,TAM,Carlton Davis,FALSE,CB,Auburn,21,2025,0,0,7,34,106,7
2018,2,64,IND,Tyquan Lewis,FALSE,DE,Ohio St.,23,2025,0,0,0,13,88,7
2018,3,65,OAK,Brandon Parker,FALSE,OT,North Carolina A&T,22,2023,0,0,2,15,59,5
2018,3,66,NYG,Lorenzo Carter,FALSE,DE,Georgia,22,2024,0,0,4,30,96,6
2018,3,67,CLE,Chad Thomas,FALSE,DE,Miami (FL),22,2019,0,0,0,5,20,1
2018,3,68,HOU,Justin Reid,FALSE,S,Stanford,21,2025,0,0,8,34,121,7
2018,3,69,NYG,B.J. Hill,FALSE,DT,North Carolina St.,23,2025,0,0,6,37,129,7
2018,3,70,SFO,Fred Warner,FALSE,LB,BYU,21,2025,4,4,7,82,121,7
2018,3,71,DEN,Royce Freeman,FALSE,RB,Oregon,22,2023,0,0,0,13,79,5
2018,3,72,NYJ,Nathan Shepherd,FALSE,DT,Fort Hays St.,24,2025,0,0,2,25,122,7
2018,3,73,MIA,Jerome Baker,FALSE,LB,Ohio St.,21,2025,0,0,6,39,121,7
2018,3,74,WAS,Geron Christian,FALSE,OT,Louisville,21,2024,0,0,1,12,63,6
2018,3,75,KAN,Derrick Nnadi,FALSE,DT,Florida St.,22,2025,0,0,6,38,130,7
2018,3,76,PIT,Mason Rudolph,FALSE,QB,Oklahoma St.,23,2025,0,0,1,10,34,7
2018,3,77,CIN,Sam Hubbard,FALSE,DE,Ohio St.,23,2024,0,0,6,40,104,6
2018,3,78,CIN,Malik Jefferson,FALSE,LB,Texas,21,2023,0,0,0,3,38,5
2018,3,79,SEA,Rasheem Green,FALSE,DT,USC,21,2023,0,0,2,17,86,5
2018,3,80,HOU,Martinas Rankin,FALSE,OT,Mississippi St.,23,2020,0,0,0,7,23,2
2018,3,81,DAL,Michael Gallup,FALSE,WR,Colorado St.,22,2023,0,0,5,30,86,5
2018,3,82,DET,Tracy Walker,FALSE,S,Louisiana,23,2023,0,0,2,13,79,5
2018,3,83,BAL,Orlando Brown Jr.,FALSE,OT,Oklahoma,22,2025,0,4,8,69,126,7
2018,3,84,LAC,Justin Jones,FALSE,DT,North Carolina St.,22,2024,0,0,5,30,88,6
2018,3,85,CAR,Rashaan Gaulden,FALSE,CB,Tennessee,23,2020,0,0,0,1,27,2
2018,3,86,BAL,Mark Andrews,FALSE,TE,Oklahoma,23,2025,1,3,4,51,121,7
2018,3,87,OAK,Arden Key,FALSE,DE,LSU,22,2025,0,0,4,24,116,7
2018,3,88,GNB,Oren Burks,FALSE,LB,Vanderbilt,23,2025,0,0,1,16,125,7
2018,3,89,LAR,Joseph Noteboom,FALSE,OT,TCU,23,2025,0,0,0,18,81,7
2018,3,90,ATL,Deadrin Senat,FALSE,DT,South Florida,24,2023,0,0,0,4,37,5
2018,3,91,NOR,Tre'Quan Smith,FALSE,WR,Central Florida,22,2023,0,0,3,15,67,5
2018,3,92,PIT,Chukwuma Okorafor,FALSE,OT,Western Michigan,21,2025,0,0,3,26,92,7
2018,3,93,JAX,Ronnie Harrison,FALSE,S,Alabama,21,2025,0,0,3,21,94,7
2018,3,94,TAM,Alex Cappa,FALSE,OT,Humboldt St.,23,2025,0,0,6,44,119,7
2018,3,95,SFO,Tarvarius Moore,FALSE,S,Southern Miss,22,2024,0,0,1,8,72,6
2018,3,96,BUF,Harrison Phillips,FALSE,DT,Stanford,22,2025,0,0,4,35,113,7
2018,3,97,ARI,Mason Cole,FALSE,OC,Michigan,22,2023,0,0,4,25,94,5
2018,3,98,HOU,Jordan Akins,FALSE,TE,Central Florida,26,2024,0,0,1,16,107,6
2018,3,99,DEN,Isaac Yiadom,FALSE,CB,Boston Col.,22,2025,0,0,2,16,118,7
2018,3,100,KAN,Dorian O'Daniel,FALSE,LB,Clemson,24,2021,0,0,0,5,58,3
2018,4,101,CAR,Ian Thomas,FALSE,TE,Indiana,22,2025,0,0,3,8,114,7
2018,4,102,MIN,Jalyn Holmes,FALSE,DE,Ohio St.,22,2025,0,0,0,8,65,7
2018,4,103,HOU,Keke Coutee,FALSE,WR,Texas Tech,21,2022,0,0,0,7,33,4
2018,4,104,IND,Nyheim Hines,FALSE,RB,North Carolina St.,21,2025,0,0,0,25,85,7
2018,4,105,CLE,Antonio Callaway,FALSE,WR,Florida,21,2020,0,0,1,5,25,2
2018,4,106,DEN,Josey Jewell,FALSE,LB,Iowa,23,2024,0,0,5,32,90,6
2018,4,107,NYJ,Chris Herndon,FALSE,TE,Miami (FL),22,2021,0,0,2,6,49,3
2018,4,108,NYG,Kyle Lauletta,FALSE,QB,Richmond,23,2018,0,0,0,0,2,0
2018,4,109,WAS,Troy Apke,FALSE,S,Penn St.,23,2022,0,0,1,6,52,4
2018,4,110,OAK,Nick Nelson,FALSE,CB,Wisconsin,21,2019,0,0,0,1,12,1
2018,4,111,LAR,Brian Allen,FALSE,OC,Michigan St.,22,2023,0,0,2,16,50,5
2018,4,112,CIN,Mark Walton,FALSE,RB,Miami (FL),21,2019,0,0,0,3,21,1
2018,4,113,DEN,DaeSean Hamilton,FALSE,WR,Penn St.,23,2020,0,0,0,6,46,2
2018,4,114,DET,Da'Shawn Hand,FALSE,DE,Alabama,22,2025,0,0,2,16,77,7
2018,4,115,CHI,Joel Iyiegbuniwe,FALSE,LB,Western Kentucky,22,2022,0,0,0,5,65,4
2018,4,116,DAL,Dorance Armstrong Jr.,FALSE,DE,Kansas,21,2025,0,0,1,22,116,7
2018,4,117,TAM,Jordan Whitehead,FALSE,S,Pittsburgh,21,2024,0,0,7,32,105,6
2018,4,118,BAL,Anthony Averett,FALSE,CB,Alabama,23,2022,0,0,1,11,51,4
2018,4,119,LAC,Kyzir White,FALSE,S,West Virginia,22,2025,0,0,4,31,93,7
2018,4,120,SEA,Will Dissly,FALSE,TE,Washington,22,2025,0,0,5,16,96,7
2018,4,121,BUF,Taron Johnson,FALSE,CB,Weber St.,22,2025,0,0,6,36,113,7
2018,4,122,BAL,Kenny Young,FALSE,LB,UCLA,23,2022,0,0,1,18,63,4
2018,4,123,MIA,Durham Smythe,FALSE,TE,Notre Dame,23,2025,0,0,5,10,129,7
2018,4,124,KAN,Armani Watts,FALSE,S,Texas A&M,22,2021,0,0,0,3,53,3
2018,4,125,PHI,Avonte Maddox,FALSE,CB,Pittsburgh,22,2025,0,0,1,17,95,7
2018,4,126,ATL,Ito Smith,FALSE,RB,Southern Miss,22,2021,0,0,0,6,36,3
2018,4,127,NOR,Rick Leonard,FALSE,OT,Florida St.,21,2021,0,0,0,0,2,3
2018,4,128,SFO,Kentavius Street,FALSE,DT,North Carolina St.,22,2025,0,0,0,11,85,7
2018,4,129,JAX,Will Richardson,FALSE,OT,North Carolina St.,22,2021,0,0,0,4,44,3
2018,4,130,PHI,Josh Sweat,FALSE,DE,Florida St.,21,2025,0,1,5,37,121,7
2018,4,131,MIA,Kalen Ballage,FALSE,RB,Arizona St.,22,2021,0,0,1,6,52,3
2018,4,132,BAL,Jaleel Scott,FALSE,WR,New Mexico St.,23,2020,0,0,0,0,4,2
2018,4,133,GNB,J'Mon Moore,FALSE,WR,Missouri,23,2018,0,0,0,0,12,0
2018,4,134,ARI,Chase Edmonds,FALSE,RB,Fordham,22,2025,0,0,1,21,86,7
2018,4,135,LAR,John Franklin-Myers,FALSE,DE,S.F. Austin,21,2025,0,0,5,38,114,7
2018,4,136,CAR,Marquis Haynes,FALSE,LB,Mississippi,24,2024,0,0,0,7,73,6
2018,4,137,DAL,Dalton Schultz,FALSE,TE,Stanford,22,2025,0,0,4,30,124,7
2018,5,138,GNB,Cole Madison,FALSE,OG,Washington St.,23,NA,0,0,0,NA,NA,NA
2018,5,139,NYG,R.J. McIntosh,FALSE,DT,Miami (FL),22,2019,0,0,0,1,18,1
2018,5,140,OAK,Maurice Hurst Jr.,FALSE,DT,Michigan,23,2025,0,0,1,11,65,7
2018,5,141,SEA,Shaquem Griffin,FALSE,LB,Central Florida,23,2020,0,0,0,4,46,2
2018,5,142,SFO,D.J. Reed,FALSE,CB,Kansas St.,21,2025,0,0,6,27,112,7
2018,5,143,NWE,Ja'Whaun Bentley,FALSE,LB,Purdue,22,2024,0,0,4,36,83,6
2018,5,144,TAM,Justin Watson,FALSE,WR,Pennsylvania,22,2025,0,0,0,11,93,7
2018,5,145,CHI,Bilal Nichols,FALSE,DT,Delaware,21,2025,0,0,5,37,104,7
2018,5,146,SEA,Tre Flowers,FALSE,S,Oklahoma St.,23,2025,0,0,2,19,98,7
2018,5,147,LAR,Micah Kiser,FALSE,LB,Virginia,23,2021,0,0,0,8,36,3
2018,5,148,PIT,Marcus Allen,FALSE,S,Penn St.,22,2022,0,0,0,6,48,4
2018,5,149,SEA,Michael Dickson,FALSE,P,Texas,22,2025,1,1,3,20,133,7
2018,5,150,CLE,Genard Avery,FALSE,LB,Memphis,23,2024,0,0,2,11,63,6
2018,5,151,CIN,Davontae Harris,FALSE,CB,Illinois St.,23,2022,0,0,0,5,42,4
2018,5,152,TEN,Dane Cruikshank,FALSE,CB,Arizona,23,2024,0,0,0,4,56,6
2018,5,153,DET,Tyrell Crosby,FALSE,OT,Oregon,23,2020,0,0,1,11,38,2
2018,5,154,BUF,Siran Neal,FALSE,CB,Jacksonville St.,24,2025,0,0,0,7,131,7
2018,5,155,LAC,Scott Quessenberry,FALSE,OC,UCLA,23,2022,0,0,2,13,79,4
2018,5,156,DEN,Troy Fumagalli,FALSE,TE,Wisconsin,23,2020,0,0,0,1,19,2
2018,5,157,MIN,Tyler Conklin,FALSE,TE,Central Michigan,23,2025,0,0,4,20,127,7
2018,5,158,CIN,Andrew Brown,FALSE,DE,Virginia,22,2022,0,0,0,2,28,4
2018,5,159,IND,Daurice Fountain,FALSE,WR,Northern Iowa,22,2021,0,0,0,0,8,3
2018,5,160,LAR,Ogbonnia Okoronkwo,FALSE,DE,Oklahoma,23,2025,0,0,0,12,81,7
2018,5,161,CAR,Jermaine Carter Jr.,FALSE,LB,Maryland,23,2022,0,0,2,15,72,4
2018,5,162,BAL,Jordan Lasley,FALSE,WR,UCLA,21,NA,0,0,0,NA,NA,NA
2018,5,163,WAS,Tim Settle,FALSE,DT,Virginia Tech,21,2025,0,0,1,20,124,7
2018,5,164,NOR,Natrell Jamerson,FALSE,S,Wisconsin,22,2020,0,0,0,1,21,2
2018,5,165,PIT,Jaylen Samuels,FALSE,TE,North Carolina St.,22,2021,0,0,0,7,45,3
2018,5,166,BUF,Wyatt Teller,FALSE,OG,Virginia Tech,23,2025,0,3,7,39,109,7
2018,5,167,MIN,Daniel Carlson,FALSE,PK,Auburn,23,2025,1,0,3,23,129,7
2018,5,168,SEA,Jamarco Jones,FALSE,OT,Ohio St.,22,2024,0,0,0,7,38,6
2018,5,169,IND,Jordan Wilkins,FALSE,RB,Mississippi,24,2022,0,0,0,8,54,4
2018,5,170,CIN,Darius Phillips,FALSE,CB,Western Michigan,23,2022,0,0,1,7,56,4
2018,5,171,DAL,Mike White,FALSE,QB,Western Kentucky,23,2024,0,0,0,5,15,6
2018,5,172,GNB,JK Scott,FALSE,P,Alabama,22,2025,0,0,3,13,117,7
2018,5,173,OAK,Johnny Townsend,FALSE,P,Florida,23,2021,0,0,0,2,21,3
2018,5,174,GNB,Marquez Valdes-Scantling,FALSE,WR,South Florida,23,2025,0,0,5,29,116,7
2018,6,175,CLE,Damion Ratley,FALSE,WR,Texas A&M,23,2020,0,0,0,4,31,2
2018,6,176,LAR,John Kelly,FALSE,RB,Tennessee,21,2024,0,0,0,1,15,6
2018,6,177,HOU,Duke Ejiofor,FALSE,DE,Wake Forest,23,2018,0,0,0,1,12,0
2018,6,178,NWE,Christian Sam,FALSE,LB,Arizona St.,22,NA,0,0,0,NA,NA,NA
2018,6,179,NYJ,Parry Nickerson,FALSE,CB,Tulane,23,2025,0,0,0,2,35,7
2018,6,180,NYJ,Folorunso Fatukasi,FALSE,DT,Connecticut,23,2025,0,0,4,27,90,7
2018,6,181,CHI,Kylie Fitts,FALSE,DE,Utah,23,2021,0,0,0,1,28,3
2018,6,182,ARI,Christian Campbell,FALSE,CB,Penn St.,22,NA,0,0,0,NA,NA,NA
2018,6,183,DEN,Sam Jones,FALSE,OG,Arizona St.,22,2018,0,0,0,0,5,0
2018,6,184,SFO,Marcell Harris,FALSE,S,Florida,24,2022,0,0,0,14,63,4
2018,6,185,IND,Deon Cain,FALSE,WR,Clemson,22,2020,0,0,0,1,15,2
2018,6,186,SEA,Jacob Martin,FALSE,LB,Temple,22,2025,0,0,2,17,119,7
2018,6,187,BUF,Ray-Ray McCloud,FALSE,WR,Clemson,21,2025,0,0,1,14,100,7
2018,6,188,CLE,Simeon Thomas,FALSE,CB,Louisiana,24,2019,0,0,0,1,12,1
2018,6,189,NOR,Kamrin Moore,FALSE,CB,Boston Col.,21,2018,0,0,0,0,2,0
2018,6,190,BAL,DeShon Elliott,FALSE,S,Texas,21,2025,0,0,4,25,77,7
2018,6,191,LAC,Dylan Cantrell,FALSE,WR,Texas Tech,24,NA,0,0,0,NA,NA,NA
2018,6,192,LAR,Jamil Demby,FALSE,OT,Maine,22,2019,0,0,0,1,6,1
2018,6,193,DAL,Chris Covington,FALSE,LB,Indiana,22,2019,0,0,0,0,8,1
2018,6,194,ATL,Russell Gage,FALSE,WR,LSU,22,2025,0,0,0,20,75,7
2018,6,195,LAR,Sebastian Joseph-Day,FALSE,DT,Rutgers,23,2025,0,0,5,38,105,7
2018,6,196,KAN,Tremon Smith,FALSE,WR,Central Arkansas,22,2025,0,0,0,8,117,7
2018,6,197,WAS,Shaun Dion Hamilton,FALSE,LB,Alabama,22,2020,0,0,0,8,46,2
2018,6,198,KAN,Kahlil McKenzie,FALSE,DT,Tennessee,21,2021,0,0,0,1,12,3
2018,6,199,TEN,Luke Falk,FALSE,QB,Washington St.,23,2019,0,0,0,1,3,1
2018,6,200,ATL,Foyesade Oluokun,FALSE,S,Yale,23,2025,0,0,6,44,128,7
2018,6,201,NOR,Boston Scott,FALSE,RB,Louisiana Tech,23,2023,0,0,0,11,75,5
2018,6,202,TAM,Jack Cichy,FALSE,LB,Wisconsin,23,2020,0,0,0,0,16,2
2018,6,203,JAX,Tanner Lee,FALSE,QB,Nebraska,23,NA,0,0,0,NA,NA,NA
2018,6,204,NYJ,Trenton Cannon,FALSE,RB,Virginia St.,24,2022,0,0,0,2,48,4
2018,6,205,LAR,Trevon Young,FALSE,DE,Louisville,23,2018,0,0,0,0,2,0
2018,6,206,PHI,Matt Pryor,FALSE,OT,TCU,23,2025,0,0,2,19,109,7
2018,6,207,GNB,Equanimeous St. Brown,FALSE,WR,Notre Dame,21,2024,0,0,2,8,62,6
2018,6,208,DAL,Cedrick Wilson Jr.,FALSE,WR,Boise St.,22,2025,0,0,0,11,93,7
2018,6,209,MIA,Cornell Armstrong,FALSE,CB,Southern Miss,22,2025,0,0,0,3,42,7
2018,6,210,NWE,Braxton Berrios,FALSE,WR,Miami (FL),22,2025,1,0,0,11,91,7
2018,6,211,HOU,Jordan Thomas,FALSE,TE,Mississippi St.,22,2020,0,0,1,2,27,2
2018,6,212,BAL,Greg Senat,FALSE,OT,Wagner,23,2020,0,0,0,1,10,2
2018,6,213,MIN,Colby Gossett,FALSE,OG,Appalachian St.,23,2022,0,0,0,4,36,4
2018,6,214,HOU,Peter Kalambayi,FALSE,LB,Stanford,23,2020,0,0,0,3,41,2
2018,6,215,BAL,Bradley Bozeman,FALSE,OC,Alabama,23,2025,0,0,7,41,129,7
2018,6,216,OAK,Azeem Victor,FALSE,LB,Washington,22,NA,0,0,0,NA,NA,NA
2018,6,217,DEN,Keishawn Bierria,FALSE,LB,Washington,23,2019,0,0,0,1,21,1
2018,6,218,MIN,Ade Aruna,FALSE,DE,Tulane,24,NA,0,0,0,NA,NA,NA
2018,7,219,NWE,Danny Etling,FALSE,QB,LSU,24,NA,0,0,0,NA,NA,NA
2018,7,220,SEA,Alex McGough,FALSE,QB,Florida International,22,NA,0,0,0,NA,NA,NA
2018,7,221,IND,Matthew Adams,FALSE,LB,Houston,22,2024,0,0,1,14,98,6
2018,7,222,HOU,Jermaine Kelly,FALSE,CB,San Jose St.,23,NA,0,0,0,NA,NA,NA
2018,7,223,SFO,Jullian Taylor,FALSE,DT,Temple,23,2019,0,0,0,1,12,1
2018,7,224,CHI,Javon Wims,FALSE,WR,Georgia,23,2022,0,0,0,1,34,4
2018,7,225,MIN,Devante Downs,FALSE,LB,California,22,2020,0,0,0,6,36,2
2018,7,226,DEN,David Williams,FALSE,RB,Arkansas,24,2018,0,0,0,0,6,0
2018,7,227,MIA,Quentin Poling,FALSE,LB,Ohio,24,2019,0,0,0,0,1,1
2018,7,228,OAK,Marcell Ateman,FALSE,WR,Oklahoma St.,23,2021,0,0,0,2,19,3
2018,7,229,MIA,Jason Sanders,FALSE,PK,New Mexico,22,2024,1,0,2,23,116,6
2018,7,230,JAX,Leon Jacobs,FALSE,LB,Wisconsin,22,2020,0,0,1,7,29,2
2018,7,231,LAR,Travin Howard,FALSE,LB,TCU,22,2022,0,0,0,3,29,4
2018,7,232,GNB,James Looney,FALSE,DE,California,23,2018,0,0,0,0,3,0
2018,7,233,PHI,Jordan Mailata,FALSE,OT,,21,2025,0,0,6,41,90,7
2018,7,234,CAR,Andre Smith,FALSE,LB,North Carolina,21,2023,0,0,0,6,62,5
2018,7,235,IND,Zaire Franklin,FALSE,LB,Syracuse,22,2025,0,1,5,40,132,7
2018,7,236,DAL,Bo Scarbrough,FALSE,RB,Alabama,23,2020,0,0,0,2,7,2
2018,7,237,DET,Nick Bawden,FALSE,RB,San Diego St.,22,2023,0,0,0,0,35,5
2018,7,238,BAL,Zach Sieler,FALSE,DE,Ferris St.,23,2025,0,0,4,38,108,7
2018,7,239,GNB,Hunter Bradley,FALSE,LS,Mississippi St.,24,2022,0,0,0,3,58,4
2018,7,240,SFO,Richie James,FALSE,WR,Middle Tenn. St.,23,2023,0,0,1,13,66,5
2018,7,241,WAS,Greg Stroman,FALSE,CB,Virginia Tech,22,2024,0,0,0,4,33,6
2018,7,242,CAR,Kendrick Norton,FALSE,DT,Miami (FL),21,NA,0,0,0,NA,NA,NA
2018,7,243,NWE,Keion Crossen,FALSE,CB,Western Carolina,22,2025,0,0,0,6,76,7
2018,7,244,LAR,Justin Lawler,FALSE,DE,SMU,23,2021,0,0,0,1,19,3
2018,7,245,NOR,Will Clapp,FALSE,OC,LSU,22,2024,0,0,1,12,66,6
2018,7,246,PIT,Joshua Frazier,FALSE,DT,Alabama,22,NA,0,0,0,NA,NA,NA
2018,7,247,JAX,Logan Cooke,FALSE,P,Mississippi St.,23,2025,0,1,3,19,129,7
2018,7,248,GNB,Kendall Donnerson,FALSE,LB,SE Missouri St.,22,NA,0,0,0,NA,NA,NA
2018,7,249,CIN,Logan Woodside,FALSE,QB,Toledo,23,2023,0,0,0,0,13,5
2018,7,250,NWE,Ryan Izzo,FALSE,TE,Florida St.,22,2021,0,0,1,3,19,3
2018,7,251,LAC,Justin Jackson,FALSE,RB,Northwestern,22,2022,0,0,0,12,59,4
2018,7,252,CIN,Rod Taylor,FALSE,OG,Mississippi,23,NA,0,0,0,NA,NA,NA
2018,7,253,CIN,Auden Tate,FALSE,WR,Florida St.,21,2021,0,0,1,5,35,3
2018,7,254,ARI,Korey Cunningham,FALSE,OT,Cincinnati,23,2022,0,0,0,4,31,4
2018,7,255,BUF,Austin Proehl,FALSE,WR,North Carolina,22,NA,0,0,0,NA,NA,NA
2018,7,256,WAS,Trey Quinn,FALSE,WR,SMU,22,2020,0,0,0,2,16,2
2019,1,1,ARI,Kyler Murray,FALSE,QB,Oklahoma,22,2025,0,2,5,71,87,6
2019,1,2,SFO,Nick Bosa,FALSE,DE,Ohio St.,21,2025,1,5,5,58,85,6
2019,1,3,NYJ,Quinnen Williams,FALSE,DT,Alabama,21,2025,1,4,6,57,105,6
2019,1,4,OAK,Clelin Ferrell,FALSE,DE,Clemson,22,2025,0,0,4,24,98,6
2019,1,5,TAM,Devin White,FALSE,LB,LSU,21,2025,0,1,6,51,100,6
2019,1,6,NYG,Daniel Jones,FALSE,QB,Duke,22,2025,0,0,6,52,83,6
2019,1,7,JAX,Josh Hines-Allen,FALSE,LB,Kentucky,22,2025,0,2,6,45,107,6
2019,1,8,DET,T.J. Hockenson,FALSE,TE,Iowa,22,2025,0,2,4,33,97,6
2019,1,9,BUF,Ed Oliver,FALSE,DT,Houston,21,2025,0,0,5,43,95,6
2019,1,10,PIT,Devin Bush Jr.,FALSE,LB,Michigan,21,2025,0,0,4,37,98,6
2019,1,11,CIN,Jonah Williams,FALSE,OG,Alabama,21,2025,0,0,5,37,74,6
2019,1,12,GNB,Rashan Gary,FALSE,LB,Michigan,21,2025,0,1,5,36,106,6
2019,1,13,MIA,Christian Wilkins,FALSE,DT,Clemson,23,2024,0,0,5,35,86,5
2019,1,14,ATL,Chris Lindstrom,FALSE,OG,Boston Col.,22,2025,0,4,6,49,105,6
2019,1,15,WAS,Dwayne Haskins,FALSE,QB,Ohio St.,22,2020,0,0,0,4,16,1
2019,1,16,CAR,Brian Burns,FALSE,DE,Florida St.,21,2025,0,3,6,53,114,6
2019,1,17,NYG,Dexter Lawrence,FALSE,DT,Clemson,21,2025,0,3,6,55,109,6
2019,1,18,MIN,Garrett Bradbury,FALSE,OC,North Carolina St.,24,2025,0,0,7,41,105,6
2019,1,19,TEN,Jeffery Simmons,FALSE,DT,Mississippi St.,22,2025,1,4,7,62,99,6
2019,1,20,DEN,Noah Fant,FALSE,TE,Iowa,21,2025,0,0,5,26,110,6
2019,1,21,GNB,Darnell Savage Jr.,FALSE,S,Maryland,22,2025,0,0,6,24,97,6
2019,1,22,PHI,Andre Dillard,FALSE,OT,Washington St.,23,2024,0,0,1,12,69,5
2019,1,23,HOU,Tytus Howard,FALSE,OT,Alabama St.,23,2025,0,0,6,36,93,6
2019,1,24,OAK,Josh Jacobs,FALSE,RB,Alabama,21,2025,1,3,7,57,105,6
2019,1,25,BAL,Marquise Brown,FALSE,WR,Oklahoma,22,2025,0,0,4,39,90,6
2019,1,26,WAS,Montez Sweat,FALSE,DE,Mississippi St.,23,2025,0,1,6,48,109,6
2019,1,27,OAK,Johnathan Abram,FALSE,S,Mississippi St.,22,2024,0,0,2,13,55,5
2019,1,28,LAC,Jerry Tillery,FALSE,DT,Notre Dame,22,2025,0,0,2,26,113,6
2019,1,29,SEA,L.J. Collier,FALSE,DE,TCU,23,2025,0,0,2,16,67,6
2019,1,30,NYG,Deandre Baker,FALSE,CB,Georgia,22,2021,0,0,1,6,26,2
2019,1,31,ATL,Kaleb McGary,FALSE,OT,Washington,24,2024,0,0,6,39,93,5
2019,1,32,NWE,N'Keal Harry,FALSE,WR,Arizona St.,21,2023,0,0,1,7,49,4
2019,2,33,ARI,Byron Murphy,FALSE,CB,Washington,21,2025,0,1,6,40,104,6
2019,2,34,IND,Rock Ya-Sin,FALSE,CB,Temple,23,2025,0,0,1,17,96,6
2019,2,35,JAX,Jawaan Taylor,FALSE,OT,Florida,21,2025,0,0,7,42,111,6
2019,2,36,SFO,Deebo Samuel,FALSE,WR,South Carolina,23,2025,1,1,6,52,97,6
2019,2,37,CAR,Greg Little,FALSE,OT,Mississippi,21,2022,0,0,0,8,31,3
2019,2,38,BUF,Cody Ford,FALSE,OT,Oklahoma,22,2025,0,0,1,22,99,6
2019,2,39,TAM,Sean Murphy-Bunting,FALSE,CB,Central Michigan,22,2024,0,0,3,24,82,5
2019,2,40,OAK,Trayvon Mullen,FALSE,CB,Clemson,21,2022,0,0,2,11,46,3
2019,2,41,DEN,Dalton Risner,FALSE,OT,Kansas St.,24,2025,0,0,6,30,101,6
2019,2,42,DEN,Drew Lock,FALSE,QB,Missouri,22,2025,0,0,1,14,41,6
2019,2,43,DET,Jahlani Tavai,FALSE,LB,Hawaii,22,2025,0,0,4,34,107,6
2019,2,44,GNB,Elgton Jenkins,FALSE,OC,Mississippi St.,23,2025,0,2,6,48,96,6
2019,2,45,NWE,Joejuan Williams,FALSE,CB,Vanderbilt,21,2023,0,0,0,3,42,4
2019,2,46,CLE,Greedy Williams,FALSE,CB,LSU,21,2022,0,0,1,8,39,3
2019,2,47,SEA,Marquise Blair,FALSE,S,Utah,22,2024,0,0,0,2,26,5
2019,2,48,NOR,Erik McCoy,FALSE,OC,Texas A&M,22,2025,0,2,5,35,88,6
2019,2,49,IND,Ben Banogu,FALSE,LB,TCU,23,2022,0,0,0,4,50,3
2019,2,50,MIN,Irv Smith Jr.,FALSE,TE,Alabama,21,2024,0,0,0,9,54,5
2019,2,51,TEN,A.J. Brown,FALSE,WR,Mississippi,22,2025,0,3,7,73,105,6
2019,2,52,CIN,Drew Sample,FALSE,TE,Washington,23,2025,0,0,4,7,95,6
2019,2,53,PHI,Miles Sanders,FALSE,RB,Penn St.,22,2025,0,1,4,34,88,6
2019,2,54,HOU,Lonnie Johnson Jr.,FALSE,CB,Kentucky,23,2025,0,0,0,11,92,6
2019,2,55,HOU,Max Scharping,FALSE,OT,Northern Illinois,23,2024,0,0,3,18,81,5
2019,2,56,KAN,Mecole Hardman,FALSE,WR,Georgia,21,2025,0,1,0,23,82,6
2019,2,57,PHI,JJ Arcega-Whiteside,FALSE,WR,Stanford,22,2021,0,0,0,2,40,2
2019,2,58,DAL,Trysten Hill,FALSE,DT,Central Florida,21,2024,0,0,0,5,34,5
2019,2,59,IND,Parris Campbell,FALSE,WR,Ohio St.,22,2025,0,0,1,9,50,6
2019,2,60,LAC,Nasir Adderley,FALSE,S,Delaware,22,2022,0,0,3,13,50,3
2019,2,61,LAR,Taylor Rapp,FALSE,S,Washington,21,2025,0,0,4,25,93,6
2019,2,62,ARI,Andy Isabella,FALSE,WR,Massachusetts,22,2023,0,0,0,4,43,4
2019,2,63,KAN,Juan Thornhill,FALSE,S,Virginia,23,2025,0,0,5,24,97,6
2019,2,64,SEA,D.K. Metcalf,FALSE,WR,Mississippi,21,2025,0,2,7,57,112,6
2019,3,65,ARI,Zach Allen,FALSE,DE,Boston Col.,22,2025,1,1,6,52,95,6
2019,3,66,PIT,Diontae Johnson,FALSE,WR,Toledo,23,2024,0,1,5,35,89,5
2019,3,67,SFO,Jalen Hurd,FALSE,WR,Baylor,23,NA,0,0,0,NA,NA,NA
2019,3,68,NYJ,Jachai Polite,FALSE,LB,Florida,22,2020,0,0,0,1,11,1
2019,3,69,JAX,Josh Oliver,FALSE,TE,San Jose St.,22,2025,0,0,3,7,82,6
2019,3,70,LAR,Darrell Henderson,FALSE,RB,Memphis,22,2023,0,0,1,15,54,4
2019,3,71,DEN,Dre'Mont Jones,FALSE,DT,Ohio St.,22,2025,0,0,5,33,108,6
2019,3,72,CIN,Germaine Pratt,FALSE,LB,North Carolina St.,23,2025,0,0,7,45,112,6
2019,3,73,CHI,David Montgomery,FALSE,RB,Iowa St.,22,2025,0,0,5,49,105,6
2019,3,74,BUF,Devin Singletary,FALSE,RB,Florida Atlantic,22,2025,0,0,5,39,110,6
2019,3,75,GNB,Jace Sternberger,FALSE,TE,Texas A&M,23,2020,0,0,0,1,18,1
2019,3,76,WAS,Terry McLaurin,FALSE,WR,Ohio St.,23,2025,0,2,7,51,107,6
2019,3,77,NWE,Chase Winovich,FALSE,DE,Michigan,24,2023,0,0,0,11,56,4
2019,3,78,MIA,Michael Deiter,FALSE,OG,Wisconsin,23,2025,0,0,2,16,92,6
2019,3,79,LAR,David Long,FALSE,CB,Michigan,21,2025,0,0,0,7,80,6
2019,3,80,CLE,Sione Takitaki,FALSE,LB,BYU,24,2025,0,0,1,19,86,6
2019,3,81,DET,Will Harris,FALSE,S,Boston Col.,23,2025,0,0,4,18,103,6
2019,3,82,TEN,Nate Davis,FALSE,OG,Charlotte,22,2024,0,0,5,27,71,5
2019,3,83,PIT,Justin Layne,FALSE,CB,Michigan St.,21,2022,0,0,0,3,52,3
2019,3,84,KAN,Khalen Saunders,FALSE,DT,Western Illinois,23,2025,0,0,1,17,77,6
2019,3,85,BAL,Jaylon Ferguson,FALSE,DE,Louisiana Tech,23,2021,0,0,1,8,38,2
2019,3,86,HOU,Kahale Warring,FALSE,TE,San Diego St.,22,2021,0,0,0,0,9,2
2019,3,87,NWE,Damien Harris,FALSE,RB,Alabama,22,2023,0,0,3,16,44,4
2019,3,88,SEA,Cody Barton,FALSE,LB,Utah,22,2025,0,0,4,28,112,6
2019,3,89,IND,Bobby Okereke,FALSE,LB,Stanford,23,2025,0,0,7,39,110,6
2019,3,90,DAL,Connor McGovern,FALSE,OG,Penn St.,21,2025,0,1,4,37,94,6
2019,3,91,LAC,Trey Pipkins,FALSE,OT,Sioux Falls,23,2025,0,0,3,33,97,6
2019,3,92,NYJ,Chuma Edoga,FALSE,OT,USC,22,2025,0,0,0,12,62,6
2019,3,93,BAL,Miles Boykin,FALSE,WR,Notre Dame,22,2023,0,0,2,6,73,4
2019,3,94,TAM,Jamel Dean,FALSE,CB,Auburn,22,2025,0,0,5,27,96,6
2019,3,95,NYG,Oshane Ximines,FALSE,DE,Old Dominion,22,2024,0,0,0,8,50,5
2019,3,96,BUF,Dawson Knox,FALSE,TE,Mississippi,22,2025,0,1,7,25,102,6
2019,3,97,LAR,Bobby Evans,FALSE,OT,Oklahoma,22,2022,0,0,0,7,35,3
2019,3,98,JAX,Quincy Williams,FALSE,S,Murray St.,23,2025,1,0,6,41,96,6
2019,3,99,TAM,Mike Edwards,FALSE,S,Kentucky,23,2025,0,0,1,16,89,6
2019,3,100,CAR,Will Grier,FALSE,QB,West Virginia,24,2019,0,0,0,1,2,0
2019,3,101,NWE,Yodny Cajuste,FALSE,OT,West Virginia,23,2022,0,0,0,4,17,3
2019,3,102,MIN,Alexander Mattison,FALSE,RB,Boise St.,21,2024,0,0,1,21,89,5
2019,4,103,ARI,Hakeem Butler,FALSE,WR,Iowa St.,23,2020,0,0,0,0,2,1
2019,4,104,CIN,Ryan Finley,FALSE,QB,North Carolina St.,24,2020,0,0,0,2,8,1
2019,4,105,NOR,C.J. Gardner-Johnson,FALSE,S,Florida,21,2025,0,0,4,27,87,6
2019,4,106,OAK,Maxx Crosby,FALSE,DE,Eastern Michigan,22,2025,0,5,7,61,110,6
2019,4,107,TAM,Anthony Nelson,FALSE,DE,Iowa,22,2025,0,0,0,17,107,6
2019,4,108,NYG,Julian Love,FALSE,CB,Notre Dame,21,2025,0,1,3,27,106,6
2019,4,109,IND,Khari Willis,FALSE,S,Michigan St.,23,2021,0,0,1,12,39,2
2019,4,110,SFO,Mitch Wishnowsky,FALSE,P,Utah,27,2025,0,0,3,10,105,6
2019,4,111,ATL,Kendall Sheffield,FALSE,CB,Ohio St.,23,2025,0,0,0,6,51,6
2019,4,112,WAS,Bryce Love,FALSE,RB,Stanford,22,NA,0,0,0,NA,NA,NA
2019,4,113,BAL,Justice Hill,FALSE,RB,Oklahoma St.,21,2025,0,0,0,17,84,6
2019,4,114,MIN,Dru Samia,FALSE,OG,Oklahoma,22,2020,0,0,0,2,15,1
2019,4,115,CAR,Christian Miller,FALSE,LB,Alabama,23,2019,0,0,0,1,7,0
2019,4,116,TEN,Amani Hooker,FALSE,S,Iowa,21,2025,0,0,5,24,96,6
2019,4,117,DET,Austin Bryant,FALSE,DE,Clemson,22,2023,0,0,0,5,35,4
2019,4,118,NWE,Hjalte Froholdt,FALSE,OG,Arkansas,23,2025,0,0,3,24,82,6
2019,4,119,CLE,Sheldrick Redwine,FALSE,S,Miami (FL),22,2023,0,0,0,4,34,4
2019,4,120,SEA,Gary Jennings Jr,FALSE,WR,West Virginia,22,2019,0,0,0,0,1,0
2019,4,121,NYJ,Trevon Wesco,FALSE,TE,West Virginia,23,2023,0,0,1,0,69,4
2019,4,122,PIT,Benny Snell Jr.,FALSE,RB,Kentucky,21,2022,0,0,0,8,63,3
2019,4,123,BAL,Ben Powers,FALSE,OG,Oklahoma,22,2025,0,0,5,27,89,6
2019,4,124,SEA,Phil Haynes,FALSE,OG,Wake Forest,23,2023,0,0,0,6,31,4
2019,4,125,CIN,Renell Wren,FALSE,DT,Arizona St.,23,2022,0,0,0,2,13,3
2019,4,126,CHI,Riley Ridley,FALSE,WR,Georgia,23,2020,0,0,0,1,10,1
2019,4,127,BAL,Iman Marshall,FALSE,CB,USC,22,2019,0,0,0,0,3,0
2019,4,128,DAL,Tony Pollard,FALSE,RB,Memphis,22,2025,0,1,3,45,112,6
2019,4,129,OAK,Isaiah Johnson,FALSE,CB,Houston,23,2020,0,0,0,1,19,1
2019,4,130,LAC,Drue Tranquill,FALSE,LB,Notre Dame,24,2025,0,0,3,32,96,6
2019,4,131,WAS,Wes Martin,FALSE,OG,Indiana,23,2022,0,0,0,5,38,3
2019,4,132,SEA,Ugo Amadi,FALSE,S,Oregon,22,2025,0,0,1,8,87,6
2019,4,133,NWE,Jarrett Stidham,FALSE,QB,Auburn,23,2025,0,0,0,6,20,6
2019,4,134,LAR,Greg Gaines,FALSE,DT,Washington,23,2025,0,0,2,19,108,6
2019,4,135,ATL,John Cominsky,FALSE,DE,Charleston (WV),23,2023,0,0,1,10,57,4
2019,4,136,CIN,Michael Jordan,FALSE,OG,Ohio St.,21,2025,0,0,4,18,78,6
2019,4,137,OAK,Foster Moreau,FALSE,TE,LSU,22,2025,0,0,6,13,104,6
2019,4,138,PHI,Shareef Miller,FALSE,DE,Penn St.,22,2019,0,0,0,0,1,0
2019,5,139,ARI,Deionte Thompson,FALSE,S,Alabama,22,2022,0,0,0,4,44,3
2019,5,140,JAX,Ryquell Armstead,FALSE,RB,Temple,22,2021,0,0,0,2,18,2
2019,5,141,PIT,Zach Gentry,FALSE,TE,Michigan,22,2023,0,0,2,2,41,4
2019,5,142,SEA,Ben Burr-Kirven,FALSE,LB,Washington,21,2020,0,0,0,2,32,1
2019,5,143,NYG,Ryan Connelly,FALSE,LB,Wisconsin,23,2023,0,0,0,4,32,4
2019,5,144,IND,Marvell Tell III,FALSE,S,USC,23,2019,0,0,0,1,13,0
2019,5,145,TAM,Matt Gay,FALSE,PK,Utah,25,2025,0,1,3,19,102,6
2019,5,146,DET,Amani Oruwariye,FALSE,CB,Penn St.,23,2025,0,0,2,12,62,6
2019,5,147,BUF,Vosean Joseph,FALSE,LB,Florida,21,NA,0,0,0,NA,NA,NA
2019,5,148,SFO,Dre Greenlaw,FALSE,LB,Arkansas,22,2025,0,0,4,31,72,6
2019,5,149,OAK,Hunter Renfrow,FALSE,WR,Clemson,23,2025,0,1,0,22,79,6
2019,5,150,GNB,Kingsley Keke,FALSE,DT,Texas A&M,22,2021,0,0,1,9,41,2
2019,5,151,MIA,Andrew Van Ginkel,FALSE,LB,Wisconsin,24,2025,0,1,5,45,102,6
2019,5,152,ATL,Qadree Ollison,FALSE,RB,Pittsburgh,22,2023,0,0,0,1,24,4
2019,5,153,WAS,Ross Pierschbacher,FALSE,OG,Alabama,24,2022,0,0,0,0,11,3
2019,5,154,CAR,Jordan Scarlett,FALSE,RB,Florida,23,2021,0,0,0,0,10,2
2019,5,155,CLE,Mack Wilson,FALSE,LB,Alabama,21,2025,0,0,3,25,101,6
2019,5,156,DEN,Justin Hollins,FALSE,LB,Oregon,23,2023,0,0,0,8,67,4
2019,5,157,NYJ,Blake Cashman,FALSE,LB,Minnesota,23,2025,0,0,3,25,71,6
2019,5,158,DAL,Michael Jackson,FALSE,CB,Miami (FL),22,2025,0,0,3,18,72,6
2019,5,159,NWE,Byron Cowart,FALSE,DT,Maryland,23,2024,0,0,1,14,51,5
2019,5,160,BAL,Daylon Mack,FALSE,DT,Texas A&M,22,2019,0,0,0,0,1,0
2019,5,161,HOU,Charles Omenihu,FALSE,DE,Texas,22,2025,0,0,0,12,95,6
2019,5,162,MIN,Cameron Smith,FALSE,LB,USC,22,2019,0,0,0,0,5,0
2019,5,163,NWE,Jake Bailey,FALSE,P,Stanford,22,2025,1,1,3,11,109,6
2019,5,164,IND,E.J. Speed,FALSE,LB,Tarleton St.,24,2025,0,0,3,20,108,6
2019,5,165,DAL,Joe Jackson,FALSE,DE,Miami (FL),22,2021,0,0,0,1,20,2
2019,5,166,LAC,Easton Stick,FALSE,QB,North Dakota St.,23,2023,0,0,0,4,6,4
2019,5,167,PHI,Clayton Thorson,FALSE,QB,Northwestern,24,NA,0,0,0,NA,NA,NA
2019,5,168,TEN,D'Andre Walker,FALSE,LB,Georgia,22,2020,0,0,0,0,1,1
2019,5,169,LAR,David Edwards,FALSE,OT,Wisconsin,22,2025,0,0,4,36,103,6
2019,5,170,CLE,Austin Seibert,FALSE,PK,Oklahoma,22,2024,0,0,0,6,40,5
2019,5,171,NYG,Darius Slayton,FALSE,WR,Auburn,22,2025,0,0,6,32,106,6
2019,5,172,ATL,Jordan Miller,FALSE,CB,Washington,22,2021,0,0,0,1,12,2
2019,5,173,WAS,Cole Holcomb,FALSE,LB,North Carolina,23,2025,0,0,3,26,72,6
2019,6,174,ARI,KeeSean Johnson,FALSE,WR,Fresno St.,22,2021,0,0,0,4,18,2
2019,6,175,PIT,Sutton Smith,FALSE,DE,Northern Illinois,23,2021,0,0,0,0,8,2
2019,6,176,SFO,Kaden Smith,FALSE,TE,Stanford,22,2021,0,0,1,3,33,2
2019,6,177,NOR,Saquan Hampton,FALSE,S,Rutgers,23,2020,0,0,0,0,6,1
2019,6,178,JAX,Gardner Minshew II,FALSE,QB,Washington St.,23,2025,0,1,4,32,63,6
2019,6,179,ARI,Lamont Gaillard,FALSE,OC,Georgia,23,2020,0,0,0,2,13,1
2019,6,180,NYG,Corey Ballentine,FALSE,CB,Washburn,23,2025,0,0,0,5,75,6
2019,6,181,BUF,Jaquan Johnson,FALSE,CB,Miami (FL),23,2022,0,0,0,5,60,3
2019,6,182,CIN,Trayveon Williams,FALSE,RB,Texas A&M,21,2025,0,0,0,4,75,6
2019,6,183,SFO,Justin Skule,FALSE,OT,Vanderbilt,22,2025,0,0,2,16,82,6
2019,6,184,DET,Travis Fulgham,FALSE,WR,Old Dominion,23,2021,0,0,1,4,17,2
2019,6,185,GNB,Ka'dar Hollman,FALSE,CB,Toledo,24,2024,0,0,0,4,45,5
2019,6,186,DET,Ty Johnson,FALSE,RB,Maryland,21,2025,0,0,0,18,106,6
2019,6,187,DEN,Juwann Winfree,FALSE,WR,Colorado,23,2023,0,0,0,1,23,4
2019,6,188,TEN,David Long,FALSE,LB,West Virginia,22,2024,0,0,2,23,80,5
2019,6,189,CLE,Drew Forbes,FALSE,OT,SE Missouri St.,22,2022,0,0,0,1,12,3
2019,6,190,MIN,Armon Watts,FALSE,DT,Arkansas,23,2024,0,0,1,12,77,5
2019,6,191,MIN,Marcus Epps,FALSE,S,Wyoming,23,2025,0,0,2,18,94,6
2019,6,192,PIT,Isaiah Buggs,FALSE,DT,Alabama,23,2023,0,0,1,11,56,4
2019,6,193,MIN,Oli Udoh,FALSE,OT,Elon,22,2025,0,0,1,10,74,6
2019,6,194,GNB,Dexter Williams,FALSE,RB,Notre Dame,22,2020,0,0,0,0,7,1
2019,6,195,HOU,Xavier Crawford,FALSE,CB,Central Michigan,23,2022,0,0,0,1,27,3
2019,6,196,NYJ,Blessuan Austin,FALSE,CB,Rutgers,23,2021,0,0,1,6,29,2
2019,6,197,BAL,Trace McSorley,FALSE,QB,Penn St.,24,2022,0,0,0,1,9,3
2019,6,198,SFO,Tim Harris,FALSE,CB,Virginia,24,2021,0,0,0,0,3,2
2019,6,199,IND,Gerri Green,FALSE,DE,Mississippi St.,23,2022,0,0,0,0,1,3
2019,6,200,LAC,Emeke Egbule,FALSE,LB,Houston,22,2021,0,0,0,2,32,2
2019,6,201,KAN,Rashad Fenton,FALSE,CB,South Carolina,22,2022,0,0,0,7,49,3
2019,6,202,MIA,Isaiah Prince,FALSE,OT,Ohio St.,22,2024,0,0,0,4,22,5
2019,6,203,ATL,Marcus Green,FALSE,WR,La-Monroe,23,NA,0,0,0,NA,NA,NA
2019,6,204,SEA,Travis Homer,FALSE,RB,Miami (FL),21,2025,0,0,0,8,85,6
2019,6,205,CHI,Duke Shelley,FALSE,CB,Kansas St.,22,2024,0,0,0,6,53,5
2019,6,206,WAS,Kelvin Harmon,FALSE,WR,North Carolina St.,22,2019,0,0,1,3,16,0
2019,6,207,PIT,Ulysees Gilbert,FALSE,LB,Akron,22,2022,0,0,0,2,31,3
2019,6,208,TAM,Scott Miller,FALSE,WR,Bowling Green,22,2025,0,0,1,11,93,6
2019,6,209,SEA,Demarcus Christmas,FALSE,DT,Florida St.,24,NA,0,0,0,NA,NA,NA
2019,6,210,CIN,Deshaun Davis,FALSE,LB,Auburn,23,NA,0,0,0,NA,NA,NA
2019,6,211,CIN,Rodney Anderson,FALSE,RB,Oklahoma,22,NA,0,0,0,NA,NA,NA
2019,6,212,CAR,Dennis Daley,FALSE,OT,South Carolina,23,2023,0,0,2,14,54,4
2019,6,213,DAL,Donovan Wilson,FALSE,S,Texas A&M,24,2025,0,0,5,23,98,6
2019,6,214,KAN,Darwin Thompson,FALSE,RB,Utah St.,22,2020,0,0,0,2,26,1
2019,7,215,TAM,Terry Beckner,FALSE,DT,Missouri,22,NA,0,0,0,NA,NA,NA
2019,7,216,KAN,Nick Allegretti,FALSE,OG,Illinois,23,2025,0,0,2,20,107,6
2019,7,217,MIN,Kris Boyd,FALSE,CB,Texas,22,2024,0,0,0,6,81,5
2019,7,218,DAL,Mike Weber,FALSE,RB,Ohio St.,22,NA,0,0,0,NA,NA,NA
2019,7,219,PIT,Derwin Gray,FALSE,OT,Maryland,24,2020,0,0,0,0,5,1
2019,7,220,HOU,Cullen Gillaspia,FALSE,RB,Texas A&M,24,2022,0,0,0,0,44,3
2019,7,221,CLE,Donnie Lewis Jr.,FALSE,CB,Tulane,23,NA,0,0,0,NA,NA,NA
2019,7,222,CHI,Kerrith Whyte Jr,FALSE,RB,Florida Atlantic,22,2019,0,0,0,1,6,0
2019,7,223,CIN,Jordan Brown,FALSE,CB,South Dakota St.,23,NA,0,0,0,NA,NA,NA
2019,7,224,DET,Isaac Nauta,FALSE,TE,Georgia,22,2020,0,0,0,0,13,1
2019,7,225,BUF,Darryl Johnson,FALSE,DE,North Carolina A&T,22,2022,0,0,0,4,38,3
2019,7,226,GNB,Ty Summers,FALSE,LB,TCU,23,2025,0,0,0,6,89,6
2019,7,227,WAS,Jimmy Moreland,FALSE,CB,James Madison,24,2021,0,0,0,5,37,2
2019,7,228,BUF,Tommy Sweeney,FALSE,TE,Boston Col.,24,2022,0,0,0,1,24,3
2019,7,229,DET,P.J. Johnson,FALSE,DE,Arizona,23,NA,0,0,0,NA,NA,NA
2019,7,230,OAK,Quinton Bell,FALSE,DE,Prairie View A&M,23,2025,0,0,0,4,33,6
2019,7,231,NOR,Alizé Mack,FALSE,TE,Notre Dame,22,NA,0,0,0,NA,NA,NA
2019,7,232,NYG,George Asafo-Adjei,FALSE,OT,Kentucky,22,NA,0,0,0,NA,NA,NA
2019,7,233,MIA,Chandler Cox,FALSE,RB,Auburn,23,2020,0,0,0,0,21,1
2019,7,234,MIA,Myles Gaskin,FALSE,RB,Washington,22,2025,0,0,1,13,47,6
2019,7,235,JAX,Dontavius Russell,FALSE,DT,Auburn,23,2019,0,0,0,0,3,0
2019,7,236,SEA,John Ursua,FALSE,WR,Hawaii,25,2019,0,0,0,0,3,0
2019,7,237,CAR,Terry Godwin,FALSE,WR,Georgia,22,2020,0,0,0,0,3,1
2019,7,238,CHI,Stephen Denmark,FALSE,CB,Valdosta St.,23,NA,0,0,0,NA,NA,NA
2019,7,239,MIN,Dillon Mitchell,FALSE,WR,Oregon,22,NA,0,0,0,NA,NA,NA
2019,7,240,IND,Jackson Barton,FALSE,OT,Utah,24,2024,0,0,0,1,13,5
2019,7,241,DAL,Jalen Jelks,FALSE,DE,Oregon,23,NA,0,0,0,NA,NA,NA
2019,7,242,LAC,Cortez Broughton,FALSE,DT,Cincinnati,23,2021,0,0,0,1,12,2
2019,7,243,LAR,Nick Scott,FALSE,S,Penn St.,24,2025,0,0,3,17,108,6
2019,7,244,NOR,Kaden Elliss,FALSE,LB,Idaho,24,2025,0,0,4,29,99,6
2019,7,245,NYG,Chris Slayton,FALSE,DT,Syracuse,23,NA,0,0,0,NA,NA,NA
2019,7,246,IND,Javon Patterson,FALSE,OC,Mississippi,22,2020,0,0,0,0,1,1
2019,7,247,MIN,Olabisi Johnson,FALSE,WR,Colorado St.,22,2020,0,0,0,5,32,1
2019,7,248,ARI,Joshua Miles,FALSE,OT,Morgan St.,23,2024,0,0,0,2,18,5
2019,7,249,ARI,Michael Dogbe,FALSE,DE,Temple,23,2023,0,0,0,4,41,4
2019,7,250,MIN,Austin Cutting,FALSE,LS,Air Force,22,2020,0,0,0,2,25,1
2019,7,251,LAR,Dakota Allen,FALSE,LB,Texas Tech,23,2022,0,0,0,2,38,3
2019,7,252,NWE,Ken Webster,FALSE,CB,Mississippi,23,2020,0,0,0,3,17,1
2019,7,253,WAS,Jordan Brailford,FALSE,DE,Oklahoma St.,23,2020,0,0,0,1,5,1
2019,7,254,ARI,Caleb Wilson,FALSE,TE,UCLA,23,2020,0,0,0,0,5,1
2020,1,1,CIN,Joe Burrow,FALSE,QB,LSU,23,2025,0,3,5,63,77,5
2020,1,2,WAS,Chase Young,FALSE,DE,Ohio St.,21,2025,0,1,2,29,72,5
2020,1,3,DET,Jeff Okudah,FALSE,CB,Ohio St.,21,2025,0,0,2,11,50,5
2020,1,4,NYG,Andrew Thomas,FALSE,OT,Georgia,21,2025,0,0,6,33,74,5
2020,1,5,MIA,Tua Tagovailoa,FALSE,QB,Alabama,22,2025,0,1,6,52,78,5
2020,1,6,LAC,Justin Herbert,FALSE,QB,Oregon,22,2025,0,2,6,74,95,5
2020,1,7,CAR,Derrick Brown,FALSE,DT,Auburn,22,2025,0,1,5,35,84,5
2020,1,8,ARI,Isaiah Simmons,FALSE,LB,Clemson,22,2025,0,0,2,20,89,5
2020,1,9,JAX,C.J. Henderson,FALSE,CB,Florida,21,2025,0,0,2,13,53,5
2020,1,10,CLE,Jedrick Wills Jr.,FALSE,OT,Alabama,21,2024,0,0,3,24,58,4
2020,1,11,NYJ,Mekhi Becton,FALSE,OT,Louisville,21,2025,0,0,4,21,61,5
2020,1,12,LVR,Henry Ruggs III,FALSE,WR,Alabama,21,2021,0,0,1,8,20,1
2020,1,13,TAM,Tristan Wirfs,FALSE,OT,Iowa,21,2025,2,5,6,64,91,5
2020,1,14,SFO,Javon Kinlaw,FALSE,DT,South Carolina,22,2025,0,0,3,27,75,5
2020,1,15,DEN,Jerry Jeudy,FALSE,WR,Alabama,21,2025,0,1,5,31,91,5
2020,1,16,ATL,AJ Terrell,FALSE,CB,Clemson,21,2025,0,0,6,31,93,5
2020,1,17,DAL,CeeDee Lamb,FALSE,WR,Oklahoma,21,2025,1,5,6,65,95,5
2020,1,18,MIA,Austin Jackson,FALSE,OT,USC,21,2025,0,0,4,24,62,5
2020,1,19,LVR,Damon Arnette,FALSE,CB,Ohio St.,24,2025,0,0,0,2,15,5
2020,1,20,JAX,K'Lavon Chaisson,FALSE,DE,LSU,21,2025,0,0,1,17,88,5
2020,1,21,PHI,Jalen Reagor,FALSE,WR,TCU,21,2024,0,0,2,10,64,4
2020,1,22,MIN,Justin Jefferson,FALSE,WR,LSU,21,2025,2,4,6,65,94,5
2020,1,23,LAC,Kenneth Murray,FALSE,LB,Oklahoma,21,2025,0,0,5,32,90,5
2020,1,24,NOR,Cesar Ruiz,FALSE,OC,Michigan,21,2025,0,0,6,29,89,5
2020,1,25,SFO,Brandon Aiyuk,FALSE,WR,Arizona St.,22,2024,0,0,5,39,69,4
2020,1,26,GNB,Jordan Love,FALSE,QB,Utah St.,21,2025,0,0,3,42,57,5
2020,1,27,SEA,Jordyn Brooks,FALSE,LB,Texas Tech,22,2025,1,0,5,43,97,5
2020,1,28,BAL,Patrick Queen,FALSE,LB,LSU,21,2025,0,2,6,54,101,5
2020,1,29,TEN,Isaiah Wilson,FALSE,OT,Georgia,21,2020,0,0,0,0,1,0
2020,1,30,MIA,Noah Igbinoghene,FALSE,CB,Auburn,20,2025,0,0,1,7,69,5
2020,1,31,MIN,Jeff Gladney,FALSE,CB,TCU,23,2020,0,0,1,5,16,0
2020,1,32,KAN,Clyde Edwards-Helaire,FALSE,RB,LSU,21,2025,0,0,1,18,52,5
2020,2,33,CIN,Tee Higgins,FALSE,WR,Clemson,21,2025,0,1,5,43,85,5
2020,2,34,IND,Michael Pittman Jr.,FALSE,WR,USC,22,2025,0,0,6,44,95,5
2020,2,35,DET,D'Andre Swift,FALSE,RB,Georgia,21,2025,0,1,3,44,89,5
2020,2,36,NYG,Xavier McKinney,FALSE,S,Alabama,22,2025,1,1,5,39,82,5
2020,2,37,NWE,Kyle Dugger,FALSE,S,Lenoir-Rhyne,24,2025,0,0,5,28,90,5
2020,2,38,CAR,Yetur Gross-Matos,FALSE,DE,Penn St.,22,2025,0,0,1,18,74,5
2020,2,39,MIA,Robert Hunt,FALSE,OG,Louisiana,24,2025,0,1,5,30,79,5
2020,2,40,HOU,Ross Blacklock,FALSE,DT,TCU,22,2023,0,0,0,4,44,3
2020,2,41,IND,Jonathan Taylor,FALSE,RB,Wisconsin,21,2025,1,3,5,58,84,5
2020,2,42,JAX,Laviska Shenault Jr.,FALSE,WR,Colorado,21,2024,0,0,1,13,63,4
2020,2,43,CHI,Cole Kmet,FALSE,TE,Notre Dame,21,2025,0,0,6,25,100,5
2020,2,44,CLE,Grant Delpit,FALSE,S,LSU,21,2025,0,0,4,26,78,5
2020,2,45,TAM,Antoine Winfield Jr.,FALSE,S,Minnesota,22,2025,1,2,6,44,85,5
2020,2,46,DEN,KJ Hamler,FALSE,WR,Penn St.,21,2022,0,0,0,5,23,2
2020,2,47,ATL,Marlon Davidson,FALSE,DE,Auburn,22,2025,0,0,0,5,25,5
2020,2,48,SEA,Darrell Taylor,FALSE,DE,Tennessee,23,2025,0,0,0,10,69,5
2020,2,49,PIT,Chase Claypool,FALSE,WR,Notre Dame,22,2023,0,0,1,19,58,3
2020,2,50,CHI,Jaylon Johnson,FALSE,CB,Utah,21,2025,0,2,5,30,77,5
2020,2,51,DAL,Trevon Diggs,FALSE,CB,Alabama,21,2025,1,2,4,33,67,5
2020,2,52,LAR,Cam Akers,FALSE,RB,Florida St.,21,2025,0,0,1,13,59,5
2020,2,53,PHI,Jalen Hurts,FALSE,QB,Oklahoma,22,2025,0,3,5,79,93,5
2020,2,54,BUF,A.J. Epenesa,FALSE,DE,Iowa,21,2025,0,0,1,18,91,5
2020,2,55,BAL,J.K. Dobbins,FALSE,RB,Ohio St.,21,2025,0,0,2,22,47,5
2020,2,56,MIA,Raekwon Davis,FALSE,DT,Alabama,23,2024,0,0,3,23,80,4
2020,2,57,LAR,Van Jefferson,FALSE,WR,Florida,24,2025,0,0,3,19,94,5
2020,2,58,MIN,Ezra Cleveland,FALSE,OT,Boise St.,22,2025,0,0,5,33,93,5
2020,2,59,NYJ,Denzel Mims,FALSE,WR,Baylor,22,2022,0,0,1,5,30,2
2020,2,60,NWE,Joshua Uche,FALSE,LB,Michigan,21,2025,0,0,0,9,76,5
2020,2,61,TEN,Kristian Fulton,FALSE,CB,LSU,22,2025,0,0,4,18,65,5
2020,2,62,GNB,AJ Dillon,FALSE,RB,Boston Col.,22,2025,0,0,0,24,67,5
2020,2,63,KAN,Willie Gay Jr.,FALSE,LB,Mississippi St.,22,2025,0,0,5,27,89,5
2020,2,64,CAR,Jeremy Chinn,FALSE,S,Southern Illinois,22,2025,0,0,5,41,86,5
2020,3,65,CIN,Logan Wilson,FALSE,LB,Wyoming,24,2025,0,0,4,32,83,5
2020,3,66,WAS,Antonio Gibson,FALSE,RB,Memphis,22,2025,0,0,2,29,83,5
2020,3,67,DET,Julian Okwara,FALSE,DE,Notre Dame,22,2024,0,0,0,5,51,4
2020,3,68,NYJ,Ashtyn Davis,FALSE,S,California,23,2025,0,0,2,14,84,5
2020,3,69,SEA,Damien Lewis,FALSE,OG,LSU,23,2025,0,0,6,35,93,5
2020,3,70,MIA,Brandon Jones,FALSE,S,Texas,22,2025,0,0,3,21,84,5
2020,3,71,BAL,Nnamdi Madubuike,FALSE,DT,Texas A&M,22,2025,0,2,4,38,78,5
2020,3,72,ARI,Josh Jones,FALSE,OT,Houston,23,2025,0,0,2,17,90,5
2020,3,73,JAX,DaVon Hamilton,FALSE,DT,Ohio St.,23,2025,0,0,3,25,86,5
2020,3,74,NOR,Zack Baun,FALSE,LB,Wisconsin,23,2025,1,2,2,39,94,5
2020,3,75,DET,Jonah Jackson,FALSE,OG,Ohio St.,23,2025,0,1,5,32,78,5
2020,3,76,TAM,Ke'Shawn Vaughn,FALSE,RB,Illinois,23,2024,0,0,0,2,46,4
2020,3,77,DEN,Michael Ojemudia,FALSE,CB,Iowa,22,2022,0,0,0,4,22,2
2020,3,78,ATL,Matt Hennessy,FALSE,OC,Temple,22,2025,0,0,1,11,64,5
2020,3,79,NYJ,Jabari Zuniga,FALSE,DE,Florida,23,2022,0,0,0,1,12,2
2020,3,80,LVR,Lynn Bowden Jr.,FALSE,WR,Kentucky,22,2023,0,0,0,3,26,3
2020,3,81,LVR,Bryan Edwards,FALSE,WR,South Carolina,21,2022,0,0,1,6,35,2
2020,3,82,DAL,Neville Gallimore,FALSE,DT,Oklahoma,23,2025,0,0,1,14,83,5
2020,3,83,DEN,Lloyd Cushenberry III,FALSE,OC,LSU,22,2025,0,0,5,26,80,5
2020,3,84,LAR,Terrell Lewis,FALSE,LB,Alabama,22,2022,0,0,0,5,30,2
2020,3,85,IND,Julian Blackmon,FALSE,S,Utah,22,2025,0,0,4,20,67,5
2020,3,86,BUF,Zack Moss,FALSE,RB,Utah,22,2024,0,0,1,18,61,4
2020,3,87,NWE,Anfernee Jennings,FALSE,LB,Alabama,23,2025,0,0,2,22,75,5
2020,3,88,CLE,Jordan Elliott,FALSE,DT,Texas,22,2025,0,0,4,27,97,5
2020,3,89,MIN,Cameron Dantzler,FALSE,CB,Mississippi St.,22,2023,0,0,2,10,37,3
2020,3,90,HOU,Jonathan Greenard,FALSE,DE,Florida,23,2025,0,1,4,32,77,5
2020,3,91,NWE,Devin Asiasi,FALSE,TE,UCLA,23,2022,0,0,0,0,22,2
2020,3,92,BAL,Devin Duvernay,FALSE,WR,Texas,22,2025,1,2,1,12,89,5
2020,3,93,TEN,Darrynton Evans,FALSE,RB,Appalachian St.,22,2024,0,0,0,3,24,4
2020,3,94,GNB,Josiah Deguara,FALSE,TE,Cincinnati,23,2025,0,0,0,4,77,5
2020,3,95,DEN,McTelvin Agim,FALSE,DT,Arkansas,22,2023,0,0,0,2,18,3
2020,3,96,KAN,Lucas Niang,FALSE,OT,TCU,22,2023,0,0,0,8,33,3
2020,3,97,CLE,Jacob Phillips,FALSE,LB,LSU,21,2022,0,0,0,5,20,2
2020,3,98,BAL,Malik Harrison,FALSE,LB,Ohio St.,22,2025,0,0,1,19,87,5
2020,3,99,NYG,Matt Peart,FALSE,OT,Connecticut,23,2025,0,0,0,7,66,5
2020,3,100,LVR,Tanner Muse,FALSE,S,Clemson,24,2024,0,0,0,2,36,4
2020,3,101,NWE,Dalton Keene,FALSE,TE,Virginia Tech,21,2023,0,0,0,0,7,3
2020,3,102,PIT,Alex Highsmith,FALSE,LB,Charlotte,23,2025,0,0,5,35,90,5
2020,3,103,PHI,Davion Taylor,FALSE,LB,Colorado,22,2021,0,0,0,3,21,1
2020,3,104,LAR,Terrell Burgess,FALSE,S,Utah,21,2025,0,0,0,4,59,5
2020,3,105,NOR,Adam Trautman,FALSE,TE,Dayton,23,2025,0,0,4,11,94,5
2020,3,106,BAL,Tyre Phillips,FALSE,OT,Mississippi St.,23,2024,0,0,1,11,47,4
2020,4,107,CIN,Akeem Davis-Gaither,FALSE,LB,Appalachian St.,22,2025,0,0,1,14,88,5
2020,4,108,WAS,Saahdiq Charles,FALSE,OT,LSU,21,2025,0,0,1,8,37,5
2020,4,109,LVR,John Simpson,FALSE,OG,Clemson,23,2025,0,0,4,28,86,5
2020,4,110,NYG,Darnay Holmes,FALSE,CB,UCLA,22,2025,0,0,0,8,83,5
2020,4,111,MIA,Solomon Kindley,FALSE,OG,Georgia,23,2021,0,0,1,6,29,1
2020,4,112,LAC,Joshua Kelley,FALSE,RB,UCLA,22,2024,0,0,0,9,57,4
2020,4,113,CAR,Troy Pride Jr.,FALSE,CB,Notre Dame,22,2024,0,0,0,3,17,4
2020,4,114,ARI,Leki Fotu,FALSE,DT,Utah,22,2025,0,0,2,11,66,5
2020,4,115,CLE,Harrison Bryant,FALSE,TE,Florida Atlantic,22,2025,0,0,3,7,90,5
2020,4,116,JAX,Ben Bartch,FALSE,OG,Saint John's (MN),22,2025,0,0,1,9,55,5
2020,4,117,MIN,D.J. Wonnum,FALSE,DE,South Carolina,22,2025,0,0,3,26,86,5
2020,4,118,DEN,Albert Okwuegbunam,FALSE,TE,Missouri,22,2025,0,0,0,5,31,5
2020,4,119,ATL,Mykal Walker,FALSE,LB,Fresno St.,23,2025,0,0,2,16,88,5
2020,4,120,NYJ,La'Mical Perine,FALSE,RB,Florida,22,2023,0,0,0,3,17,3
2020,4,121,DET,Logan Stenberg,FALSE,OG,Kentucky,23,2022,0,0,0,3,25,2
2020,4,122,IND,Jacob Eason,FALSE,QB,Washington,22,2022,0,0,0,0,2,2
2020,4,123,DAL,Reggie Robinson II,FALSE,CB,Tulsa,23,2020,0,0,0,0,5,0
2020,4,124,PIT,Anthony McFarland Jr.,FALSE,RB,Maryland,22,2023,0,0,0,1,17,3
2020,4,125,NYJ,James Morgan,FALSE,QB,Florida International,23,NA,0,0,0,NA,NA,NA
2020,4,126,HOU,Charlie Heck,FALSE,OT,North Carolina,23,2025,0,0,1,15,67,5
2020,4,127,PHI,K'Von Wallace,FALSE,S,Clemson,23,2025,0,0,0,9,74,5
2020,4,128,BUF,Gabe Davis,FALSE,WR,Central Florida,21,2025,0,0,4,28,80,5
2020,4,129,NYJ,Cameron Clark,FALSE,OT,Charlotte,22,NA,0,0,0,NA,NA,NA
2020,4,130,MIN,James Lynch,FALSE,DT,Baylor,21,2025,0,0,0,6,71,5
2020,4,131,ARI,Rashard Lawrence,FALSE,DT,LSU,22,2022,0,0,0,6,25,2
2020,4,132,MIN,Troy Dye,FALSE,LB,Oregon,23,2025,0,0,1,14,93,5
2020,4,133,SEA,Colby Parkinson,FALSE,TE,Stanford,21,2025,0,0,2,11,86,5
2020,4,134,ATL,Jaylinn Hawkins,FALSE,S,California,23,2025,0,0,2,17,90,5
2020,4,135,PIT,Kevin Dotson,FALSE,OG,Louisiana,23,2025,0,0,4,32,84,5
2020,4,136,LAR,Brycen Hopkins,FALSE,TE,Purdue,23,2023,0,0,0,2,39,3
2020,4,137,JAX,Josiah Scott,FALSE,CB,Michigan St.,21,2023,0,0,0,3,39,3
2020,4,138,KAN,L'Jarius Sneed,FALSE,S,Louisiana Tech,23,2025,0,0,3,22,69,5
2020,4,139,LVR,Amik Robertson,FALSE,CB,Louisiana Tech,22,2025,0,0,2,14,86,5
2020,4,140,JAX,Shaquille Quarterman,FALSE,LB,Miami (FL),22,2024,0,0,0,5,74,4
2020,4,141,HOU,John Reid,FALSE,CB,Penn St.,24,2022,0,0,0,2,27,2
2020,4,142,WAS,Antonio Gandy-Golden,FALSE,WR,Liberty,22,2021,0,0,0,0,10,1
2020,4,143,BAL,Ben Bredeson,FALSE,OG,Michigan,22,2025,0,0,3,21,73,5
2020,4,144,SEA,DeeJay Dallas,FALSE,RB,Miami (FL),21,2025,0,0,0,7,84,5
2020,4,145,PHI,Jack Driscoll,FALSE,OG,Auburn,23,2024,0,0,0,12,67,4
2020,4,146,DAL,Tyler Biadasz,FALSE,OC,Wisconsin,22,2025,0,1,5,36,92,5
2020,5,147,CIN,Khalid Kareem,FALSE,DE,Notre Dame,22,2025,0,0,0,2,34,5
2020,5,148,SEA,Alton Robinson,FALSE,DE,Syracuse,22,2021,0,0,0,4,30,1
2020,5,149,IND,Danny Pinter,FALSE,OG,Ball St.,24,2025,0,0,0,7,77,5
2020,5,150,NYG,Shane Lemieux,FALSE,OG,Oregon,23,2024,0,0,1,5,25,4
2020,5,151,LAC,Joe Reed,FALSE,WR,Virginia,22,2020,0,0,0,0,11,0
2020,5,152,CAR,Kenny Robinson Jr.,FALSE,S,West Virginia,21,2021,0,0,0,1,19,1
2020,5,153,SFO,Colton McKivitz,FALSE,OT,West Virginia,24,2025,0,0,3,24,79,5
2020,5,154,MIA,Jason Strowbridge,FALSE,DE,North Carolina,23,2020,0,0,0,1,8,0
2020,5,155,CHI,Trevis Gipson,FALSE,DE,Tulsa,23,2025,0,0,1,11,66,5
2020,5,156,WAS,Keith Ismael,FALSE,OC,San Diego St.,22,2023,0,0,0,3,31,3
2020,5,157,JAX,Daniel Thomas,FALSE,S,Auburn,22,2025,0,0,0,5,83,5
2020,5,158,NYJ,Bryce Hall,FALSE,CB,Virginia,22,2024,0,0,2,10,40,4
2020,5,159,NWE,Justin Rohrwasser,FALSE,PK,Marshall,23,NA,0,0,0,NA,NA,NA
2020,5,160,CLE,Nick Harris,FALSE,OC,Washington,21,2024,0,0,0,5,45,4
2020,5,161,TAM,Tyler Johnson,FALSE,WR,Minnesota,22,2025,0,0,0,9,61,5
2020,5,162,WAS,Khaleke Hudson,FALSE,LB,Michigan,22,2024,0,0,0,7,75,4
2020,5,163,CHI,Kindle Vildor,FALSE,CB,Georgia Southern,22,2025,0,0,2,10,80,5
2020,5,164,MIA,Curtis Weaver,FALSE,DE,Boise St.,22,2021,0,0,0,0,1,1
2020,5,165,JAX,Collin Johnson,FALSE,WR,Texas,22,2024,0,0,0,3,38,4
2020,5,166,DET,Quintez Cephus,FALSE,WR,Wisconsin,22,2022,0,0,0,5,22,2
2020,5,167,BUF,Jake Fromm,FALSE,QB,Georgia,22,2021,0,0,0,1,3,1
2020,5,168,PHI,John Hightower,FALSE,WR,Boise St.,24,2021,0,0,0,1,14,1
2020,5,169,MIN,Harrison Hand,FALSE,CB,Temple,21,2022,0,0,0,2,27,2
2020,5,170,BAL,Broderick Washington Jr.,FALSE,DT,Texas Tech,23,2025,0,0,1,15,73,5
2020,5,171,HOU,Isaiah Coulter,FALSE,WR,Rhode Island,21,2021,0,0,0,0,4,1
2020,5,172,DET,Jason Huntley,FALSE,RB,New Mexico St.,22,2021,0,0,0,0,6,1
2020,5,173,CHI,Darnell Mooney,FALSE,WR,Tulane,22,2025,0,0,5,33,91,5
2020,5,174,TEN,Larrell Murchison,FALSE,DT,North Carolina St.,23,2025,0,0,0,7,60,5
2020,5,175,GNB,Kamal Martin,FALSE,LB,Minnesota,22,2021,0,0,0,4,16,1
2020,5,176,MIN,K.J. Osborn,FALSE,WR,Miami (FL),23,2024,0,0,2,13,67,4
2020,5,177,KAN,Michael Danna,FALSE,DE,Michigan,22,2025,0,0,3,23,87,5
2020,5,178,DEN,Justin Strnad,FALSE,LB,Wake Forest,24,2025,0,0,0,14,83,5
2020,5,179,DAL,Bradlee Anae,FALSE,DE,Utah,22,2021,0,0,0,1,11,1
2020,6,180,CIN,Hakeem Adeniji,FALSE,OT,Kansas,22,2025,0,0,0,10,55,5
2020,6,181,DEN,Netane Muti,FALSE,OG,Fresno St.,21,2023,0,0,0,3,22,3
2020,6,182,NWE,Michael Onwenu,FALSE,OG,Michigan,22,2025,0,0,5,33,98,5
2020,6,183,NYG,Cam Brown,FALSE,LB,Penn St.,22,2023,0,0,0,4,60,3
2020,6,184,CAR,Bravvion Roy,FALSE,DT,Baylor,23,2022,0,0,1,9,45,2
2020,6,185,MIA,Blake Ferguson,FALSE,LS,LSU,23,2024,0,0,0,4,72,4
2020,6,186,LAC,Alohi Gilman,FALSE,S,Notre Dame,22,2025,0,0,3,18,85,5
2020,6,187,CLE,Donovan Peoples-Jones,FALSE,WR,Michigan,21,2023,0,0,1,18,58,3
2020,6,188,BUF,Tyler Bass,FALSE,PK,Georgia Southern,23,2024,0,0,2,13,83,4
2020,6,189,JAX,Jake Luton,FALSE,QB,Oregon St.,24,2020,0,0,0,2,3,0
2020,6,190,SFO,Charlie Woerner,FALSE,TE,Georgia,22,2025,0,0,1,0,98,5
2020,6,191,NYJ,Braden Mann,FALSE,P,Texas A&M,22,2025,0,0,3,13,92,5
2020,6,192,GNB,Jon Runyan Jr.,FALSE,OT,Michigan,23,2025,0,0,5,36,96,5
2020,6,193,IND,Robert Windsor,FALSE,DT,Penn St.,23,2020,0,0,0,0,2,0
2020,6,194,TAM,Khalil Davis,FALSE,DT,Nebraska,24,2024,0,0,0,3,30,4
2020,6,195,NWE,Justin Herron,FALSE,OT,Wake Forest,24,2023,0,0,0,7,35,3
2020,6,196,PHI,Shaun Bradley,FALSE,LB,Temple,23,2022,0,0,0,3,45,2
2020,6,197,DET,John Penisini,FALSE,DT,Utah,23,2021,0,0,1,6,32,1
2020,6,198,PIT,Antoine Brooks Jr.,FALSE,S,Maryland,22,2021,0,0,0,1,12,1
2020,6,199,LAR,Jordan Fuller,FALSE,S,Ohio St.,22,2025,0,0,3,18,63,5
2020,6,200,PHI,Quez Watkins,FALSE,WR,Southern Miss,22,2023,0,0,1,13,49,3
2020,6,201,BAL,James Proche,FALSE,WR,SMU,23,2025,0,0,0,4,71,5
2020,6,202,ARI,Evan Weaver,FALSE,LB,California,22,NA,0,0,0,NA,NA,NA
2020,6,203,MIN,Blake Brandel,FALSE,OT,Oregon St.,23,2025,0,0,2,15,73,5
2020,6,204,NWE,Cassh Maluia,FALSE,LB,Wyoming,21,2020,0,0,0,1,9,0
2020,6,205,MIN,Josh Metellus,FALSE,S,Michigan,22,2025,0,0,2,20,96,5
2020,6,206,JAX,Tyler Davis,FALSE,TE,Georgia Tech,23,2022,0,0,0,0,39,2
2020,6,207,BUF,Isaiah Hodgins,FALSE,WR,Oregon St.,21,2025,0,0,1,6,38,5
2020,6,208,GNB,Jake Hanson,FALSE,OC,Oregon,23,2024,0,0,0,4,30,4
2020,6,209,GNB,Simon Stepaniak,FALSE,OT,Indiana,23,NA,0,0,0,NA,NA,NA
2020,6,210,PHI,Prince Tega Wanogho,FALSE,OT,Auburn,22,2023,0,0,0,1,23,3
2020,6,211,IND,Isaiah Rodgers,FALSE,CB,Massachusetts,22,2025,0,0,2,18,77,5
2020,6,212,IND,Dezmon Patmon,FALSE,WR,Washington St.,22,2022,0,0,0,0,10,2
2020,6,213,IND,Jordan Glasgow,FALSE,LB,Michigan,24,2021,0,0,0,2,25,1
2020,6,214,SEA,Freddie Swain,FALSE,WR,Florida,22,2022,0,0,0,5,37,2
2020,7,215,CIN,Markus Bailey,FALSE,LB,Purdue,23,2024,0,0,0,7,61,4
2020,7,216,WAS,Kamren Curl,FALSE,S,Arkansas,21,2025,0,0,6,29,93,5
2020,7,217,SFO,Jauan Jennings,FALSE,WR,Tennessee,23,2025,0,0,1,21,75,5
2020,7,218,NYG,Carter Coughlin,FALSE,LB,Minnesota,23,2024,0,0,0,5,56,4
2020,7,219,BAL,Geno Stone,FALSE,S,Iowa,21,2025,0,0,3,22,85,5
2020,7,220,LAC,K.J. Hill,FALSE,WR,Ohio St.,22,2021,0,0,0,1,21,1
2020,7,221,CAR,Stantley Thomas-Oliver,FALSE,CB,Florida International,22,2024,0,0,0,2,26,4
2020,7,222,ARI,Eno Benjamin,FALSE,RB,Arizona St.,21,2022,0,0,0,4,24,2
2020,7,223,JAX,Chris Claybrooks,FALSE,CB,Memphis,23,2022,0,0,0,5,46,2
2020,7,224,TEN,Cole McDonald,FALSE,QB,Hawaii,22,NA,0,0,0,NA,NA,NA
2020,7,225,MIN,Kenny Willekes,FALSE,DE,Michigan St.,23,2021,0,0,0,1,6,1
2020,7,226,CHI,Arlington Hambright,FALSE,OT,Colorado,24,2024,0,0,0,1,15,4
2020,7,227,CHI,Lachavious Simmons,FALSE,OG,Tennessee St.,23,2021,0,0,0,0,2,1
2020,7,228,ATL,Sterling Hofrichter,FALSE,P,Syracuse,23,2021,0,0,0,1,18,1
2020,7,229,WAS,James Smith-Williams,FALSE,DE,North Carolina St.,23,2024,0,0,1,15,65,4
2020,7,230,NWE,Dustin Woodard,FALSE,OC,Memphis,22,NA,0,0,0,NA,NA,NA
2020,7,231,DAL,Ben DiNucci,FALSE,QB,James Madison,23,2020,0,0,0,1,3,0
2020,7,232,PIT,Carlos Davis,FALSE,DT,Nebraska,24,2022,0,0,0,1,12,2
2020,7,233,PHI,Casey Toohill,FALSE,DE,Stanford,24,2024,0,0,0,11,71,4
2020,7,234,LAR,Clay Johnston,FALSE,LB,Baylor,24,2022,0,0,0,2,31,2
2020,7,235,DET,Jashon Cornell,FALSE,DT,Ohio St.,23,2021,0,0,0,0,1,1
2020,7,236,GNB,Vernon Scott,FALSE,S,TCU,22,2021,0,0,0,1,18,1
2020,7,237,KAN,Thakarius Keyes,FALSE,CB,Tulane,22,2021,0,0,0,1,18,1
2020,7,238,NYG,T.J. Brunson,FALSE,LB,South Carolina,22,2020,0,0,0,0,5,0
2020,7,239,BUF,Dane Jackson,FALSE,CB,Pittsburgh,23,2025,0,0,1,12,64,5
2020,7,240,NOR,Tommy Stevens,FALSE,QB,Mississippi St.,23,2020,0,0,0,0,1,0
2020,7,241,TAM,Chapelle Russell,FALSE,LB,Temple,23,2021,0,0,0,2,27,1
2020,7,242,GNB,Jonathan Garvin,FALSE,DE,Miami (FL),21,2022,0,0,0,3,38,2
2020,7,243,TEN,Chris Jackson,FALSE,S,Marshall,22,2022,0,0,0,2,24,2
2020,7,244,MIN,Nate Stanley,FALSE,QB,Iowa,23,NA,0,0,0,NA,NA,NA
2020,7,245,TAM,Raymond Calais,FALSE,RB,Louisiana,22,2020,0,0,0,0,4,0
2020,7,246,MIA,Malcolm Perry,FALSE,RB,Navy,23,2020,0,0,0,1,9,0
2020,7,247,NYG,Chris Williamson,FALSE,CB,Minnesota,23,2021,0,0,0,0,5,1
2020,7,248,LAR,Sam Sloman,FALSE,PK,Miami (OH),22,2020,0,0,0,0,8,0
2020,7,249,MIN,Brian Cole II,FALSE,S,Mississippi St.,23,NA,0,0,0,NA,NA,NA
2020,7,250,LAR,Tremayne Anchrum,FALSE,OG,Clemson,22,2023,0,0,0,2,31,3
2020,7,251,SEA,Stephen Sullivan,FALSE,TE,LSU,23,2024,0,0,0,1,30,4
2020,7,252,DEN,Tyrie Cleveland,FALSE,WR,Florida,22,2022,0,0,0,0,23,2
2020,7,253,MIN,Kyle Hinton,FALSE,OG,Washburn,22,2025,0,0,0,3,52,5
2020,7,254,DEN,Derrek Tuszka,FALSE,LB,North Dakota St.,23,2022,0,0,0,3,39,2
2020,7,255,NYG,Tae Crowder,FALSE,LB,Georgia,23,2023,0,0,2,16,43,3
